Setting up CMSSW environment...
/pool/condor/dir_1548283
Compiling pythia.cpp ...

 *------------------------------------------------------------------------------------* 
 |                                                                                    | 
 |  *------------------------------------------------------------------------------*  | 
 |  |                                                                              |  | 
 |  |                                                                              |  | 
 |  |   PPP   Y   Y  TTTTT  H   H  III    A      Welcome to the Lund Monte Carlo!  |  | 
 |  |   P  P   Y Y     T    H   H   I    A A     This is PYTHIA version 8.309      |  | 
 |  |   PPP     Y      T    HHHHH   I   AAAAA    Last date of change: 16 Feb 2023  |  | 
 |  |   P       Y      T    H   H   I   A   A                                      |  | 
 |  |   P       Y      T    H   H  III  A   A    Now is 29 Jul 2026 at 09:54:27    |  | 
 |  |                                                                              |  | 
 |  |   Program documentation and an archive of historic versions is found on:     |  | 
 |  |                                                                              |  | 
 |  |                               https://pythia.org/                            |  | 
 |  |                                                                              |  | 
 |  |   PYTHIA is authored by a collaboration consisting of:                       |  | 
 |  |                                                                              |  | 
 |  |   Christian Bierlich, Nishita Desai, Leif Gellersen, Ilkka Helenius, Philip  |  | 
 |  |   Ilten, Leif Lonnblad, Stephen Mrenna, Stefan Prestel, Christian Preuss,    |  | 
 |  |   Torbjorn Sjostrand, Peter Skands, Marius Utheim and Rob Verheyen.          |  | 
 |  |                                                                              |  | 
 |  |   The complete list of authors, including contact information and            |  | 
 |  |   affiliations, can be found on https://pythia.org/.                         |  | 
 |  |   Problems or bugs should be reported on email at authors@pythia.org.        |  | 
 |  |                                                                              |  | 
 |  |   The main program reference is C. Bierlich et al,                           |  | 
 |  |   'A comprehensive guide to the physics and usage of Pythia 8.3',            |  | 
 |  |   SciPost Phys. Codebases 8-r8.3 (2022) [arXiv:2203.11601 [hep-ph]]          |  | 
 |  |                                                                              |  | 
 |  |   PYTHIA is released under the GNU General Public Licence version 2 or later.|  | 
 |  |   Please respect the MCnet Guidelines for Event Generator Authors and Users. |  | 
 |  |                                                                              |  | 
 |  |   Disclaimer: this program comes without any guarantees.                     |  | 
 |  |   Beware of errors and use common sense when interpreting results.           |  | 
 |  |                                                                              |  | 
 |  |   Copyright (C) 2023 Torbjorn Sjostrand                                      |  | 
 |  |                                                                              |  | 
 |  |                                                                              |  | 
 |  *------------------------------------------------------------------------------*  | 
 |                                                                                    | 
 *------------------------------------------------------------------------------------* 

Info: Pythia 8.309 does not support OniaShower/CR mode. Skipping.
LHAPDF 6.4.0 loading /cvmfs/cms.cern.ch/el9_amd64_gcc12/external/lhapdf/6.4.0-52852f9a177b8e8b5b72e2ae6b1327b6/share/LHAPDF/NNPDF31_nnlo_as_0118/NNPDF31_nnlo_as_0118_0000.dat
NNPDF31_nnlo_as_0118 PDF set, member #0, version 1; LHAPDF ID = 303600
LHAPDF 6.4.0 loading /cvmfs/cms.cern.ch/el9_amd64_gcc12/external/lhapdf/6.4.0-52852f9a177b8e8b5b72e2ae6b1327b6/share/LHAPDF/NNPDF31_nnlo_as_0118/NNPDF31_nnlo_as_0118_0000.dat
NNPDF31_nnlo_as_0118 PDF set, member #0, version 1; LHAPDF ID = 303600

 *-------  PYTHIA Process Initialization  --------------------------*
 |                                                                  |
 | We collide p+ with p+ at a CM energy of 1.360e+04 GeV            |
 |                                                                  |
 |------------------------------------------------------------------|
 |                                                    |             |
 | Subprocess                                    Code |   Estimated |
 |                                                    |    max (mb) |
 |                                                    |             |
 |------------------------------------------------------------------|
 |                                                    |             |
 | g g -> g g                                     111 |   5.088e+02 |
 | g g -> q qbar (uds)                            112 |   2.035e+01 |
 | q g -> q g                                     113 |   1.648e+03 |
 | q q(bar)' -> q q(bar)'                         114 |   5.639e+02 |
 | q qbar -> g g                                  115 |   4.263e+00 |
 | q qbar -> q' qbar' (uds)                       116 |   4.231e+00 |
 | g g -> c cbar                                  121 |   6.778e+00 |
 | q qbar -> c cbar                               122 |   1.409e+00 |
 | g g -> b bbar                                  123 |   6.713e+00 |
 | q qbar -> b bbar                               124 |   1.396e+00 |
 |                                                                  |
 *-------  End PYTHIA Process Initialization -----------------------*
 PYTHIA Warning in TimeShower::init: pTmin too low , raised to 0.611

 *-------  PYTHIA Multiparton Interactions Initialization  ---------* 
 |                                                                  | 
 |                   sigmaNonDiffractive =    55.96 mb              | 
 |                                                                  | 
 |    pT0 =  1.44 gives sigmaInteraction =   495.49 mb: accepted    | 
 |                                                                  | 
 *-------  End PYTHIA Multiparton Interactions Initialization  -----* 

 *-------  PYTHIA Flag + Mode + Parm + Word + FVec + MVec + PVec + WVec Settings (changes only)  ------------------* 
 |                                                                                                                 | 
 | Name                                          |                      Now |      Default         Min         Max | 
 |                                               |                          |                                      | 
 | Beams:eCM                                     |                13600.000 |    14000.000         0.0             | 
 | Check:epTolErr                                |                0.0100000 |   1.0000e-04                         | 
 | ColourReconnection:range                      |                  5.17600 |      1.80000         0.0    10.00000 | 
 | HardQCD:all                                   |                       on |          off                         | 
 | Main:timesAllowErrors                         |                    10000 |           10           0             | 
 | MultipartonInteractions:alphaSorder           |                        2 |            1           0           3 | 
 | MultipartonInteractions:alphaSvalue           |                  0.11800 |      0.13000   0.0600000     0.25000 | 
 | MultipartonInteractions:bProfile              |                        2 |            3           0           4 | 
 | MultipartonInteractions:coreFraction          |                  0.63000 |      0.50000         0.0     1.00000 | 
 | MultipartonInteractions:coreRadius            |                  0.76340 |      0.40000     0.10000     1.00000 | 
 | MultipartonInteractions:ecmPow                |                0.0334400 |      0.21500         0.0     0.50000 | 
 | MultipartonInteractions:pT0Ref                |                  1.41000 |      2.28000     0.50000    10.00000 | 
 | ParticleDecays:limitTau0                      |                       on |          off                         | 
 | PDF:lepton                                    |                      off |           on                         | 
 | PDF:pSet                                      | LHAPDF6:NNPDF31_nnlo_as_0118 |           13                     | 
 | PhaseSpace:bias2Selection                     |                       on |          off                         | 
 | PhaseSpace:bias2SelectionPow                  |                  4.50000 |      4.00000         0.0    10.00000 | 
 | PhaseSpace:bias2SelectionRef                  |                 15.00000 |     10.00000     1.00000             | 
 | PhaseSpace:pTHatMax                           |                 7000.000 |     -1.00000                         | 
 | PhaseSpace:pTHatMin                           |                 15.00000 |          0.0         0.0             | 
 | Random:seed                                   |                768907836 |           -1               900000000 | 
 | Random:setSeed                                |                       on |          off                         | 
 | SigmaProcess:alphaSorder                      |                        2 |            1           0           3 | 
 | SigmaProcess:alphaSvalue                      |                  0.11800 |      0.13000   0.0600000     0.25000 | 
 | SigmaTotal:mode                               |                        0 |            1           0           4 | 
 | SigmaTotal:sigmaEl                            |                 22.08000 |     25.00000         0.0             | 
 | SigmaTotal:sigmaTot                           |                101.03700 |    100.00000         0.0             | 
 | SigmaTotal:zeroAXB                            |                      off |           on                         | 
 | SLHA:minMassSM                                |                 1000.000 |    100.00000                         | 
 | SpaceShower:alphaSorder                       |                        2 |            1           0           3 | 
 | SpaceShower:alphaSvalue                       |                  0.11800 |      0.13650   0.0600000     0.25000 | 
 | TimeShower:alphaSorder                        |                        2 |            1           0           3 | 
 | TimeShower:alphaSvalue                        |                  0.11800 |      0.13650   0.0600000     0.25000 | 
 |                                                                                                                 | 
 *-------  End PYTHIA Flag + Mode + Parm + Word + FVec + MVec + PVec + WVec Settings  -----------------------------* 

 --------  PYTHIA Particle Data Table (changed only)  ------------------------------------------------------------------------------
 
      id   name            antiName         spn chg col      m0        mWidth      mMin       mMax       tau0    res dec ext vis wid
             no onMode   bRatio   meMode     products 

     443  J/psi                               3   0   0    3.09692    0.00009    3.09602    3.09782  0.00000e+00   0   1   0   1   0
              0     0   0.8023950   43       83      -83 
              1     0   0.0594000    0       11      -11 
              2     1   0.0593000    0       13      -13 
              3     0   0.0130000    0      441       22 
              4     0   0.0056000    0      113      111 
              5     0   0.0056500    0      213     -211 
              6     0   0.0056500    0     -213      211 
              7     0   0.0036000    0      115      113 
              8     0   0.0036000    0     -215      213 
              9     0   0.0036000    0      215     -213 
             10     0   0.0043000    0      225      223 
             11     0   0.0022000    0      313     -315 
             12     0   0.0022000    0      323     -325 
             13     0   0.0022000    0     -323      325 
             14     0   0.0025000    0      321     -323 
             15     0   0.0025000    0     -321      323 
             16     0   0.0021000    0      311     -313 
             17     0   0.0021000    0     -311      313 
             18     0   0.0019000    0    20323     -321 
             19     0   0.0019000    0   -20323      321 
             20     0   0.0015000    0    10213     -211 
             21     0   0.0015000    0   -10213      211 
             22     0   0.0023000    0    10113      111 
             23     0   0.0004800    0    10331      223 
             24     0   0.0007400    0      223      221 
             25     0   0.0003600    0    10331      333 
             26     0   0.0008000    0      333      335 
             27     0   0.0006800    0    20333      223 
             28     0   0.0007400    0      333      221 
             29     0   0.0004500    0      223      111 
             30     0   0.0004000    0      333      331 
             31     0   0.0003200    0      333  9010221 
             32     0   0.0002600    0      333    20223 
             33     0   0.0001930    0      113      221 
             34     0   0.0001820    0      223      331 
             35     0   0.0001400    0      223  9010221 
             36     0   0.0001050    0      113      331 
             37     0   0.0011000    0     2224    -2224 
             38     0   0.0005150    0     3112    -3112 
             39     0   0.0005900    0     3314    -3314 
             40     0   0.0003200    0     3324    -3324 
             41     0   0.0003200    0     3324    -3324 
             42     0   0.0001550    0     3114    -3114 
             43     0   0.0001550    0     3224    -3224 

 --------  End PYTHIA Particle Data Table  -----------------------------------------------------------------------------------------

 PYTHIA Warning in SimpleSpaceShower::pT2nextQCD: weight above unity  

 --------  PYTHIA Info Listing  ---------------------------------------- 
 
 Beam A: id =   2212, pz =  6.800e+03, e =  6.800e+03, m =  9.383e-01.
 Beam B: id =   2212, pz = -6.800e+03, e =  6.800e+03, m =  9.383e-01.

 In 1: id =    1, x =  4.595e-01, pdf =  2.409e-02 at Q2 =  1.878e+06.
 In 2: id =    2, x =  3.478e-01, pdf =  2.055e-01 at same Q2.

 Subprocess q q(bar)' -> q q(bar)' with code 114 is 2 -> 2.
 It has sHat =  2.956e+07,    tHat = -2.015e+06,    uHat = -2.754e+07,
       pTHat =  1.370e+03,   m3Hat =  3.300e-01,   m4Hat =  3.300e-01,
    thetaHat =  5.283e-01,  phiHat =  4.761e+00.
     alphaEM =  8.065e-03,  alphaS =  8.576e-02    at Q2 =  1.878e+06.

 Impact parameter b =  3.715e-02 gives enhancement factor =  4.572e+00.
 Max pT scale for MPI =  1.370e+03, ISR =  1.370e+03, FSR =  1.370e+03.
 Number of MPI =    26, ISR =    43, FSRproc =   188, FSRreson =     0.

 --------  End PYTHIA Info Listing  ------------------------------------

 --------  PYTHIA Event Listing  (hard process)  -----------------------------------------------------------------------------------
 
    no         id  name            status     mothers   daughters     colours      p_x        p_y        p_z         e          m 
     0         90  (system)           -11     0     0     0     0     0     0      0.000      0.000      0.000  13600.000  13600.000
     1       2212  (p+)               -12     0     0     3     0     0     0      0.000      0.000   6800.000   6800.000      0.938
     2       2212  (p+)               -12     0     0     4     0     0     0      0.000      0.000  -6800.000   6800.000      0.938
     3          1  (d)                -21     1     0     5     6   101     0      0.000      0.000   3124.627   3124.627      0.000
     4          2  (u)                -21     2     0     5     6   102     0      0.000      0.000  -2364.729   2364.729      0.000
     5          1  d                   23     3     4     0     0   102     0     66.355  -1368.663   2750.377   3072.819      0.330
     6          2  u                   23     3     4     0     0   101     0    -66.355   1368.663  -1990.480   2416.537      0.330
                                   Charge sum:  0.333           Momentum sum:      0.000      0.000    759.897   5489.356   5436.505

 --------  End PYTHIA Event Listing  -----------------------------------------------------------------------------------------------

 --------  PYTHIA Event Listing  (complete event)  ---------------------------------------------------------------------------------
 
    no         id  name            status     mothers   daughters     colours      p_x        p_y        p_z         e          m 
     0         90  (system)           -11     0     0     0     0     0     0      0.000      0.000      0.000  13600.000  13600.000
     1       2212  (p+)               -12     0     0   976     0     0     0      0.000      0.000   6800.000   6800.000      0.938
     2       2212  (p+)               -12     0     0   977     0     0     0      0.000      0.000  -6800.000   6800.000      0.938
     3          1  (d)                -21     9     9     5     6   101     0      0.000      0.000   3124.627   3124.627      0.000
     4          2  (u)                -21    14    14     5     6   102     0      0.000      0.000  -2364.729   2364.729      0.000
     5          1  (d)                -23     3     4    15    15   102     0     66.355  -1368.663   2750.377   3072.819      0.330
     6          2  (u)                -23     3     4     7     8   101     0    -66.355   1368.663  -1990.480   2416.537      0.330
     7          2  (u)                -51     6     0    10    11   103     0   -232.990     30.815     46.089    239.496      0.330
     8         21  (g)                -51     6     0    12    12   101   103    166.636   1337.848  -1891.122   2322.487      0.000
     9          1  (d)                -53    13     0     3     3   101     0      0.000      0.000   3270.073   3270.073      0.000
    10          2  (u)                -51     7     0    16    16   104     0     97.328     88.229     14.968    132.216      0.330
    11         21  (g)                -51     7     0    18    18   103   104   -311.023     97.499   -187.857    376.207      0.000
    12         21  (g)                -52     8     8    17    17   101   103    147.341   1182.935  -1672.144   2053.560      0.000
    13          1  (d)                -41    20     0    19     9   105     0      0.000      0.000   3359.991   3359.991      0.000
    14          2  (u)                -42    21    21     4     4   102     0     -0.000      0.000  -2364.729   2364.729      0.000
    15          1  (d)                -44     5     5    22    22   102     0     66.899  -1420.521   2807.239   3146.894      0.330
    16          2  (u)                -44    10    10    23    23   104     0     97.341     86.918     18.666    131.828      0.330
    17         21  (g)                -44    12    12    24    24   101   103    147.376   1179.538  -1616.615   2006.608      0.000
    18         21  (g)                -44    11    11    25    25   103   104   -311.005     95.822   -178.667    371.252      0.000
    19         21  (g)                -43    13     0    26    26   105   101     -0.611     58.242    -35.360     68.138      0.000
    20          1  (d)                -41    34    34    27    13   106     0      0.000     -0.000   3718.960   3718.960      0.000
    21          2  (u)                -42    35     0    14    14   102     0      0.000      0.000  -2364.729   2364.729      0.000
    22          1  (d)                -44    15    15    36    36   102     0     64.186  -1477.572   2797.721   3164.582      0.330
    23          2  (u)                -44    16    16    31    32   104     0     97.273     85.476     19.715    130.985      0.330
    24         21  (g)                -44    17    17    38    38   101   103    147.199   1175.801  -1602.530   1993.057      0.000
    25         21  (g)                -44    18    18    33    33   103   104   -311.093     93.977   -177.392    370.241      0.000
    26         21  (g)                -44    19    19    30    30   105   101     -0.626     57.928    -34.711     67.535      0.000
    27         21  (g)                -43    20     0    28    29   106   105      3.061     64.390    351.426    357.290      0.000
    28         21  (g)                -51    27     0    41    41   106   107      2.602    109.566    223.810    249.204      0.000
    29         21  (g)                -51    27     0    42    42   107   105      0.314    -31.762    119.578    123.725      0.000
    30         21  (g)                -52    26    26    40    40   105   101     -0.481     44.514    -26.673     51.895      0.000
    31          2  (u)                -51    23     0    37    37   108     0     79.725     94.300     37.215    128.972      0.330
    32         21  (g)                -51    23     0    43    43   104   108     -9.688     -0.597    -33.030     34.426      0.000
    33         21  (g)                -52    25    25    39    39   103   104   -283.858     85.749   -161.862    337.828      0.000
    34          1  (d)                -42    70    70    20    20   106     0     -0.000     -0.000   3718.960   3718.960      0.000
    35          2  (u)                -41    71     0    44    21   109     0      0.000      0.000  -2512.364   2512.364      0.000
    36          1  (d)                -44    22    22    45    46   102     0     62.340  -1479.734   2804.033   3171.136      0.330
    37          2  (u)                -44    31    31    54    55   108     0     79.263     93.759     36.177    127.994      0.330
    38         21  (g)                -44    24    24    53    53   101   103    129.098   1154.612  -1611.396   1986.553      0.000
    39         21  (g)                -44    33    33    75    75   103   104   -286.373     82.805   -161.145    338.872      0.000
    40         21  (g)                -44    30    30    51    52   105   101     -0.877     44.051    -26.964     51.656      0.000
    41         21  (g)                -44    28    28    77    77   106   107      2.474    109.417    222.989    248.399      0.000
    42         21  (g)                -44    29    29    78    78   107   105      0.293    -31.787    119.682    123.832      0.000
    43         21  (g)                -44    32    32    56    56   104   108    -10.027     -0.994    -32.998     34.502      0.000
    44         21  (g)                -43    35     0    47    47   109   102     23.809     27.872   -143.781    148.380      0.000
    45          1  (d)                -51    36     0    72    72   110     0     24.075  -1237.979   2359.573   2664.724      0.330
    46         21  (g)                -51    36     0    48    49   102   110     38.347   -241.659    443.962    506.924      0.000
    47         21  (g)                -52    44    44    50    50   109   102     23.727     27.775   -143.284    147.867      0.000
    48         21  (g)                -51    46     0    57    58   111   110     51.298   -188.425    336.055    388.675      0.000
    49         21  (g)                -51    46     0    59    59   102   111    -12.724    -52.969    106.540    119.660      0.000
    50         21  (g)                -52    47    47    63    64   109   102     23.501     27.510   -141.917    146.456      0.000
    51         21  (g)                -51    40     0    76    76   105   112     11.894    103.132   -108.441    150.124      0.000
    52         21  (g)                -51    40     0    83    83   112   101     -5.829      3.002     -5.167      8.347      0.000
    53         21  (g)                -52    38    38    74    74   101   103    122.156   1092.529  -1524.752   1879.737      0.000
    54          2  (u)                -51    37     0    73    73   113     0     10.217     -1.842      0.849     10.422      0.330
    55         21  (g)                -51    37     0    62    62   108   113     67.935     95.491     31.671    121.395      0.000
    56         21  (g)                -52    43    43    60    61   104   108     -8.916     -0.884    -29.342     30.679      0.000
    57         21  (g)                -51    48     0    81    81   114   110     28.398    -76.481    158.068    177.879      0.000
    58         21  (g)                -51    48     0    85    85   111   114     19.829   -124.729    203.702    239.677      0.000
    59         21  (g)                -52    49    49    65    65   102   111     -9.653    -40.185     80.826     90.779      0.000
    60         21  (g)                -51    56     0    79    79   104   115     -0.966     17.092    -10.328     19.993      0.000
    61         21  (g)                -51    56     0    86    86   115   108     -2.771    -10.696    -16.599     19.940      0.000
    62         21  (g)                -52    55    55    84    84   108   113     62.756     88.212     29.257    112.141      0.000
    63         21  (g)                -51    50     0    80    80   109   116     19.200     17.057   -135.442    137.855      0.000
    64         21  (g)                -51    50     0    87    87   116   102      4.039      9.364     -4.285     11.061      0.000
    65         21  (g)                -52    59    59    82    82   102   111     -9.392    -39.096     78.636     88.319      0.000
    66         21  (g)                -31   812   812    68    69   119   118      0.000      0.000      3.000      3.000      0.000
    67         -1  (dbar)             -31   960   960    68    69     0   117      0.000      0.000    -27.891     27.891      0.000
    68         21  (g)                -33    66    67   961   961   119   117      5.430      6.297     -6.013     10.261      0.000
    69         -1  (dbar)             -33    66    67   810   811     0   118     -5.430     -6.297    -18.878     20.630      0.330
    70          1  (d)                -42   113   113    34    34   106     0      0.000      0.000   3718.960   3718.960      0.000
    71          2  (u)                -41   866   866    88    35   120     0     -0.000     -0.000  -2658.579   2658.579      0.000
    72          1  (d)                -44    45    45   106   106   110     0     24.366  -1237.567   2357.838   2663.000      0.330
    73          2  (u)                -44    54    54   412   412   113     0     10.226     -1.829      0.856     10.429      0.330
    74         21  (g)                -44    53    53    92    93   101   103    125.408   1097.119  -1523.221   1881.383      0.000
    75         21  (g)                -44    39    39    94    94   103   104   -285.896     83.479   -161.318    338.716      0.000
    76         21  (g)                -44    51    51   114   115   105   112     12.141    103.481   -108.296    150.278      0.000
    77         21  (g)                -44    41    41   111   112   106   107      2.498    109.451    223.131    248.542      0.000
    78         21  (g)                -44    42    42   409   409   107   105      0.297    -31.781    119.636    123.785      0.000
    79         21  (g)                -44    60    60    97    97   104   115     -0.937     17.132    -10.307     20.016      0.000
    80         21  (g)                -44    63    63   101   102   109   116     19.461     17.426   -135.405    137.901      0.000
    81         21  (g)                -44    57    57   100   100   114   110     28.417    -76.454    157.986    177.798      0.000
    82         21  (g)                -44    65    65    91    91   102   111     -9.382    -39.083     78.571     88.255      0.000
    83         21  (g)                -44    52    52   116   116   112   101     -5.816      3.020     -5.169      8.346      0.000
    84         21  (g)                -44    62    62   171   172   108   113     62.835     88.323     29.432    112.319      0.000
    85         21  (g)                -44    58    58    89    90   111   114     19.863   -124.681    203.545    239.521      0.000
    86         21  (g)                -44    61    61   173   173   115   108     -2.736    -10.647    -16.616     19.923      0.000
    87         21  (g)                -44    64    64   188   188   116   102      4.054      9.384     -4.269     11.078      0.000
    88         21  (g)                -43    71     0   103   103   120   109     -4.800     -6.775   -146.013    146.249      0.000
    89         21  (g)                -51    85     0    98    99   121   114     19.955   -118.549    192.836    227.239      0.000
    90         21  (g)                -51    85     0   134   134   111   121     -3.493    -20.300     39.194     44.277      0.000
    91         21  (g)                -52    82    82   235   236   102   111     -5.981    -24.914     50.086     56.259      0.000
    92         21  (g)                -51    74     0   129   130   101   122    114.260   1062.398  -1477.910   1823.722      0.000
    93         21  (g)                -51    74     0   152   153   122   103     10.483     34.915    -45.687     58.449      0.000
    94         21  (g)                -52    75    75    95    96   103   104   -285.230     83.285   -160.943    337.928      0.000
    95         21  (g)                -51    94     0   170   170   103   123   -276.705     83.038   -160.285    330.382      0.000
    96         21  (g)                -51    94     0   168   169   123   104     -8.583      1.300     -1.291      8.776      0.000
    97         21  (g)                -52    79    79   371   371   104   115     -0.880     16.079     -9.673     18.785      0.000
    98         21  (g)                -51    89     0   132   133   121   124     10.172    -43.618     85.330     96.370      0.000
    99         21  (g)                -51    89     0   379   380   124   114     17.018    -94.398    147.732    176.140      0.000
   100         21  (g)                -52    81    81   104   105   114   110     21.181    -56.987    117.759    132.527      0.000
   101         21  (g)                -51    80     0   186   187   125   116     17.555     10.544   -130.313    131.912      0.000
   102         21  (g)                -51    80     0   312   313   109   125      1.383      6.144    -21.012     21.936      0.000
   103         21  (g)                -52    88    88   314   314   120   109     -4.277     -6.036   -130.093    130.303      0.000
   104         21  (g)                -51   100     0   381   381   114   126     14.270    -29.022     59.395     67.629      0.000
   105         21  (g)                -51   100     0   234   234   126   110      7.599    -62.879    124.883    140.026      0.000
   106          1  (d)                -52    72    72   232   233   110     0     23.679  -1202.653   2291.319   2587.871      0.330
   107         21  (g)                -31  1102  1102   109   110   128   129      0.000      0.000     59.618     59.618      0.000
   108          3  (s)                -31  1103  1103   109   110   127     0      0.000      0.000     -0.721      0.721      0.000
   109         21  (g)                -33   107   108  1104  1104   127   129     -1.396      4.887     48.392     48.658      0.000
   110          3  (s)                -33   107   108  1105  1105   128     0      1.396     -4.887     10.506     11.681      0.500
   111         21  (g)                -51    77     0   142   143   130   107      5.305    107.362    228.789    252.783      0.000
   112         21  (g)                -51    77     0   144   144   106   130     -2.807      2.089      3.610      5.028      0.000
   113          1  (d)                -53   976   976    70    70   106     0      0.000      0.000   3728.228   3728.228      0.000
   114         21  (g)                -51    76     0   147   147   105   131      6.627     53.637    -49.184     73.075      0.000
   115         21  (g)                -51    76     0   145   146   131   112      4.873     50.176    -59.681     78.123      0.000
   116         21  (g)                -52    83    83   131   131   112   101     -5.175      2.687     -4.599      7.427      0.000
   117         21  (g)                -31   121     0   119   120   132   133      0.000      0.000     78.898     78.898      0.000
   118         21  (g)                -31   122   122   119   120   133   134      0.000      0.000   -102.363    102.363      0.000
   119         21  (g)                -33   117   118   123   123   132   135      1.825     -4.524     78.764     78.915      0.000
   120         21  (g)                -33   117   118   124   124   135   134     -1.825      4.524   -102.230    102.346      0.000
   121         21  (g)                -41   206     0   125   117   132   136     -0.000      0.000    138.682    138.682      0.000
   122         21  (g)                -42   207   207   118   118   133   134      0.000     -0.000   -102.363    102.363      0.000
   123         21  (g)                -44   119   119   126   127   132   135     -2.679     -4.168     78.878     79.033      0.000
   124         21  (g)                -44   120   120   128   128   135   134     -1.828      4.524   -102.142    102.258      0.000
   125         21  (g)                -43   121     0   210   210   133   136      4.507     -0.356     59.583     59.754      0.000
   126          1  (d)                -51   123     0   208   208   132     0      1.455     -0.930     -2.054      2.703      0.330
   127         -1  (dbar)             -51   123     0   211   211     0   135     -4.176     -3.132     78.545     78.719      0.330
   128         21  (g)                -52   124   124   209   209   135   134     -1.786      4.418    -99.755     99.869      0.000
   129         21  (g)                -51    92     0   154   154   137   122     97.924    949.807  -1320.439   1629.503      0.000
   130         21  (g)                -51    92     0   137   137   101   137     16.233    112.645   -157.562    194.366      0.000
   131         21  (g)                -52   116   116   135   136   112   101     -5.073      2.634     -4.508      7.280      0.000
   132         21  (g)                -51    98     0   787   787   138   124      2.346    -15.676     39.163     42.249      0.000
   133         21  (g)                -51    98     0   252   252   121   138      6.179    -37.516     64.652     75.004      0.000
   134         21  (g)                -52    90    90   250   251   111   121     -1.845    -10.726     20.708     23.394      0.000
   135         21  (g)                -51   131     0   275   275   112   139     -2.150     -1.050     -3.022      3.855      0.000
   136         21  (g)                -51   131     0   200   200   139   101     -1.325     14.772    -16.994     22.556      0.000
   137         21  (g)                -52   130   130   198   199   101   137     14.636    101.557   -142.053    175.234      0.000
   138         21  (g)                -31   163     0   140   141   141   140      0.000      0.000     22.219     22.219      0.000
   139          2  (u)                -31   164   164   140   141   140     0      0.000      0.000   -255.729    255.729      0.000
   140         21  (g)                -33   138   139   165   165   141   142     -0.270     -3.815     22.040     22.370      0.000
   141          2  (u)                -33   138   139   166   166   142     0      0.270      3.815   -255.550    255.579      0.330
   142         21  (g)                -51   111     0   360   361   143   107      3.913     94.216    193.464    215.222      0.000
   143         21  (g)                -51   111     0   362   362   130   143      0.956     13.471     35.887     38.344      0.000
   144         21  (g)                -52   112   112   576   576   106   130     -2.370      1.764      3.048      4.245      0.000
   145         21  (g)                -51   115     0   197   197   144   112      8.788     65.852    -68.277     95.265      0.000
   146         21  (g)                -51   115     0   195   196   131   144     -0.222     14.215    -18.813     23.580      0.000
   147         21  (g)                -52   114   114   407   408   105   131      2.934     23.747    -21.775     32.352      0.000
   148          4  (c)                -31   201     0   150   151   145     0      0.000      0.000     32.590     32.590      0.000
   149         -1  (dbar)             -31   202   202   150   151     0   145      0.000      0.000     -1.370      1.370      0.000
   150          4  (c)                -33   148   149   203   203   146     0      3.614      0.117     29.809     30.065      1.500
   151         -1  (dbar)             -33   148   149   204   204     0   146     -3.614     -0.117      1.411      3.895      0.330
   152         21  (g)                -51    93     0   365   365   147   103      4.119     10.357    -11.663     16.133      0.000
   153         21  (g)                -51    93     0   176   176   122   147     12.906     88.016   -122.244    151.185      0.000
   154         21  (g)                -52   129   129   174   175   137   122     91.382    886.349  -1232.219   1520.634      0.000
   155         -2  (ubar)             -31   347   347   157   158     0   148      0.000      0.000      0.297      0.297      0.000
   156         21  (g)                -31   348     0   157   158   148   149      0.000      0.000    -44.541     44.541      0.000
   157         -2  (ubar)             -33   155   156   349   349     0   150      0.339     -3.549    -17.944     18.298      0.330
   158         21  (g)                -33   155   156   350   350   150   149     -0.339      3.549    -26.299     26.540      0.000
   159         21  (g)                -31   181     0   161   162   152   153      0.000      0.000     90.207     90.207      0.000
   160         21  (g)                -31   182   182   161   162   154   155      0.000      0.000    -18.020     18.020      0.000
   161         21  (g)                -33   159   160   183   183   152   155     -3.150      1.468     90.006     90.073      0.000
   162         21  (g)                -33   159   160   184   184   154   153      3.150     -1.468    -17.818     18.154      0.000
   163         21  (g)                -41   319   319   167   138   141   156      0.000      0.000     23.125     23.125      0.000
   164          2  (u)                -42   320     0   139   139   140     0      0.000     -0.000   -255.729    255.729      0.000
   165         21  (g)                -44   140   140   309   310   141   142      0.191     -6.589     22.013     22.979      0.000
   166          2  (u)                -44   141   141   311   311   142     0      0.270      3.814   -252.010    252.039      0.330
   167         21  (g)                -43   163     0   323   323   140   156     -0.461      2.776     -2.608      3.836      0.000
   168         21  (g)                -51    96     0   433   434   157   104     -0.667      0.939     -1.627      1.994      0.000
   169         21  (g)                -51    96     0   435   435   123   157    -39.350      9.794    -17.873     44.314      0.000
   170         21  (g)                -52    95    95   363   364   103   123   -245.271     73.605   -142.076    292.850      0.000
   171         21  (g)                -51    84     0   410   411   158   113     52.270     77.854     23.398     96.648      0.000
   172         21  (g)                -51    84     0   338   339   108   158     10.536     10.353      5.852     15.888      0.000
   173         21  (g)                -52    86    86   340   340   115   108     -2.706    -10.531    -16.435     19.706      0.000
   174         21  (g)                -51   154     0   326   327   137   159     84.992    821.191  -1138.129   1406.028      0.000
   175         21  (g)                -51   154     0   528   528   159   122     10.590     93.804   -133.875    163.811      0.000
   176         21  (g)                -52   153   153   466   466   122   147      8.706     59.370    -82.458    101.980      0.000
   177         21  (g)                -31   399     0   179   180   161   160      0.000      0.000      2.970      2.970      0.000
   178         21  (g)                -31   400   400   179   180   162   161      0.000      0.000   -408.339    408.339      0.000
   179         21  (g)                -33   177   178   401   401   163   160     -1.083     -2.874      2.168      3.759      0.000
   180         21  (g)                -33   177   178   402   402   162   163      1.083      2.874   -407.538    407.550      0.000
   181         21  (g)                -41   189   189   185   159   152   164      0.000     -0.000    182.750    182.750      0.000
   182         21  (g)                -42   190     0   160   160   154   155      0.000      0.000    -18.020     18.020      0.000
   183         21  (g)                -44   161   161   191   191   152   155     -2.843      4.502     90.217     90.374      0.000
   184         21  (g)                -44   162   162   192   192   154   153      3.150     -1.462    -17.747     18.084      0.000
   185         21  (g)                -43   181     0   193   193   153   164     -0.307     -3.041     92.261     92.312      0.000
   186          2  (u)                -51   101     0   473   474   125     0      1.380      0.673    -27.473     27.518      0.330
   187         -2  (ubar)             -51   101     0   255   255     0   116     16.309     10.182   -102.981    104.761      0.330
   188         21  (g)                -52    87    87   237   237   116   102      3.919      9.074     -4.127     10.711      0.000
   189         21  (g)                -42   225   225   181   181   152   164      0.000     -0.000    182.750    182.750      0.000
   190         21  (g)                -41   226     0   194   182   154   165     -0.000      0.000    -19.672     19.672      0.000
   191         21  (g)                -44   183   183   227   227   152   155     -2.846      4.515     89.883     90.041      0.000
   192         21  (g)                -44   184   184   228   228   154   153      2.575      1.324    -17.945     18.177      0.000
   193         21  (g)                -44   185   185   229   229   153   164     -0.308     -3.037     91.288     91.339      0.000
   194         21  (g)                -43   190     0   230   230   155   165      0.579     -2.802     -0.148      2.865      0.000
   195         21  (g)                -51   146     0   470   471   131   166     -0.507     15.584    -14.695     21.426      0.000
   196         21  (g)                -51   146     0   472   472   166   144      5.615     38.567    -45.525     59.929      0.000
   197         21  (g)                -52   145   145   467   468   144   112      3.459     25.916    -26.870     37.491      0.000
   198         21  (g)                -51   137     0   328   328   167   137     12.386     77.079   -110.294    135.127      0.000
   199         21  (g)                -51   137     0   494   494   101   167      1.801     29.480    -37.513     47.744      0.000
   200         21  (g)                -52   136   136   273   274   139   101     -0.876      9.770    -11.240     14.919      0.000
   201         21  (g)                -41   441     0   205   148   145   168     -0.000      0.000     57.833     57.833      0.000
   202         -1  (dbar)             -42   442   442   149   149     0   145      0.000      0.000     -1.370      1.370      0.000
   203          4  (c)                -44   150   150   443   443   146     0      1.448      0.048     32.990     33.056      1.500
   204         -1  (dbar)             -44   151   151   444   444     0   146     -3.806     -0.123      1.679      4.175      0.330
   205         -4  (cbar)             -43   201     0   445   445     0   168      2.358      0.075     21.794     21.973      1.500
   206          1  (d)                -41   329   329   212   121   132     0     -0.000      0.000    267.990    267.990      0.000
   207         21  (g)                -42   330     0   122   122   133   134      0.000     -0.000   -102.363    102.363      0.000
   208          1  (d)                -44   126   126   331   331   132     0      1.449     -0.928     -2.036      2.686      0.330
   209         21  (g)                -44   128   128   305   305   135   134     -1.787      4.419    -99.762     99.876      0.000
   210         21  (g)                -44   125   125   333   333   133   136      3.435      0.136     59.636     59.735      0.000
   211         -1  (dbar)             -44   127   127   303   304     0   135     -5.589     -2.483     78.535     78.773      0.330
   212          1  (d)                -43   206     0   335   335   136     0      2.492     -1.144    129.255    129.284      0.330
   213         21  (g)                -31   245   245   215   216   170   169      0.000      0.000    267.674    267.674      0.000
   214         21  (g)                -31   246     0   215   216   172   171      0.000      0.000     -0.139      0.139      0.000
   215         21  (g)                -33   213   214   247   247   172   169      0.363      2.694    253.663    253.678      0.000
   216         21  (g)                -33   213   214   248   248   170   171     -0.363     -2.694     13.872     14.136      0.000
   217         21  (g)                -31   341     0   219   220   174   173      0.000      0.000      0.155      0.155      0.000
   218          2  (u)                -31   342   342   219   220   173     0      0.000      0.000   -611.184    611.184      0.000
   219         21  (g)                -33   217   218   306   307   174   175     -1.888     -1.826    -11.160     11.465      0.000
   220          2  (u)                -33   217   218   308   308   175     0      1.888      1.826   -599.869    599.875      0.330
   221         21  (g)                -31   436   436   223   224   176   177      0.000      0.000      3.967      3.967      0.000
   222         21  (g)                -31   437     0   223   224   178   179      0.000      0.000     -1.679      1.679      0.000
   223         21  (g)                -33   221   222   438   438   176   179     -1.479     -2.073      0.684      2.637      0.000
   224         21  (g)                -33   221   222   439   439   178   177      1.479      2.073      1.604      3.010      0.000
   225         21  (g)                -42  1153  1153   189   189   152   164      0.000      0.000    182.750    182.750      0.000
   226         21  (g)                -41  1154  1154   231   190   180   165     -0.000     -0.000    -22.622     22.622      0.000
   227         21  (g)                -44   191   191   387   388   152   155     -2.839      4.521     89.658     89.817      0.000
   228         21  (g)                -44   192   192   242   243   154   153      4.189      2.881    -17.763     18.477      0.000
   229         21  (g)                -44   193   193   577   578   153   164     -0.305     -3.034     90.848     90.899      0.000
   230         21  (g)                -44   194   194   389   389   155   165      0.713     -2.672     -0.246      2.777      0.000
   231         21  (g)                -43   226     0   244   244   180   154     -1.759     -1.696     -2.369      3.403      0.000
   232          1  (d)                -51   106     0   552   552   181     0     15.832   -783.187   1497.373   1689.899      0.330
   233         21  (g)                -51   106     0   258   258   110   181      8.076   -421.361    797.709    902.192      0.000
   234         21  (g)                -52   105   105   256   257   126   110      7.370    -60.984    121.120    135.807      0.000
   235         21  (g)                -51    91     0   589   590   182   111     -4.369    -18.595     32.085     37.341      0.000
   236         21  (g)                -51    91     0   421   421   102   182     -1.562     -6.203     17.949     19.055      0.000
   237         21  (g)                -52   188   188   253   254   116   102      3.870      8.958     -4.075     10.575      0.000
   238         21  (g)                -31   906   906   240   241   183   184      0.000      0.000      5.525      5.525      0.000
   239         21  (g)                -31   907     0   240   241   185   186      0.000      0.000    -63.751     63.751      0.000
   240         21  (g)                -33   238   239   908   908   183   186     -1.650      1.763      5.237      5.767      0.000
   241         21  (g)                -33   238   239   909   909   185   184      1.650     -1.763    -63.463     63.509      0.000
   242         21  (g)                -51   228     0   579   579   187   153      3.704      0.302     -7.177      8.082      0.000
   243         21  (g)                -51   228     0   659   659   154   187     -0.133      1.983    -11.419     11.591      0.000
   244         21  (g)                -52   231   231   842   842   180   154     -1.140     -1.100     -1.536      2.207      0.000
   245         21  (g)                -42   289     0   213   213   170   169      0.000     -0.000    267.674    267.674      0.000
   246         21  (g)                -41   290   290   249   214   188   171     -0.000      0.000     -7.013      7.013      0.000
   247         21  (g)                -44   215   215   263   264   172   169      0.417      2.581    225.720    225.735      0.000
   248         21  (g)                -44   216   216   292   292   170   171      0.617     -4.745     41.600     41.875      0.000
   249         21  (g)                -43   246     0   265   265   188   172     -1.034      2.164     -6.659      7.078      0.000
   250         21  (g)                -51   134     0   591   591   111   189     -0.955    -23.396     41.128     47.326      0.000
   251         21  (g)                -51   134     0   722   723   189   121      1.959     -4.627      9.390     10.650      0.000
   252         21  (g)                -52   133   133  1004  1004   121   138      3.330    -20.219     34.843     40.422      0.000
   253         21  (g)                -51   237     0   419   420   190   102      4.719      4.816     -3.461      7.579      0.000
   254         21  (g)                -51   237     0  1018  1018   116   190     -0.509      4.354     -2.764      5.183      0.000
   255         -2  (ubar)             -52   187   187  1012  1012     0   116     15.968      9.969   -100.831    102.574      0.330
   256         21  (g)                -51   234     0   282   283   126   191      6.063    -46.939     94.984    106.123      0.000
   257         21  (g)                -51   234     0   284   284   191   110      2.484    -75.500    142.480    161.267      0.000
   258         21  (g)                -52   233   233   550   551   110   181      6.898   -359.906    681.365    770.609      0.000
   259         21  (g)                -31   276   276   261   262   192   193      0.000      0.000     66.833     66.833      0.000
   260         21  (g)                -31   277     0   261   262   194   192      0.000      0.000     -0.285      0.285      0.000
   261         21  (g)                -33   259   260   272   272   194   195     -1.369     -1.739      4.356      4.886      0.000
   262         21  (g)                -33   259   260   270   271   195   193      1.369      1.739     62.192     62.231      0.000
   263         21  (g)                -51   247     0   291   291   196   169     -0.761     -0.309    139.709    139.711      0.000
   264         21  (g)                -51   247     0   294   294   172   196      1.175      2.897     85.990     86.047      0.000
   265         21  (g)                -52   249   249   293   293   188   172     -1.031      2.157     -6.638      7.055      0.000
   266         21  (g)                -31   382     0   268   269   198   197      0.000      0.000     23.444     23.444      0.000
   267         21  (g)                -31   383   383   268   269   200   199      0.000      0.000    -22.352     22.352      0.000
   268         21  (g)                -33   266   267   384   384   200   197      1.859     -1.098     23.342     23.442      0.000
   269         21  (g)                -33   266   267   385   385   198   199     -1.859      1.098    -22.250     22.355      0.000
   270         21  (g)                -51   262     0   279   279   201   193      0.458      2.943     42.335     42.440      0.000
   271         21  (g)                -51   262     0   280   280   195   201      0.554     -1.657     20.990     21.063      0.000
   272         21  (g)                -52   261   261   278   278   194   195     -1.012     -1.286      3.222      3.614      0.000
   273         21  (g)                -51   200     0   511   512   202   101     -0.983      8.635     -7.915     11.755      0.000
   274         21  (g)                -51   200     0   848   848   139   202     -0.600      0.790     -4.319      4.431      0.000
   275         21  (g)                -52   135   135   469   469   112   139     -1.443     -0.705     -2.029      2.588      0.000
   276         21  (g)                -42   296     0   259   259   192   193      0.000      0.000     66.833     66.833      0.000
   277         -4  (cbar)             -41   297   297   281   260     0   192     -0.000     -0.000    -13.746     13.746      0.000
   278         21  (g)                -44   272   272   298   298   194   195     -1.095     -2.723     10.162     10.578      0.000
   279         21  (g)                -44   270   270   299   299   201   193      0.436      2.560     30.353     30.463      0.000
   280         21  (g)                -44   271   271   300   300   195   201      0.539     -1.923     25.893     25.970      0.000
   281         -4  (cbar)             -43   277     0   301   301     0   194      0.119      2.086    -13.322     13.568      1.500
   282         21  (g)                -51   256     0   418   418   126   203      3.733    -59.510    117.463    131.730      0.000
   283         21  (g)                -51   256     0   573   573   203   191      3.313    -17.319     33.928     38.237      0.000
   284         21  (g)                -52   257   257   571   572   191   110      1.501    -45.610     86.073     97.423      0.000
   285          2  (u)                -31   390   390   287   288   204     0      0.000      0.000    285.292    285.292      0.000
   286         21  (g)                -31   391     0   287   288   205   204      0.000      0.000    -35.266     35.266      0.000
   287          2  (u)                -33   285   286   392   392   206     0     -0.673      1.907    285.259    285.266      0.330
   288         21  (g)                -33   285   286   393   393   205   206      0.673     -1.907    -35.234     35.292      0.000
   289         21  (g)                -41   422   422   295   245   207   169      0.000      0.000    275.107    275.107      0.000
   290         21  (g)                -42   423     0   246   246   188   171     -0.000      0.000     -7.013      7.013      0.000
   291         21  (g)                -44   263   263   424   424   196   169     -1.291     -0.125    142.470    142.476      0.000
   292         21  (g)                -44   248   248   425   425   170   171      0.458     -4.690     42.433     42.694      0.000
   293         21  (g)                -44   265   265   426   426   188   172     -1.032      2.157     -6.504      6.930      0.000
   294         21  (g)                -44   264   264   427   427   172   196      0.849      3.010     87.692     87.748      0.000
   295         21  (g)                -43   289     0   428   428   207   170      1.015     -0.352      2.003      2.273      0.000
   296         21  (g)                -41   352   352   302   276   208   193      0.000      0.000     70.793     70.793      0.000
   297         -4  (cbar)             -42   353     0   277   277     0   192      0.000     -0.000    -13.746     13.746      0.000
   298         21  (g)                -44   278   278   354   354   194   195     -1.022     -2.479     10.402     10.742      0.000
   299         21  (g)                -44   279   279   355   355   201   193      0.649      3.275     30.911     31.091      0.000
   300         21  (g)                -44   280   280   356   356   195   201      0.721     -1.313     26.416     26.459      0.000
   301         -4  (cbar)             -44   281   281   357   357     0   194      0.120      2.089    -13.087     13.337      1.500
   302         21  (g)                -43   296     0   358   358   208   192     -0.468     -1.572      2.404      2.910      0.000
   303         -1  (dbar)             -51   211     0   334   334     0   209     -5.439     -4.292     74.167     74.490      0.330
   304         21  (g)                -51   211     0   336   336   209   135     -0.154      1.819      4.133      4.518      0.000
   305         21  (g)                -52   209   209   332   332   135   134     -1.782      4.408    -99.527     99.640      0.000
   306         21  (g)                -51   219     0   343   343   174   210      0.214      0.121     -0.046      0.250      0.000
   307         21  (g)                -51   219     0   345   345   210   175     -2.019     -1.867    -37.407     37.508      0.000
   308          2  (u)                -52   220   220   344   344   175     0      1.805      1.746   -573.576    573.581      0.330
   309         21  (g)                -51   165     0   321   321   141   211      1.988     -4.327     12.519     13.394      0.000
   310         21  (g)                -51   165     0   324   324   211   142     -1.796     -2.259      9.322      9.758      0.000
   311          2  (u)                -52   166   166   322   322   142     0      0.270      3.811   -251.837    251.866      0.330
   312         21  (g)                -51   102     0   475   475   212   125      0.488      6.497    -28.090     28.836      0.000
   313         21  (g)                -51   102     0   542   542   109   212      0.583     -0.794     -2.416      2.609      0.000
   314         21  (g)                -52   103   103   540   541   120   109     -3.964     -5.595   -120.598    120.793      0.000
   315         21  (g)                -31   666   666   317   318   213   214      0.000      0.000     77.836     77.836      0.000
   316         21  (g)                -31   667     0   317   318   215   216      0.000      0.000     -1.680      1.680      0.000
   317         21  (g)                -33   315   316   668   668   213   216     -1.052     -1.564     -1.136      2.201      0.000
   318         21  (g)                -33   315   316   669   669   215   214      1.052      1.564     77.292     77.315      0.000
   319         21  (g)                -42   456     0   163   163   141   156     -0.000      0.000     23.125     23.125      0.000
   320          2  (u)                -41   457   457   325   164   217     0      0.000     -0.000   -259.274    259.274      0.000
   321         21  (g)                -44   309   309   458   458   141   211      1.988     -4.329     12.389     13.273      0.000
   322          2  (u)                -44   311   311   459   459   142     0      0.661      3.000   -254.467    254.486      0.330
   323         21  (g)                -44   167   167   460   460   140   156     -0.456      2.765     -2.653      3.859      0.000
   324         21  (g)                -44   310   310   461   461   211   142     -1.796     -2.260      9.223      9.664      0.000
   325         21  (g)                -43   320     0   462   462   217   140     -0.397      0.823     -0.641      1.116      0.000
   326         21  (g)                -51   174     0   671   672   218   159     61.809    599.008   -827.279   1023.241      0.000
   327         21  (g)                -51   174     0   673   673   137   218     24.089    227.821   -318.918    392.672      0.000
   328         21  (g)                -52   198   198   492   493   167   137     11.480     71.440   -102.226    125.243      0.000
   329          1  (d)                -42  1106  1106   206   206   132     0      0.000     -0.000    267.990    267.990      0.000
   330         21  (g)                -41  1107  1107   337   207   219   134     -0.000      0.000   -147.195    147.195      0.000
   331          1  (d)                -44   208   208  1108  1108   132     0      1.436     -0.888     -2.048      2.674      0.330
   332         21  (g)                -44   305   305   565   566   135   134     -2.340      6.089    -99.487     99.700      0.000
   333         21  (g)                -44   210   210   413   414   133   136      3.434      0.137     59.621     59.720      0.000
   334         -1  (dbar)             -44   303   303   665   665     0   209     -5.440     -4.289     74.138     74.462      0.330
   335          1  (d)                -44   212   212  1112  1112   136     0      2.492     -1.144    129.225    129.255      0.330
   336         21  (g)                -44   304   304   567   567   209   135     -0.155      1.822      4.148      4.534      0.000
   337         21  (g)                -43   330     0   415   415   219   133      0.574     -1.728    -44.803     44.840      0.000
   338         -2  (ubar)             -51   172     0  1010  1010     0   158      4.508      4.694      0.581      6.542      0.330
   339          2  (u)                -51   172     0  1024  1024   108     0      5.993      5.524      5.060      9.599      0.330
   340         21  (g)                -52   173   173   369   370   115   108     -2.671    -10.395    -16.224     19.453      0.000
   341         21  (g)                -41   372   372   346   217   220   173      0.000     -0.000    124.692    124.692      0.000
   342          2  (u)                -42   373     0   218   218   173     0     -0.000      0.000   -611.184    611.184      0.000
   343         21  (g)                -44   306   306   374   374   174   210     -0.112      1.261     -3.792      3.998      0.000
   344          2  (u)                -44   308   308   375   375   175     0      1.796      1.777   -575.597    575.603      0.330
   345         21  (g)                -44   307   307   376   376   210   175     -2.180     -1.303    -31.632     31.734      0.000
   346         21  (g)                -43   341     0   377   377   220   174      0.496     -1.735    124.529    124.542      0.000
   347         -2  (ubar)             -42  1145  1145   155   155     0   148      0.000      0.000      0.297      0.297      0.000
   348         21  (g)                -41   682   682   351   156   148   221      0.000     -0.000    -77.804     77.804      0.000
   349         -2  (ubar)             -44   157   157   586   587     0   150      0.993     -3.628    -20.553     20.897      0.330
   350         21  (g)                -44   158   158   531   531   150   149      0.616      3.435    -30.114     30.315      0.000
   351         21  (g)                -43   348     0   529   530   149   221     -1.609      0.194    -26.840     26.889      0.000
   352         21  (g)                -42   662   662   296   296   208   193      0.000      0.000     70.793     70.793      0.000
   353         21  (g)                -41  1221  1221   359   297   222   192     -0.000     -0.000    -43.619     43.619      0.000
   354         21  (g)                -44   298   298   580   581   194   195     -1.011     -2.474     10.326     10.666      0.000
   355         21  (g)                -44   299   299   491   491   201   193      0.655      3.278     30.961     31.141      0.000
   356         21  (g)                -44   300   300   489   490   195   201      0.722     -1.312     26.404     26.446      0.000
   357         -4  (cbar)             -44   301   301   721   721     0   194      0.977      2.479    -13.043     13.397      1.500
   358         21  (g)                -44   302   302  1226  1226   208   192     -0.452     -1.565      2.364      2.871      0.000
   359          4  (c)                -43   353     0  1227  1227   222     0     -0.892     -0.407    -29.838     29.891      1.500
   360         -3  (sbar)             -51   142     0   543   544     0   107      4.127     79.624    162.022    180.578      0.500
   361          3  (s)                -51   142     0  1025  1025   143     0      0.001     17.634     39.546     43.302      0.500
   362         21  (g)                -52   143   143   574   575   130   143      0.740     10.429     27.784     29.686      0.000
   363         21  (g)                -51   170     0   620   621   223   123   -125.402     38.607    -71.237    149.301      0.000
   364         21  (g)                -51   170     0   368   368   103   223   -119.862     35.015    -70.859    143.576      0.000
   365         21  (g)                -52   152   152   366   367   147   103      4.112     10.340    -11.644     16.107      0.000
   366         21  (g)                -51   365     0   464   465   147   224      4.502      9.384     -9.240     13.918      0.000
   367         21  (g)                -51   365     0   559   560   224   103     -2.324      1.521     -3.547      4.505      0.000
   368         21  (g)                -52   364   364   617   618   103   223   -117.928     34.450    -69.715    141.259      0.000
   369         21  (g)                -51   340     0   730   730   225   108     -2.051    -10.352    -14.278     17.755      0.000
   370         21  (g)                -51   340     0   728   729   115   225     -0.663      0.743     -2.418      2.615      0.000
   371         21  (g)                -52    97    97   985   985   104   115     -0.837     15.294     -9.201     17.868      0.000
   372         21  (g)                -42  1195  1195   341   341   220   173     -0.000     -0.000    124.692    124.692      0.000
   373          2  (u)                -41  1196  1196   378   342   226     0      0.000      0.000   -685.199    685.199      0.000
   374         21  (g)                -44   343   343   718   718   174   210     -0.122      1.258     -3.792      3.997      0.000
   375          2  (u)                -44   344   344   638   638   175     0      0.368      1.244   -575.645    575.647      0.330
   376         21  (g)                -44   345   345   636   637   210   175     -2.258     -1.332    -31.631     31.740      0.000
   377         21  (g)                -44   346   346   716   717   220   174      0.496     -1.735    124.519    124.532      0.000
   378         21  (g)                -43   373     0  1201  1201   226   173      1.516      0.566    -73.957     73.975      0.000
   379         21  (g)                -51    99     0   694   694   124   227      6.707    -42.133     68.120     80.378      0.000
   380         21  (g)                -51    99     0   625   625   227   114     10.778    -53.216     81.559     97.980      0.000
   381         21  (g)                -52   104   104   416   417   114   126     13.802    -28.071     57.448     65.412      0.000
   382          2  (u)                -41   650   650   386   266   198     0      0.000     -0.000    148.869    148.869      0.000
   383         21  (g)                -42   432   432   267   267   200   199     -0.000      0.000    -22.352     22.352      0.000
   384         21  (g)                -44   268   268   430   431   200   197      1.094      0.283     23.412     23.439      0.000
   385         21  (g)                -44   269   269   648   649   198   199     -1.861      1.101    -22.281     22.386      0.000
   386          2  (u)                -43   382     0  1237  1237   197     0      0.767     -1.384    125.386    125.396      0.330
   387         21  (g)                -51   227     0   776   777   152   228     -2.139      0.784     43.402     43.462      0.000
   388         21  (g)                -51   227     0   757   757   228   155     -0.687      3.690     46.252     46.404      0.000
   389         21  (g)                -52   230   230   755   756   155   165      0.701     -2.625     -0.242      2.728      0.000
   390          2  (u)                -42  1242  1242   285   285   204     0      0.000     -0.000    285.292    285.292      0.000
   391         -2  (ubar)             -41  1243  1243   394   286     0   204     -0.000      0.000    -56.647     56.647      0.000
   392          2  (u)                -44   287   287   476   477   206     0     -0.673      1.907    285.196    285.203      0.330
   393         21  (g)                -44   288   288   478   478   205   206      2.156     -2.119    -35.203     35.333      0.000
   394         -2  (ubar)             -43   391     0  1246  1246     0   205     -1.484      0.212    -21.348     21.403      0.330
   395         21  (g)                -31   923     0   397   398   229   230      0.000      0.000      0.011      0.011      0.000
   396         21  (g)                -31   924   924   397   398   231   229      0.000      0.000   -340.488    340.488      0.000
   397         21  (g)                -33   395   396   450   451   231   232     -1.426     -0.477   -279.317    279.321      0.000
   398         21  (g)                -33   395   396   452   452   232   230      1.426      0.477    -61.160     61.179      0.000
   399         21  (g)                -41   889     0   403   177   161   233     -0.000     -0.000      3.328      3.328      0.000
   400         21  (g)                -42   742   742   178   178   162   161     -0.000     -0.000   -408.339    408.339      0.000
   401         21  (g)                -44   179   179   406   406   163   160     -1.776     -4.168      1.253      4.700      0.000
   402         21  (g)                -44   180   180   404   405   162   163      1.082      2.871   -405.044    405.056      0.000
   403         21  (g)                -43   399     0   502   503   160   233      0.694      1.297     -1.221      1.911      0.000
   404         21  (g)                -51   402     0   740   741   162   234      0.262      3.353   -400.412    400.426      0.000
   405         21  (g)                -51   402     0   712   712   234   163      0.789     -0.554     -4.610      4.710      0.000
   406         21  (g)                -52   401   401   504   504   163   160     -1.745     -4.096      1.231      4.620      0.000
   407         21  (g)                -51   147     0   715   715   235   131      1.179     19.778    -19.033     27.474      0.000
   408         21  (g)                -51   147     0   447   448   105   235      1.756      3.930     -2.598      5.028      0.000
   409         21  (g)                -52    78    78   449   449   107   105      0.297    -31.743    119.491    123.636      0.000
   410          2  (u)                -51   171     0   990   990   158     0     49.936     72.948     23.111     91.374      0.330
   411         -2  (ubar)             -51   171     0   600   600     0   113      2.576      4.863      0.308      5.521      0.330
   412          2  (u)                -52    73    73   598   599   113     0      9.984     -1.785      0.836     10.182      0.330
   413         21  (g)                -51   333     0  1110  1110   236   136      4.424      0.578     53.054     53.241      0.000
   414         21  (g)                -51   333     0   570   570   133   236     -0.989     -0.444      6.478      6.568      0.000
   415         21  (g)                -52   337   337   568   569   219   133      0.573     -1.725    -44.714     44.751      0.000
   416         21  (g)                -51   381     0   623   624   114   237      7.883    -15.197     34.286     38.322      0.000
   417         21  (g)                -51   381     0   525   525   237   126      6.025    -14.573     26.517     30.852      0.000
   418         21  (g)                -52   282   282   523   524   126   203      3.627    -57.810    114.108    127.968      0.000
   419         21  (g)                -51   253     0   614   615   190   238      3.788      5.081     -1.948      6.631      0.000
   420         21  (g)                -51   253     0   616   616   238   102      0.891     -0.425     -1.049      1.440      0.000
   421         21  (g)                -52   236   236   764   765   102   182     -1.522     -6.043     17.486     18.563      0.000
   422         21  (g)                -42  1180  1180   289   289   207   169      0.000     -0.000    275.107    275.107      0.000
   423         21  (g)                -41  1181  1181   429   290   188   239     -0.000      0.000    -20.251     20.251      0.000
   424         21  (g)                -44   291   291   594   594   196   169     -1.291     -0.125    142.520    142.526      0.000
   425         21  (g)                -44   292   292   555   555   170   171      0.436     -4.676     42.139     42.400      0.000
   426         21  (g)                -44   293   293   486   487   188   172     -2.204      2.838     -6.239      7.200      0.000
   427         21  (g)                -44   294   294   488   488   172   196      0.844      3.013     87.736     87.792      0.000
   428         21  (g)                -44   295   295   553   554   207   170      0.991     -0.339      1.897      2.167      0.000
   429         21  (g)                -43   423     0   701   702   171   239      1.224     -0.711    -13.197     13.273      0.000
   430         21  (g)                -51   384     0  1235  1235   240   197     -0.396      0.387     20.238     20.246      0.000
   431         21  (g)                -51   384     0   479   480   200   240      1.490     -0.104      3.008      3.359      0.000
   432         21  (g)                -53   481   481   383   383   200   199     -0.000      0.000    -22.518     22.518      0.000
   433         21  (g)                -51   168     0   997   997   241   104      0.241     -0.036     -0.009      0.244      0.000
   434         21  (g)                -51   168     0   822   823   157   241     -8.868      2.956     -5.233     10.713      0.000
   435         21  (g)                -52   169   169   622   622   123   157    -31.390      7.813    -14.257     35.351      0.000
   436         21  (g)                -42   745   745   221   221   176   177      0.000      0.000      3.967      3.967      0.000
   437         21  (g)                -41  1207  1207   440   222   242   179     -0.000     -0.000    -18.704     18.704      0.000
   438         21  (g)                -44   223   223   743   744   176   179     -1.771     -2.771      1.543      3.633      0.000
   439         21  (g)                -44   224   224   677   678   178   177      1.269      1.571      0.603      2.107      0.000
   440         21  (g)                -43   437     0   679   679   242   178      0.503      1.200    -16.882     16.932      0.000
   441         21  (g)                -41  1138  1138   446   201   243   168     -0.000      0.000    214.085    214.085      0.000
   442         -1  (dbar)             -42  1139  1139   202   202     0   145      0.000      0.000     -1.370      1.370      0.000
   443          4  (c)                -44   203   203   633   634   146     0      1.007     -0.549     33.238     33.291      1.500
   444         -1  (dbar)             -44   204   204   635   635     0   146     -3.845     -0.176      1.683      4.214      0.330
   445         -4  (cbar)             -44   205   205  1142  1142     0   168      2.066     -0.321     21.968     22.119      1.500
   446         21  (g)                -43   441     0  1143  1143   243   145      0.772      1.045    155.825    155.831      0.000
   447         21  (g)                -51   408     0   508   509   244   235      0.364     -1.039      0.175      1.115      0.000
   448         21  (g)                -51   408     0   453   454   105   244      1.394      4.659     -1.605      5.121      0.000
   449         21  (g)                -52   409   409   455   455   107   105      0.294    -31.432    118.324    122.428      0.000
   450         21  (g)                -51   397     0   833   833   231   245     -1.633     -0.722   -190.259    190.267      0.000
   451         21  (g)                -51   397     0   831   832   245   232      0.849      0.459   -116.606    116.610      0.000
   452         21  (g)                -52   398   398   926   926   232   230      0.784      0.262    -33.612     33.623      0.000
   453         21  (g)                -51   448     0   510   510   246   244      2.053      5.070     -0.804      5.528      0.000
   454         21  (g)                -51   448     0   736   736   105   246     -0.653     -0.935      1.172      1.635      0.000
   455         21  (g)                -52   449   449   545   545   107   105      0.289    -30.908    116.350    120.386      0.000
   456         21  (g)                -41   911   911   463   319   247   156     -0.000     -0.000     24.291     24.291      0.000
   457          2  (u)                -42   912     0   320   320   217     0      0.000      0.000   -259.274    259.274      0.000
   458         21  (g)                -44   321   321   913   913   141   211      2.468     -3.862     12.439     13.256      0.000
   459          2  (u)                -44   322   322   501   501   142     0      0.661      3.000   -254.205    254.223      0.330
   460         21  (g)                -44   323   323   915   915   140   156     -0.433      2.787     -2.690      3.898      0.000
   461         21  (g)                -44   324   324   499   500   211   142     -1.443     -1.917      9.304      9.608      0.000
   462         21  (g)                -44   325   325   917   917   217   140     -0.388      0.832     -0.647      1.123      0.000
   463         21  (g)                -43   456     0   918   918   247   141     -0.864     -0.841      0.815      1.456      0.000
   464         21  (g)                -51   366     0   561   561   248   224      3.192      4.746     -6.096      8.359      0.000
   465         21  (g)                -51   366     0   861   862   147   248      1.771      7.783     -7.512     10.961      0.000
   466         21  (g)                -52   176   176   526   527   122   147      8.245     56.225    -78.090     96.578      0.000
   467         21  (g)                -51   197     0   739   739   144   249      2.058     18.112    -17.134     25.017      0.000
   468         21  (g)                -51   197     0   879   880   249   112      1.327      7.767     -9.840     12.606      0.000
   469         21  (g)                -52   275   275   989   989   112   139     -1.370     -0.669     -1.925      2.456      0.000
   470         21  (g)                -51   195     0   514   515   131   250     -0.177      9.554     -8.040     12.488      0.000
   471         21  (g)                -51   195     0   516   516   250   166      0.932     14.705    -16.895     22.418      0.000
   472         21  (g)                -52   196   196   737   738   166   144      4.352     29.892    -35.285     46.449      0.000
   473          2  (u)                -51   186     0   986   986   251     0      0.344      2.321    -15.567     15.747      0.330
   474         21  (g)                -51   186     0   651   652   125   251      1.148     -0.158    -18.350     18.386      0.000
   475         21  (g)                -52   312   312   653   653   212   125      0.376      5.007    -21.647     22.221      0.000
   476          2  (u)                -51   392     0   522   522   252     0     -0.145      0.776    273.362    273.364      0.330
   477         21  (g)                -51   392     0   520   521   206   252     -0.526      1.129     11.803     11.869      0.000
   478         21  (g)                -52   393   393   537   538   205   206      2.155     -2.117    -35.174     35.303      0.000
   479         21  (g)                -51   431     0   558   558   253   240      1.522      0.474      0.450      1.656      0.000
   480         21  (g)                -51   431     0   556   557   200   253     -0.031     -0.578      2.091      2.170      0.000
   481         21  (g)                -53  1234  1234   432   432   200   199     -0.000      0.000    -22.985     22.985      0.000
   482         21  (g)                -31   532     0   484   485   254   255      0.000      0.000      0.149      0.149      0.000
   483         21  (g)                -31   533   533   484   485   256   257      0.000      0.000     -9.197      9.197      0.000
   484         21  (g)                -33   482   483   534   534   254   257      0.522     -1.016     -3.515      3.696      0.000
   485         21  (g)                -33   482   483   535   535   256   255     -0.522      1.016     -5.533      5.650      0.000
   486         21  (g)                -51   426     0   882   883   188   258     -3.061      2.585     -5.919      7.148      0.000
   487         21  (g)                -51   426     0   884   884   258   172      0.869      0.297      0.946      1.319      0.000
   488         21  (g)                -52   427   427   592   593   172   196      0.832      2.970     86.470     86.525      0.000
   489         21  (g)                -51   356     0   582   582   195   260     -0.495     -0.128     22.294     22.300      0.000
   490         21  (g)                -51   356     0   827   827   260   201      1.387     -0.332     12.161     12.244      0.000
   491         21  (g)                -52   355   355   660   661   201   193      0.485      2.425     22.910     23.043      0.000
   492         21  (g)                -51   328     0  1003  1003   261   137     10.958     66.293    -95.047    116.399      0.000
   493         21  (g)                -51   328     0  1041  1041   167   261      0.930     11.828    -15.681     19.664      0.000
   494         21  (g)                -52   199   199   513   513   101   167      1.393     22.800    -29.012     36.925      0.000
   495         21  (g)                -31   626     0   497   498   263   262      0.000      0.000      0.027      0.027      0.000
   496         21  (g)                -31   627   627   497   498   262   264      0.000      0.000    -48.696     48.696      0.000
   497         21  (g)                -33   495   496   507   507   265   264     -0.938      0.629    -29.563     29.585      0.000
   498         21  (g)                -33   495   496   505   506   263   265      0.938     -0.629    -19.106     19.139      0.000
   499         21  (g)                -51   461     0   695   696   211   266     -2.409     -2.187      8.839      9.419      0.000
   500         21  (g)                -51   461     0   519   519   266   142      0.968      0.281     -0.448      1.103      0.000
   501          2  (u)                -52   459   459   517   518   142     0      0.659      2.990   -253.291    253.310      0.330
   502         21  (g)                -51   403     0   893   893   267   233     -0.718      0.142     -1.091      1.314      0.000
   503         21  (g)                -51   403     0   895   895   160   267      1.155      0.549      0.053      1.280      0.000
   504         21  (g)                -52   406   406   710   711   163   160     -1.487     -3.491      1.049      3.937      0.000
   505         21  (g)                -51   498     0   597   597   263   268      0.947      0.037    -10.646     10.688      0.000
   506         21  (g)                -51   498     0   595   596   268   265     -0.842     -0.107    -34.710     34.721      0.000
   507         21  (g)                -52   497   497   628   628   265   264     -0.105      0.070     -3.313      3.315      0.000
   508         21  (g)                -51   447     0   713   714   269   235     -0.463      0.666      0.432      0.919      0.000
   509         21  (g)                -51   447     0  1042  1042   244   269      1.302     -0.532     -0.443      1.475      0.000
   510         21  (g)                -52   453   453   734   735   246   244      1.578      3.897     -0.618      4.249      0.000
   511         21  (g)                -51   273     0   846   847   202   270     -1.259      8.880     -8.577     12.410      0.000
   512         21  (g)                -51   273     0  1043  1043   270   101      0.741      7.369     -9.027     11.676      0.000
   513         21  (g)                -52   494   494  1014  1014   101   167      0.928     15.186    -19.323     24.593      0.000
   514         21  (g)                -51   470     0  1007  1007   131   271     -0.638     13.782    -13.324     19.180      0.000
   515         21  (g)                -51   470     0  1044  1044   271   250      1.034      4.809     -5.098      7.084      0.000
   516         21  (g)                -52   471   471  1039  1039   250   166      0.359      5.668     -6.513      8.642      0.000
   517          2  (u)                -51   501     0   914   914   272     0      1.054      3.411   -213.673    213.703      0.330
   518         21  (g)                -51   501     0   920   920   142   272     -0.373     -0.415    -39.628     39.632      0.000
   519         21  (g)                -52   500   500   697   697   266   142      0.945      0.275     -0.438      1.078      0.000
   520         21  (g)                -51   477     0   539   539   206   273      0.490      1.392     27.421     27.461      0.000
   521         21  (g)                -51   477     0  1248  1248   273   252     -1.035     -0.160     21.064     21.090      0.000
   522          2  (u)                -52   476   476  1244  1244   252     0     -0.126      0.673    236.681    236.682      0.330
   523         21  (g)                -51   418     0   691   691   274   203      0.116     -9.045     19.363     21.372      0.000
   524         21  (g)                -51   418     0   585   585   126   274      3.797    -49.456     96.002    108.059      0.000
   525         21  (g)                -52   417   417   583   584   237   126      5.740    -13.882     25.260     29.389      0.000
   526         21  (g)                -51   466     0   863   863   275   147      1.769     13.152    -19.720     23.769      0.000
   527         21  (g)                -51   466     0  1046  1046   122   275     11.321     85.995   -119.629    147.765      0.000
   528         21  (g)                -52   175   175  1011  1011   159   122      5.744     50.882    -72.618     88.855      0.000
   529         21  (g)                -51   351     0   680   681   276   221     -0.976     -0.184     -6.863      6.934      0.000
   530         21  (g)                -51   351     0  1150  1150   149   276     -0.450      1.401    -28.946     28.984      0.000
   531         21  (g)                -52   350   350   588   588   150   149      0.432      2.412    -21.145     21.286      0.000
   532         21  (g)                -41  1265  1265   536   482   277   255     -0.000      0.000     21.157     21.157      0.000
   533         21  (g)                -42  1266  1266   483   483   256   257      0.000      0.000     -9.197      9.197      0.000
   534         21  (g)                -44   484   484   816   817   254   257      0.530     -0.402     -0.922      1.137      0.000
   535         21  (g)                -44   485   485  1268  1268   256   255     -0.517      1.412     -8.087      8.226      0.000
   536         21  (g)                -43   532     0   818   818   277   254     -0.013     -1.010     20.968     20.993      0.000
   537         21  (g)                -51   478     0  1245  1245   205   278      0.216     -1.258    -19.998     20.038      0.000
   538         21  (g)                -51   478     0   562   563   278   206      1.940     -0.857    -15.146     15.294      0.000
   539         21  (g)                -52   520   520   564   564   206   273      0.489      1.391     27.392     27.431      0.000
   540         21  (g)                -51   314     0   864   865   120   279     -2.579     -2.836    -81.582     81.672      0.000
   541         21  (g)                -51   314     0  1047  1047   279   109     -1.324     -2.843    -39.269     39.394      0.000
   542         21  (g)                -52   313   313  1022  1022   109   212      0.522     -0.711     -2.163      2.336      0.000
   543         -3  (sbar)             -51   360     0   983   983     0   280      2.105     27.191     53.905     60.414      0.500
   544         21  (g)                -51   360     0   606   606   280   107      2.023     52.419    108.168    120.217      0.000
   545         21  (g)                -52   455   455   604   605   107   105      0.289    -30.895    116.299    120.333      0.000
   546         21  (g)                -31   639     0   548   549   282   281      0.000      0.000     10.427     10.427      0.000
   547         21  (g)                -31   640   640   548   549   283   282      0.000      0.000     -0.837      0.837      0.000
   548         21  (g)                -33   546   547   641   641   284   281     -0.920      0.352     10.105     10.153      0.000
   549         21  (g)                -33   546   547   642   642   283   284      0.920     -0.352     -0.516      1.112      0.000
   550         21  (g)                -51   258     0   611   612   110   285      7.137   -407.547    773.710    874.513      0.000
   551         21  (g)                -51   258     0   851   851   285   181      2.718    -98.612    187.289    211.682      0.000
   552          1  (d)                -52   232   232   978   978   181     0     12.874   -636.934   1217.738   1374.314      0.330
   553         21  (g)                -51   428     0  1186  1186   207   286      1.282     -1.564      9.470      9.684      0.000
   554         21  (g)                -51   428     0  1189  1189   286   170     -0.206      0.317      0.613      0.720      0.000
   555         21  (g)                -52   425   425   703   703   170   171      0.351     -3.768     33.954     34.164      0.000
   556         21  (g)                -51   480     0  1239  1239   200   287      0.007      0.759      0.653      1.001      0.000
   557         21  (g)                -51   480     0  1240  1240   287   253      0.919     -1.039      1.721      2.211      0.000
   558         21  (g)                -52   479   479  1238  1238   253   240      0.564      0.176      0.167      0.614      0.000
   559         21  (g)                -51   367     0   619   619   288   103     -1.286      2.351     -3.562      4.457      0.000
   560         21  (g)                -51   367     0   800   800   224   288     -0.674     -0.289     -0.679      1.000      0.000
   561         21  (g)                -52   464   464   798   799   248   224      2.828      4.206     -5.402      7.408      0.000
   562         21  (g)                -51   538     0   860   860   278   289      1.758     -1.592    -11.796     12.033      0.000
   563         21  (g)                -51   538     0   858   859   289   206      0.183      0.740     -3.262      3.350      0.000
   564         21  (g)                -52   539   539  1247  1247   206   273      0.487      1.386     27.304     27.343      0.000
   565         21  (g)                -51   332     0  1109  1109   290   134     -2.153      4.978    -95.197     95.351      0.000
   566         21  (g)                -51   332     0   767   768   135   290     -0.189      1.130     -4.245      4.397      0.000
   567         21  (g)                -52   336   336   663   664   209   135     -0.153      1.803      4.104      4.485      0.000
   568         21  (g)                -51   415     0   784   784   219   291     -0.151     -0.802    -38.225     38.234      0.000
   569         21  (g)                -51   415     0   601   602   291   133      0.718     -0.925     -6.451      6.556      0.000
   570         21  (g)                -52   414   414   603   603   133   236     -0.983     -0.442      6.440      6.530      0.000
   571         21  (g)                -51   284     0   613   613   292   110      0.195    -21.185     41.313     46.429      0.000
   572         21  (g)                -51   284     0   845   845   191   292      1.901    -27.535     50.851     57.858      0.000
   573         21  (g)                -52   283   283   689   690   203   191      2.719    -14.210     27.837     31.372      0.000
   574         21  (g)                -51   362     0   855   856   293   143      1.178      8.647     21.521     23.223      0.000
   575         21  (g)                -51   362     0   857   857   130   293     -0.672      1.956      6.564      6.882      0.000
   576         21  (g)                -52   144   144  1001  1001   106   130     -2.136      1.590      2.747      3.826      0.000
   577         21  (g)                -51   229     0  1157  1157   294   164      0.296     -2.921     90.112     90.160      0.000
   578         21  (g)                -51   229     0  1162  1162   153   294     -0.551     -0.109      0.638      0.850      0.000
   579         21  (g)                -52   242   242   657   658   187   153      3.653      0.298     -7.079      7.971      0.000
   580         21  (g)                -51   354     0   719   720   194   295     -0.226     -2.289      9.212      9.494      0.000
   581         21  (g)                -51   354     0  1229  1229   295   195     -0.932     -0.223      7.740      7.799      0.000
   582         21  (g)                -52   489   489   825   826   195   260     -0.348     -0.090     15.668     15.672      0.000
   583         21  (g)                -51   525     0   746   747   237   296      0.144     -0.157      0.071      0.225      0.000
   584         21  (g)                -51   525     0   733   733   296   126      5.801    -16.401     30.383     35.011      0.000
   585         21  (g)                -52   524   524   731   732   126   274      3.591    -46.780     90.808    102.212      0.000
   586         -2  (ubar)             -51   349     0  1147  1147     0   297      0.625     -2.545    -10.544     10.870      0.330
   587         21  (g)                -51   349     0  1151  1151   297   150      0.416     -0.816    -12.350     12.384      0.000
   588         21  (g)                -52   531   531  1148  1148   150   149      0.384      2.145    -18.803     18.929      0.000
   589         21  (g)                -51   235     0   988   988   182   298     -0.396     -0.855      1.104      1.451      0.000
   590         21  (g)                -51   235     0  1054  1054   298   111     -4.173    -22.620     39.560     45.761      0.000
   591         21  (g)                -52   250   250   724   724   111   189     -0.756    -18.516     32.549     37.455      0.000
   592          3  (s)                -51   488     0  1185  1185   172     0      0.213      0.359      9.922      9.944      0.500
   593         -3  (sbar)             -51   488     0  1190  1190     0   196      0.385      2.588    102.281    102.316      0.500
   594         21  (g)                -52   424   424  1182  1182   196   169     -1.058     -0.103    116.787    116.792      0.000
   595         21  (g)                -51   506     0   630   630   299   265     -0.046      0.587     -5.121      5.155      0.000
   596         21  (g)                -51   506     0   631   631   268   299     -0.131     -0.668    -37.071     37.078      0.000
   597         21  (g)                -52   505   505   629   629   263   268      0.282      0.011     -3.164      3.176      0.000
   598          2  (u)                -51   412     0   979   979   300     0      6.221     -0.965     -0.366      6.314      0.330
   599         21  (g)                -51   412     0   683   684   113   300      3.873     -0.610      1.215      4.105      0.000
   600         -2  (ubar)             -52   411   411   685   685     0   113      2.466      4.652      0.295      5.284      0.330
   601          1  (d)                -51   569     0   782   783   291     0      0.769      0.316     -2.245      2.416      0.330
   602         -1  (dbar)             -51   569     0   704   705     0   133     -0.072     -1.250     -4.073      4.274      0.330
   603         21  (g)                -52   570   570   706   706   133   236     -0.963     -0.432      6.307      6.395      0.000
   604         21  (g)                -51   545     0   773   774   301   105     -0.314    -30.577    115.996    119.959      0.000
   605         21  (g)                -51   545     0   700   700   107   301      0.618      0.077      1.117      1.279      0.000
   606         21  (g)                -52   544   544   698   699   280   107      2.007     52.025    107.354    119.312      0.000
   607         -1  (dbar)             -31  1286  1286   609   610     0   302      0.000      0.000     35.101     35.101      0.000
   608         21  (g)                -31  1287  1287   609   610   302   303      0.000      0.000     -0.051      0.051      0.000
   609         -1  (dbar)             -33   607   608  1288  1288     0   304     -0.601      0.616     30.950     30.963      0.330
   610         21  (g)                -33   607   608  1289  1289   304   303      0.601     -0.616      4.100      4.189      0.000
   611         21  (g)                -51   550     0   849   850   306   285      3.855   -268.331    509.142    575.537      0.000
   612         21  (g)                -51   550     0  1057  1057   110   306      3.388   -150.796    287.151    324.355      0.000
   613         21  (g)                -52   571   571  1019  1019   292   110      0.088     -9.605     18.730     21.049      0.000
   614         21  (g)                -51   419     0   727   727   190   307      1.214      2.727     -0.564      3.038      0.000
   615         21  (g)                -51   419     0   725   726   307   238      2.790      2.251     -1.639      3.942      0.000
   616         21  (g)                -52   420   420   766   766   238   102      0.675     -0.322     -0.795      1.091      0.000
   617         21  (g)                -51   368     0  1026  1026   308   223    -97.290     27.595    -57.689    116.426      0.000
   618         21  (g)                -51   368     0   852   853   103   308    -20.659      6.894    -12.086     24.908      0.000
   619         21  (g)                -52   559   559   854   854   288   103     -1.264      2.311     -3.502      4.382      0.000
   620         21  (g)                -51   363     0   804   805   223   309   -117.196     35.307    -66.154    139.133      0.000
   621         21  (g)                -51   363     0   806   806   309   123    -11.056      4.009     -6.377     13.378      0.000
   622         21  (g)                -52   435   435   824   824   123   157    -28.540      7.104    -12.963     32.141      0.000
   623         21  (g)                -51   416     0   748   748   310   237      6.576    -11.367     26.473     29.551      0.000
   624         21  (g)                -51   416     0  1061  1061   114   310      1.912     -6.812     12.383     14.262      0.000
   625         21  (g)                -52   380   380   692   693   227   114     10.174    -50.234     76.989     92.489      0.000
   626         21  (g)                -41   839   839   632   495   263   311     -0.000     -0.000     36.756     36.756      0.000
   627         21  (g)                -42  1273  1273   496   496   262   264      0.000     -0.000    -48.696     48.696      0.000
   628         21  (g)                -44   507   507  1274  1274   265   264     -0.068      0.064     -1.603      1.606      0.000
   629         21  (g)                -44   597   597   837   838   263   268      0.472     -0.021     -7.853      7.867      0.000
   630         21  (g)                -44   595   595  1276  1276   299   265      0.468      0.500     -6.108      6.147      0.000
   631         21  (g)                -44   596   596  1277  1277   268   299     -0.036     -0.685    -33.096     33.103      0.000
   632         21  (g)                -43   626     0  1278  1278   262   311     -0.836      0.141     36.720     36.729      0.000
   633          4  (c)                -51   443     0  1140  1140   312     0      0.669     -0.674     33.311     33.359      1.500
   634         21  (g)                -51   443     0  1144  1144   146   312      0.121      0.115      0.019      0.168      0.000
   635         -1  (dbar)             -52   444   444  1141  1141     0   146     -3.628     -0.166      1.590      3.978      0.330
   636         21  (g)                -51   376     0  1199  1199   210   313     -1.208     -1.597    -31.632     31.695      0.000
   637         21  (g)                -51   376     0   674   675   313   175     -1.042      0.293    -12.936     12.981      0.000
   638          2  (u)                -52   375   375   676   676   175     0      0.360      1.216   -562.708    562.710      0.330
   639         21  (g)                -41   900   900   643   546   282   314     -0.000      0.000     16.549     16.549      0.000
   640         21  (g)                -42   901     0   547   547   283   282      0.000     -0.000     -0.837      0.837      0.000
   641         21  (g)                -44   548   548   902   902   284   281     -1.608      0.710     10.608     10.752      0.000
   642         21  (g)                -44   549   549   903   903   283   284      0.899     -0.341     -0.422      1.051      0.000
   643         21  (g)                -43   639     0   904   904   281   314      0.709     -0.368      5.526      5.584      0.000
   644         21  (g)                -31   749     0   646   647   315   316      0.000      0.000     17.283     17.283      0.000
   645         21  (g)                -31   750   750   646   647   317   315      0.000      0.000   -136.100    136.100      0.000
   646         21  (g)                -33   644   645   654   655   317   318      0.830     -0.084   -136.089    136.091      0.000
   647         21  (g)                -33   644   645   656   656   318   316     -0.830      0.084     17.272     17.292      0.000
   648         21  (g)                -51   385     0  1236  1236   319   199     -1.320      0.405    -21.437     21.482      0.000
   649         21  (g)                -51   385     0  1241  1241   198   319     -0.541      0.696     -0.652      1.096      0.000
   650          2  (u)                -53  1233  1233   382   382   198     0      0.000     -0.000    149.061    149.061      0.000
   651         21  (g)                -51   474     0  1040  1040   320   251      0.859      0.192    -20.512     20.531      0.000
   652         21  (g)                -51   474     0  1062  1062   125   320      0.355      0.538     -1.679      1.799      0.000
   653         21  (g)                -52   475   475   999   999   212   125      0.309      4.118    -17.805     18.277      0.000
   654         21  (g)                -51   646     0   751   751   317   321      1.218     -0.213    -69.704     69.715      0.000
   655         21  (g)                -51   646     0   753   753   321   318     -0.388      0.129    -66.380     66.382      0.000
   656         21  (g)                -52   647   647   752   752   318   316     -0.830      0.084     17.267     17.287      0.000
   657         21  (g)                -51   579     0  1156  1156   322   153      2.770     -0.368     -5.312      6.002      0.000
   658         21  (g)                -51   579     0  1163  1163   187   322      0.862      0.985     -3.608      3.838      0.000
   659         21  (g)                -52   243   243   840   841   154   187     -0.112      1.663     -9.578      9.722      0.000
   660         21  (g)                -51   491     0  1223  1223   201   323      0.738      2.603     33.273     33.383      0.000
   661         21  (g)                -51   491     0  1230  1230   323   193     -0.253     -0.177      2.032      2.055      0.000
   662         21  (g)                -53  1220  1220   352   352   208   193      0.000      0.000     83.188     83.188      0.000
   663         21  (g)                -51   567     0   769   769   324   135      0.036      1.648      6.677      6.877      0.000
   664         21  (g)                -51   567     0   686   687   209   324     -0.402     -0.013      0.322      0.515      0.000
   665         -1  (dbar)             -52   334   334   688   688     0   209     -5.228     -4.121     71.244     71.555      0.330
   666         21  (g)                -42  1252  1252   315   315   213   214     -0.000      0.000     77.836     77.836      0.000
   667         21  (g)                -41  1253  1253   670   316   215   325      0.000     -0.000    -25.915     25.915      0.000
   668         21  (g)                -44   317   317   834   835   213   216     -0.704     -2.276     -0.821      2.520      0.000
   669         21  (g)                -44   318   318  1255  1255   215   214      1.054      1.559     76.968     76.991      0.000
   670         21  (g)                -43   667     0   836   836   216   325     -0.350      0.717    -24.227     24.240      0.000
   671         -3  (sbar)             -51   326     0   980   980     0   159     32.251    317.110   -437.537    541.330      0.500
   672          3  (s)                -51   326     0  1063  1063   218     0     33.470    318.893   -441.531    545.676      0.500
   673         21  (g)                -52   327   327  1023  1023   137   218     20.177    190.825   -267.129    328.906      0.000
   674         21  (g)                -51   637     0  1202  1202   313   326     -1.461      0.434    -37.215     37.246      0.000
   675         21  (g)                -51   637     0  1203  1203   326   175      0.439     -0.073     -7.044      7.058      0.000
   676          2  (u)                -52   638   638  1198  1198   175     0      0.340      1.149   -531.386    531.387      0.330
   677         21  (g)                -51   439     0  1209  1209   327   177      1.830      1.391      0.139      2.303      0.000
   678         21  (g)                -51   439     0   873   874   178   327     -0.532      0.248     -0.502      0.773      0.000
   679         21  (g)                -52   440   440   875   875   242   178      0.474      1.132    -15.916     15.963      0.000
   680         21  (g)                -51   529     0  1149  1149   276   328      0.176     -0.630     -8.914      8.938      0.000
   681         21  (g)                -51   529     0  1152  1152   328   221     -1.152      0.446    -16.036     16.084      0.000
   682         21  (g)                -53  1146  1146   348   348   148   221      0.000     -0.000    -95.890     95.890      0.000
   683         21  (g)                -51   599     0  1055  1055   329   300      3.216     -0.685      1.451      3.593      0.000
   684         21  (g)                -51   599     0  1064  1064   113   329      1.014      0.757     -0.194      1.280      0.000
   685         -2  (ubar)             -52   600   600  1031  1031     0   113      2.110      3.971      0.253      4.516      0.330
   686         21  (g)                -51   664     0  1119  1119   330   324     -0.382      0.565      3.590      3.654      0.000
   687         21  (g)                -51   664     0  1120  1120   209   330     -0.549     -0.995      3.950      4.110      0.000
   688         -1  (dbar)             -52   665   665  1111  1111     0   209     -4.698     -3.704     64.026     64.306      0.330
   689         21  (g)                -51   573     0   843   844   331   191      1.297     -7.849     17.402     19.134      0.000
   690         21  (g)                -51   573     0  1065  1065   203   331      1.474    -10.408     19.099     21.801      0.000
   691         21  (g)                -52   523   523   876   877   274   203      0.064     -4.998     10.699     11.809      0.000
   692         21  (g)                -51   625     0  1029  1029   332   114      4.220    -25.900     40.147     47.962      0.000
   693         21  (g)                -51   625     0  1066  1066   227   332      7.842    -36.190     56.010     67.144      0.000
   694         21  (g)                -52   379   379   785   786   124   227      4.820    -30.278     48.952     57.761      0.000
   695         21  (g)                -51   499     0   916   916   211   333     -1.865     -1.430      4.335      4.931      0.000
   696         21  (g)                -51   499     0   921   921   333   266     -0.480     -0.738      4.474      4.560      0.000
   697         21  (g)                -52   519   519   919   919   266   142      0.882      0.256     -0.408      1.005      0.000
   698         21  (g)                -51   606     0  1048  1048   280   334      1.762     33.345     70.200     77.737      0.000
   699         21  (g)                -51   606     0   869   869   334   107      0.273     18.683     37.203     41.631      0.000
   700         21  (g)                -52   605   605   775   775   107   301      0.591      0.073      1.068      1.223      0.000
   701         21  (g)                -51   429     0  1187  1187   335   239      0.480     -0.971    -12.338     12.385      0.000
   702         21  (g)                -51   429     0   707   708   171   335      0.746      0.242     -0.698      1.050      0.000
   703         21  (g)                -52   555   555   709   709   170   171      0.349     -3.750     33.792     34.002      0.000
   704         -1  (dbar)             -51   602     0  1118  1118     0   336     -0.663     -1.343     -3.749      4.051      0.330
   705         21  (g)                -51   602     0   813   814   336   133      0.543      0.070     -0.005      0.547      0.000
   706         21  (g)                -52   603   603   815   815   133   236     -0.914     -0.411      5.988      6.071      0.000
   707         21  (g)                -51   702     0  1191  1191   337   335      0.054     -0.417     -0.555      0.696      0.000
   708         21  (g)                -51   702     0   793   793   171   337      0.700      0.580      0.573      1.074      0.000
   709         21  (g)                -52   703   703   791   792   170   171      0.342     -3.671     33.076     33.281      0.000
   710         21  (g)                -51   504     0   770   771   338   160     -0.883     -3.038      1.262      3.407      0.000
   711         21  (g)                -51   504     0   772   772   163   338     -0.529     -0.506     -0.656      0.983      0.000
   712         21  (g)                -52   405   405   894   894   234   163      0.713     -0.500     -4.168      4.258      0.000
   713         21  (g)                -51   508     0  1030  1030   269   339      0.103      0.449      0.502      0.681      0.000
   714         21  (g)                -51   508     0  1068  1068   339   235     -0.447      2.225     -2.003      3.026      0.000
   715         21  (g)                -52   407   407   982   982   235   131      1.059     17.770    -17.101     24.685      0.000
   716         21  (g)                -51   377     0   760   760   220   340      0.579     -1.084    121.916    121.922      0.000
   717         21  (g)                -51   377     0   758   759   340   174     -0.084     -0.640      2.568      2.648      0.000
   718         21  (g)                -52   374   374  1197  1197   174   210     -0.120      1.246     -3.757      3.960      0.000
   719         21  (g)                -51   580     0  1222  1222   341   295     -0.456     -1.741      9.052      9.230      0.000
   720         21  (g)                -51   580     0  1231  1231   194   341      0.252     -0.490     -0.141      0.569      0.000
   721         -4  (cbar)             -52   357   357  1225  1225     0   194      0.955      2.422    -12.743     13.092      1.500
   722         -2  (ubar)             -51   251     0  1017  1017     0   121      1.999     -5.597     11.420     12.878      0.330
   723          2  (u)                -51   251     0  1069  1069   189     0     -0.186     -2.585      4.218      4.962      0.330
   724         21  (g)                -52   591   591   995   995   111   189     -0.611    -14.962     26.301     30.265      0.000
   725         21  (g)                -51   615     0  1058  1058   343   238      1.871      1.071     -0.732      2.277      0.000
   726         21  (g)                -51   615     0  1070  1070   307   343      1.742      3.030     -1.289      3.726      0.000
   727         21  (g)                -52   614   614   993   993   190   307      0.390      0.877     -0.181      0.977      0.000
   728         21  (g)                -51   370     0   788   789   115   344     -1.167      0.502     -2.456      2.765      0.000
   729         21  (g)                -51   370     0   790   790   344   225      0.290     -0.840     -1.453      1.703      0.000
   730         21  (g)                -52   369   369   992   992   225   108     -1.837     -9.272    -12.788     15.902      0.000
   731         21  (g)                -51   585     0   878   878   345   274      3.922    -45.018     86.446     97.544      0.000
   732         21  (g)                -51   585     0  1072  1072   126   345      0.004     -2.708      6.116      6.689      0.000
   733         21  (g)                -52   584   584  1053  1053   296   126      5.466    -15.454     28.630     32.990      0.000
   734         21  (g)                -51   510     0  1035  1035   346   244      1.368      3.439      0.123      3.703      0.000
   735         21  (g)                -51   510     0  1073  1073   246   346      0.138      0.357     -0.614      0.723      0.000
   736         21  (g)                -52   454   454   801   802   105   246     -0.582     -0.834      1.045      1.458      0.000
   737          1  (d)                -51   472     0  1013  1013   166     0      1.922     10.066    -12.248     15.973      0.330
   738         -1  (dbar)             -51   472     0  1074  1074     0   144      2.719     22.366    -25.440     33.985      0.330
   739         21  (g)                -52   467   467   881   881   144   249      1.770     15.571    -14.730     21.508      0.000
   740         21  (g)                -51   404     0   892   892   347   234     -0.187      1.041    -79.558     79.566      0.000
   741         21  (g)                -51   404     0   897   897   162   347      0.449      2.312   -391.037    391.045      0.000
   742         21  (g)                -53   890   890   400   400   162   161      0.000     -0.000   -478.523    478.523      0.000
   743         21  (g)                -51   438     0  1208  1208   348   179     -0.659     -1.323      0.123      1.483      0.000
   744         21  (g)                -51   438     0  1212  1212   176   348     -1.113     -1.448      1.921      2.650      0.000
   745         21  (g)                -53  1206  1206   436   436   176   177      0.000      0.000      4.468      4.468      0.000
   746         21  (g)                -51   583     0  1032  1032   349   296      2.791     -5.347     12.621     13.988      0.000
   747         21  (g)                -51   583     0  1075  1075   237   349      0.815     -0.796      1.390      1.797      0.000
   748         21  (g)                -52   623   623   987   987   310   237      3.113     -5.382     12.533     13.991      0.000
   749         21  (g)                -41  1290  1290   754   644   315   350     -0.000      0.000     18.422     18.422      0.000
   750         21  (g)                -42  1291  1291   645   645   317   315     -0.000      0.000   -136.100    136.100      0.000
   751         21  (g)                -44   654   654  1292  1292   317   321      1.218     -0.213    -69.668     69.679      0.000
   752         21  (g)                -44   656   656   763   763   318   316     -0.249     -0.293     17.289     17.294      0.000
   753         21  (g)                -44   655   655   761   762   321   318     -0.388      0.129    -66.317     66.318      0.000
   754         21  (g)                -43   749     0  1295  1295   316   350     -0.581      0.378      1.017      1.231      0.000
   755         21  (g)                -51   389     0  1158  1158   351   165     -0.017     -1.987     -0.514      2.053      0.000
   756         21  (g)                -51   389     0   781   781   155   351      0.710     -0.591      0.855      1.258      0.000
   757         21  (g)                -52   388   388   778   778   228   155     -0.678      3.644     45.670     45.821      0.000
   758         21  (g)                -51   717     0  1204  1204   352   174     -0.579     -0.774      6.755      6.824      0.000
   759         21  (g)                -51   717     0  1205  1205   340   352      0.582     -0.029     14.166     14.178      0.000
   760         21  (g)                -52   716   716  1200  1200   220   340      0.492     -0.921    103.563    103.568      0.000
   761         21  (g)                -51   753     0  1294  1294   321   353      0.269     -0.057    -63.758     63.758      0.000
   762         21  (g)                -51   753     0   807   808   353   318     -0.658      0.185     -2.514      2.605      0.000
   763         21  (g)                -52   752   752   809   809   318   316     -0.248     -0.293     17.244     17.248      0.000
   764         21  (g)                -51   421     0   819   820   354   182     -1.294     -5.809     14.858     16.005      0.000
   765         21  (g)                -51   421     0   821   821   102   354     -0.196     -0.250      2.590      2.610      0.000
   766         21  (g)                -52   616   616  1033  1033   238   102      0.643     -0.307     -0.757      1.040      0.000
   767         21  (g)                -51   566     0  1116  1116   355   290     -0.647      1.334     -3.976      4.243      0.000
   768         21  (g)                -51   566     0  1122  1122   135   355      0.460     -0.126      0.046      0.479      0.000
   769         21  (g)                -52   663   663  1113  1113   324   135      0.035      1.570      6.361      6.552      0.000
   770         21  (g)                -51   710     0   891   891   356   160     -0.585     -2.097      1.284      2.527      0.000
   771         21  (g)                -51   710     0   898   898   338   356     -0.546     -1.178     -0.328      1.339      0.000
   772         21  (g)                -52   711   711   896   896   163   338     -0.281     -0.269     -0.349      0.523      0.000
   773         21  (g)                -51   604     0   803   803   357   105      0.064    -19.787     77.522     80.008      0.000
   774         21  (g)                -51   604     0  1077  1077   301   357     -0.354    -10.787     38.517     40.000      0.000
   775         21  (g)                -52   700   700   867   868   107   301      0.567      0.070      1.025      1.174      0.000
   776         21  (g)                -51   387     0  1155  1155   152   358     -1.954      0.716     28.908     28.983      0.000
   777         21  (g)                -51   387     0  1165  1165   358   228     -0.330      0.844     24.219     24.236      0.000
   778         21  (g)                -52   757   757   779   780   228   155     -0.534      2.868     35.945     36.063      0.000
   779         21  (g)                -51   778     0  1161  1161   228   359     -0.734      0.645     12.876     12.913      0.000
   780         21  (g)                -51   778     0  1166  1166   359   155      0.242      2.188     23.119     23.223      0.000
   781         21  (g)                -52   756   756  1164  1164   155   351      0.668     -0.557      0.805      1.185      0.000
   782          1  (d)                -51   601     0  1117  1117   360     0      0.093      0.089     -0.356      0.502      0.330
   783         21  (g)                -51   601     0  1123  1123   291   360      0.652      0.098     -8.060      8.087      0.000
   784         21  (g)                -52   568   568  1114  1114   219   291     -0.126     -0.672    -32.053     32.061      0.000
   785         21  (g)                -51   694     0   830   830   361   227      4.330    -29.641     47.879     56.478      0.000
   786         21  (g)                -51   694     0   828   829   124   361      0.661     -1.777      3.921      4.356      0.000
   787         21  (g)                -52   132   132   991   991   138   124      2.175    -14.536     36.315     39.176      0.000
   788         21  (g)                -51   728     0  1028  1028   115   362     -0.718      0.079     -3.190      3.270      0.000
   789         21  (g)                -51   728     0  1079  1079   362   344     -0.310      0.020      0.036      0.313      0.000
   790         21  (g)                -52   729   729  1071  1071   344   225      0.151     -0.437     -0.755      0.885      0.000
   791          2  (u)                -51   709     0  1183  1183   170     0      0.483     -2.805     20.605     20.804      0.330
   792         -2  (ubar)             -51   709     0  1193  1193     0   171     -0.104     -0.835     12.501     12.533      0.330
   793         21  (g)                -52   708   708  1192  1192   171   337      0.663      0.549      0.543      1.018      0.000
   794         21  (g)                -31   971     0   796   797   364   363      0.000      0.000      0.093      0.093      0.000
   795         21  (g)                -31   972   972   796   797   366   365      0.000      0.000   -114.291    114.291      0.000
   796         21  (g)                -33   794   795   973   973   366   363      0.476     -0.472   -113.066    113.068      0.000
   797         21  (g)                -33   794   795   974   974   364   365     -0.476      0.472     -1.132      1.316      0.000
   798          3  (s)                -51   561     0   996   996   248     0      0.234      0.557     -1.276      1.498      0.500
   799         -3  (sbar)             -51   561     0  1080  1080     0   224      2.458      3.590     -4.264      6.112      0.500
   800         21  (g)                -52   560   560  1050  1050   224   288     -0.538     -0.230     -0.542      0.798      0.000
   801         21  (g)                -51   736     0  1036  1036   368   246     -0.487      0.036      0.680      0.837      0.000
   802         21  (g)                -51   736     0  1081  1081   105   368     -0.092     -2.074      5.084      5.491      0.000
   803         21  (g)                -52   773   773   984   984   357   105      0.060    -18.582     72.803     75.137      0.000
   804         21  (g)                -51   620     0   981   981   223   369    -49.570     14.564    -27.408     58.485      0.000
   805         21  (g)                -51   620     0  1082  1082   369   309    -72.006     22.332    -41.272     85.947      0.000
   806         21  (g)                -52   621   621  1060  1060   309   123     -6.677      2.421     -3.851      8.079      0.000
   807         21  (g)                -51   762     0  1296  1296   353   370     -0.347     -0.326     -2.372      2.419      0.000
   808         21  (g)                -51   762     0  1297  1297   370   318     -0.318      0.502      0.375      0.703      0.000
   809         21  (g)                -52   763   763  1293  1293   318   316     -0.241     -0.284     16.727     16.731      0.000
   810         -1  (dbar)             -51    69     0   962   962     0   371     -5.547     -5.857    -17.137     18.944      0.330
   811         21  (g)                -51    69     0   963   963   371   118      0.117     -0.440     -1.683      1.744      0.000
   812         21  (g)                -53   959     0    66    66   119   118      0.000     -0.000      3.057      3.057      0.000
   813         21  (g)                -51   705     0  1121  1121   336   372     -0.041      0.492      0.073      0.499      0.000
   814         21  (g)                -51   705     0  1124  1124   372   133      0.371     -0.517      1.317      1.463      0.000
   815         21  (g)                -52   706   706  1115  1115   133   236     -0.701     -0.315      4.593      4.657      0.000
   816         21  (g)                -51   534     0  1267  1267   373   257      0.741     -0.705     -0.749      1.268      0.000
   817         21  (g)                -51   534     0   872   872   254   373     -0.212      0.238      1.157      1.200      0.000
   818         21  (g)                -52   536   536   870   871   277   254     -0.012     -0.946     19.639     19.662      0.000
   819         21  (g)                -51   764     0  1016  1016   374   182     -0.930     -1.809      6.419      6.734      0.000
   820         21  (g)                -51   764     0  1083  1083   354   374     -0.470     -4.135      9.847     10.691      0.000
   821         21  (g)                -52   765   765  1076  1076   102   354     -0.089     -0.114      1.182      1.191      0.000
   822         21  (g)                -51   434     0  1034  1034   375   241     -0.694      0.461     -0.347      0.903      0.000
   823         21  (g)                -51   434     0  1084  1084   157   375    -18.107      4.968     -9.398     20.997      0.000
   824         21  (g)                -52   622   622  1009  1009   123   157    -18.607      4.631     -8.451     20.955      0.000
   825         21  (g)                -51   582     0  1224  1224   195   376     -0.483      0.052     10.438     10.449      0.000
   826         21  (g)                -51   582     0  1232  1232   376   260      0.825     -0.307     11.282     11.316      0.000
   827         21  (g)                -52   490   490  1228  1228   260   201      0.697     -0.167      6.110      6.152      0.000
   828         21  (g)                -51   786     0  1078  1078   124   377      0.751     -1.529      2.913      3.374      0.000
   829         21  (g)                -51   786     0  1085  1085   377   361      1.485    -11.033     18.431     21.532      0.000
   830         21  (g)                -52   785   785   998   998   361   227      2.754    -18.855     30.457     35.927      0.000
   831         21  (g)                -51   451     0   927   927   378   232      0.330      0.735   -137.624    137.626      0.000
   832         21  (g)                -51   451     0   928   928   245   378      0.088     -0.467    -29.277     29.281      0.000
   833         21  (g)                -52   450   450   925   925   231   245     -1.202     -0.531   -139.964    139.970      0.000
   834         21  (g)                -51   668     0  1254  1254   213   380     -0.539     -2.413     -1.603      2.947      0.000
   835         21  (g)                -51   668     0  1257  1257   380   216     -0.175      0.157      0.100      0.256      0.000
   836         21  (g)                -52   670   670  1256  1256   216   325     -0.340      0.697    -23.544     23.557      0.000
   837         21  (g)                -51   629     0  1275  1275   381   268     -0.226     -0.013     -6.750      6.754      0.000
   838         21  (g)                -51   629     0  1279  1279   263   381      0.698     -0.009     -0.998      1.218      0.000
   839         21  (g)                -53  1272  1272   626   626   263   311     -0.000     -0.000     36.860     36.860      0.000
   840         21  (g)                -51   659     0  1160  1160   382   187     -0.123      1.295     -9.711      9.797      0.000
   841         21  (g)                -51   659     0  1167  1167   154   382     -0.173      0.190     -0.116      0.282      0.000
   842         21  (g)                -52   244   244  1159  1159   180   154     -0.956     -0.922     -1.287      1.849      0.000
   843         21  (g)                -51   689     0  1021  1021   331   383      0.636     -2.259      4.100      4.724      0.000
   844         21  (g)                -51   689     0  1086  1086   383   191      1.093    -11.847     24.857     27.557      0.000
   845         21  (g)                -52   572   572  1051  1051   191   292      1.469    -21.278     39.296     44.711      0.000
   846         -3  (sbar)             -51   511     0  1005  1005     0   270     -1.390      7.732     -7.487     10.864      0.500
   847          3  (s)                -51   511     0  1087  1087   202     0      0.044      1.263     -1.717      2.190      0.500
   848         21  (g)                -52   274   274  1020  1020   139   202     -0.513      0.675     -3.691      3.787      0.000
   849         21  (g)                -51   611     0  1015  1015   306   384      3.708   -261.087    495.335    559.944      0.000
   850         21  (g)                -51   611     0  1088  1088   384   285      1.269    -47.922     91.063    102.910      0.000
   851         21  (g)                -52   551   551  1049  1049   285   181      1.597    -57.935    110.034    124.364      0.000
   852         21  (g)                -51   618     0  1059  1059   385   308    -17.504      6.483    -10.453     21.393      0.000
   853         21  (g)                -51   618     0  1089  1089   103   385     -3.214      0.519     -1.796      3.718      0.000
   854         21  (g)                -52   619   619  1027  1027   288   103     -1.206      2.204     -3.340      4.179      0.000
   855         21  (g)                -51   574     0  1006  1006   387   143      1.228      7.208     17.766     19.212      0.000
   856         21  (g)                -51   574     0  1090  1090   293   387     -0.307      2.185      6.256      6.634      0.000
   857         21  (g)                -52   575   575  1052  1052   130   293     -0.416      1.211      4.062      4.259      0.000
   858         21  (g)                -51   563     0  1250  1250   389   206      0.485      0.019     -6.441      6.459      0.000
   859         21  (g)                -51   563     0  1251  1251   289   389      0.221      0.248     -0.324      0.464      0.000
   860         21  (g)                -52   562   562  1249  1249   278   289      1.236     -1.119     -8.293      8.459      0.000
   861         21  (g)                -51   465     0  1037  1037   390   248      0.128      1.530     -1.025      1.846      0.000
   862         21  (g)                -51   465     0  1091  1091   147   390      1.842      7.727     -8.699     11.780      0.000
   863         21  (g)                -52   526   526  1008  1008   275   147      1.571     11.677    -17.509     21.104      0.000
   864         21  (g)                -51   540     0   994   994   392   279     -2.123     -1.416    -55.336     55.395      0.000
   865         21  (g)                -51   540     0  1092  1092   120   392     -0.456     -1.420    -35.635     35.667      0.000
   866          2  (u)                -53   977   977    71    71   120     0     -0.000     -0.000  -2667.969   2667.969      0.000
   867         21  (g)                -51   775     0  1056  1056   393   301      0.430      0.094      0.320      0.544      0.000
   868         21  (g)                -51   775     0  1093  1093   107   393      0.179      2.808      6.345      6.941      0.000
   869         21  (g)                -52   699   699  1067  1067   334   107      0.231     15.850     31.563     35.320      0.000
   870         21  (g)                -51   818     0  1269  1269   277   394      0.340     -0.846     15.667     15.694      0.000
   871         21  (g)                -51   818     0  1271  1271   394   254     -0.503      0.070      4.792      4.819      0.000
   872         21  (g)                -52   817   817  1270  1270   254   373     -0.062      0.069      0.337      0.349      0.000
   873         21  (g)                -51   678     0  1211  1211   395   327     -0.064     -0.422     -0.851      0.952      0.000
   874         21  (g)                -51   678     0  1213  1213   178   395     -0.385      0.869     -2.450      2.627      0.000
   875         21  (g)                -52   679   679  1210  1210   242   178      0.391      0.933    -13.118     13.157      0.000
   876         21  (g)                -51   691     0  1000  1000   396   203      0.089     -7.373     15.240     16.930      0.000
   877         21  (g)                -51   691     0  1094  1094   274   396      1.866    -19.330     37.137     41.908      0.000
   878         21  (g)                -52   731   731  1045  1045   345   274      2.031    -23.314     44.768     50.516      0.000
   879         21  (g)                -51   468     0  1038  1038   398   112      0.136      1.737     -2.676      3.193      0.000
   880         21  (g)                -51   468     0  1095  1095   249   398      1.674     10.277    -11.181     15.279      0.000
   881         21  (g)                -52   739   739  1002  1002   144   249      1.287     11.325    -10.713     15.642      0.000
   882         21  (g)                -51   486     0  1184  1184   188   399     -2.703      2.040     -5.687      6.619      0.000
   883         21  (g)                -51   486     0  1194  1194   399   258     -0.277      0.573     -0.144      0.652      0.000
   884         21  (g)                -52   487   487  1188  1188   258   172      0.788      0.269      0.858      1.195      0.000
   885         21  (g)                -31  1303  1303   887   888   401   400      0.000      0.000    162.523    162.523      0.000
   886          3  (s)                -31  1304  1304   887   888   400     0      0.000      0.000     -1.656      1.656      0.000
   887         21  (g)                -33   885   886  1305  1305   401   402     -0.351      0.501    162.428    162.429      0.000
   888          3  (s)                -33   885   886  1306  1306   402     0      0.351     -0.501     -1.561      1.750      0.500
   889         21  (g)                -41   943   943   899   399   403   233      0.000      0.000      9.280      9.280      0.000
   890         21  (g)                -42   944     0   742   742   162   161     -0.000      0.000   -478.523    478.523      0.000
   891         21  (g)                -44   770   770   945   945   356   160     -0.576     -2.444      1.078      2.733      0.000
   892         21  (g)                -44   740   740   946   946   347   234     -0.187      1.041    -79.456     79.463      0.000
   893         21  (g)                -44   502   502   947   947   267   233     -0.718      0.121     -1.077      1.300      0.000
   894         21  (g)                -44   712   712   948   948   234   163      0.714     -0.509     -4.215      4.305      0.000
   895         21  (g)                -44   503   503   949   949   160   267      1.158      0.428      0.094      1.238      0.000
   896         21  (g)                -44   772   772   950   950   163   338     -0.281     -0.285     -0.374      0.547      0.000
   897         21  (g)                -44   741   741   951   951   162   347      0.449      2.311   -390.793    390.800      0.000
   898         21  (g)                -44   771   771   952   952   338   356     -0.543     -1.270     -0.438      1.449      0.000
   899         21  (g)                -43   889     0   953   953   403   161     -0.016      0.606      5.937      5.968      0.000
   900         21  (g)                -42  1280  1280   639   639   282   314     -0.000      0.000     16.549     16.549      0.000
   901         21  (g)                -41  1281  1281   905   640   283   404      0.000      0.000    -21.108     21.108      0.000
   902         21  (g)                -44   641   641  1282  1282   284   281     -1.658      0.724     11.161     11.307      0.000
   903         21  (g)                -44   642   642  1283  1283   283   284      0.396     -0.196     -0.676      0.807      0.000
   904         21  (g)                -44   643   643  1284  1284   281   314      0.689     -0.362      5.216      5.274      0.000
   905         21  (g)                -43   901     0  1285  1285   282   404      0.573     -0.165    -20.260     20.269      0.000
   906         21  (g)                -42   965   965   238   238   183   184      0.000      0.000      5.525      5.525      0.000
   907         21  (g)                -41   966     0   910   239   405   186     -0.000     -0.000    -66.680     66.680      0.000
   908         21  (g)                -44   240   240   967   967   183   186     -1.651      1.761      5.214      5.746      0.000
   909         21  (g)                -44   241   241   968   968   185   184      1.439     -2.155    -63.682     63.735      0.000
   910         21  (g)                -43   907     0   969   969   405   185      0.213      0.394     -2.687      2.724      0.000
   911         21  (g)                -42   930     0   456   456   247   156      0.000      0.000     24.291     24.291      0.000
   912          2  (u)                -41   931   931   922   457   406     0     -0.000     -0.000   -260.368    260.368      0.000
   913         21  (g)                -44   458   458   932   932   141   211      2.467     -3.862     12.416     13.235      0.000
   914          2  (u)                -44   517   517   933   933   272     0      0.854      3.228   -214.047    214.073      0.330
   915         21  (g)                -44   460   460   934   934   140   156     -0.436      2.784     -2.698      3.901      0.000
   916         21  (g)                -44   695   695   935   935   211   333     -1.865     -1.430      4.328      4.925      0.000
   917         21  (g)                -44   462   462   936   936   217   140     -0.389      0.831     -0.649      1.124      0.000
   918         21  (g)                -44   463   463   937   937   247   141     -0.864     -0.841      0.814      1.455      0.000
   919         21  (g)                -44   697   697   938   938   266   142      0.881      0.256     -0.411      1.005      0.000
   920         21  (g)                -44   518   518   939   939   142   272     -0.410     -0.449    -39.697     39.702      0.000
   921         21  (g)                -44   696   696   940   940   333   266     -0.480     -0.738      4.467      4.553      0.000
   922         21  (g)                -43   912     0   941   941   406   217      0.243      0.222     -0.601      0.685      0.000
   923         21  (g)                -41  1258  1258   929   395   229   407     -0.000      0.000      0.013      0.013      0.000
   924         21  (g)                -42  1259  1259   396   396   231   229     -0.000      0.000   -340.488    340.488      0.000
   925         21  (g)                -44   833   833  1260  1260   231   245     -1.257     -0.505   -138.783    138.790      0.000
   926         21  (g)                -44   452   452  1261  1261   232   230      0.693      0.306    -26.289     26.299      0.000
   927         21  (g)                -44   831   831  1262  1262   378   232      0.309      0.745   -128.617    128.619      0.000
   928         21  (g)                -44   832   832  1263  1263   245   378      0.053     -0.450    -24.894     24.898      0.000
   929         21  (g)                -43   923     0  1264  1264   230   407      0.203     -0.096    -21.893     21.894      0.000
   930         21  (g)                -41  1125  1125   942   911   247   408      0.000     -0.000     26.125     26.125      0.000
   931          2  (u)                -42  1126  1126   912   912   406     0      0.000      0.000   -260.368    260.368      0.000
   932         21  (g)                -44   913   913  1127  1127   141   211      2.605     -3.745     12.421     13.232      0.000
   933          2  (u)                -44   914   914  1128  1128   272     0      0.854      3.228   -214.052    214.078      0.330
   934         21  (g)                -44   915   915  1129  1129   140   156     -0.430      2.790     -2.708      3.912      0.000
   935         21  (g)                -44   916   916  1130  1130   211   333     -1.816     -1.388      4.345      4.909      0.000
   936         21  (g)                -44   917   917  1131  1131   217   140     -0.386      0.833     -0.651      1.126      0.000
   937         21  (g)                -44   918   918  1132  1132   247   141     -0.852     -0.831      0.822      1.447      0.000
   938         21  (g)                -44   919   919  1133  1133   266   142      0.884      0.258     -0.416      1.011      0.000
   939         21  (g)                -44   920   920  1134  1134   142   272     -0.410     -0.449    -39.690     39.695      0.000
   940         21  (g)                -44   921   921  1135  1135   333   266     -0.432     -0.697      4.473      4.547      0.000
   941         21  (g)                -44   922   922  1136  1136   406   217      0.243      0.222     -0.604      0.688      0.000
   942         21  (g)                -43   930     0  1137  1137   156   408     -0.261     -0.222      1.817      1.849      0.000
   943         21  (g)                -42  1168  1168   889   889   403   233     -0.000      0.000      9.280      9.280      0.000
   944         21  (g)                -41  1169  1169   954   890   409   161      0.000     -0.000   -677.869    677.869      0.000
   945         21  (g)                -44   891   891  1170  1170   356   160     -0.575     -2.445      1.079      2.733      0.000
   946         21  (g)                -44   892   892  1171  1171   347   234     -0.152      0.997    -79.458     79.464      0.000
   947         21  (g)                -44   893   893  1172  1172   267   233     -0.717      0.121     -1.078      1.300      0.000
   948         21  (g)                -44   894   894  1173  1173   234   163      0.715     -0.511     -4.215      4.306      0.000
   949         21  (g)                -44   895   895  1174  1174   160   267      1.158      0.428      0.095      1.238      0.000
   950         21  (g)                -44   896   896  1175  1175   163   338     -0.281     -0.285     -0.374      0.547      0.000
   951         21  (g)                -44   897   897  1176  1176   162   347      0.621      2.098   -390.802    390.808      0.000
   952         21  (g)                -44   898   898  1177  1177   338   356     -0.543     -1.271     -0.438      1.450      0.000
   953         21  (g)                -44   899   899  1178  1178   403   161     -0.016      0.606      5.937      5.968      0.000
   954         21  (g)                -43   944     0  1179  1179   409   162     -0.210      0.261   -199.335    199.335      0.000
   955         21  (g)                -31  1307  1307   957   958   411   410      0.000      0.000      0.020      0.020      0.000
   956         21  (g)                -31  1308  1308   957   958   413   412      0.000      0.000     -7.298      7.298      0.000
   957         21  (g)                -33   955   956  1309  1309   413   410     -0.129      0.274     -1.386      1.419      0.000
   958         21  (g)                -33   955   956  1310  1310   411   412      0.129     -0.274     -5.892      5.900      0.000
   959         21  (g)                -41  1096  1096   964   812   414   118     -0.000     -0.000    306.734    306.734      0.000
   960         -1  (dbar)             -42  1097  1097    67    67     0   117      0.000      0.000    -27.891     27.891      0.000
   961         21  (g)                -44    68    68  1098  1098   119   117      5.222      6.283     -5.730      9.979      0.000
   962         -1  (dbar)             -44   810   810  1099  1099     0   371     -5.635     -5.863    -17.424     19.231      0.330
   963         21  (g)                -44   811   811  1100  1100   371   118      0.114     -0.440     -1.679      1.739      0.000
   964         21  (g)                -43   959     0  1101  1101   414   119      0.299      0.019    303.676    303.676      0.000
   965         21  (g)                -42  1214  1214   906   906   183   184     -0.000     -0.000      5.525      5.525      0.000
   966         21  (g)                -41  1215  1215   970   907   405   415      0.000      0.000    -70.059     70.059      0.000
   967         21  (g)                -44   908   908  1216  1216   183   186     -1.650      1.762      5.206      5.738      0.000
   968         21  (g)                -44   909   909  1217  1217   185   184      1.676     -2.036    -63.752     63.807      0.000
   969         21  (g)                -44   910   910  1218  1218   405   185      0.223      0.399     -2.689      2.728      0.000
   970         21  (g)                -43   966     0  1219  1219   186   415     -0.249     -0.125     -3.299      3.310      0.000
   971         21  (g)                -41  1298  1298   975   794   416   363      0.000      0.000      0.131      0.131      0.000
   972         21  (g)                -42  1299  1299   795   795   366   365     -0.000      0.000   -114.291    114.291      0.000
   973         21  (g)                -44   796   796  1300  1300   366   363      0.478     -0.473   -113.320    113.322      0.000
   974         21  (g)                -44   797   797  1301  1301   364   365     -0.235      0.337     -0.365      0.549      0.000
   975         21  (g)                -43   971     0  1302  1302   416   364     -0.244      0.136     -0.475      0.551      0.000
   976          1  (d)                -61     1     0   113   113   168     0     -2.544     -0.148   3728.228   3728.229      0.000
   977          2  (u)                -61     2     0   866   866   409     0     -0.984     -0.511  -2667.969   2667.969      0.000
   978          1  (d)                -62   552   552  1832  1832   181     0     11.961   -637.001   1217.789   1374.381      0.330
   979          2  (u)                -62   598   598  1394     0   300     0      6.217     -0.966     -0.365      6.311      0.330
   980         -3  (sbar)             -62   671   671  1504  1504     0   159     32.035    317.014   -437.556    541.276      0.500
   981         21  (g)                -62   804   804  1770  1770   223   369    -49.596     14.555    -27.417     58.509      0.000
   982         21  (g)                -62   715   715  1905  1905   235   131      1.049     17.766    -17.102     24.682      0.000
   983         -3  (sbar)             -62   543   543  1923  1923     0   280      2.064     27.188     53.904     60.409      0.500
   984         21  (g)                -62   803   803  1384     0   357   333      0.009    -18.585     72.805     75.139      0.000
   985         21  (g)                -62   371   371  1763  1763   104   115     -0.845     15.291     -9.202     17.867      0.000
   986          2  (u)                -62   473   473  1387     0   251     0      0.338      2.318    -15.568     15.746      0.330
   987         21  (g)                -62   748   748  1848  1848   310   372      3.104     -5.382     12.534     13.990      0.000
   988         21  (g)                -62   589   589  1363     0   182   208     -0.396     -0.855      1.104      1.452      0.000
   989         21  (g)                -62   469   469  1558  1558   112   267     -1.371     -0.670     -1.926      2.457      0.000
   990          2  (u)                -62   410   410  1440  1440   158     0     49.884     72.939     23.113     91.339      0.330
   991         21  (g)                -62   787   787  1854  1854   138   124      2.149    -14.537     36.316     39.177      0.000
   992         21  (g)                -62   730   730  1615  1615   225   338     -1.843     -9.275    -12.787     15.904      0.000
   993         21  (g)                -62   727   727  1355     0   190   307      0.390      0.877     -0.181      0.977      0.000
   994         21  (g)                -62   864   864  1414  1414   392   319     -2.144     -1.427    -55.336     55.396      0.000
   995         21  (g)                -62   724   724  1515  1515   111   189     -0.631    -14.963     26.302     30.267      0.000
   996          3  (s)                -62   798   798  1498  1498   248     0      0.234      0.557     -1.276      1.497      0.500
   997         21  (g)                -62   433   433  1764  1764   241   104      0.241     -0.036     -0.009      0.244      0.000
   998         21  (g)                -62   830   830  1401     0   361   227      2.731    -18.857     30.459     35.928      0.000
   999         21  (g)                -62   653   653  1678  1678   212   256      0.302      4.115    -17.805     18.277      0.000
  1000         21  (g)                -62   876   876  1841  1841   396   203      0.078     -7.373     15.241     16.931      0.000
  1001         21  (g)                -62   576   576  1369     0   106   286     -2.138      1.589      2.747      3.827      0.000
  1002         21  (g)                -62   881   881  1561  1561   144   249      1.280     11.322    -10.713     15.640      0.000
  1003         21  (g)                -62   492   492  1580  1580   261   137     10.912     66.272    -95.050    116.385      0.000
  1004         21  (g)                -62   252   252  1855  1855   121   138      3.303    -20.221     34.845     40.422      0.000
  1005         -3  (sbar)             -62   846   846  1583  1583     0   270     -1.395      7.730     -7.488     10.864      0.500
  1006         21  (g)                -62   855   855  1636  1636   387   143      1.215      7.207     17.766     19.211      0.000
  1007         21  (g)                -62   514   514  1904  1904   131   271     -0.645     13.778    -13.325     19.179      0.000
  1008         21  (g)                -62   863   863  1501  1501   275   147      1.562     11.674    -17.509     21.102      0.000
  1009         21  (g)                -62   824   824  1767  1767   123   157    -18.617      4.628     -8.455     20.964      0.000
  1010         -2  (ubar)             -62   338   338  1441  1441     0   158      4.505      4.693      0.581      6.539      0.330
  1011         21  (g)                -62   528   528  1503  1503   159   122      5.709     50.866    -72.621     88.846      0.000
  1012         -2  (ubar)             -62   255   255  1708  1708     0   299     15.930      9.950   -100.829    102.564      0.330
  1013          1  (d)                -62   737   737  1901  1901   166     0      1.916     10.063    -12.248     15.971      0.330
  1014         21  (g)                -62   513   513  1365     0   101   167      0.918     15.181    -19.324     24.591      0.000
  1015         21  (g)                -62   849   849  1834  1834   306   384      3.336   -261.114    495.356    559.972      0.000
  1016         21  (g)                -62   819   819  1362     0   374   209     -0.935     -1.810      6.419      6.734      0.000
  1017         -2  (ubar)             -62   722   722  1856  1856     0   121      1.991     -5.598     11.421     12.878      0.330
  1018         21  (g)                -62   254   254  1706  1706   116   190     -0.511      4.354     -2.764      5.182      0.000
  1019         21  (g)                -62   613   613  1836  1836   292   110      0.074     -9.606     18.731     21.051      0.000
  1020         21  (g)                -62   848   848  1358     0   139   413     -0.514      0.675     -3.691      3.787      0.000
  1021         21  (g)                -62   843   843  1839  1839   331   383      0.633     -2.259      4.100      4.724      0.000
  1022         21  (g)                -62   542   542  1329     0   109   353      0.521     -0.711     -2.163      2.336      0.000
  1023         21  (g)                -62   673   673  1579  1579   137   218     20.046    190.767   -267.140    328.874      0.000
  1024          2  (u)                -62   339   339  1371     0   108     0      5.987      5.524      5.061      9.596      0.330
  1025          3  (s)                -62   361   361  1635  1635   143     0     -0.028     17.632     39.544     43.300      0.500
  1026         21  (g)                -62   617   617  1771  1771   308   223    -97.342     27.578    -57.706    116.474      0.000
  1027         21  (g)                -62   854   854  1775  1775   288   198     -1.207      2.203     -3.340      4.179      0.000
  1028         21  (g)                -62   788   788  1762  1762   115   362     -0.719      0.078     -3.190      3.271      0.000
  1029         21  (g)                -62   692   692  1850  1850   332   114      4.188    -25.903     40.149     47.963      0.000
  1030         21  (g)                -62   713   713  1377     0   269   200      0.103      0.449      0.502      0.681      0.000
  1031         -2  (ubar)             -62   685   685  1450  1450     0   113      2.107      3.970      0.253      4.514      0.330
  1032         21  (g)                -62   746   746  1845  1845   349   296      2.782     -5.347     12.622     13.987      0.000
  1033         21  (g)                -62   766   766  1353     0   238   132      0.643     -0.307     -0.757      1.039      0.000
  1034         21  (g)                -62   822   822  1349     0   375   154     -0.695      0.461     -0.347      0.903      0.000
  1035         21  (g)                -62   734   734  1911  1911   346   244      1.367      3.438      0.123      3.702      0.000
  1036         21  (g)                -62   801   801  1379     0   368   380     -0.487      0.036      0.680      0.837      0.000
  1037         21  (g)                -62   861   861  1499  1499   390   248      0.127      1.530     -1.025      1.846      0.000
  1038         21  (g)                -62   879   879  1559  1559   398   112      0.134      1.737     -2.676      3.193      0.000
  1039         21  (g)                -62   516   516  1902  1902   250   166      0.356      5.667     -6.513      8.641      0.000
  1040         21  (g)                -62   651   651  1391     0   320   232      0.852      0.188    -20.512     20.531      0.000
  1041         21  (g)                -62   493   493  1365     0   167   261      0.922     11.825    -15.682     19.662      0.000
  1042         21  (g)                -62   509   509  1910  1910   244   146      1.302     -0.532     -0.442      1.474      0.000
  1043         21  (g)                -62   512   512  1582  1582   270   101      0.737      7.367     -9.028     11.675      0.000
  1044         21  (g)                -62   515   515  1903  1903   271   250      1.031      4.808     -5.098      7.083      0.000
  1045         21  (g)                -62   878   878  1399     0   345   274      1.998    -23.316     44.770     50.517      0.000
  1046         21  (g)                -62   527   527  1502  1502   122   275     11.262     85.969   -119.633    147.749      0.000
  1047         21  (g)                -62   541   541  1331     0   279   216     -1.339     -2.850    -39.269     39.395      0.000
  1048         21  (g)                -62   698   698  1922  1922   280   334      1.710     33.342     70.197     77.732      0.000
  1049         21  (g)                -62   851   851  1396     0   285   181      1.514    -57.942    110.038    124.370      0.000
  1050         21  (g)                -62   800   800  1350     0   224   364     -0.538     -0.230     -0.542      0.798      0.000
  1051         21  (g)                -62   845   845  1837  1837   191   292      1.439    -21.280     39.298     44.713      0.000
  1052         21  (g)                -62   857   857  1370     0   130   293     -0.419      1.211      4.062      4.259      0.000
  1053         21  (g)                -62   733   733  1844  1844   296   126      5.445    -15.456     28.632     32.989      0.000
  1054         21  (g)                -62   590   590  1516  1516   298   111     -4.203    -22.622     39.561     45.766      0.000
  1055         21  (g)                -62   683   683  1447  1447   329   135      3.213     -0.685      1.451      3.592      0.000
  1056         21  (g)                -62   867   867  1378     0   393   207      0.429      0.094      0.320      0.544      0.000
  1057         21  (g)                -62   612   612  1835  1835   110   306      3.173   -150.811    287.163    324.371      0.000
  1058         21  (g)                -62   725   725  1356     0   343   266      1.870      1.070     -0.732      2.276      0.000
  1059         21  (g)                -62   852   852  1772  1772   385   308    -17.514      6.479    -10.456     21.402      0.000
  1060         21  (g)                -62   806   806  1768  1768   309   123     -6.680      2.420     -3.852      8.082      0.000
  1061         21  (g)                -62   624   624  1849  1849   114   310      1.902     -6.813     12.384     14.262      0.000
  1062         21  (g)                -62   652   652  1385     0   125   406      0.355      0.538     -1.679      1.799      0.000
  1063          3  (s)                -62   672   672  1578  1578   218     0     33.252    318.797   -441.550    545.622      0.500
  1064         21  (g)                -62   684   684  1449  1449   113   327      1.014      0.756     -0.194      1.279      0.000
  1065         21  (g)                -62   690   690  1840  1840   203   331      1.459    -10.409     19.100     21.801      0.000
  1066         21  (g)                -62   693   693  1851  1851   227   332      7.798    -36.193     56.014     67.144      0.000
  1067         21  (g)                -62   869   869  1921  1921   334   107      0.208     15.849     31.562     35.318      0.000
  1068         21  (g)                -62   714   714  1380     0   339   140     -0.448      2.224     -2.003      3.026      0.000
  1069          2  (u)                -62   723   723  1514  1514   189     0     -0.189     -2.585      4.219      4.962      0.330
  1070         21  (g)                -62   726   726  1355     0   307   119      1.741      3.030     -1.289      3.724      0.000
  1071         21  (g)                -62   790   790  1373     0   344   337      0.151     -0.437     -0.755      0.885      0.000
  1072         21  (g)                -62   732   732  1843  1843   126   345     -0.001     -2.709      6.116      6.689      0.000
  1073         21  (g)                -62   735   735  1912  1912   246   346      0.138      0.357     -0.614      0.723      0.000
  1074         -1  (dbar)             -62   738   738  1562  1562     0   144      2.705     22.361    -25.442     33.981      0.330
  1075         21  (g)                -62   747   747  1398     0   237   155      0.814     -0.796      1.390      1.797      0.000
  1076         21  (g)                -62   821   821  1339     0   102   352     -0.090     -0.114      1.182      1.191      0.000
  1077         21  (g)                -62   774   774  1917  1917   301   357     -0.381    -10.789     38.517     40.002      0.000
  1078         21  (g)                -62   828   828  1853  1853   124   377      0.749     -1.529      2.913      3.374      0.000
  1079         21  (g)                -62   789   789  1351     0   362   360     -0.310      0.020      0.036      0.313      0.000
  1080         -3  (sbar)             -62   799   799  1347     0     0   289      2.455      3.589     -4.264      6.111      0.500
  1081         21  (g)                -62   802   802  1915  1915   105   153     -0.095     -2.074      5.084      5.492      0.000
  1082         21  (g)                -62   805   805  1769  1769   369   309    -72.044     22.318    -41.285     85.982      0.000
  1083         21  (g)                -62   820   820  1522  1522   354   374     -0.477     -4.136      9.848     10.691      0.000
  1084         21  (g)                -62   823   823  1766  1766   157   375    -18.117      4.965     -9.401     21.006      0.000
  1085         21  (g)                -62   829   829  1401     0   377   361      1.471    -11.035     18.432     21.533      0.000
  1086         21  (g)                -62   844   844  1838  1838   383   191      1.075    -11.848     24.858     27.558      0.000
  1087          3  (s)                -62   847   847  1553  1553   202     0      0.043      1.263     -1.717      2.190      0.500
  1088         21  (g)                -62   850   850  1396     0   384   285      1.201    -47.927     91.067    102.915      0.000
  1089         21  (g)                -62   853   853  1773  1773   103   385     -3.216      0.518     -1.796      3.720      0.000
  1090         21  (g)                -62   856   856  1366     0   293   183     -0.311      2.185      6.256      6.634      0.000
  1091         21  (g)                -62   862   862  1500  1500   147   390      1.837      7.725     -8.699     11.778      0.000
  1092         21  (g)                -62   865   865  1326     0   120   392     -0.469     -1.427    -35.635     35.667      0.000
  1093         21  (g)                -62   868   868  1920  1920   107   258      0.174      2.808      6.345      6.941      0.000
  1094         21  (g)                -62   877   877  1399     0   274   396      1.838    -19.332     37.138     41.909      0.000
  1095         21  (g)                -62   880   880  1560  1560   249   398      1.667     10.274    -11.182     15.277      0.000
  1096         21  (g)                -61     1     0   959   959   117   118      4.014      1.818    306.863    306.894      0.000
  1097         -1  (dbar)             -61     2     0   960   960     0   117      1.541      1.155    -27.858     27.925      0.000
  1098         21  (g)                -62   961   961  1704  1704   119   343      5.687      6.623     -5.499     10.317      0.000
  1099         -1  (dbar)             -62   962   962  1543  1543     0   118     -4.614     -5.100    -17.625     18.922      0.330
  1100         21  (g)                -62   963   963  1329     0   371   109      0.209     -0.369     -1.682      1.735      0.000
  1101         21  (g)                -62   964   964  1731  1731   414   401      4.273      1.819    303.810    303.845      0.000
  1102         21  (g)                -61     1     0   107   107   118   129     -0.008     -0.284     59.563     59.564      0.000
  1103          3  (s)                -61     2     0   108   108   129     0     -0.650     -0.548     -0.473      0.973      0.000
  1104         21  (g)                -62   109   109  1643  1643   127   394     -1.522      4.560     47.180     47.425      0.000
  1105          3  (s)                -62   110   110  1542  1542   118     0      0.863     -5.393     11.910     13.112      0.500
  1106          1  (d)                -61     1     0   329   329   129     0     -0.616     -0.162    267.978    267.979      0.000
  1107         21  (g)                -61     2     0   330   330   136   129      3.284      0.150   -147.180    147.216      0.000
  1108          1  (d)                -62   331   331  1353     0   132     0      1.487     -0.885     -2.031      2.689      0.330
  1109         21  (g)                -62   565   565  1666  1666   290   150     -0.028      5.076    -95.209     95.345      0.000
  1110         21  (g)                -62   413   413  1462  1462   236   376      4.304      0.546     53.106     53.283      0.000
  1111         -1  (dbar)             -62   688   688  1481  1481     0   262     -4.843     -3.743     63.962     64.255      0.330
  1112          1  (d)                -62   335   335  1968  1968   136     0      2.195     -1.222    129.249    129.274      0.330
  1113         21  (g)                -62   769   769  1638  1638   324   130      0.022      1.566      6.363      6.553      0.000
  1114         21  (g)                -62   784   784  1327     0   219   411      0.589     -0.640    -32.052     32.064      0.000
  1115         21  (g)                -62   815   815  1340     0   133   323     -0.711     -0.318      4.584      4.649      0.000
  1116         21  (g)                -62   767   767  1360     0   355   202     -0.555      1.338     -3.982      4.238      0.000
  1117          1  (d)                -62   782   782  1351     0   360     0      0.102      0.089     -0.355      0.503      0.330
  1118         -1  (dbar)             -62   704   704  1617  1617     0   344     -0.576     -1.339     -3.758      4.044      0.330
  1119         21  (g)                -62   686   686  1367     0   330   284     -0.389      0.563      3.585      3.650      0.000
  1120         21  (g)                -62   687   687  1362     0   209   403     -0.557     -0.998      3.942      4.104      0.000
  1121         21  (g)                -62   813   813  1382     0   336   399     -0.037      0.492      0.073      0.499      0.000
  1122         21  (g)                -62   768   768  1394     0   135   300      0.464     -0.126      0.052      0.483      0.000
  1123         21  (g)                -62   783   783  1386     0   291   242      0.832      0.106     -8.052      8.095      0.000
  1124         21  (g)                -62   814   814  1397     0   372   141      0.369     -0.518      1.322      1.467      0.000
  1125         21  (g)                -61     1     0   930   930   148   145      2.307     -1.877     26.044     26.213      0.000
  1126          2  (u)                -61     2     0   931   931   145     0     -0.608     -2.783   -260.393    260.409      0.000
  1127         21  (g)                -62   932   932  1397     0   141   287      3.736     -4.674     12.149     13.542      0.000
  1128          2  (u)                -62   933   933  1425  1425   148     0      0.356      0.940   -214.013    214.015      0.330
  1129         21  (g)                -62   934   934  1380     0   140   235     -0.385      2.712     -2.605      3.780      0.000
  1130         21  (g)                -62   935   935  1519  1519   211   247     -1.407     -1.724      4.370      4.904      0.000
  1131         21  (g)                -62   936   936  1907  1907   217   339     -0.367      0.807     -0.608      1.076      0.000
  1132         21  (g)                -62   937   937  1364     0   247   176     -0.753     -0.916      0.832      1.448      0.000
  1133         21  (g)                -62   938   938  1356     0   266   373      0.909      0.229     -0.450      1.039      0.000
  1134         21  (g)                -62   939   939  1333     0   142   185     -0.503     -0.873    -39.689     39.702      0.000
  1135         21  (g)                -62   940   940  1384     0   333   105     -0.034     -1.022      4.457      4.573      0.000
  1136         21  (g)                -62   941   941  1392     0   406   263      0.245      0.213     -0.608      0.689      0.000
  1137         21  (g)                -62   942   942  1361     0   156   354     -0.099     -0.354      1.816      1.853      0.000
  1138         21  (g)                -61     1     0   441   441   145   168      0.008      3.400    216.098    216.124      0.000
  1139         -1  (dbar)             -61     2     0   442   442     0   145      0.759      3.030      0.386      3.148      0.000
  1140          4  (c)                -62   633   633  1459  1459   312     0      0.683     -0.101     33.102     33.143      1.500
  1141         -1  (dbar)             -62   635   635  1734  1734     0   168     -2.967      2.502      1.952      4.356      0.330
  1142         -4  (cbar)             -62   445   445  1646  1646     0   201      2.108      0.198     22.496     22.645      1.500
  1143         21  (g)                -62   446   446  1729  1729   243   206      0.780      3.548    158.658    158.699      0.000
  1144         21  (g)                -62   634   634  1377     0   146   269      0.162      0.284      0.276      0.428      0.000
  1145         -2  (ubar)             -61     1     0   347   347     0   148     -3.295      1.339     -9.816     10.441      0.000
  1146         21  (g)                -61     2     0   682   682   148   173     -0.934     -1.376    -93.004     93.019      0.000
  1147         -2  (ubar)             -62   586   586  1436  1436     0   173     -1.205     -1.829     -6.373      6.747      0.330
  1148         21  (g)                -62   588   588  1665  1665   150   405     -0.517      2.109    -23.534     23.634      0.000
  1149         21  (g)                -62   680   680  1325     0   276   297     -0.023     -0.669     -6.615      6.649      0.000
  1150         21  (g)                -62   530   530  1388     0   149   265     -0.989      0.988    -34.430     34.459      0.000
  1151         21  (g)                -62   587   587  1325     0   297   205      0.145     -0.858     -8.417      8.462      0.000
  1152         21  (g)                -62   681   681  1332     0   328   186     -1.641      0.224    -23.450     23.508      0.000
  1153         21  (g)                -61     1     0   225   225   165   165     -1.820     -3.071    182.768    182.803      0.000
  1154         21  (g)                -61     2     0   226   226   164   164     -1.250      1.262    -22.579     22.648      0.000
  1155         21  (g)                -62   776   776  1344     0   152   295     -2.245      0.231     28.981     29.069      0.000
  1156         21  (g)                -62   657   657  1674  1674   322   389      2.455     -0.058     -5.377      5.911      0.000
  1157         21  (g)                -62   577   577  1479  1479   294   318     -0.602     -4.433     90.008     90.119      0.000
  1158         21  (g)                -62   755   755  1613  1613   351   348     -0.096     -1.928     -0.584      2.016      0.000
  1159         21  (g)                -62   842   842  1348     0   180   224     -1.045     -0.839     -1.296      1.864      0.000
  1160         21  (g)                -62   840   840  1357     0   382   178     -0.663      1.838     -9.642      9.838      0.000
  1161         21  (g)                -62   779   779  1344     0   228   152     -0.864      0.429     12.918     12.954      0.000
  1162         21  (g)                -62   578   578  1379     0   153   368     -0.564     -0.116      0.647      0.866      0.000
  1163         21  (g)                -62   658   658  1385     0   187   125      0.655      1.191     -3.585      3.834      0.000
  1164         21  (g)                -62   781   781  1400     0   155   349      0.648     -0.563      0.770      1.153      0.000
  1165         21  (g)                -62   777   777  1345     0   358   195     -0.572      0.437     24.259     24.270      0.000
  1166         21  (g)                -62   780   780  1644  1644   359   127      0.008      1.801     23.195     23.265      0.000
  1167         21  (g)                -62   841   841  1349     0   154   241     -0.185      0.200     -0.105      0.291      0.000
  1168         21  (g)                -61     1     0   943   943   161   161     -2.056     -2.823      8.952      9.609      0.000
  1169         21  (g)                -61     2     0   944   944   233   233      0.603      1.266   -677.601    677.602      0.000
  1170         21  (g)                -62   945   945  1375     0   356   194     -0.997     -3.022      0.574      3.233      0.000
  1171         21  (g)                -62   946   946  1407  1407   347   321     -0.082      1.144    -79.291     79.299      0.000
  1172         21  (g)                -62   947   947  1359     0   267   416     -0.741      0.089     -1.142      1.365      0.000
  1173         21  (g)                -62   948   948  1324     0   234   278      0.709     -0.517     -4.213      4.304      0.000
  1174         21  (g)                -62   949   949  1393     0   160   329      1.011      0.226      0.265      1.069      0.000
  1175         21  (g)                -62   950   950  1348     0   163   180     -0.299     -0.311     -0.451      0.624      0.000
  1176         21  (g)                -62   951   951  1334     0   162   347      0.967      2.826   -390.257    390.269      0.000
  1177         21  (g)                -62   952   952  1374     0   338   213     -0.654     -1.422     -0.710      1.719      0.000
  1178         21  (g)                -62   953   953  1520  1520   403   211     -1.335     -1.204      5.817      6.088      0.000
  1179         21  (g)                -62   954   954  1405  1405   409   378     -0.033      0.634   -199.239    199.240      0.000
  1180         21  (g)                -61     1     0   422   422   239   239      1.504     -0.153    275.091    275.095      0.000
  1181         21  (g)                -61     2     0   423   423   169   169     -0.921      0.863    -20.230     20.269      0.000
  1182         21  (g)                -62   594   594  1733  1733   168   277     -0.420     -0.167    116.804    116.805      0.000
  1183          2  (u)                -62   791   791  1473  1473   170     0      0.591     -2.812     20.531     20.734      0.330
  1184         21  (g)                -62   882   882  1352     0   188   288     -2.980      2.302     -5.568      6.721      0.000
  1185          3  (s)                -62   592   592  1338     0   172     0      0.267      0.354      9.924      9.947      0.500
  1186         21  (g)                -62   553   553  1381     0   207   304      1.329     -1.565      9.403      9.625      0.000
  1187         21  (g)                -62   701   701  1326     0   335   120     -0.082     -0.444    -12.358     12.366      0.000
  1188         21  (g)                -62   884   884  1378     0   258   393      0.786      0.276      0.843      1.185      0.000
  1189         21  (g)                -62   554   554  1369     0   286   324     -0.205      0.319      0.625      0.731      0.000
  1190         -3  (sbar)             -62   593   593  1465  1465     0   215      0.944      2.532    102.321    102.358      0.500
  1191         21  (g)                -62   707   707  1372     0   337   395      0.025     -0.391     -0.564      0.687      0.000
  1192         21  (g)                -62   793   793  1371     0   171   108      0.657      0.559      0.538      1.017      0.000
  1193         -2  (ubar)             -62   792   792  1524  1524     0   341     -0.037     -0.841     12.485     12.517      0.330
  1194         21  (g)                -62   883   883  1382     0   399   217     -0.294      0.590     -0.124      0.670      0.000
  1195         21  (g)                -61     1     0   372   372   175   173      0.446      0.239    124.692    124.693      0.000
  1196          2  (u)                -61     2     0   373   373   173     0      0.260      0.203   -685.199    685.199      0.000
  1197         21  (g)                -62   718   718  1360     0   174   355     -0.119      1.247     -3.758      3.961      0.000
  1198          2  (u)                -62   676   676  1983  1983   175     0      0.541      1.306   -531.387    531.389      0.330
  1199         21  (g)                -62   636   636  1417  1417   210   279     -1.196     -1.588    -31.629     31.691      0.000
  1200         21  (g)                -62   760   760  1337     0   220   414      0.863     -0.722    103.563    103.569      0.000
  1201         21  (g)                -62   378   378  1389     0   226   282      1.544      0.588    -73.960     73.979      0.000
  1202         21  (g)                -62   674   674  1668  1668   313   149     -1.447      0.445    -37.213     37.244      0.000
  1203         21  (g)                -62   675   675  1391     0   326   320      0.442     -0.071     -7.044      7.058      0.000
  1204         21  (g)                -62   758   758  1339     0   352   170     -0.555     -0.761      6.757      6.822      0.000
  1205         21  (g)                -62   759   759  1463  1463   340   236      0.632     -0.002     14.165     14.179      0.000
  1206         21  (g)                -61     1     0   745   745   179   179      0.194     -1.625      4.349      4.647      0.000
  1207         21  (g)                -61     2     0   437   437   177   177      0.960     -2.175    -18.917     19.066      0.000
  1208         21  (g)                -62   743   743  1375     0   348   356     -0.580     -1.719     -0.074      1.815      0.000
  1209         21  (g)                -62   677   677  1395     0   327   253      1.930      0.842      0.275      2.124      0.000
  1210         21  (g)                -62   875   875  1672  1672   242   326      1.059     -0.584    -13.150     13.206      0.000
  1211         21  (g)                -62   873   873  1372     0   395   225     -0.012     -0.553     -0.915      1.070      0.000
  1212         21  (g)                -62   744   744  1364     0   176   182     -0.986     -2.347      1.671      3.044      0.000
  1213         21  (g)                -62   874   874  1357     0   178   174     -0.258      0.561     -2.374      2.453      0.000
  1214         21  (g)                -61     1     0   965   965   415   415      1.322      0.244      5.428      5.592      0.000
  1215         21  (g)                -61     2     0   966   966   184   184     -2.085      0.430    -69.984     70.017      0.000
  1216         21  (g)                -62   967   967  1366     0   183   387     -0.343      2.004      5.300      5.676      0.000
  1217         21  (g)                -62   968   968  1333     0   185   335     -0.221     -1.643    -63.872     63.893      0.000
  1218         21  (g)                -62   969   969  1387     0   405   251      0.146      0.417     -2.725      2.760      0.000
  1219         21  (g)                -62   970   970  1332     0   186   210     -0.345     -0.104     -3.259      3.279      0.000
  1220         21  (g)                -61     1     0   662   662   192   192      0.725      0.120     83.165     83.169      0.000
  1221         21  (g)                -61     2     0   353   353   193   193     -1.294     -1.974    -43.591     43.655      0.000
  1222         21  (g)                -62   719   719  1361     0   341   156     -0.379     -1.732      9.099      9.270      0.000
  1223         21  (g)                -62   660   660  1645  1645   201   359      1.026      2.648     33.189     33.310      0.000
  1224         21  (g)                -62   825   825  1341     0   195   240     -0.392      0.067     10.443     10.451      0.000
  1225         -4  (cbar)             -62   721   721  1679  1679     0   212      0.573      1.838    -12.810     13.040      1.500
  1226         21  (g)                -62   358   358  1363     0   208   298     -0.436     -1.572      2.409      2.909      0.000
  1227          4  (c)                -62   359   359  1330     0   222     0     -1.777     -1.758    -29.792     29.934      1.500
  1228         21  (g)                -62   827   827  1346     0   260   281      0.750     -0.159      6.099      6.147      0.000
  1229         21  (g)                -62   581   581  1343     0   295   133     -0.865     -0.213      7.761      7.812      0.000
  1230         21  (g)                -62   661   661  1340     0   323   102     -0.235     -0.175      2.040      2.061      0.000
  1231         21  (g)                -62   720   720  1611  1611   194   171      0.244     -0.506     -0.135      0.578      0.000
  1232         21  (g)                -62   826   826  1461  1461   376   260      0.923     -0.292     11.270     11.311      0.000
  1233          2  (u)                -61     1     0   650   650   136     0     -3.703      0.177    149.105    149.151      0.000
  1234         21  (g)                -61     2     0   481   481   145   136      0.075     -0.761    -22.967     22.980      0.000
  1235         21  (g)                -62   430   430  1341     0   240   228     -0.899      0.411     20.232     20.256      0.000
  1236         21  (g)                -62   648   648  1415  1415   319   328     -1.250     -0.305    -21.446     21.484      0.000
  1237          2  (u)                -62   386   386  1426  1426   145     0     -2.349     -1.235    125.457    125.486      0.330
  1238         21  (g)                -62   558   558  1393     0   253   160      0.555      0.169      0.172      0.605      0.000
  1239         21  (g)                -62   556   556  1383     0   200   336     -0.013      0.754      0.640      0.990      0.000
  1240         21  (g)                -62   557   557  1398     0   287   237      0.871     -1.044      1.753      2.218      0.000
  1241         21  (g)                -62   649   649  1774  1774   198   103     -0.543      0.667     -0.671      1.091      0.000
  1242          2  (u)                -61     1     0   390   390   204     0      1.571     -0.883    285.300    285.305      0.000
  1243         -2  (ubar)             -61     2     0   391   391     0   204      2.090      0.218    -56.631     56.670      0.000
  1244          2  (u)                -62   522   522  1820  1820   252     0      1.178     -0.059    236.688    236.691      0.330
  1245         21  (g)                -62   537   537  1420  1420   205   268      0.954     -1.181    -19.993     20.051      0.000
  1246         -2  (ubar)             -62   394   394  1821  1821     0   252     -0.695      0.294    -21.364     21.380      0.330
  1247         21  (g)                -62   564   564  1338     0   206   172      0.639      1.302     27.317     27.355      0.000
  1248         21  (g)                -62   521   521  1342     0   273   358     -0.918     -0.225     21.048     21.069      0.000
  1249         21  (g)                -62   860   860  1324     0   278   371      1.545     -1.087     -8.275      8.488      0.000
  1250         21  (g)                -62   858   858  1386     0   389   291      0.723      0.044     -6.431      6.472      0.000
  1251         21  (g)                -62   859   859  1347     0   289   163      0.236      0.249     -0.320      0.469      0.000
  1252         21  (g)                -61     1     0   666   666   325   325      0.843      0.521     77.773     77.780      0.000
  1253         21  (g)                -61     2     0   667   667   214   214     -0.817     -2.865    -25.835     26.007      0.000
  1254         21  (g)                -62   834   834  1374     0   213   351     -0.602     -2.659     -1.444      3.085      0.000
  1255         21  (g)                -62   669   669  1464  1464   215   340      1.886      2.072     76.793     76.844      0.000
  1256         21  (g)                -62   836   836  1331     0   216   276     -1.082     -1.906    -23.505     23.607      0.000
  1257         21  (g)                -62   835   835  1376     0   380   370     -0.176      0.150      0.095      0.250      0.000
  1258         21  (g)                -61     1     0   923   923   229   229      0.542     -0.172     -6.285      6.311      0.000
  1259         21  (g)                -61     2     0   924   924   407   407      0.597      0.211   -346.780    346.780      0.000
  1260         21  (g)                -62   925   925  1335     0   231   366     -0.912     -0.478   -119.688    119.692      0.000
  1261         21  (g)                -62   926   926  1389     0   232   226      0.994      0.256    -42.131     42.143      0.000
  1262         21  (g)                -62   927   927  1334     0   378   162      0.591      0.809   -132.959    132.963      0.000
  1263         21  (g)                -62   928   928  1323     0   245   219      0.193     -0.460    -30.698     30.702      0.000
  1264         21  (g)                -62   929   929  1328     0   230   381      0.274     -0.087    -27.589     27.591      0.000
  1265         21  (g)                -61     1     0   532   532   257   257     -0.369      0.818     21.137     21.156      0.000
  1266         21  (g)                -61     2     0   533   533   255   255      1.143      1.139     -9.143      9.285      0.000
  1267         21  (g)                -62   816   816  1354     0   373   238      0.861     -0.571     -0.721      1.259      0.000
  1268         21  (g)                -62   535   535  1677  1677   256   187      0.497      2.428     -8.016      8.390      0.000
  1269         21  (g)                -62   870   870  1337     0   277   220      0.068     -0.240     15.640     15.642      0.000
  1270         21  (g)                -62   872   872  1368     0   254   316     -0.067      0.084      0.335      0.352      0.000
  1271         21  (g)                -62   871   871  1642  1642   394   330     -0.585      0.257      4.755      4.797      0.000
  1272         21  (g)                -61     1     0   839   839   264   264     -1.223     -1.783     36.824     36.887      0.000
  1273         21  (g)                -61     2     0   627   627   311   311      1.869     -0.510    -48.665     48.703      0.000
  1274         21  (g)                -62   628   628  1388     0   265   290     -0.007      0.047     -1.604      1.604      0.000
  1275         21  (g)                -62   837   837  1323     0   381   245      0.034     -0.083     -6.754      6.755      0.000
  1276         21  (g)                -62   630   630  1707  1707   299   116      0.702      0.435     -6.078      6.134      0.000
  1277         21  (g)                -62   631   631  1421  1421   268   234      1.235     -1.031    -33.088     33.128      0.000
  1278         21  (g)                -62   632   632  1480  1480   262   294     -2.054     -1.635     36.656     36.750      0.000
  1279         21  (g)                -62   838   838  1390     0   263   283      0.736     -0.026     -0.973      1.220      0.000
  1280         21  (g)                -61     1     0   900   900   404   404      0.159      1.483     16.538     16.605      0.000
  1281         21  (g)                -61     2     0   901   901   314   314     -0.059      0.696    -21.104     21.116      0.000
  1282         21  (g)                -62   902   902  1367     0   284   254     -1.550      1.734     11.144     11.384      0.000
  1283         21  (g)                -62   903   903  1390     0   283   322      0.394     -0.166     -0.672      0.797      0.000
  1284         21  (g)                -62   904   904  1346     0   281   312      0.740      0.108      5.219      5.272      0.000
  1285         21  (g)                -62   905   905  1669  1669   282   313      0.516      0.503    -20.256     20.269      0.000
  1286         -1  (dbar)             -61     1     0   607   607     0   129      1.220     -0.533     37.464     37.488      0.000
  1287         21  (g)                -61     2     0   608   608   129   129     -0.273     -0.016      0.382      0.470      0.000
  1288         -1  (dbar)             -62   609   609  1403  1403     0   129      0.496      0.120     34.819     34.824      0.330
  1289         21  (g)                -62   610   610  1381     0   304   301      0.452     -0.669      3.027      3.133      0.000
  1290         21  (g)                -61     1     0   749   749   315   315     -0.296      0.010     18.419     18.421      0.000
  1291         21  (g)                -61     2     0   750   750   350   350     -1.796      0.432   -136.124    136.136      0.000
  1292         21  (g)                -62   751   751  1328     0   317   230      0.299      0.008    -69.679     69.680      0.000
  1293         21  (g)                -62   809   809  1342     0   318   273     -0.509     -0.274     16.723     16.733      0.000
  1294         21  (g)                -62   761   761  1335     0   321   231     -0.572      0.146    -63.769     63.771      0.000
  1295         21  (g)                -62   754   754  1368     0   316   106     -0.601      0.379      1.017      1.240      0.000
  1296         21  (g)                -62   807   807  1330     0   353   222     -0.379     -0.318     -2.373      2.424      0.000
  1297         21  (g)                -62   808   808  1376     0   370   246     -0.329      0.503      0.375      0.709      0.000
  1298         21  (g)                -61     1     0   971   971   365   365     -0.599      0.195     -0.620      0.884      0.000
  1299         21  (g)                -61     2     0   972   972   363   363     -0.154      0.097   -114.158    114.158      0.000
  1300         21  (g)                -62   973   973  1336     0   366   317      0.323     -0.377   -111.758    111.759      0.000
  1301         21  (g)                -62   974   974  1352     0   364   188     -0.657      0.475     -1.674      1.860      0.000
  1302         21  (g)                -62   975   975  1359     0   416   139     -0.419      0.194     -1.346      1.423      0.000
  1303         21  (g)                -61     1     0   885   885   173   400      0.767      2.519    163.456    163.478      0.000
  1304          3  (s)                -61     2     0   886   886   400     0      0.271      1.494     -1.311      2.006      0.000
  1305         21  (g)                -62   887   887  1730  1730   401   243      0.417      3.022    163.556    163.584      0.000
  1306          3  (s)                -62   888   888  1435  1435   173     0      0.622      0.992     -1.410      1.900      0.500
  1307         21  (g)                -61     1     0   955   955   412   412     -0.217      0.161     -0.812      0.856      0.000
  1308         21  (g)                -61     2     0   956   956   410   410     -0.037      0.108     -7.270      7.271      0.000
  1309         21  (g)                -62   957   957  1358     0   413   382     -0.321      0.450     -3.736      3.776      0.000
  1310         21  (g)                -62   958   958  1327     0   411   142      0.067     -0.180     -4.346      4.350      0.000
  1311          2  (u)                -63     1     0  1966  1966   417     0     -0.002     -0.082    232.895    232.895      0.330
  1312         -1  (dbar)             -63     1     0  1984  1984     0   175      0.208     -0.075    311.397    311.397      0.330
  1313          2  (u)                -63     1     0  1402  1402   129     0      0.189     -0.230     17.196     17.201      0.330
  1314         -2  (ubar)             -63     1     0  1599  1599     0   117      0.217      0.558    120.113    120.115      0.330
  1315          1  (d)                -63     1     0  1750  1750   400     0      0.511      0.296     18.555     18.567      0.330
  1316          1  (d)                -63     2     0  1967  1967   204     0     -0.054     -0.094   -148.313    148.314      0.330
  1317          1  (d)                -63     2     0  1427  1427   423     0     -0.132      0.558   -269.127    269.128      0.330
  1318         -3  (sbar)             -63     2     0  1432  1432     0   424     -0.366      0.319    -33.484     33.491      0.500
  1319          1  (d)                -63     2     0  1598  1598   117     0     -0.621     -0.065     -2.837      2.924      0.330
  1320         -2  (ubar)             -63     2     0  1751  1751     0   400     -0.198      0.339    -90.906     90.907      0.330
  1321          2  (u)                -63     2     0  1431  1431   424     0     -0.352      0.099   -425.925    425.925      0.330
  1322         -3  (sbar)             -63     2     0  1428  1428     0   423      0.136     -0.393   -283.067    283.068      0.500
  1323         21  (g)                -73  1263  1275  1410  1410   381   219      0.226     -0.544    -37.452     37.457      0.042
  1324         21  (g)                -73  1173  1249  1422  1422   234   371      2.255     -1.604    -12.488     12.792      0.118
  1325         21  (g)                -73  1149  1151  1419  1419   276   205      0.122     -1.527    -15.033     15.111      0.154
  1326         21  (g)                -73  1092  1187  1413  1413   335   392     -0.551     -1.870    -47.993     48.033      0.161
  1327         21  (g)                -73  1114  1310  1411  1411   219   142      0.655     -0.820    -36.398     36.414      0.256
  1328         21  (g)                -73  1264  1292  1336     0   317   381      0.573     -0.079    -97.268     97.270      0.286
  1329         21  (g)                -73  1022  1100  1423  1423   371   353      0.730     -1.080     -3.845      4.071      0.291
  1330          4  (c)                -73  1227  1296  1424  1424   353     0     -2.156     -2.076    -32.165     32.359      1.875
  1331         21  (g)                -73  1047  1256  1418  1418   279   276     -2.421     -4.756    -62.775     63.003      0.445
  1332         21  (g)                -73  1152  1219  1416  1416   328   210     -1.986      0.120    -26.709     26.787      0.479
  1333         21  (g)                -73  1134  1217  1412  1412   142   335     -0.723     -2.516   -103.561    103.595      0.500
  1334         21  (g)                -73  1176  1262  1406  1406   378   347      1.558      3.635   -523.217    523.232      0.520
  1335         21  (g)                -73  1260  1294  1408  1408   321   366     -1.484     -0.332   -183.457    183.464      0.561
  1336         21  (g)                -73  1300  1328  1409  1409   366   381      0.895     -0.457   -209.026    209.029      0.587
  1337         21  (g)                -73  1200  1269  1732  1732   277   414      0.931     -0.962    119.203    119.211      0.374
  1338          3  (s)                -73  1185  1247  1728  1728   206     0      0.906      1.655     37.241     37.302      0.990
  1339         21  (g)                -73  1076  1204  1474  1474   102   170     -0.645     -0.875      7.938      8.012      0.048
  1340         21  (g)                -73  1115  1230  1343     0   133   102     -0.946     -0.493      6.624      6.711      0.131
  1341         21  (g)                -73  1224  1235  1345     0   195   228     -1.291      0.478     30.675     30.707      0.225
  1342         21  (g)                -73  1248  1293  1478  1478   318   358     -1.428     -0.499     37.771     37.802      0.269
  1343         21  (g)                -73  1229  1340  1475  1475   295   102     -1.812     -0.705     14.385     14.522      0.446
  1344         21  (g)                -73  1155  1161  1476  1476   228   295     -3.109      0.660     41.899     42.022      0.529
  1345         21  (g)                -73  1165  1341  1477  1477   358   228     -1.863      0.915     54.935     54.977      0.591
  1346         21  (g)                -73  1228  1284  1460  1460   260   312      1.489     -0.051     11.317     11.418      0.284
  1347         -3  (sbar)             -73  1080  1251  1778  1778     0   163      2.691      3.838     -4.584      6.580      0.555
  1348         21  (g)                -73  1159  1175  1350     0   163   224     -1.345     -1.149     -1.747      2.489      0.106
  1349         21  (g)                -73  1034  1167  1765  1765   375   241     -0.879      0.661     -0.452      1.195      0.114
  1350         21  (g)                -73  1050  1348  1777  1777   163   364     -1.883     -1.380     -2.289      3.286      0.333
  1351          1  (d)                -73  1117  1079  1761  1761   362     0     -0.208      0.109     -0.319      0.816      0.713
  1352         21  (g)                -73  1184  1301  1776  1776   364   288     -3.637      2.777     -7.242      8.582      0.510
  1353          1  (d)                -73  1108  1033  1354     0   238     0      2.130     -1.192     -2.788      3.728      0.410
  1354          1  (d)                -73  1353  1267  1702  1702   373     0      2.991     -1.763     -3.509      4.988      0.716
  1355         21  (g)                -73   993  1070  1705  1705   190   119      2.131      3.907     -1.470      4.701      0.369
  1356         21  (g)                -73  1058  1133  1703  1703   343   373      2.779      1.299     -1.182      3.315      0.428
  1357         21  (g)                -73  1160  1213  1555  1555   382   174     -0.921      2.399    -12.016     12.291      0.284
  1358         21  (g)                -73  1020  1309  1556  1556   139   382     -0.835      1.124     -7.426      7.563      0.300
  1359         21  (g)                -73  1172  1302  1557  1557   267   139     -1.160      0.283     -2.489      2.788      0.391
  1360         21  (g)                -73  1116  1197  1554  1554   174   202     -0.674      2.586     -7.740      8.199      0.416
  1361         21  (g)                -73  1137  1222  1523  1523   341   354     -0.478     -2.086     10.915     11.123      0.055
  1362         21  (g)                -73  1016  1120  1521  1521   374   403     -1.492     -2.807     10.361     10.839      0.141
  1363         21  (g)                -73   988  1226  1517  1517   182   298     -0.832     -2.427      3.513      4.361      0.306
  1364         21  (g)                -73  1132  1212  1518  1518   247   182     -1.738     -3.262      2.503      4.493      0.507
  1365         21  (g)                -73  1014  1041  1581  1581   101   261      1.840     27.006    -35.006     44.253      0.483
  1366         21  (g)                -73  1090  1216  1370     0   293   387     -0.654      4.189     11.556     12.310      0.178
  1367         21  (g)                -73  1119  1282  1641  1641   330   254     -1.939      2.297     14.729     15.034      0.191
  1368         21  (g)                -73  1270  1295  1640  1640   254   106     -0.668      0.462      1.352      1.592      0.218
  1369         21  (g)                -73  1001  1189  1639  1639   106   324     -2.343      1.908      3.372      4.557      0.521
  1370         21  (g)                -73  1052  1366  1637  1637   130   387     -1.073      5.399     15.617     16.569      0.571
  1371          2  (u)                -73  1024  1192  1610  1610   171     0      6.644      6.083      5.599     10.612      0.363
  1372         21  (g)                -73  1191  1211  1373     0   337   225      0.013     -0.944     -1.480      1.757      0.067
  1373         21  (g)                -73  1071  1372  1616  1616   344   225      0.164     -1.381     -2.235      2.642      0.226
  1374         21  (g)                -73  1177  1254  1614  1614   338   351     -1.256     -4.081     -2.155      4.804      0.452
  1375         21  (g)                -73  1170  1208  1612  1612   348   194     -1.577     -4.741      0.500      5.049      0.530
  1376         21  (g)                -73  1257  1297  1913  1913   380   246     -0.505      0.653      0.470      0.958      0.128
  1377         21  (g)                -73  1030  1144  1383     0   146   200      0.265      0.733      0.778      1.109      0.133
  1378         21  (g)                -73  1056  1188  1919  1919   258   207      1.215      0.370      1.164      1.729      0.150
  1379         21  (g)                -73  1036  1162  1914  1914   153   380     -1.052     -0.080      1.327      1.704      0.171
  1380         21  (g)                -73  1068  1129  1906  1906   339   235     -0.833      4.937     -4.608      6.807      0.191
  1381         21  (g)                -73  1186  1289  1918  1918   207   301      1.781     -2.234     12.431     12.758      0.289
  1382         21  (g)                -73  1121  1194  1908  1908   336   217     -0.331      1.082     -0.051      1.169      0.291
  1383         21  (g)                -73  1239  1377  1909  1909   146   336      0.252      1.487      1.419      2.099      0.343
  1384         21  (g)                -73   984  1135  1916  1916   357   105     -0.025    -19.607     77.262     79.712      0.476
  1385         21  (g)                -73  1062  1163  1392     0   187   406      1.010      1.729     -5.264      5.632      0.076
  1386         21  (g)                -73  1123  1250  1673  1673   389   242      1.554      0.150    -14.483     14.567      0.079
  1387          2  (u)                -73   986  1218  1664  1664   405     0      0.484      2.735    -18.292     18.506      0.414
  1388         21  (g)                -73  1150  1274  1667  1667   149   290     -0.995      1.035    -36.034     36.063      0.182
  1389         21  (g)                -73  1201  1261  1670  1670   232   282      2.538      0.843   -116.091    116.122      0.184
  1390         21  (g)                -73  1279  1283  1675  1675   263   322      1.130     -0.192     -1.645      2.017      0.218
  1391         21  (g)                -73  1040  1203  1671  1671   326   232      1.294      0.117    -27.556     27.589      0.344
  1392         21  (g)                -73  1136  1385  1676  1676   187   263      1.255      1.942     -5.872      6.322      0.372
  1393         21  (g)                -73  1174  1238  1395     0   253   329      1.566      0.395      0.437      1.675      0.066
  1394          2  (u)                -73   979  1122  1446  1446   135     0      6.681     -1.092     -0.313      6.794      0.487
  1395         21  (g)                -73  1209  1393  1448  1448   327   329      3.497      1.237      0.712      3.799      0.407
  1396         21  (g)                -73  1049  1088  1833  1833   384   181      2.715   -105.868    201.105    227.286      0.063
  1397         21  (g)                -73  1124  1127  1847  1847   372   287      4.105     -5.192     13.470     15.009      0.115
  1398         21  (g)                -73  1075  1240  1400     0   287   155      1.685     -1.841      3.143      4.015      0.137
  1399         21  (g)                -73  1045  1094  1842  1842   345   396      3.836    -42.648     81.908     92.426      0.199
  1400         21  (g)                -73  1164  1398  1846  1846   287   349      2.333     -2.403      3.913      5.168      0.428
  1401         21  (g)                -73   998  1085  1852  1852   377   227      4.202    -29.892     48.891     57.461      0.466
  1402          2  (u)                -71  1313  1313  1404  1404   129     0      0.189     -0.230     17.196     17.201      0.330
  1403         -1  (dbar)             -71  1288  1288  1404  1404     0   129      0.496      0.120     34.819     34.824      0.330
  1404        211  pi+                 81  1402  1403     0     0     0     0      0.685     -0.109     52.018     52.023      0.140
  1405         21  (g)                -72  1179  1179  2002  2057   409   378     -0.033      0.634   -199.240    199.241      0.000
  1406         21  (g)                -72  1334  1334  2002  2057   378   347      1.558      3.635   -523.217    523.233      0.520
  1407         21  (g)                -72  1171  1171  2002  2057   347   321     -0.082      1.144    -79.291     79.300      0.000
  1408         21  (g)                -72  1335  1335  2002  2057   321   366     -1.484     -0.332   -183.457    183.464      0.561
  1409         21  (g)                -72  1336  1336  2002  2057   366   381      0.895     -0.457   -209.026    209.029      0.587
  1410         21  (g)                -72  1323  1323  2002  2057   381   219      0.226     -0.544    -37.452     37.457      0.042
  1411         21  (g)                -72  1327  1327  2002  2057   219   142      0.655     -0.820    -36.398     36.414      0.256
  1412         21  (g)                -72  1333  1333  2002  2057   142   335     -0.723     -2.516   -103.561    103.595      0.500
  1413         21  (g)                -72  1326  1326  2002  2057   335   392     -0.551     -1.870    -47.993     48.033      0.161
  1414         21  (g)                -72   994   994  2002  2057   392   319     -2.144     -1.427    -55.336     55.396      0.000
  1415         21  (g)                -72  1236  1236  2002  2057   319   328     -1.250     -0.305    -21.446     21.484      0.000
  1416         21  (g)                -72  1332  1332  2002  2057   328   210     -1.986      0.120    -26.709     26.787      0.479
  1417         21  (g)                -72  1199  1199  2002  2057   210   279     -1.196     -1.588    -31.629     31.691      0.000
  1418         21  (g)                -72  1331  1331  2002  2057   279   276     -2.421     -4.756    -62.775     63.003      0.445
  1419         21  (g)                -72  1325  1325  2002  2057   276   205      0.122     -1.527    -15.033     15.111      0.154
  1420         21  (g)                -72  1245  1245  2002  2057   205   268      0.954     -1.181    -19.993     20.051      0.000
  1421         21  (g)                -72  1277  1277  2002  2057   268   234      1.235     -1.031    -33.088     33.128      0.000
  1422         21  (g)                -72  1324  1324  2002  2057   234   371      2.255     -1.604    -12.488     12.792      0.118
  1423         21  (g)                -72  1329  1329  2002  2057   371   353      0.730     -1.080     -3.845      4.071      0.291
  1424          4  (c)                -72  1330  1330  2002  2057   353     0     -2.156     -2.076    -32.165     32.359      1.875
  1425          2  (u)                -72  1128  1128  2002  2057   148     0      0.356      0.940   -214.013    214.016      0.330
  1426          2  (u)                -72  1237  1237  2002  2057   145     0     -2.349     -1.235    125.457    125.485      0.330
  1427          1  (d)                -71  1317  1317  1429  1430   423     0     -0.132      0.558   -269.127    269.128      0.330
  1428         -3  (sbar)             -71  1322  1322  1429  1430     0   423      0.136     -0.393   -283.067    283.068      0.500
  1429        111  (pi0)              -82  1427  1428  2352  2353     0     0      0.371     -0.232   -336.100    336.101      0.135
  1430        311  (K0)               -82  1427  1428  2058  2058     0     0     -0.368      0.396   -216.093    216.095      0.498
  1431          2  (u)                -71  1321  1321  1433  1434   424     0     -0.352      0.099   -425.925    425.925      0.330
  1432         -3  (sbar)             -71  1318  1318  1433  1434     0   424     -0.366      0.319    -33.484     33.491      0.500
  1433        221  (eta)              -83  1431  1432  2354  2356     0     0     -0.491      0.560   -435.329    435.330      0.548
  1434        321  K+                  84  1431  1432     0     0     0     0     -0.228     -0.142    -24.080     24.086      0.494
  1435          3  (s)                -71  1306  1306  1437  1439   173     0      0.622      0.992     -1.410      1.900      0.500
  1436         -2  (ubar)             -71  1147  1147  1437  1439     0   173     -1.205     -1.829     -6.373      6.747      0.330
  1437       -321  K-                  83  1435  1436     0     0     0     0     -0.049      0.446     -0.600      0.897      0.494
  1438       2212  p+                  83  1435  1436     0     0     0     0      0.467     -0.380     -1.768      2.090      0.938
  1439      -2212  pbar-               84  1435  1436     0     0     0     0     -1.001     -0.904     -5.416      5.660      0.938
  1440          2  (u)                -71   990   990  1442  1445   158     0     49.884     72.939     23.113     91.339      0.330
  1441         -2  (ubar)             -71  1010  1010  1442  1445     0   158      4.505      4.693      0.581      6.539      0.330
  1442        113  (rho0)             -83  1440  1441  2059  2060     0     0     34.983     50.936     16.134     63.872      1.000
  1443        113  (rho0)             -83  1440  1441  2061  2062     0     0      4.865      7.277      2.163      9.048      0.755
  1444        111  (pi0)              -83  1440  1441  2357  2358     0     0      9.740     13.995      4.358     17.599      0.135
  1445        223  (omega)            -84  1440  1441  2359  2361     0     0      4.801      5.424      1.038      7.359      0.780
  1446          2  (u)                -71  1394  1394  1451  1458   135     0      6.681     -1.092     -0.313      6.794      0.487
  1447         21  (g)                -71  1055  1055  1451  1458   329   135      3.213     -0.685      1.451      3.592      0.000
  1448         21  (g)                -71  1395  1395  1451  1458   327   329      3.497      1.237      0.712      3.799      0.407
  1449         21  (g)                -71  1064  1064  1451  1458   113   327      1.014      0.756     -0.194      1.279      0.000
  1450         -2  (ubar)             -71  1031  1031  1451  1458     0   113      2.107      3.970      0.253      4.514      0.330
  1451        223  (omega)            -83  1446  1450  2362  2364     0     0      4.366     -0.691     -0.138      4.492      0.786
  1452        323  (K*+)              -83  1446  1450  2063  2064     0     0      1.875      0.195      0.650      2.177      0.872
  1453       -313  (K*bar0)           -83  1446  1450  2065  2066     0     0      4.360     -0.591      0.494      4.516      0.888
  1454       -211  pi-                 84  1446  1450     0     0     0     0      0.896      0.628      0.357      1.160      0.140
  1455        113  (rho0)             -84  1446  1450  2067  2068     0     0      1.491      0.382      0.110      1.772      0.872
  1456        221  (eta)              -84  1446  1450  2365  2367     0     0      1.768      2.182      0.057      2.861      0.548
  1457        321  K+                  84  1446  1450     0     0     0     0      0.290      0.541      0.184      0.809      0.494
  1458       -321  K-                  84  1446  1450     0     0     0     0      1.466      1.540      0.195      2.192      0.494
  1459          4  (c)                -71  1140  1140  1466  1472   312     0      0.683     -0.101     33.102     33.143      1.500
  1460         21  (g)                -71  1346  1346  1466  1472   260   312      1.489     -0.051     11.317     11.418      0.284
  1461         21  (g)                -71  1232  1232  1466  1472   376   260      0.923     -0.292     11.270     11.311      0.000
  1462         21  (g)                -71  1110  1110  1466  1472   236   376      4.304      0.546     53.106     53.283      0.000
  1463         21  (g)                -71  1205  1205  1466  1472   340   236      0.632     -0.002     14.165     14.179      0.000
  1464         21  (g)                -71  1255  1255  1466  1472   215   340      1.886      2.072     76.793     76.844      0.000
  1465         -3  (sbar)             -71  1190  1190  1466  1472     0   215      0.944      2.532    102.321    102.358      0.500
  1466        423  (D*0)              -83  1459  1465  2368  2369     0     0      2.448      0.135     38.053     38.185      2.007
  1467        323  (K*+)              -83  1459  1465  2069  2070     0     0      0.242     -0.160     10.163     10.206      0.891
  1468       -323  (K*-)              -84  1459  1465  2071  2072     0     0      2.194      0.049     31.347     31.436      0.866
  1469        223  (omega)            -84  1459  1465  2370  2372     0     0      2.722      0.536     43.396     43.492      0.782
  1470        211  pi+                 84  1459  1465     0     0     0     0      0.811      0.574     40.409     40.421      0.140
  1471       -213  (rho-)             -84  1459  1465  2073  2074     0     0      0.321      1.618     43.744     43.787      0.988
  1472        323  (K*+)              -84  1459  1465  2075  2076     0     0      2.124      1.952     94.961     95.010      1.009
  1473          2  (u)                -71  1183  1183  1482  1497   170     0      0.591     -2.812     20.531     20.734      0.330
  1474         21  (g)                -71  1339  1339  1482  1497   102   170     -0.645     -0.875      7.938      8.012      0.048
  1475         21  (g)                -71  1343  1343  1482  1497   295   102     -1.812     -0.705     14.385     14.522      0.446
  1476         21  (g)                -71  1344  1344  1482  1497   228   295     -3.109      0.660     41.899     42.022      0.529
  1477         21  (g)                -71  1345  1345  1482  1497   358   228     -1.863      0.915     54.935     54.977      0.591
  1478         21  (g)                -71  1342  1342  1482  1497   318   358     -1.428     -0.499     37.771     37.802      0.269
  1479         21  (g)                -71  1157  1157  1482  1497   294   318     -0.602     -4.433     90.008     90.119      0.000
  1480         21  (g)                -71  1278  1278  1482  1497   262   294     -2.054     -1.635     36.656     36.750      0.000
  1481         -1  (dbar)             -71  1111  1111  1482  1497     0   262     -4.843     -3.743     63.962     64.255      0.330
  1482        213  (rho+)             -83  1473  1481  2077  2078     0     0     -0.379     -1.253     10.981     11.086      0.788
  1483       -213  (rho-)             -83  1473  1481  2079  2080     0     0      0.048     -1.587     12.190     12.310      0.652
  1484        211  pi+                 83  1473  1481     0     0     0     0      0.131      0.045      3.077      3.083      0.140
  1485        111  (pi0)              -83  1473  1481  2373  2374     0     0     -0.128     -0.343      1.928      1.967      0.135
  1486       -213  (rho-)             -83  1473  1481  2081  2082     0     0     -0.876     -0.356     10.514     10.580      0.705
  1487        211  pi+                 83  1473  1481     0     0     0     0     -1.656     -0.500     19.973     20.048      0.140
  1488       -213  (rho-)             -83  1473  1481  2083  2084     0     0     -1.722      0.241     24.546     24.623      0.881
  1489        111  (pi0)              -83  1473  1481  2375  2376     0     0     -0.069      0.111     24.172     24.173      0.135
  1490        213  (rho+)             -83  1473  1481  2085  2086     0     0     -1.632      0.158     23.453     23.518      0.610
  1491       -213  (rho-)             -84  1473  1481  2087  2088     0     0     -0.276     -0.226     12.425     12.460      0.862
  1492       2224  (Delta++)          -84  1473  1481  2089  2090     0     0     -1.112     -0.794     50.415     50.448      1.244
  1493       -211  pi-                 84  1473  1481     0     0     0     0     -0.425     -0.285      6.454      6.476      0.140
  1494      -2112  nbar0               84  1473  1481     0     0     0     0     -1.104     -1.485     36.965     37.024      0.940
  1495       -211  pi-                 84  1473  1481     0     0     0     0     -0.683     -1.477     37.020     37.056      0.140
  1496        213  (rho+)             -84  1473  1481  2091  2092     0     0     -0.786     -1.308     22.227     22.292      0.753
  1497        113  (rho0)             -84  1473  1481  2093  2094     0     0     -5.094     -4.069     71.745     72.050      1.113
  1498          3  (s)                -71   996   996  1505  1513   248     0      0.234      0.557     -1.276      1.497      0.500
  1499         21  (g)                -71  1037  1037  1505  1513   390   248      0.127      1.530     -1.025      1.846      0.000
  1500         21  (g)                -71  1091  1091  1505  1513   147   390      1.837      7.725     -8.699     11.778      0.000
  1501         21  (g)                -71  1008  1008  1505  1513   275   147      1.562     11.674    -17.509     21.102      0.000
  1502         21  (g)                -71  1046  1046  1505  1513   122   275     11.262     85.969   -119.633    147.749      0.000
  1503         21  (g)                -71  1011  1011  1505  1513   159   122      5.709     50.866    -72.621     88.846      0.000
  1504         -3  (sbar)             -71   980   980  1505  1513     0   159     32.035    317.014   -437.556    541.276      0.500
  1505       -323  (K*-)              -83  1498  1504  2095  2096     0     0      0.006      2.231     -2.245      3.287      0.887
  1506        213  (rho+)             -83  1498  1504  2097  2098     0     0      1.610      7.065     -8.966     11.569      0.969
  1507        113  (rho0)             -83  1498  1504  2099  2100     0     0      0.189      0.739     -0.590      1.019      0.331
  1508       -213  (rho-)             -83  1498  1504  2101  2102     0     0      6.728     49.629    -69.335     85.536      0.894
  1509        113  (rho0)             -83  1498  1504  2103  2104     0     0      5.586     43.504    -62.238     76.145      0.778
  1510        211  pi+                 84  1498  1504     0     0     0     0      2.694     21.453    -29.589     36.647      0.140
  1511       -211  pi-                 84  1498  1504     0     0     0     0      3.598     32.402    -45.409     55.901      0.140
  1512        213  (rho+)             -84  1498  1504  2105  2106     0     0      6.323     62.451    -86.361    106.766      0.753
  1513        313  (K*0)              -84  1498  1504  2107  2108     0     0     26.033    255.861   -353.585    437.225      0.891
  1514          2  (u)                -71  1069  1069  1525  1541   189     0     -0.189     -2.585      4.219      4.962      0.330
  1515         21  (g)                -71   995   995  1525  1541   111   189     -0.631    -14.963     26.302     30.267      0.000
  1516         21  (g)                -71  1054  1054  1525  1541   298   111     -4.203    -22.622     39.561     45.766      0.000
  1517         21  (g)                -71  1363  1363  1525  1541   182   298     -0.832     -2.427      3.513      4.361      0.306
  1518         21  (g)                -71  1364  1364  1525  1541   247   182     -1.738     -3.262      2.503      4.493      0.507
  1519         21  (g)                -71  1130  1130  1525  1541   211   247     -1.407     -1.724      4.370      4.904      0.000
  1520         21  (g)                -71  1178  1178  1525  1541   403   211     -1.335     -1.204      5.817      6.088      0.000
  1521         21  (g)                -71  1362  1362  1525  1541   374   403     -1.492     -2.807     10.361     10.839      0.141
  1522         21  (g)                -71  1083  1083  1525  1541   354   374     -0.477     -4.136      9.848     10.691      0.000
  1523         21  (g)                -71  1361  1361  1525  1541   341   354     -0.478     -2.086     10.915     11.123      0.055
  1524         -2  (ubar)             -71  1193  1193  1525  1541     0   341     -0.037     -0.841     12.485     12.517      0.330
  1525        211  pi+                 83  1514  1524     0     0     0     0     -0.288    -10.838     18.171     21.160      0.140
  1526       -211  pi-                 83  1514  1524     0     0     0     0     -1.012     -5.748     10.626     12.124      0.140
  1527        211  pi+                 83  1514  1524     0     0     0     0     -0.991     -4.997      9.211     10.527      0.140
  1528        223  (omega)            -83  1514  1524  2377  2379     0     0     -1.105    -10.449     17.289     20.246      0.773
  1529       -211  pi-                 83  1514  1524     0     0     0     0     -1.056     -4.353      6.723      8.080      0.140
  1530        211  pi+                 83  1514  1524     0     0     0     0     -0.965     -2.682      6.418      7.024      0.140
  1531        111  (pi0)              -83  1514  1524  2380  2381     0     0     -0.780     -4.553      4.656      6.560      0.135
  1532        313  (K*0)              -83  1514  1524  2109  2110     0     0     -2.122     -2.545      5.987      6.900      0.880
  1533       -323  (K*-)              -83  1514  1524  2111  2112     0     0     -0.426     -0.888      3.039      3.319      0.900
  1534        211  pi+                 83  1514  1524     0     0     0     0     -1.010     -0.739      1.428      1.904      0.140
  1535       -213  (rho-)             -84  1514  1524  2113  2114     0     0     -1.197     -3.130      8.437      9.110      0.761
  1536        111  (pi0)              -84  1514  1524  2382  2383     0     0      0.097     -0.747      2.570      2.682      0.135
  1537        111  (pi0)              -84  1514  1524  2384  2385     0     0     -0.685     -1.792      8.690      8.900      0.135
  1538        113  (rho0)             -84  1514  1524  2115  2116     0     0     -0.397     -0.602      1.719      1.996      0.714
  1539        113  (rho0)             -84  1514  1524  2117  2118     0     0     -0.455     -3.637     14.692     15.173      0.961
  1540        211  pi+                 84  1514  1524     0     0     0     0     -0.358     -0.792      9.393      9.434      0.140
  1541       -211  pi-                 84  1514  1524     0     0     0     0     -0.071     -0.165      0.842      0.872      0.140
  1542          3  (s)                -71  1105  1105  1544  1552   118     0      0.863     -5.393     11.910     13.112      0.500
  1543         -1  (dbar)             -71  1099  1099  1544  1552     0   118     -4.614     -5.100    -17.625     18.922      0.330
  1544        333  (phi)              -83  1542  1543  2386  2387     0     0      0.316     -2.781      6.206      6.884      1.024
  1545       -323  (K*-)              -83  1542  1543  2119  2120     0     0      0.324     -0.771      1.208      1.691      0.835
  1546        323  (K*+)              -83  1542  1543  2121  2122     0     0     -0.473     -1.066      2.788      3.141      0.855
  1547       -323  (K*-)              -83  1542  1543  2123  2124     0     0      0.120     -0.723      1.019      1.539      0.891
  1548        221  (eta)              -84  1542  1543  2388  2390     0     0      0.091     -0.393     -1.070      1.268      0.548
  1549        213  (rho+)             -84  1542  1543  2125  2126     0     0      0.020     -0.401     -2.303      2.404      0.559
  1550        113  (rho0)             -84  1542  1543  2127  2128     0     0     -0.867     -1.560     -2.660      3.314      0.849
  1551       -213  (rho-)             -84  1542  1543  2129  2130     0     0     -2.757     -2.560     -9.744     10.491      0.987
  1552        211  pi+                 84  1542  1543     0     0     0     0     -0.525     -0.237     -1.159      1.302      0.140
  1553          3  (s)                -71  1087  1087  1563  1577   202     0      0.043      1.263     -1.717      2.190      0.500
  1554         21  (g)                -71  1360  1360  1563  1577   174   202     -0.674      2.586     -7.740      8.199      0.416
  1555         21  (g)                -71  1357  1357  1563  1577   382   174     -0.921      2.399    -12.016     12.291      0.284
  1556         21  (g)                -71  1358  1358  1563  1577   139   382     -0.835      1.124     -7.426      7.563      0.300
  1557         21  (g)                -71  1359  1359  1563  1577   267   139     -1.160      0.283     -2.489      2.788      0.391
  1558         21  (g)                -71   989   989  1563  1577   112   267     -1.371     -0.670     -1.926      2.457      0.000
  1559         21  (g)                -71  1038  1038  1563  1577   398   112      0.134      1.737     -2.676      3.193      0.000
  1560         21  (g)                -71  1095  1095  1563  1577   249   398      1.667     10.274    -11.182     15.277      0.000
  1561         21  (g)                -71  1002  1002  1563  1577   144   249      1.280     11.322    -10.713     15.640      0.000
  1562         -1  (dbar)             -71  1074  1074  1563  1577     0   144      2.705     22.361    -25.442     33.981      0.330
  1563       -323  (K*-)              -83  1553  1562  2131  2132     0     0     -0.051      1.824     -4.086      4.572      0.939
  1564        211  pi+                 83  1553  1562     0     0     0     0     -0.777      1.707     -7.031      7.278      0.140
  1565       -213  (rho-)             -83  1553  1562  2133  2134     0     0     -0.551      0.550     -4.468      4.644      1.000
  1566        211  pi+                 83  1553  1562     0     0     0     0     -0.412      0.851     -2.117      2.323      0.140
  1567       -211  pi-                 83  1553  1562     0     0     0     0     -0.866      0.558     -2.787      2.975      0.140
  1568        211  pi+                 83  1553  1562     0     0     0     0      0.285      1.133     -4.569      4.718      0.140
  1569       -211  pi-                 83  1553  1562     0     0     0     0     -0.993      1.076     -5.174      5.379      0.140
  1570        323  (K*+)              -84  1553  1562  2135  2136     0     0     -0.340     -0.530     -2.346      2.642      1.039
  1571       -321  K-                  84  1553  1562     0     0     0     0     -0.886      1.721     -3.113      3.699      0.494
  1572        321  K+                  84  1553  1562     0     0     0     0      0.294      1.679     -0.921      1.999      0.494
  1573       -321  K-                  84  1553  1562     0     0     0     0      0.032      1.481     -2.619      3.050      0.494
  1574       2212  p+                  84  1553  1562     0     0     0     0      1.553     10.262    -10.995     15.149      0.938
  1575        211  pi+                 84  1553  1562     0     0     0     0     -0.061      3.605     -3.284      4.879      0.140
  1576      -2212  pbar-               84  1553  1562     0     0     0     0      2.101     12.961    -14.014     19.227      0.938
  1577        221  (eta)              -84  1553  1562  2391  2392     0     0      1.543     13.800    -15.804     21.044      0.548
  1578          3  (s)                -71  1063  1063  1584  1597   218     0     33.252    318.797   -441.550    545.622      0.500
  1579         21  (g)                -71  1023  1023  1584  1597   137   218     20.046    190.767   -267.140    328.874      0.000
  1580         21  (g)                -71  1003  1003  1584  1597   261   137     10.912     66.272    -95.050    116.385      0.000
  1581         21  (g)                -71  1365  1365  1584  1597   101   261      1.840     27.006    -35.006     44.253      0.483
  1582         21  (g)                -71  1043  1043  1584  1597   270   101      0.737      7.367     -9.028     11.675      0.000
  1583         -3  (sbar)             -71  1005  1005  1584  1597     0   270     -1.395      7.730     -7.488     10.864      0.500
  1584       -321  K-                  83  1578  1583     0     0     0     0     13.045    130.380   -181.233    223.640      0.494
  1585        211  pi+                 83  1578  1583     0     0     0     0      5.213     46.747    -65.228     80.419      0.140
  1586       -211  pi-                 83  1578  1583     0     0     0     0     11.888    106.447   -147.885    182.598      0.140
  1587        323  (K*+)              -83  1578  1583  2137  2138     0     0      6.601     63.733    -88.746    109.463      0.881
  1588       3322  Xi0                 83  1578  1583     0     0     0     0     12.906    119.566   -165.765    204.798      1.315
  1589      -3222  Sigmabar-           83  1578  1583     0     0     0     0      5.161     47.337    -66.926     82.146      1.189
  1590        213  (rho+)             -84  1578  1583  2139  2140     0     0      3.299     23.304    -33.216     40.718      0.841
  1591       -211  pi-                 84  1578  1583     0     0     0     0      2.789     16.196    -23.370     28.570      0.140
  1592        211  pi+                 84  1578  1583     0     0     0     0      1.451     14.344    -19.088     23.922      0.140
  1593       2112  n0                  84  1578  1583     0     0     0     0      1.053     10.661    -14.321     17.909      0.940
  1594      -3122  Lambdabar0          84  1578  1583     0     0     0     0      2.682     17.571    -23.488     29.476      1.116
  1595       -321  K-                  84  1578  1583     0     0     0     0     -0.200      6.876     -9.457     11.704      0.494
  1596        323  (K*+)              -84  1578  1583  2141  2142     0     0     -0.130     11.214    -12.886     17.105      0.871
  1597        331  (eta')             -84  1578  1583  2393  2395     0     0     -0.365      3.563     -3.653      5.205      0.958
  1598          1  (d)                -71  1319  1319  1600  1609   117     0     -0.621     -0.065     -2.837      2.924      0.330
  1599         -2  (ubar)             -71  1314  1314  1600  1609     0   117      0.217      0.558    120.113    120.115      0.330
  1600        113  (rho0)             -83  1598  1599  2143  2144     0     0     -0.322     -0.144     -0.709      1.032      0.660
  1601       -211  pi-                 83  1598  1599     0     0     0     0      0.248      0.031     -0.503      0.579      0.140
  1602        211  pi+                 83  1598  1599     0     0     0     0      0.043      0.262      0.316      0.436      0.140
  1603       -211  pi-                 84  1598  1599     0     0     0     0     -0.316     -0.258     -1.185      1.261      0.140
  1604       2212  p+                  84  1598  1599     0     0     0     0     -0.225      0.034      2.840      2.999      0.938
  1605        223  (omega)            -84  1598  1599  2396  2398     0     0     -0.312      0.210      3.464      3.569      0.774
  1606      -2114  (Deltabar0)        -84  1598  1599  2145  2146     0     0      0.384      0.051      8.775      8.870      1.237
  1607        311  (K0)               -84  1598  1599  2147  2147     0     0      0.078     -0.226     52.282     52.285      0.498
  1608       -311  (Kbar0)            -84  1598  1599  2148  2148     0     0      0.224      0.245     23.784     23.792      0.498
  1609       -211  pi-                 84  1598  1599     0     0     0     0     -0.207      0.289     28.212     28.215      0.140
  1610          2  (u)                -71  1371  1371  1618  1634   171     0      6.644      6.083      5.599     10.612      0.363
  1611         21  (g)                -71  1231  1231  1618  1634   194   171      0.244     -0.506     -0.135      0.578      0.000
  1612         21  (g)                -71  1375  1375  1618  1634   348   194     -1.577     -4.741      0.500      5.049      0.530
  1613         21  (g)                -71  1158  1158  1618  1634   351   348     -0.096     -1.928     -0.584      2.016      0.000
  1614         21  (g)                -71  1374  1374  1618  1634   338   351     -1.256     -4.081     -2.155      4.804      0.452
  1615         21  (g)                -71   992   992  1618  1634   225   338     -1.843     -9.275    -12.787     15.904      0.000
  1616         21  (g)                -71  1373  1373  1618  1634   344   225      0.164     -1.381     -2.235      2.642      0.226
  1617         -1  (dbar)             -71  1118  1118  1618  1634     0   344     -0.576     -1.339     -3.758      4.044      0.330
  1618        111  (pi0)              -83  1610  1617  2399  2400     0     0      2.009      2.387      1.582      3.501      0.135
  1619        211  pi+                 83  1610  1617     0     0     0     0      2.550      1.138      2.207      3.562      0.140
  1620        311  (K0)               -83  1610  1617  2149  2149     0     0      0.625      0.670      0.377      1.108      0.498
  1621       -323  (K*-)              -83  1610  1617  2150  2151     0     0      0.707      0.492      1.148      1.687      0.887
  1622        211  pi+                 83  1610  1617     0     0     0     0      0.358      0.616      0.048      0.728      0.140
  1623        221  (eta)              -83  1610  1617  2401  2403     0     0      0.262      0.022      0.367      0.710      0.548
  1624        111  (pi0)              -83  1610  1617  2404  2405     0     0     -0.431     -0.314     -0.217      0.592      0.135
  1625       -211  pi-                 83  1610  1617     0     0     0     0      0.286     -2.862     -0.251      2.890      0.140
  1626        113  (rho0)             -83  1610  1617  2152  2153     0     0     -1.549     -1.849     -0.678      2.584      0.631
  1627        223  (omega)            -84  1610  1617  2406  2408     0     0     -0.910     -3.594     -1.273      3.995      0.770
  1628        211  pi+                 84  1610  1617     0     0     0     0      0.703     -1.687     -1.166      2.172      0.140
  1629       -211  pi-                 84  1610  1617     0     0     0     0     -1.209     -2.853     -3.820      4.921      0.140
  1630        111  (pi0)              -84  1610  1617  2409  2410     0     0      0.057     -1.725     -1.500      2.291      0.135
  1631        323  (K*+)              -84  1610  1617  2154  2155     0     0     -0.415     -1.268     -2.430      2.931      0.950
  1632       -311  (Kbar0)            -84  1610  1617  2156  2156     0     0     -0.968     -4.369     -7.097      8.405      0.498
  1633        111  (pi0)              -84  1610  1617  2411  2412     0     0     -0.007     -1.583     -2.312      2.805      0.135
  1634        111  (pi0)              -84  1610  1617  2413  2414     0     0     -0.365     -0.389     -0.536      0.768      0.135
  1635          3  (s)                -71  1025  1025  1647  1663   143     0     -0.028     17.632     39.544     43.300      0.500
  1636         21  (g)                -71  1006  1006  1647  1663   387   143      1.215      7.207     17.766     19.211      0.000
  1637         21  (g)                -71  1370  1370  1647  1663   130   387     -1.073      5.399     15.617     16.569      0.571
  1638         21  (g)                -71  1113  1113  1647  1663   324   130      0.022      1.566      6.363      6.553      0.000
  1639         21  (g)                -71  1369  1369  1647  1663   106   324     -2.343      1.908      3.372      4.557      0.521
  1640         21  (g)                -71  1368  1368  1647  1663   254   106     -0.668      0.462      1.352      1.592      0.218
  1641         21  (g)                -71  1367  1367  1647  1663   330   254     -1.939      2.297     14.729     15.034      0.191
  1642         21  (g)                -71  1271  1271  1647  1663   394   330     -0.585      0.257      4.755      4.797      0.000
  1643         21  (g)                -71  1104  1104  1647  1663   127   394     -1.522      4.560     47.180     47.425      0.000
  1644         21  (g)                -71  1166  1166  1647  1663   359   127      0.008      1.801     23.195     23.265      0.000
  1645         21  (g)                -71  1223  1223  1647  1663   201   359      1.026      2.648     33.189     33.310      0.000
  1646         -4  (cbar)             -71  1142  1142  1647  1663     0   201      2.108      0.198     22.496     22.645      1.500
  1647       3212  (Sigma0)           -83  1635  1646  2415  2416     0     0      0.469     14.511     34.282     37.249      1.193
  1648       -211  pi-                 83  1635  1646     0     0     0     0      0.178      3.463      6.675      7.523      0.140
  1649      -1114  (Deltabar+)        -83  1635  1646  2157  2158     0     0     -0.155      9.568     25.431     27.209      1.416
  1650        311  (K0)               -83  1635  1646  2159  2159     0     0     -0.157      0.632      1.756      1.937      0.498
  1651       -323  (K*-)              -83  1635  1646  2160  2161     0     0     -0.675      2.105      4.407      5.010      0.888
  1652        211  pi+                 83  1635  1646     0     0     0     0      0.159      0.427      2.482      2.527      0.140
  1653       -211  pi-                 83  1635  1646     0     0     0     0     -1.299      2.439      5.616      6.261      0.140
  1654        321  K+                  83  1635  1646     0     0     0     0     -0.450      0.527      0.519      0.997      0.494
  1655       -311  (Kbar0)            -84  1635  1646  2162  2162     0     0     -1.680      1.783     12.383     12.633      0.498
  1656        113  (rho0)             -84  1635  1646  2163  2164     0     0     -1.479      1.233      9.259      9.546      1.300
  1657       -211  pi-                 84  1635  1646     0     0     0     0     -0.021      0.175      1.612      1.628      0.140
  1658        211  pi+                 84  1635  1646     0     0     0     0     -0.109      1.183     10.868     10.934      0.140
  1659        111  (pi0)              -84  1635  1646  2417  2418     0     0     -0.891      0.991     12.941     13.010      0.135
  1660       -213  (rho-)             -84  1635  1646  2165  2166     0     0     -0.042      2.998     32.703     32.853      0.925
  1661        213  (rho+)             -84  1635  1646  2167  2168     0     0      0.369      2.521     40.188     40.293      1.405
  1662       -211  pi-                 84  1635  1646     0     0     0     0     -0.174     -0.006      0.838      0.867      0.140
  1663       -421  (Dbar0)            -84  1635  1646  2419  2420     0     0      2.180      1.385     27.599     27.783      1.865
  1664          2  (u)                -71  1387  1387  1680  1701   405     0      0.484      2.735    -18.292     18.506      0.414
  1665         21  (g)                -71  1148  1148  1680  1701   150   405     -0.517      2.109    -23.534     23.634      0.000
  1666         21  (g)                -71  1109  1109  1680  1701   290   150     -0.028      5.076    -95.209     95.345      0.000
  1667         21  (g)                -71  1388  1388  1680  1701   149   290     -0.995      1.035    -36.034     36.063      0.182
  1668         21  (g)                -71  1202  1202  1680  1701   313   149     -1.447      0.445    -37.213     37.244      0.000
  1669         21  (g)                -71  1285  1285  1680  1701   282   313      0.516      0.503    -20.256     20.269      0.000
  1670         21  (g)                -71  1389  1389  1680  1701   232   282      2.538      0.843   -116.091    116.122      0.184
  1671         21  (g)                -71  1391  1391  1680  1701   326   232      1.294      0.117    -27.556     27.589      0.344
  1672         21  (g)                -71  1210  1210  1680  1701   242   326      1.059     -0.584    -13.150     13.206      0.000
  1673         21  (g)                -71  1386  1386  1680  1701   389   242      1.554      0.150    -14.483     14.567      0.079
  1674         21  (g)                -71  1156  1156  1680  1701   322   389      2.455     -0.058     -5.377      5.911      0.000
  1675         21  (g)                -71  1390  1390  1680  1701   263   322      1.130     -0.192     -1.645      2.017      0.218
  1676         21  (g)                -71  1392  1392  1680  1701   187   263      1.255      1.942     -5.872      6.322      0.372
  1677         21  (g)                -71  1268  1268  1680  1701   256   187      0.497      2.428     -8.016      8.390      0.000
  1678         21  (g)                -71   999   999  1680  1701   212   256      0.302      4.115    -17.805     18.277      0.000
  1679         -4  (cbar)             -71  1225  1225  1680  1701     0   212      0.573      1.838    -12.810     13.040      1.500
  1680        213  (rho+)             -83  1664  1679  2169  2170     0     0     -0.068      2.429    -18.901     19.073      0.784
  1681        311  (K0)               -83  1664  1679  2171  2171     0     0      0.130      1.442    -22.604     22.656      0.498
  1682       -323  (K*-)              -83  1664  1679  2172  2173     0     0      0.365      2.179    -27.580     27.684      0.942
  1683        113  (rho0)             -83  1664  1679  2174  2175     0     0     -0.638      1.829    -39.753     39.814      1.047
  1684        211  pi+                 83  1664  1679     0     0     0     0     -0.416      1.999    -30.568     30.636      0.140
  1685        111  (pi0)              -83  1664  1679  2421  2422     0     0     -0.448      0.401    -31.220     31.226      0.135
  1686        113  (rho0)             -83  1664  1679  2176  2177     0     0     -0.031      0.970    -34.994     35.020      0.926
  1687        223  (omega)            -83  1664  1679  2423  2424     0     0     -0.176      0.373    -14.948     14.974      0.781
  1688        111  (pi0)              -83  1664  1679  2425  2426     0     0      0.734      0.244    -51.597     51.603      0.135
  1689        113  (rho0)             -83  1664  1679  2178  2179     0     0      0.607      0.587    -29.734     29.762      0.996
  1690        223  (omega)            -84  1664  1679  2427  2429     0     0      0.647     -0.173    -17.469     17.500      0.784
  1691        113  (rho0)             -84  1664  1679  2180  2181     0     0      0.835      0.341    -36.271     36.290      0.760
  1692       -213  (rho-)             -84  1664  1679  2182  2183     0     0      2.022      0.166    -33.828     33.901      0.916
  1693        211  pi+                 84  1664  1679     0     0     0     0      0.356     -0.444     -4.555      4.592      0.140
  1694        313  (K*0)              -84  1664  1679  2184  2185     0     0      0.704      0.205     -6.566      6.666      0.887
  1695       -321  K-                  84  1664  1679     0     0     0     0      0.767     -0.256     -1.792      2.027      0.494
  1696        213  (rho+)             -84  1664  1679  2186  2187     0     0      0.608      0.640     -3.755      3.943      0.816
  1697        221  (eta)              -84  1664  1679  2430  2431     0     0      1.841      1.148     -3.492      4.147      0.548
  1698       -211  pi-                 84  1664  1679     0     0     0     0      0.483     -0.047     -4.711      4.738      0.140
  1699       2212  p+                  84  1664  1679     0     0     0     0      0.864      2.097     -9.150      9.473      0.938
  1700      -2112  nbar0               84  1664  1679     0     0     0     0      0.821      0.857     -4.816      5.048      0.940
  1701       -413  (D*-)              -84  1664  1679  2432  2433     0     0      0.665      5.514    -25.041     25.729      2.010
  1702          1  (d)                -71  1354  1354  1709  1727   373     0      2.991     -1.763     -3.509      4.988      0.716
  1703         21  (g)                -71  1356  1356  1709  1727   343   373      2.779      1.299     -1.182      3.315      0.428
  1704         21  (g)                -71  1098  1098  1709  1727   119   343      5.687      6.623     -5.499     10.317      0.000
  1705         21  (g)                -71  1355  1355  1709  1727   190   119      2.131      3.907     -1.470      4.701      0.369
  1706         21  (g)                -71  1018  1018  1709  1727   116   190     -0.511      4.354     -2.764      5.182      0.000
  1707         21  (g)                -71  1276  1276  1709  1727   299   116      0.702      0.435     -6.078      6.134      0.000
  1708         -2  (ubar)             -71  1012  1012  1709  1727     0   299     15.930      9.950   -100.829    102.564      0.330
  1709        221  (eta)              -83  1702  1708  2434  2435     0     0      1.131      0.001     -1.130      1.690      0.548
  1710       -211  pi-                 83  1702  1708     0     0     0     0     -0.045      0.167      0.062      0.231      0.140
  1711        213  (rho+)             -83  1702  1708  2188  2189     0     0      2.263     -0.812     -2.258      3.463      1.053
  1712        221  (eta)              -83  1702  1708  2436  2438     0     0      0.916      0.186     -0.404      1.156      0.548
  1713       -211  pi-                 83  1702  1708     0     0     0     0      1.548      0.518     -1.354      2.126      0.140
  1714        321  K+                  83  1702  1708     0     0     0     0      0.736      0.242     -0.167      0.934      0.494
  1715       -321  K-                  84  1702  1708     0     0     0     0      2.799      4.364     -2.872      5.947      0.494
  1716        213  (rho+)             -84  1702  1708  2190  2191     0     0      2.751      3.580     -2.547      5.291      1.059
  1717       -211  pi-                 84  1702  1708     0     0     0     0      0.433      0.346     -0.390      0.692      0.140
  1718        223  (omega)            -84  1702  1708  2439  2441     0     0      0.580      2.625     -1.182      3.039      0.782
  1719        213  (rho+)             -84  1702  1708  2192  2193     0     0     -0.250      1.085     -1.605      2.127      0.844
  1720       -213  (rho-)             -84  1702  1708  2194  2195     0     0      0.120      1.290     -1.483      2.194      0.967
  1721        223  (omega)            -84  1702  1708  2442  2444     0     0      0.243      0.551     -1.624      1.898      0.776
  1722        213  (rho+)             -84  1702  1708  2196  2197     0     0      0.824      0.864     -3.741      4.006      0.793
  1723       -211  pi-                 84  1702  1708     0     0     0     0      0.003     -0.137     -0.480      0.518      0.140
  1724        211  pi+                 84  1702  1708     0     0     0     0      1.739      1.209     -8.262      8.531      0.140
  1725        113  (rho0)             -84  1702  1708  2198  2199     0     0      9.856      6.023    -65.123     66.143      0.679
  1726       -211  pi-                 84  1702  1708     0     0     0     0      1.365      0.775     -9.259      9.392      0.140
  1727        111  (pi0)              -84  1702  1708  2445  2446     0     0      2.695      1.928    -17.513     17.825      0.135
  1728          3  (s)                -71  1338  1338  1735  1749   206     0      0.906      1.655     37.241     37.302      0.990
  1729         21  (g)                -71  1143  1143  1735  1749   243   206      0.780      3.548    158.658    158.699      0.000
  1730         21  (g)                -71  1305  1305  1735  1749   401   243      0.417      3.022    163.556    163.584      0.000
  1731         21  (g)                -71  1101  1101  1735  1749   414   401      4.273      1.819    303.810    303.845      0.000
  1732         21  (g)                -71  1337  1337  1735  1749   277   414      0.931     -0.962    119.203    119.211      0.374
  1733         21  (g)                -71  1182  1182  1735  1749   168   277     -0.420     -0.167    116.804    116.805      0.000
  1734         -1  (dbar)             -71  1141  1141  1735  1749     0   168     -2.967      2.502      1.952      4.356      0.330
  1735       3222  Sigma+              83  1728  1734     0     0     0     0      0.791      1.694     43.338     43.395      1.189
  1736       -211  pi-                 83  1728  1734     0     0     0     0      1.040      2.010     95.175     95.202      0.140
  1737      -2212  pbar-               83  1728  1734     0     0     0     0      0.239      2.800    161.713    161.740      0.938
  1738        321  K+                  83  1728  1734     0     0     0     0      0.924      2.554    141.967    141.994      0.494
  1739       -313  (K*bar0)           -83  1728  1734  2200  2201     0     0      2.990      0.139    194.715    194.740      0.881
  1740       -211  pi-                 83  1728  1734     0     0     0     0      0.157      0.308     23.564     23.567      0.140
  1741       2212  p+                  83  1728  1734     0     0     0     0      1.566     -0.773    154.673    154.686      0.938
  1742        111  (pi0)              -84  1728  1734  2447  2448     0     0     -0.567      0.332     20.852     20.862      0.135
  1743      -3214  (Sigma*bar0)       -84  1728  1734  2202  2203     0     0     -0.368      0.046     42.772     42.801      1.528
  1744       -313  (K*bar0)           -84  1728  1734  2204  2205     0     0      0.076     -0.090      9.355      9.396      0.877
  1745       -211  pi-                 84  1728  1734     0     0     0     0     -0.314      0.378      5.442      5.466      0.140
  1746        211  pi+                 84  1728  1734     0     0     0     0      0.397     -0.531      4.513      4.564      0.140
  1747       -211  pi-                 84  1728  1734     0     0     0     0     -0.097      0.050      0.514      0.543      0.140
  1748        321  K+                  84  1728  1734     0     0     0     0     -2.238      2.130      1.805      3.612      0.494
  1749       -311  (Kbar0)            -84  1728  1734  2206  2206     0     0     -0.676      0.371      0.826      1.235      0.498
  1750          1  (d)                -71  1315  1315  1752  1760   400     0      0.511      0.296     18.555     18.567      0.330
  1751         -2  (ubar)             -71  1320  1320  1752  1760     0   400     -0.198      0.339    -90.906     90.907      0.330
  1752        223  (omega)            -83  1750  1751  2449  2451     0     0      0.440     -0.043     15.528     15.554      0.778
  1753       -213  (rho-)             -83  1750  1751  2207  2208     0     0     -0.133      0.202      1.369      1.622      0.836
  1754        213  (rho+)             -83  1750  1751  2209  2210     0     0     -0.227     -0.273      0.667      1.103      0.803
  1755       -211  pi-                 83  1750  1751     0     0     0     0      0.454      0.076      0.387      0.617      0.140
  1756        211  pi+                 83  1750  1751     0     0     0     0     -0.187      0.229     -0.149      0.359      0.140
  1757       -211  pi-                 84  1750  1751     0     0     0     0     -0.137      0.620     -8.213      8.239      0.140
  1758        111  (pi0)              -84  1750  1751  2452  2453     0     0     -0.048     -0.563     -9.594      9.612      0.135
  1759        111  (pi0)              -84  1750  1751  2454  2455     0     0      0.774      0.166    -32.235     32.245      0.135
  1760        223  (omega)            -84  1750  1751  2456  2457     0     0     -0.622      0.221    -40.111     40.125      0.785
  1761          1  (d)                -71  1351  1351  1779  1819   362     0     -0.208      0.109     -0.319      0.816      0.713
  1762         21  (g)                -71  1028  1028  1779  1819   115   362     -0.719      0.078     -3.190      3.271      0.000
  1763         21  (g)                -71   985   985  1779  1819   104   115     -0.845     15.291     -9.202     17.867      0.000
  1764         21  (g)                -71   997   997  1779  1819   241   104      0.241     -0.036     -0.009      0.244      0.000
  1765         21  (g)                -71  1349  1349  1779  1819   375   241     -0.879      0.661     -0.452      1.195      0.114
  1766         21  (g)                -71  1084  1084  1779  1819   157   375    -18.117      4.965     -9.401     21.006      0.000
  1767         21  (g)                -71  1009  1009  1779  1819   123   157    -18.617      4.628     -8.455     20.964      0.000
  1768         21  (g)                -71  1060  1060  1779  1819   309   123     -6.680      2.420     -3.852      8.082      0.000
  1769         21  (g)                -71  1082  1082  1779  1819   369   309    -72.044     22.318    -41.285     85.982      0.000
  1770         21  (g)                -71   981   981  1779  1819   223   369    -49.596     14.555    -27.417     58.509      0.000
  1771         21  (g)                -71  1026  1026  1779  1819   308   223    -97.342     27.578    -57.706    116.474      0.000
  1772         21  (g)                -71  1059  1059  1779  1819   385   308    -17.514      6.479    -10.456     21.402      0.000
  1773         21  (g)                -71  1089  1089  1779  1819   103   385     -3.216      0.518     -1.796      3.720      0.000
  1774         21  (g)                -71  1241  1241  1779  1819   198   103     -0.543      0.667     -0.671      1.091      0.000
  1775         21  (g)                -71  1027  1027  1779  1819   288   198     -1.207      2.203     -3.340      4.179      0.000
  1776         21  (g)                -71  1352  1352  1779  1819   364   288     -3.637      2.777     -7.242      8.582      0.510
  1777         21  (g)                -71  1350  1350  1779  1819   163   364     -1.883     -1.380     -2.289      3.286      0.333
  1778         -3  (sbar)             -71  1347  1347  1779  1819     0   163      2.691      3.838     -4.584      6.580      0.555
  1779       -211  pi-                 83  1761  1778     0     0     0     0     -0.397     -0.027     -0.551      0.694      0.140
  1780        111  (pi0)              -83  1761  1778  2458  2459     0     0     -0.119      0.545     -0.646      0.864      0.135
  1781        113  (rho0)             -83  1761  1778  2211  2212     0     0     -0.004     -0.335     -1.147      1.403      0.736
  1782        111  (pi0)              -83  1761  1778  2460  2461     0     0     -0.435      2.132     -1.984      2.948      0.135
  1783       2214  (Delta+)           -83  1761  1778  2213  2214     0     0     -0.111      2.110     -1.405      2.785      1.149
  1784        113  (rho0)             -83  1761  1778  2215  2216     0     0     -0.505      3.096     -1.689      3.648      0.781
  1785      -2212  pbar-               83  1761  1778     0     0     0     0     -0.012      2.990     -2.241      3.852      0.938
  1786        213  (rho+)             -83  1761  1778  2217  2218     0     0      0.225      3.143     -1.732      3.675      0.756
  1787       -213  (rho-)             -83  1761  1778  2219  2220     0     0     -0.867      1.993     -1.290      2.699      0.945
  1788        211  pi+                 83  1761  1778     0     0     0     0     -1.064      0.620     -0.444      1.317      0.140
  1789       -211  pi-                 83  1761  1778     0     0     0     0     -0.837     -0.042     -1.058      1.358      0.140
  1790        221  (eta)              -83  1761  1778  2462  2464     0     0     -6.832      1.693     -3.325      7.804      0.548
  1791        213  (rho+)             -83  1761  1778  2221  2222     0     0     -7.691      1.867     -3.740      8.785      0.741
  1792        111  (pi0)              -83  1761  1778  2465  2466     0     0     -3.514      1.327     -1.860      4.194      0.135
  1793       -213  (rho-)             -83  1761  1778  2223  2224     0     0     -9.136      3.179     -5.025     10.926      0.742
  1794       2214  (Delta+)           -83  1761  1778  2225  2226     0     0    -30.209      8.034    -16.569     35.426      1.816
  1795      -2114  (Deltabar0)        -83  1761  1778  2227  2228     0     0    -51.076     15.729    -28.001     60.353      1.512
  1796       -211  pi-                 83  1761  1778     0     0     0     0    -13.028      3.782     -7.224     15.370      0.140
  1797        213  (rho+)             -83  1761  1778  2229  2230     0     0    -53.926     16.032    -32.039     64.747      0.791
  1798       -211  pi-                 83  1761  1778     0     0     0     0    -19.939      6.399    -11.726     24.001      0.140
  1799        213  (rho+)             -83  1761  1778  2231  2232     0     0    -20.861      6.513    -11.874     24.895      1.080
  1800        223  (omega)            -83  1761  1778  2467  2469     0     0    -47.037     13.034    -27.437     55.998      0.753
  1801        223  (omega)            -84  1761  1778  2470  2472     0     0     -7.109      2.331     -4.297      8.664      0.783
  1802       -211  pi-                 84  1761  1778     0     0     0     0     -1.831      0.935     -0.712      2.180      0.140
  1803        111  (pi0)              -84  1761  1778  2473  2475     0     0     -1.576      0.418     -2.053      2.625      0.135
  1804        211  pi+                 84  1761  1778     0     0     0     0     -0.760      0.611     -0.582      1.144      0.140
  1805        113  (rho0)             -84  1761  1778  2233  2234     0     0     -3.186      1.188     -2.061      4.061      0.825
  1806       -211  pi-                 84  1761  1778     0     0     0     0     -0.632      0.311     -0.184      0.741      0.140
  1807        211  pi+                 84  1761  1778     0     0     0     0     -0.453      0.217     -0.374      0.642      0.140
  1808        113  (rho0)             -84  1761  1778  2235  2236     0     0     -2.277      1.423     -3.093      4.160      0.729
  1809        111  (pi0)              -84  1761  1778  2476  2477     0     0     -1.491      0.926     -1.659      2.419      0.135
  1810        111  (pi0)              -84  1761  1778  2478  2479     0     0     -0.533     -0.059     -0.156      0.574      0.135
  1811       -211  pi-                 84  1761  1778     0     0     0     0     -0.176      0.076      0.071      0.247      0.140
  1812        211  pi+                 84  1761  1778     0     0     0     0     -0.455     -0.062     -0.563      0.740      0.140
  1813       -211  pi-                 84  1761  1778     0     0     0     0     -0.535      0.044     -0.950      1.100      0.140
  1814        321  K+                  84  1761  1778     0     0     0     0     -0.653      0.849     -0.580      1.314      0.494
  1815       -321  K-                  84  1761  1778     0     0     0     0     -1.874      1.143     -4.520      5.049      0.494
  1816        213  (rho+)             -84  1761  1778  2237  2238     0     0     -0.633      0.343     -1.827      2.133      0.834
  1817       -213  (rho-)             -84  1761  1778  2239  2240     0     0     -0.877     -0.281     -1.056      1.655      0.880
  1818        211  pi+                 84  1761  1778     0     0     0     0      0.441      0.028     -0.649      0.797      0.140
  1819        313  (K*0)              -84  1761  1778  2241  2242     0     0      1.872      3.414     -3.414      5.264      0.946
  1820          2  (u)                -71  1244  1244  1822  1831   252     0      1.178     -0.059    236.688    236.691      0.330
  1821         -2  (ubar)             -71  1246  1246  1822  1831     0   252     -0.695      0.294    -21.364     21.380      0.330
  1822        321  K+                  83  1820  1821     0     0     0     0      0.370     -0.091    100.132    100.134      0.494
  1823       -321  K-                  83  1820  1821     0     0     0     0      0.084      0.379     45.342     45.346      0.494
  1824        211  pi+                 83  1820  1821     0     0     0     0      0.204     -0.358     34.737     34.740      0.140
  1825        111  (pi0)              -83  1820  1821  2480  2481     0     0      0.785     -0.571     51.373     51.382      0.135
  1826       -211  pi-                 83  1820  1821     0     0     0     0      0.106      0.604      3.356      3.414      0.140
  1827        211  pi+                 84  1820  1821     0     0     0     0     -0.414     -0.371     -0.081      0.578      0.140
  1828       1114  (Delta-)           -84  1820  1821  2243  2244     0     0      0.242      0.048     -0.278      1.440      1.391
  1829        213  (rho+)             -84  1820  1821  2245  2246     0     0      0.367     -0.189      0.266      1.051      0.930
  1830      -2214  (Deltabar-)        -84  1820  1821  2247  2248     0     0     -0.372      0.208     -1.792      2.210      1.221
  1831        113  (rho0)             -84  1820  1821  2249  2250     0     0     -0.890      0.574    -17.731     17.775      0.683
  1832          1  (d)                -71   978   978  1857  1900   181     0     11.961   -637.001   1217.789   1374.381      0.330
  1833         21  (g)                -71  1396  1396  1857  1900   384   181      2.715   -105.868    201.105    227.286      0.063
  1834         21  (g)                -71  1015  1015  1857  1900   306   384      3.336   -261.114    495.356    559.972      0.000
  1835         21  (g)                -71  1057  1057  1857  1900   110   306      3.173   -150.811    287.163    324.371      0.000
  1836         21  (g)                -71  1019  1019  1857  1900   292   110      0.074     -9.606     18.731     21.051      0.000
  1837         21  (g)                -71  1051  1051  1857  1900   191   292      1.439    -21.280     39.298     44.713      0.000
  1838         21  (g)                -71  1086  1086  1857  1900   383   191      1.075    -11.848     24.858     27.558      0.000
  1839         21  (g)                -71  1021  1021  1857  1900   331   383      0.633     -2.259      4.100      4.724      0.000
  1840         21  (g)                -71  1065  1065  1857  1900   203   331      1.459    -10.409     19.100     21.801      0.000
  1841         21  (g)                -71  1000  1000  1857  1900   396   203      0.078     -7.373     15.241     16.931      0.000
  1842         21  (g)                -71  1399  1399  1857  1900   345   396      3.836    -42.648     81.908     92.426      0.199
  1843         21  (g)                -71  1072  1072  1857  1900   126   345     -0.001     -2.709      6.116      6.689      0.000
  1844         21  (g)                -71  1053  1053  1857  1900   296   126      5.445    -15.456     28.632     32.989      0.000
  1845         21  (g)                -71  1032  1032  1857  1900   349   296      2.782     -5.347     12.622     13.987      0.000
  1846         21  (g)                -71  1400  1400  1857  1900   287   349      2.333     -2.403      3.913      5.168      0.428
  1847         21  (g)                -71  1397  1397  1857  1900   372   287      4.105     -5.192     13.470     15.009      0.115
  1848         21  (g)                -71   987   987  1857  1900   310   372      3.104     -5.382     12.534     13.990      0.000
  1849         21  (g)                -71  1061  1061  1857  1900   114   310      1.902     -6.813     12.384     14.262      0.000
  1850         21  (g)                -71  1029  1029  1857  1900   332   114      4.188    -25.903     40.149     47.963      0.000
  1851         21  (g)                -71  1066  1066  1857  1900   227   332      7.798    -36.193     56.014     67.144      0.000
  1852         21  (g)                -71  1401  1401  1857  1900   377   227      4.202    -29.892     48.891     57.461      0.466
  1853         21  (g)                -71  1078  1078  1857  1900   124   377      0.749     -1.529      2.913      3.374      0.000
  1854         21  (g)                -71   991   991  1857  1900   138   124      2.149    -14.537     36.316     39.177      0.000
  1855         21  (g)                -71  1004  1004  1857  1900   121   138      3.303    -20.221     34.845     40.422      0.000
  1856         -2  (ubar)             -71  1017  1017  1857  1900     0   121      1.991     -5.598     11.421     12.878      0.330
  1857       -213  (rho-)             -83  1832  1856  2251  2252     0     0      7.345   -391.540    747.674    844.023      0.768
  1858       2212  p+                  83  1832  1856     0     0     0     0      4.814   -247.130    471.625    532.473      0.938
  1859      -2112  nbar0               83  1832  1856     0     0     0     0      2.481   -165.208    315.661    356.290      0.940
  1860        111  (pi0)              -83  1832  1856  2482  2483     0     0      3.609   -158.254    300.336    339.498      0.135
  1861        113  (rho0)             -83  1832  1856  2253  2254     0     0      2.626   -175.148    332.469    375.794      1.283
  1862        111  (pi0)              -83  1832  1856  2484  2485     0     0      1.348    -16.705     32.246     36.342      0.135
  1863        223  (omega)            -83  1832  1856  2486  2488     0     0      0.365    -24.864     48.126     54.177      0.835
  1864        221  (eta)              -83  1832  1856  2489  2491     0     0      0.512     -6.803     12.168     13.960      0.548
  1865       -213  (rho-)             -83  1832  1856  2255  2256     0     0      0.742     -8.592     16.693     18.805      0.771
  1866        321  K+                  83  1832  1856     0     0     0     0      1.990    -20.438     39.882     44.861      0.494
  1867       -313  (K*bar0)           -83  1832  1856  2257  2258     0     0      0.927     -8.151     16.202     18.183      0.899
  1868       2112  n0                  83  1832  1856     0     0     0     0      0.915    -14.864     28.326     32.016      0.940
  1869      -2112  nbar0               83  1832  1856     0     0     0     0      1.947    -15.408     28.961     32.876      0.940
  1870       -211  pi-                 83  1832  1856     0     0     0     0      0.535     -0.886      2.744      2.936      0.140
  1871        321  K+                  83  1832  1856     0     0     0     0      1.346     -8.098     15.568     17.606      0.494
  1872       -321  K-                  83  1832  1856     0     0     0     0      1.185     -7.521     14.307     16.215      0.494
  1873        111  (pi0)              -83  1832  1856  2492  2493     0     0     -0.042     -1.003      1.568      1.867      0.135
  1874       2212  p+                  83  1832  1856     0     0     0     0      1.876     -3.516      8.834      9.737      0.938
  1875      -2212  pbar-               83  1832  1856     0     0     0     0      2.552     -6.542     12.005     13.940      0.938
  1876        211  pi+                 83  1832  1856     0     0     0     0      0.554     -0.395      0.673      0.967      0.140
  1877        223  (omega)            -83  1832  1856  2494  2495     0     0      5.634     -9.401     21.196     23.874      0.780
  1878       -211  pi-                 83  1832  1856     0     0     0     0      0.975     -0.812      3.393      3.625      0.140
  1879        111  (pi0)              -84  1832  1856  2496  2497     0     0      0.998     -3.846      6.256      7.412      0.135
  1880        111  (pi0)              -84  1832  1856  2498  2499     0     0      1.944     -5.674      9.761     11.457      0.135
  1881        221  (eta)              -84  1832  1856  2500  2501     0     0      0.040     -1.063      1.892      2.239      0.548
  1882        211  pi+                 84  1832  1856     0     0     0     0      0.086     -0.783      0.752      1.098      0.140
  1883        111  (pi0)              -84  1832  1856  2502  2503     0     0      0.601     -1.463      2.357      2.841      0.135
  1884       -211  pi-                 84  1832  1856     0     0     0     0      3.696    -13.313     22.743     26.611      0.140
  1885        323  (K*+)              -84  1832  1856  2259  2260     0     0      0.439     -4.270      6.935      8.202      0.871
  1886       -321  K-                  84  1832  1856     0     0     0     0      1.303     -4.163      6.425      7.782      0.494
  1887        111  (pi0)              -84  1832  1856  2504  2505     0     0      5.408    -27.340     45.006     52.937      0.135
  1888        321  K+                  84  1832  1856     0     0     0     0      1.747    -13.094     19.893     23.884      0.494
  1889       -311  (Kbar0)            -84  1832  1856  2261  2261     0     0      3.681    -14.155     22.688     26.998      0.498
  1890       -213  (rho-)             -84  1832  1856  2262  2263     0     0      0.396     -3.822      6.277      7.409      0.857
  1891        211  pi+                 84  1832  1856     0     0     0     0      0.051     -1.916      3.377      3.886      0.140
  1892       -211  pi-                 84  1832  1856     0     0     0     0      1.068     -3.236      5.214      6.231      0.140
  1893        211  pi+                 84  1832  1856     0     0     0     0      0.244     -1.700      3.007      3.466      0.140
  1894       -211  pi-                 84  1832  1856     0     0     0     0      0.177     -0.656      1.648      1.788      0.140
  1895       2212  p+                  84  1832  1856     0     0     0     0      1.156    -12.906     26.063     29.121      0.938
  1896      -3122  Lambdabar0          84  1832  1856     0     0     0     0      0.688     -5.184     11.188     12.400      1.116
  1897       -313  (K*bar0)           -84  1832  1856  2264  2265     0     0      1.060     -5.362     11.884     13.111      0.889
  1898       -211  pi-                 84  1832  1856     0     0     0     0      0.737     -5.574      9.935     11.416      0.140
  1899       2212  p+                  84  1832  1856     0     0     0     0      2.258     -9.650     17.551     20.178      0.938
  1900      -2212  pbar-               84  1832  1856     0     0     0     0      1.813     -6.943     13.358     15.192      0.938
  1901          1  (d)                -71  1013  1013  1924  1965   166     0      1.916     10.063    -12.248     15.971      0.330
  1902         21  (g)                -71  1039  1039  1924  1965   250   166      0.356      5.667     -6.513      8.641      0.000
  1903         21  (g)                -71  1044  1044  1924  1965   271   250      1.031      4.808     -5.098      7.083      0.000
  1904         21  (g)                -71  1007  1007  1924  1965   131   271     -0.645     13.778    -13.325     19.179      0.000
  1905         21  (g)                -71   982   982  1924  1965   235   131      1.049     17.766    -17.102     24.682      0.000
  1906         21  (g)                -71  1380  1380  1924  1965   339   235     -0.833      4.937     -4.608      6.807      0.191
  1907         21  (g)                -71  1131  1131  1924  1965   217   339     -0.367      0.807     -0.608      1.076      0.000
  1908         21  (g)                -71  1382  1382  1924  1965   336   217     -0.331      1.082     -0.051      1.169      0.291
  1909         21  (g)                -71  1383  1383  1924  1965   146   336      0.252      1.487      1.419      2.099      0.343
  1910         21  (g)                -71  1042  1042  1924  1965   244   146      1.302     -0.532     -0.442      1.474      0.000
  1911         21  (g)                -71  1035  1035  1924  1965   346   244      1.367      3.438      0.123      3.702      0.000
  1912         21  (g)                -71  1073  1073  1924  1965   246   346      0.138      0.357     -0.614      0.723      0.000
  1913         21  (g)                -71  1376  1376  1924  1965   380   246     -0.505      0.653      0.470      0.958      0.128
  1914         21  (g)                -71  1379  1379  1924  1965   153   380     -1.052     -0.080      1.327      1.704      0.171
  1915         21  (g)                -71  1081  1081  1924  1965   105   153     -0.095     -2.074      5.084      5.492      0.000
  1916         21  (g)                -71  1384  1384  1924  1965   357   105     -0.025    -19.607     77.262     79.712      0.476
  1917         21  (g)                -71  1077  1077  1924  1965   301   357     -0.381    -10.789     38.517     40.002      0.000
  1918         21  (g)                -71  1381  1381  1924  1965   207   301      1.781     -2.234     12.431     12.758      0.289
  1919         21  (g)                -71  1378  1378  1924  1965   258   207      1.215      0.370      1.164      1.729      0.150
  1920         21  (g)                -71  1093  1093  1924  1965   107   258      0.174      2.808      6.345      6.941      0.000
  1921         21  (g)                -71  1067  1067  1924  1965   334   107      0.208     15.849     31.562     35.318      0.000
  1922         21  (g)                -71  1048  1048  1924  1965   280   334      1.710     33.342     70.197     77.732      0.000
  1923         -3  (sbar)             -71   983   983  1924  1965     0   280      2.064     27.188     53.904     60.409      0.500
  1924       -211  pi-                 83  1901  1923     0     0     0     0      0.339      4.083     -4.908      6.395      0.140
  1925        111  (pi0)              -83  1901  1923  2506  2507     0     0      0.763      5.431     -5.922      8.072      0.135
  1926        211  pi+                 83  1901  1923     0     0     0     0      1.142      5.660     -7.118      9.167      0.140
  1927       -211  pi-                 83  1901  1923     0     0     0     0     -0.048      0.405     -0.380      0.574      0.140
  1928        213  (rho+)             -83  1901  1923  2266  2267     0     0      0.244      8.392     -8.897     12.258      0.781
  1929        113  (rho0)             -83  1901  1923  2268  2269     0     0      0.652      8.025     -7.861     11.282      0.819
  1930       -211  pi-                 83  1901  1923     0     0     0     0      0.228      4.786     -4.494      6.571      0.140
  1931        321  K+                  83  1901  1923     0     0     0     0     -0.554      8.645     -7.871     11.715      0.494
  1932       -323  (K*-)              -83  1901  1923  2270  2271     0     0      0.653      8.566     -8.087     11.835      0.928
  1933        211  pi+                 83  1901  1923     0     0     0     0      0.027      0.027     -0.273      0.309      0.140
  1934        111  (pi0)              -83  1901  1923  2508  2509     0     0     -0.948      3.625     -2.781      4.668      0.135
  1935       -211  pi-                 83  1901  1923     0     0     0     0      0.026      0.042      0.095      0.176      0.140
  1936        211  pi+                 83  1901  1923     0     0     0     0      0.356      0.276     -0.562      0.734      0.140
  1937       -211  pi-                 83  1901  1923     0     0     0     0     -0.374      1.056      0.238      1.154      0.140
  1938        211  pi+                 83  1901  1923     0     0     0     0      0.832      0.514     -0.035      0.988      0.140
  1939        111  (pi0)              -83  1901  1923  2510  2511     0     0     -0.246      0.001     -0.540      0.609      0.135
  1940       -211  pi-                 83  1901  1923     0     0     0     0      0.323      1.154      0.847      1.474      0.140
  1941       2212  p+                  83  1901  1923     0     0     0     0      0.739      0.830      0.195      1.467      0.938
  1942        211  pi+                 83  1901  1923     0     0     0     0      1.288      1.553     -0.282      2.042      0.140
  1943      -3224  (Sigma*bar-)       -84  1901  1923  2272  2273     0     0     -0.982      0.349      0.350      1.771      1.388
  1944       -321  K-                  84  1901  1923     0     0     0     0      0.097      0.409      0.087      0.654      0.494
  1945        323  (K*+)              -84  1901  1923  2274  2275     0     0      0.197     -0.560      2.591      2.805      0.898
  1946       -311  (Kbar0)            -84  1901  1923  2276  2276     0     0     -0.705     -0.199      0.800      1.194      0.498
  1947       -211  pi-                 84  1901  1923     0     0     0     0     -0.202     -2.577     10.292     10.613      0.140
  1948        111  (pi0)              -84  1901  1923  2512  2513     0     0     -0.120     -0.628      3.417      3.479      0.135
  1949        223  (omega)            -84  1901  1923  2514  2516     0     0     -0.065     -2.216      7.200      7.575      0.786
  1950        111  (pi0)              -84  1901  1923  2517  2518     0     0      0.005     -1.900      7.601      7.836      0.135
  1951        111  (pi0)              -84  1901  1923  2519  2520     0     0     -0.404     -2.683     10.699     11.039      0.135
  1952        211  pi+                 84  1901  1923     0     0     0     0      0.055     -2.607      8.965      9.337      0.140
  1953        313  (K*0)              -84  1901  1923  2277  2278     0     0     -0.133    -11.863     44.986     46.532      0.868
  1954       -321  K-                  84  1901  1923     0     0     0     0      0.105     -2.908     11.822     12.185      0.494
  1955        211  pi+                 84  1901  1923     0     0     0     0     -0.099     -3.572     13.498     13.964      0.140
  1956       -213  (rho-)             -84  1901  1923  2279  2280     0     0      1.324     -1.196      6.061      6.493      1.498
  1957        111  (pi0)              -84  1901  1923  2521  2522     0     0      0.720     -0.985      4.153      4.330      0.135
  1958        321  K+                  84  1901  1923     0     0     0     0      0.039     -0.277      1.785      1.873      0.494
  1959       -323  (K*-)              -84  1901  1923  2281  2282     0     0      0.774      1.108      2.836      3.266      0.891
  1960       2212  p+                  84  1901  1923     0     0     0     0     -0.165      8.506     17.997     19.929      0.938
  1961      -2112  nbar0               84  1901  1923     0     0     0     0      1.029      6.154     13.027     14.475      0.940
  1962        311  (K0)               -84  1901  1923  2283  2283     0     0      0.233      5.540     12.050     13.274      0.498
  1963       -321  K-                  84  1901  1923     0     0     0     0      0.455     12.211     24.845     27.692      0.494
  1964        213  (rho+)             -84  1901  1923  2284  2285     0     0      1.360     18.870     37.122     41.673      0.787
  1965        311  (K0)               -84  1901  1923  2286  2286     0     0      1.366     27.038     55.644     61.882      0.498
  1966          2  (u)                -71  1311  1311  1969  1982   417     0     -0.002     -0.082    232.895    232.895      0.330
  1967          1  (d)                -71  1316  1316  1969  1982   204     0     -0.054     -0.094   -148.313    148.314      0.330
  1968          1  (d)                -71  1112  1112  1969  1982   136     0      2.195     -1.222    129.249    129.274      0.330
  1969        111  (pi0)              -85  1966  1968  2523  2524     0     0      0.828     -0.631     45.597     45.609      0.135
  1970        111  (pi0)              -86  1966  1968  2525  2526     0     0      0.055     -0.254    109.427    109.428      0.135
  1971        223  (omega)            -86  1966  1968  2527  2529     0     0      0.285     -0.244     48.810     48.818      0.776
  1972        221  (eta)              -83  1966  1968  2530  2532     0     0     -0.409     -0.337   -123.065    123.067      0.548
  1973       -211  pi-                 83  1966  1968     0     0     0     0     -0.117      0.206    -14.034     14.037      0.140
  1974        211  pi+                 83  1966  1968     0     0     0     0      0.620      0.372     -4.164      4.228      0.140
  1975       -213  (rho-)             -83  1966  1968  2287  2288     0     0     -0.132     -0.597     -2.228      2.447      0.807
  1976        211  pi+                 83  1966  1968     0     0     0     0     -0.304      0.002     -4.160      4.174      0.140
  1977        311  (K0)               -84  1966  1968  2289  2289     0     0      0.262      0.369     -0.235      0.712      0.498
  1978       -321  K-                  84  1966  1968     0     0     0     0      0.020     -0.223      2.601      2.657      0.494
  1979        221  (eta)              -84  1966  1968  2533  2535     0     0      0.202      0.008     26.281     26.288      0.548
  1980        211  pi+                 84  1966  1968     0     0     0     0      0.100      0.255      5.420      5.429      0.140
  1981       1114  (Delta-)           -88  1966  1968  2290  2291     0     0      0.810     -0.135    105.675    105.685      1.175
  1982        211  pi+                 84  1966  1968     0     0     0     0     -0.080     -0.190     17.902     17.904      0.140
  1983          2  (u)                -71  1198  1198  1985  2001   175     0      0.541      1.306   -531.387    531.389      0.330
  1984         -1  (dbar)             -71  1312  1312  1985  2001     0   175      0.208     -0.075    311.397    311.397      0.330
  1985        211  pi+                 83  1983  1984     0     0     0     0      0.344      1.544   -454.930    454.933      0.140
  1986       -213  (rho-)             -83  1983  1984  2292  2293     0     0      0.132     -0.751    -36.527     36.541      0.635
  1987        321  K+                  83  1983  1984     0     0     0     0     -0.013      0.654     -8.007      8.049      0.494
  1988       -323  (K*-)              -83  1983  1984  2294  2295     0     0      0.087     -0.200    -14.849     14.892      1.108
  1989        211  pi+                 83  1983  1984     0     0     0     0      0.123      0.043     -4.069      4.074      0.140
  1990       -211  pi-                 83  1983  1984     0     0     0     0     -0.540      0.296    -10.662     10.681      0.140
  1991        113  (rho0)             -83  1983  1984  2296  2297     0     0      0.531     -0.344     -1.451      1.741      0.725
  1992        211  pi+                 83  1983  1984     0     0     0     0     -0.314      0.040      0.554      0.653      0.140
  1993       -213  (rho-)             -83  1983  1984  2298  2299     0     0     -0.198     -0.305     -0.005      0.846      0.763
  1994        221  (eta)              -83  1983  1984  2536  2538     0     0      0.226      0.192      1.462      1.589      0.548
  1995        213  (rho+)             -83  1983  1984  2300  2301     0     0      0.130      0.739      4.442      4.583      0.838
  1996        111  (pi0)              -83  1983  1984  2539  2540     0     0     -0.201     -0.159      3.171      3.184      0.135
  1997       2114  (Delta0)           -83  1983  1984  2302  2303     0     0      0.571     -0.693     10.319     10.439      1.299
  1998        221  (eta)              -83  1983  1984  2541  2543     0     0     -0.154      0.381     44.297     44.302      0.548
  1999      -2112  nbar0               83  1983  1984     0     0     0     0     -0.170     -0.297     41.256     41.269      0.940
  2000       -213  (rho-)             -84  1983  1984  2304  2305     0     0     -0.020      0.047     86.261     86.265      0.858
  2001        211  pi+                 84  1983  1984     0     0     0     0      0.217      0.043    118.747    118.747      0.140
  2002        111  (pi0)              -85  1405  1426  2544  2545     0     0      0.246      0.756   -156.158    156.160      0.135
  2003        421  (D0)               -86  1405  1426  2546  2548     0     0     -0.851     -1.284    -19.104     19.256      1.865
  2004        211  pi+                 86  1405  1426     0     0     0     0     -0.489     -0.944     -5.791      5.890      0.140
  2005       -211  pi-                 86  1405  1426     0     0     0     0      0.389     -0.818     -3.041      3.176      0.140
  2006        111  (pi0)              -86  1405  1426  2549  2550     0     0      0.063      0.206     -7.060      7.065      0.135
  2007        211  pi+                 86  1405  1426     0     0     0     0      0.774     -0.910     -7.204      7.304      0.140
  2008        113  (rho0)             -86  1405  1426  2306  2307     0     0      0.054     -0.015     -4.720      4.790      0.809
  2009       -211  pi-                 86  1405  1426     0     0     0     0      0.044     -0.409     -6.500      6.515      0.140
  2010        211  pi+                 86  1405  1426     0     0     0     0      0.622     -1.094    -18.846     18.889      0.140
  2011       -211  pi-                 86  1405  1426     0     0     0     0      0.504     -0.512     -5.624      5.671      0.140
  2012        111  (pi0)              -86  1405  1426  2551  2552     0     0      0.700     -0.581     -3.858      3.966      0.135
  2013        211  pi+                 86  1405  1426     0     0     0     0      0.174     -0.915     -9.441      9.488      0.140
  2014       -211  pi-                 86  1405  1426     0     0     0     0      0.598     -0.389     -6.931      6.969      0.140
  2015        213  (rho+)             -86  1405  1426  2308  2309     0     0     -0.892     -1.564    -26.727     26.811      1.112
  2016       -211  pi-                 86  1405  1426     0     0     0     0     -0.097     -0.519    -10.484     10.498      0.140
  2017        213  (rho+)             -86  1405  1426  2310  2311     0     0     -0.784     -0.826    -24.603     24.642      0.798
  2018       3112  Sigma-              86  1405  1426     0     0     0     0     -0.912     -2.971    -45.101     45.223      1.197
  2019      -3112  Sigmabar+           86  1405  1426     0     0     0     0     -2.109     -0.948    -28.095     28.215      1.197
  2020        311  (K0)               -86  1405  1426  2312  2312     0     0     -1.380     -1.398    -43.154     43.202      0.498
  2021       -321  K-                  86  1405  1426     0     0     0     0     -0.466     -0.389     -9.086      9.120      0.494
  2022        111  (pi0)              -86  1405  1426  2553  2554     0     0     -0.382     -0.780     -9.902      9.941      0.135
  2023        211  pi+                 86  1405  1426     0     0     0     0     -1.086     -0.394    -44.792     44.807      0.140
  2024       -213  (rho-)             -86  1405  1426  2313  2314     0     0     -0.610     -1.384    -56.525     56.551      0.806
  2025        211  pi+                 86  1405  1426     0     0     0     0      0.001     -0.088     -3.115      3.119      0.140
  2026        111  (pi0)              -86  1405  1426  2555  2556     0     0     -0.042     -0.134     -4.946      4.950      0.135
  2027        221  (eta)              -86  1405  1426  2557  2559     0     0     -0.086     -1.144    -38.484     38.505      0.548
  2028       -211  pi-                 86  1405  1426     0     0     0     0      0.039      0.075    -24.503     24.504      0.140
  2029        111  (pi0)              -86  1405  1426  2560  2561     0     0     -0.099     -0.436    -10.997     11.007      0.135
  2030        213  (rho+)             -86  1405  1426  2315  2316     0     0      0.354     -0.249    -81.520     81.528      1.079
  2031       -211  pi-                 86  1405  1426     0     0     0     0     -0.883     -1.397   -110.023    110.035      0.140
  2032        213  (rho+)             -86  1405  1426  2317  2318     0     0     -0.143     -0.319    -79.226     79.230      0.743
  2033       -211  pi-                 86  1405  1426     0     0     0     0      0.841     -0.036   -101.269    101.272      0.140
  2034        111  (pi0)              -86  1405  1426  2562  2563     0     0     -0.176      0.407    -29.838     29.841      0.135
  2035        113  (rho0)             -86  1405  1426  2319  2320     0     0     -0.120      0.079    -64.026     64.031      0.770
  2036        211  pi+                 86  1405  1426     0     0     0     0      0.113      0.572   -159.630    159.631      0.140
  2037       -211  pi-                 86  1405  1426     0     0     0     0      0.605      0.557   -122.824    122.827      0.140
  2038        113  (rho0)             -86  1405  1426  2321  2322     0     0      0.064      2.423   -315.833    315.845      1.333
  2039        211  pi+                 83  1405  1426     0     0     0     0     -1.788     -0.862     70.879     70.907      0.140
  2040       -211  pi-                 83  1405  1426     0     0     0     0      0.182     -0.135     20.802     20.804      0.140
  2041        111  (pi0)              -83  1405  1426  2564  2565     0     0     -0.010      0.204      1.608      1.627      0.135
  2042       2212  p+                  83  1405  1426     0     0     0     0     -0.403     -0.210      9.218      9.276      0.938
  2043      -2112  nbar0               83  1405  1426     0     0     0     0      0.069     -0.016      9.774      9.819      0.940
  2044       -211  pi-                 83  1405  1426     0     0     0     0     -0.147     -0.312      1.312      1.363      0.140
  2045        331  (eta')             -83  1405  1426  2566  2568     0     0     -0.274      0.352      5.736      5.833      0.958
  2046        213  (rho+)             -83  1405  1426  2323  2324     0     0      0.385      0.010      2.985      3.076      0.635
  2047       -211  pi-                 83  1405  1426     0     0     0     0     -0.186     -0.249      2.158      2.185      0.140
  2048        211  pi+                 84  1405  1426     0     0     0     0     -0.322      0.038     -0.368      0.510      0.140
  2049        113  (rho0)             -84  1405  1426  2325  2326     0     0      0.032      0.237     -1.152      1.821      1.390
  2050        111  (pi0)              -84  1405  1426  2569  2570     0     0     -0.486     -0.432     -0.599      0.894      0.135
  2051        223  (omega)            -84  1405  1426  2571  2573     0     0      0.711      0.265     -1.210      1.629      0.782
  2052        111  (pi0)              -84  1405  1426  2574  2575     0     0     -0.536      0.321    -10.997     11.016      0.135
  2053       -211  pi-                 84  1405  1426     0     0     0     0      0.469     -0.324    -31.676     31.682      0.140
  2054        211  pi+                 84  1405  1426     0     0     0     0     -0.119      0.105     -2.671      2.679      0.140
  2055       -211  pi-                 84  1405  1426     0     0     0     0      0.174      0.031    -13.653     13.655      0.140
  2056       2214  (Delta+)           -88  1405  1426  2327  2328     0     0     -0.384      0.545    -53.238     53.258      1.298
  2057        213  (rho+)             -84  1405  1426  2329  2330     0     0      0.667      0.328   -132.628    132.632      0.832
  2058        310  K_S0                91  1430  1430     0     0     0     0     -0.368      0.396   -216.093    216.095      0.498
  2059        211  pi+                 91  1442     0     0     0     0     0     29.659     43.043     13.981     54.110      0.140
  2060       -211  pi-                 91  1442     0     0     0     0     0      5.324      7.893      2.153      9.762      0.140
  2061        211  pi+                 91  1443     0     0     0     0     0      0.300      0.334      0.046      0.473      0.140
  2062       -211  pi-                 91  1443     0     0     0     0     0      4.564      6.943      2.117      8.576      0.140
  2063        311  (K0)               -91  1452     0  2331  2331     0     0      1.454      0.283      0.717      1.720      0.498
  2064        211  pi+                 91  1452     0     0     0     0     0      0.421     -0.088     -0.067      0.457      0.140
  2065       -321  K-                  91  1453     0     0     0     0     0      3.259     -0.304      0.601      3.364      0.494
  2066        211  pi+                 91  1453     0     0     0     0     0      1.101     -0.287     -0.107      1.152      0.140
  2067        211  pi+                 91  1455     0     0     0     0     0      0.720     -0.147      0.303      0.807      0.140
  2068       -211  pi-                 91  1455     0     0     0     0     0      0.771      0.529     -0.193      0.965      0.140
  2069        311  (K0)               -91  1467     0  2332  2332     0     0     -0.125     -0.152      5.119      5.147      0.498
  2070        211  pi+                 91  1467     0     0     0     0     0      0.367     -0.008      5.043      5.058      0.140
  2071       -311  (Kbar0)            -91  1468     0  2333  2333     0     0      1.575     -0.187     24.016     24.073      0.498
  2072       -211  pi-                 91  1468     0     0     0     0     0      0.619      0.237      7.332      7.363      0.140
  2073       -211  pi-                 91  1471     0     0     0     0     0      0.011     -0.099      3.542      3.546      0.140
  2074        111  (pi0)              -91  1471     0  2576  2577     0     0      0.310      1.717     40.203     40.241      0.135
  2075        311  (K0)               -91  1472     0  2334  2334     0     0      0.685      1.059     43.421     43.443      0.498
  2076        211  pi+                 91  1472     0     0     0     0     0      1.438      0.892     51.540     51.568      0.140
  2077        211  pi+                 91  1482     0     0     0     0     0     -0.514     -0.936      6.312      6.403      0.140
  2078        111  (pi0)              -91  1482     0  2578  2579     0     0      0.134     -0.317      4.669      4.683      0.135
  2079       -211  pi-                 91  1483     0     0     0     0     0     -0.146     -0.885      4.955      5.037      0.140
  2080        111  (pi0)              -91  1483     0  2580  2581     0     0      0.194     -0.703      7.235      7.273      0.135
  2081       -211  pi-                 91  1486     0     0     0     0     0     -0.506      0.121      5.930      5.954      0.140
  2082        111  (pi0)              -91  1486     0  2582  2583     0     0     -0.370     -0.477      4.585      4.626      0.135
  2083       -211  pi-                 91  1488     0     0     0     0     0     -0.672      0.503     11.845     11.875      0.140
  2084        111  (pi0)              -91  1488     0  2584  2585     0     0     -1.050     -0.262     12.701     12.748      0.135
  2085        211  pi+                 91  1490     0     0     0     0     0     -1.543      0.081     21.888     21.943      0.140
  2086        111  (pi0)              -91  1490     0  2586  2587     0     0     -0.089      0.078      1.565      1.576      0.135
  2087       -211  pi-                 91  1491     0     0     0     0     0      0.001     -0.496      6.139      6.160      0.140
  2088        111  (pi0)              -91  1491     0  2588  2589     0     0     -0.277      0.270      6.286      6.300      0.135
  2089       2212  p+                  91  1492     0     0     0     0     0     -1.090     -0.504     42.369     42.396      0.938
  2090        211  pi+                 91  1492     0     0     0     0     0     -0.022     -0.290      8.046      8.052      0.140
  2091        211  pi+                 91  1496     0     0     0     0     0      0.056     -0.037      3.097      3.101      0.140
  2092        111  (pi0)              -91  1496     0  2590  2591     0     0     -0.843     -1.271     19.130     19.191      0.135
  2093        211  pi+                 91  1497     0     0     0     0     0     -4.296     -2.896     57.442     57.676      0.140
  2094       -211  pi-                 91  1497     0     0     0     0     0     -0.798     -1.173     14.303     14.374      0.140
  2095       -321  K-                  91  1505     0     0     0     0     0      0.037      2.200     -2.152      3.118      0.494
  2096        111  (pi0)              -91  1505     0  2592  2593     0     0     -0.031      0.030     -0.093      0.170      0.135
  2097        211  pi+                 91  1506     0     0     0     0     0      0.536      1.756     -1.710      2.513      0.140
  2098        111  (pi0)              -91  1506     0  2594  2595     0     0      1.074      5.309     -7.256      9.056      0.135
  2099        211  pi+                 91  1507     0     0     0     0     0      0.026      0.244     -0.279      0.397      0.140
  2100       -211  pi-                 91  1507     0     0     0     0     0      0.163      0.495     -0.311      0.622      0.140
  2101       -211  pi-                 91  1508     0     0     0     0     0      3.715     30.353    -42.122     52.052      0.140
  2102        111  (pi0)              -91  1508     0  2596  2597     0     0      3.013     19.276    -27.213     33.484      0.135
  2103        211  pi+                 91  1509     0     0     0     0     0      3.005     24.743    -34.818     42.820      0.140
  2104       -211  pi-                 91  1509     0     0     0     0     0      2.581     18.760    -27.421     33.325      0.140
  2105        211  pi+                 91  1512     0     0     0     0     0      1.326     11.093    -15.631     19.214      0.140
  2106        111  (pi0)              -91  1512     0  2598  2599     0     0      4.997     51.358    -70.730     87.552      0.135
  2107        311  (K0)               -91  1513     0  2335  2335     0     0     12.022    120.466   -166.547    205.900      0.498
  2108        111  (pi0)              -91  1513     0  2600  2601     0     0     14.011    135.396   -187.037    231.325      0.135
  2109        311  (K0)               -91  1532     0  2336  2336     0     0     -0.771     -1.151      2.847      3.204      0.498
  2110        111  (pi0)              -91  1532     0  2602  2603     0     0     -1.351     -1.395      3.141      3.695      0.135
  2111       -311  (Kbar0)            -91  1533     0  2337  2337     0     0     -0.130     -0.489      2.372      2.476      0.498
  2112       -211  pi-                 91  1533     0     0     0     0     0     -0.296     -0.399      0.667      0.843      0.140
  2113       -211  pi-                 91  1535     0     0     0     0     0     -1.059     -2.982      8.074      8.674      0.140
  2114        111  (pi0)              -91  1535     0  2604  2605     0     0     -0.138     -0.148      0.363      0.437      0.135
  2115        211  pi+                 91  1538     0     0     0     0     0     -0.224     -0.043      1.103      1.135      0.140
  2116       -211  pi-                 91  1538     0     0     0     0     0     -0.173     -0.559      0.616      0.861      0.140
  2117        211  pi+                 91  1539     0     0     0     0     0     -0.540     -1.132      5.611      5.751      0.140
  2118       -211  pi-                 91  1539     0     0     0     0     0      0.086     -2.505      9.082      9.422      0.140
  2119       -311  (Kbar0)            -91  1545     0  2338  2338     0     0      0.426     -0.768      1.030      1.442      0.498
  2120       -211  pi-                 91  1545     0     0     0     0     0     -0.102     -0.003      0.179      0.249      0.140
  2121        321  K+                  91  1546     0     0     0     0     0     -0.605     -0.786      2.088      2.364      0.494
  2122        111  (pi0)              -91  1546     0  2606  2607     0     0      0.131     -0.280      0.700      0.777      0.135
  2123       -321  K-                  91  1547     0     0     0     0     0     -0.160     -0.625      0.833      1.164      0.494
  2124        111  (pi0)              -91  1547     0  2608  2609     0     0      0.281     -0.098      0.186      0.376      0.135
  2125        211  pi+                 91  1549     0     0     0     0     0      0.097     -0.465     -1.963      2.025      0.140
  2126        111  (pi0)              -91  1549     0  2610  2612     0     0     -0.077      0.063     -0.339      0.379      0.135
  2127        211  pi+                 91  1550     0     0     0     0     0     -0.457     -0.167     -0.538      0.739      0.140
  2128       -211  pi-                 91  1550     0     0     0     0     0     -0.410     -1.393     -2.121      2.574      0.140
  2129       -211  pi-                 91  1551     0     0     0     0     0     -2.124     -1.540     -5.810      6.376      0.140
  2130        111  (pi0)              -91  1551     0  2613  2614     0     0     -0.633     -1.020     -3.934      4.115      0.135
  2131       -321  K-                  91  1563     0     0     0     0     0      0.130      1.378     -3.535      3.828      0.494
  2132        111  (pi0)              -91  1563     0  2615  2616     0     0     -0.181      0.446     -0.551      0.744      0.135
  2133       -211  pi-                 91  1565     0     0     0     0     0      0.095      0.085     -0.125      0.226      0.140
  2134        111  (pi0)              -91  1565     0  2617  2618     0     0     -0.647      0.465     -4.343      4.418      0.135
  2135        311  (K0)               -91  1570     0  2339  2339     0     0     -0.532     -0.252     -1.978      2.123      0.498
  2136        211  pi+                 91  1570     0     0     0     0     0      0.192     -0.278     -0.368      0.519      0.140
  2137        311  (K0)               -91  1587     0  2340  2340     0     0      5.712     55.998    -77.672     95.925      0.498
  2138        211  pi+                 91  1587     0     0     0     0     0      0.889      7.735    -11.074     13.538      0.140
  2139        211  pi+                 91  1590     0     0     0     0     0      2.612     16.714    -24.303     29.612      0.140
  2140        111  (pi0)              -91  1590     0  2619  2620     0     0      0.686      6.590     -8.913     11.106      0.135
  2141        321  K+                  91  1596     0     0     0     0     0      0.151      8.674     -9.924     13.190      0.494
  2142        111  (pi0)              -91  1596     0  2621  2622     0     0     -0.281      2.540     -2.962      3.915      0.135
  2143        211  pi+                 91  1600     0     0     0     0     0     -0.395      0.051     -0.207      0.470      0.140
  2144       -211  pi-                 91  1600     0     0     0     0     0      0.073     -0.195     -0.502      0.561      0.140
  2145      -2212  pbar-               91  1606     0     0     0     0     0      0.417      0.084      8.460      8.522      0.938
  2146        211  pi+                 91  1606     0     0     0     0     0     -0.033     -0.033      0.316      0.348      0.140
  2147        310  K_S0                91  1607  1607     0     0     0     0      0.078     -0.226     52.282     52.285      0.498
  2148        310  K_S0                91  1608  1608     0     0     0     0      0.224      0.245     23.784     23.792      0.498
  2149        310  K_S0                91  1620  1620     0     0     0     0      0.625      0.670      0.377      1.108      0.498
  2150       -311  (Kbar0)            -91  1621     0  2341  2341     0     0      0.180      0.431      0.560      0.883      0.498
  2151       -211  pi-                 91  1621     0     0     0     0     0      0.528      0.061      0.587      0.804      0.140
  2152        211  pi+                 91  1626     0     0     0     0     0     -1.344     -1.311     -0.379      1.920      0.140
  2153       -211  pi-                 91  1626     0     0     0     0     0     -0.206     -0.538     -0.299      0.664      0.140
  2154        321  K+                  91  1631     0     0     0     0     0     -0.544     -1.123     -2.294      2.658      0.494
  2155        111  (pi0)              -91  1631     0  2623  2624     0     0      0.129     -0.145     -0.136      0.273      0.135
  2156        310  K_S0                91  1632  1632     0     0     0     0     -0.968     -4.369     -7.097      8.405      0.498
  2157      -2112  nbar0               91  1649     0     0     0     0     0     -0.034      8.443     23.131     24.642      0.940
  2158        211  pi+                 91  1649     0     0     0     0     0     -0.121      1.125      2.300      2.567      0.140
  2159        310  K_S0                91  1650  1650     0     0     0     0     -0.157      0.632      1.756      1.937      0.498
  2160       -311  (Kbar0)            -91  1651     0  2342  2342     0     0     -0.469      1.864      3.316      3.865      0.498
  2161       -211  pi-                 91  1651     0     0     0     0     0     -0.206      0.241      1.092      1.145      0.140
  2162        130  K_L0                91  1655  1655     0     0     0     0     -1.680      1.783     12.383     12.633      0.498
  2163        211  pi+                 91  1656     0     0     0     0     0      0.015      0.624      1.722      1.837      0.140
  2164       -211  pi-                 91  1656     0     0     0     0     0     -1.494      0.609      7.537      7.709      0.140
  2165       -211  pi-                 91  1660     0     0     0     0     0     -0.168      0.428      8.462      8.476      0.140
  2166        111  (pi0)              -91  1660     0  2625  2626     0     0      0.126      2.570     24.241     24.377      0.135
  2167        211  pi+                 91  1661     0     0     0     0     0     -0.282      1.500     28.674     28.715      0.140
  2168        111  (pi0)              -91  1661     0  2627  2628     0     0      0.651      1.021     11.514     11.578      0.135
  2169        211  pi+                 91  1680     0     0     0     0     0     -0.267      0.740     -7.878      7.918      0.140
  2170        111  (pi0)              -91  1680     0  2629  2630     0     0      0.199      1.690    -11.024     11.155      0.135
  2171        310  K_S0                91  1681  1681     0     0     0     0      0.130      1.442    -22.604     22.656      0.498
  2172       -311  (Kbar0)            -91  1682     0  2343  2343     0     0     -0.017      0.773    -12.361     12.395      0.498
  2173       -211  pi-                 91  1682     0     0     0     0     0      0.382      1.406    -15.219     15.289      0.140
  2174        211  pi+                 91  1683     0     0     0     0     0     -0.179      1.686    -31.139     31.185      0.140
  2175       -211  pi-                 91  1683     0     0     0     0     0     -0.459      0.144     -8.614      8.628      0.140
  2176        211  pi+                 91  1686     0     0     0     0     0     -0.354      0.846    -20.624     20.645      0.140
  2177       -211  pi-                 91  1686     0     0     0     0     0      0.323      0.124    -14.370     14.375      0.140
  2178        211  pi+                 91  1689     0     0     0     0     0     -0.236      0.287    -10.152     10.159      0.140
  2179       -211  pi-                 91  1689     0     0     0     0     0      0.842      0.299    -19.582     19.603      0.140
  2180        211  pi+                 91  1691     0     0     0     0     0      0.275      0.151     -4.398      4.411      0.140
  2181       -211  pi-                 91  1691     0     0     0     0     0      0.560      0.190    -31.872     31.878      0.140
  2182       -211  pi-                 91  1692     0     0     0     0     0      1.838      0.096    -32.464     32.516      0.140
  2183        111  (pi0)              -91  1692     0  2631  2632     0     0      0.184      0.069     -1.364      1.384      0.135
  2184        321  K+                  91  1694     0     0     0     0     0      0.185      0.297     -3.569      3.619      0.494
  2185       -211  pi-                 91  1694     0     0     0     0     0      0.519     -0.092     -2.997      3.047      0.140
  2186        211  pi+                 91  1696     0     0     0     0     0     -0.015      0.191     -2.100      2.113      0.140
  2187        111  (pi0)              -91  1696     0  2633  2635     0     0      0.623      0.449     -1.656      1.830      0.135
  2188        211  pi+                 91  1711     0     0     0     0     0      1.688     -0.864     -2.131      2.856      0.140
  2189        111  (pi0)              -91  1711     0  2636  2637     0     0      0.576      0.052     -0.127      0.607      0.135
  2190        211  pi+                 91  1716     0     0     0     0     0      0.809      0.538     -0.859      1.305      0.140
  2191        111  (pi0)              -91  1716     0  2638  2639     0     0      1.942      3.042     -1.688      3.986      0.135
  2192        211  pi+                 91  1719     0     0     0     0     0     -0.020      0.222      0.025      0.264      0.140
  2193        111  (pi0)              -91  1719     0  2640  2641     0     0     -0.230      0.863     -1.630      1.863      0.135
  2194       -211  pi-                 91  1720     0     0     0     0     0     -0.295      0.231     -0.127      0.419      0.140
  2195        111  (pi0)              -91  1720     0  2642  2643     0     0      0.415      1.059     -1.355      1.774      0.135
  2196        211  pi+                 91  1722     0     0     0     0     0      0.352      0.041     -0.513      0.639      0.140
  2197        111  (pi0)              -91  1722     0  2644  2645     0     0      0.472      0.824     -3.228      3.367      0.135
  2198        211  pi+                 91  1725     0     0     0     0     0      6.763      4.138    -43.048     43.772      0.140
  2199       -211  pi-                 91  1725     0     0     0     0     0      3.092      1.885    -22.075     22.371      0.140
  2200       -321  K-                  91  1739     0     0     0     0     0      2.699      0.238    180.372    180.393      0.494
  2201        211  pi+                 91  1739     0     0     0     0     0      0.291     -0.099     14.343     14.347      0.140
  2202      -3112  Sigmabar+           91  1743     0     0     0     0     0     -0.314      0.298     33.287     33.312      1.197
  2203       -211  pi-                 91  1743     0     0     0     0     0     -0.054     -0.253      9.485      9.489      0.140
  2204       -321  K-                  91  1744     0     0     0     0     0      0.165      0.182      5.050      5.080      0.494
  2205        211  pi+                 91  1744     0     0     0     0     0     -0.089     -0.272      4.304      4.316      0.140
  2206        310  K_S0                91  1749  1749     0     0     0     0     -0.676      0.371      0.826      1.235      0.498
  2207       -211  pi-                 91  1753     0     0     0     0     0     -0.216     -0.092      1.231      1.261      0.140
  2208        111  (pi0)              -91  1753     0  2646  2647     0     0      0.082      0.294      0.138      0.361      0.135
  2209        211  pi+                 91  1754     0     0     0     0     0      0.117      0.033     -0.090      0.206      0.140
  2210        111  (pi0)              -91  1754     0  2648  2649     0     0     -0.345     -0.306      0.757      0.897      0.135
  2211        211  pi+                 91  1781     0     0     0     0     0      0.279     -0.250     -0.926      1.008      0.140
  2212       -211  pi-                 91  1781     0     0     0     0     0     -0.283     -0.086     -0.221      0.395      0.140
  2213       2212  p+                  91  1783     0     0     0     0     0     -0.167      2.019     -1.317      2.592      0.938
  2214        111  (pi0)              -91  1783     0  2650  2651     0     0      0.055      0.091     -0.088      0.193      0.135
  2215        211  pi+                 91  1784     0     0     0     0     0     -0.524      1.927     -1.376      2.429      0.140
  2216       -211  pi-                 91  1784     0     0     0     0     0      0.018      1.169     -0.313      1.219      0.140
  2217        211  pi+                 91  1786     0     0     0     0     0      0.405      1.448     -1.018      1.821      0.140
  2218        111  (pi0)              -91  1786     0  2652  2653     0     0     -0.180      1.696     -0.714      1.854      0.135
  2219       -211  pi-                 91  1787     0     0     0     0     0     -0.548      1.263     -1.288      1.891      0.140
  2220        111  (pi0)              -91  1787     0  2654  2655     0     0     -0.320      0.729     -0.002      0.808      0.135
  2221        211  pi+                 91  1791     0     0     0     0     0     -6.490      1.441     -3.348      7.445      0.140
  2222        111  (pi0)              -91  1791     0  2656  2657     0     0     -1.201      0.426     -0.392      1.340      0.135
  2223       -211  pi-                 91  1793     0     0     0     0     0     -7.172      2.225     -3.768      8.403      0.140
  2224        111  (pi0)              -91  1793     0  2658  2659     0     0     -1.964      0.954     -1.257      2.523      0.135
  2225       2212  p+                  91  1794     0     0     0     0     0    -25.062      6.091    -13.639     29.191      0.938
  2226        111  (pi0)              -91  1794     0  2660  2661     0     0     -5.147      1.943     -2.930      6.235      0.135
  2227      -2212  pbar-               91  1795     0     0     0     0     0    -49.009     14.905    -26.901     57.867      0.938
  2228        211  pi+                 91  1795     0     0     0     0     0     -2.067      0.824     -1.100      2.486      0.140
  2229        211  pi+                 91  1797     0     0     0     0     0    -20.346      6.392    -11.980     24.461      0.140
  2230        111  (pi0)              -91  1797     0  2662  2663     0     0    -33.580      9.641    -20.060     40.286      0.135
  2231        211  pi+                 91  1799     0     0     0     0     0     -5.972      2.173     -3.038      7.046      0.140
  2232        111  (pi0)              -91  1799     0  2664  2665     0     0    -14.888      4.340     -8.836     17.849      0.135
  2233        211  pi+                 91  1805     0     0     0     0     0     -1.982      0.497     -1.574      2.583      0.140
  2234       -211  pi-                 91  1805     0     0     0     0     0     -1.204      0.691     -0.487      1.478      0.140
  2235        211  pi+                 91  1808     0     0     0     0     0     -1.882      1.354     -2.828      3.660      0.140
  2236       -211  pi-                 91  1808     0     0     0     0     0     -0.395      0.069     -0.264      0.500      0.140
  2237        211  pi+                 91  1816     0     0     0     0     0      0.137      0.224     -0.364      0.470      0.140
  2238        111  (pi0)              -91  1816     0  2666  2667     0     0     -0.771      0.119     -1.463      1.663      0.135
  2239       -211  pi-                 91  1817     0     0     0     0     0     -0.073      0.046     -0.680      0.700      0.140
  2240        111  (pi0)              -91  1817     0  2668  2669     0     0     -0.804     -0.327     -0.376      0.955      0.135
  2241        311  (K0)               -91  1819     0  2344  2344     0     0      1.004      2.490     -2.388      3.627      0.498
  2242        111  (pi0)              -91  1819     0  2670  2671     0     0      0.868      0.923     -1.027      1.637      0.135
  2243       2112  n0                  91  1828     0     0     0     0     0      0.344      0.091     -0.526      1.134      0.940
  2244       -211  pi-                 91  1828     0     0     0     0     0     -0.102     -0.042      0.248      0.305      0.140
  2245        211  pi+                 91  1829     0     0     0     0     0      0.616      0.057      0.234      0.676      0.140
  2246        111  (pi0)              -91  1829     0  2672  2673     0     0     -0.248     -0.245      0.032      0.376      0.135
  2247      -2112  nbar0               91  1830     0     0     0     0     0     -0.213      0.027     -1.092      1.457      0.940
  2248       -211  pi-                 91  1830     0     0     0     0     0     -0.159      0.181     -0.700      0.753      0.140
  2249        211  pi+                 91  1831     0     0     0     0     0     -0.156      0.388     -9.024      9.034      0.140
  2250       -211  pi-                 91  1831     0     0     0     0     0     -0.734      0.187     -8.707      8.741      0.140
  2251       -211  pi-                 91  1857     0     0     0     0     0      5.139   -267.807    512.066    577.892      0.140
  2252        111  (pi0)              -91  1857     0  2674  2675     0     0      2.206   -123.733    235.607    266.131      0.135
  2253        211  pi+                 91  1861     0     0     0     0     0      0.023    -33.552     63.528     71.844      0.140
  2254       -211  pi-                 91  1861     0     0     0     0     0      2.603   -141.596    268.942    303.951      0.140
  2255       -211  pi-                 91  1865     0     0     0     0     0      0.491     -5.471      9.867     11.294      0.140
  2256        111  (pi0)              -91  1865     0  2676  2677     0     0      0.252     -3.121      6.826      7.511      0.135
  2257       -311  (Kbar0)            -91  1867     0  2345  2345     0     0      0.823     -5.291     10.988     12.233      0.498
  2258        111  (pi0)              -91  1867     0  2678  2679     0     0      0.104     -2.860      5.214      5.950      0.135
  2259        311  (K0)               -91  1885     0  2346  2346     0     0      0.470     -3.652      6.231      7.255      0.498
  2260        211  pi+                 91  1885     0     0     0     0     0     -0.030     -0.618      0.703      0.947      0.140
  2261        310  K_S0                91  1889  1889     0     0     0     0      3.681    -14.155     22.688     26.998      0.498
  2262       -211  pi-                 91  1890     0     0     0     0     0      0.135     -1.885      3.845      4.287      0.140
  2263        111  (pi0)              -91  1890     0  2680  2681     0     0      0.260     -1.936      2.432      3.122      0.135
  2264       -321  K-                  91  1897     0     0     0     0     0      0.710     -2.392      5.518      6.076      0.494
  2265        211  pi+                 91  1897     0     0     0     0     0      0.350     -2.970      6.366      7.035      0.140
  2266        211  pi+                 91  1928     0     0     0     0     0     -0.043      4.965     -4.806      6.912      0.140
  2267        111  (pi0)              -91  1928     0  2682  2683     0     0      0.287      3.427     -4.091      5.346      0.135
  2268        211  pi+                 91  1929     0     0     0     0     0     -0.010      4.542     -4.334      6.279      0.140
  2269       -211  pi-                 91  1929     0     0     0     0     0      0.661      3.483     -3.527      5.003      0.140
  2270       -311  (Kbar0)            -91  1932     0  2347  2347     0     0      0.701      7.560     -7.350     10.579      0.498
  2271       -211  pi-                 91  1932     0     0     0     0     0     -0.047      1.007     -0.737      1.256      0.140
  2272      -3122  Lambdabar0          91  1943     0     0     0     0     0     -0.790      0.488      0.358      1.495      1.116
  2273       -211  pi-                 91  1943     0     0     0     0     0     -0.192     -0.139     -0.008      0.276      0.140
  2274        311  (K0)               -91  1945     0  2348  2348     0     0      0.394     -0.314      1.450      1.614      0.498
  2275        211  pi+                 91  1945     0     0     0     0     0     -0.198     -0.247      1.141      1.192      0.140
  2276        310  K_S0                91  1946  1946     0     0     0     0     -0.705     -0.199      0.800      1.194      0.498
  2277        311  (K0)               -91  1953     0  2349  2349     0     0     -0.205     -4.878     18.245     18.893      0.498
  2278        111  (pi0)              -91  1953     0  2684  2685     0     0      0.073     -6.985     26.741     27.639      0.135
  2279       -211  pi-                 91  1956     0     0     0     0     0      1.635     -0.913      5.137      5.470      0.140
  2280        111  (pi0)              -91  1956     0  2686  2687     0     0     -0.311     -0.283      0.923      1.023      0.135
  2281       -311  (Kbar0)            -91  1959     0  2350  2350     0     0      0.611      0.410      1.579      1.812      0.498
  2282       -211  pi-                 91  1959     0     0     0     0     0      0.163      0.698      1.257      1.454      0.140
  2283        130  K_L0                91  1962  1962     0     0     0     0      0.233      5.540     12.050     13.274      0.498
  2284        211  pi+                 91  1964     0     0     0     0     0      0.720     13.815     26.758     30.123      0.140
  2285        111  (pi0)              -91  1964     0  2688  2689     0     0      0.640      5.055     10.364     11.550      0.135
  2286        130  K_L0                91  1965  1965     0     0     0     0      1.366     27.038     55.644     61.882      0.498
  2287       -211  pi-                 91  1975     0     0     0     0     0      0.092     -0.496     -2.049      2.114      0.140
  2288        111  (pi0)              -91  1975     0  2690  2691     0     0     -0.224     -0.100     -0.179      0.332      0.135
  2289        130  K_L0                91  1977  1977     0     0     0     0      0.262      0.369     -0.235      0.712      0.498
  2290       2112  n0                  91  1981     0     0     0     0     0      0.625      0.046     78.439     78.447      0.940
  2291       -211  pi-                 91  1981     0     0     0     0     0      0.185     -0.181     27.236     27.238      0.140
  2292       -211  pi-                 91  1986     0     0     0     0     0     -0.112     -0.088     -3.521      3.527      0.140
  2293        111  (pi0)              -91  1986     0  2692  2693     0     0      0.244     -0.663    -33.006     33.014      0.135
  2294       -311  (Kbar0)            -91  1988     0  2351  2351     0     0     -0.220     -0.055    -12.699     12.711      0.498
  2295       -211  pi-                 91  1988     0     0     0     0     0      0.307     -0.145     -2.149      2.180      0.140
  2296        211  pi+                 91  1991     0     0     0     0     0     -0.022     -0.186     -0.909      0.939      0.140
  2297       -211  pi-                 91  1991     0     0     0     0     0      0.553     -0.158     -0.542      0.802      0.140
  2298       -211  pi-                 91  1993     0     0     0     0     0      0.261     -0.056     -0.049      0.305      0.140
  2299        111  (pi0)              -91  1993     0  2694  2695     0     0     -0.459     -0.248      0.044      0.541      0.135
  2300        211  pi+                 91  1995     0     0     0     0     0      0.038     -0.129      0.398      0.442      0.140
  2301        111  (pi0)              -91  1995     0  2696  2697     0     0      0.092      0.868      4.045      4.140      0.135
  2302       2112  n0                  91  1997     0     0     0     0     0      0.381     -0.755      7.143      7.254      0.940
  2303        111  (pi0)              -91  1997     0  2698  2699     0     0      0.189      0.063      3.176      3.185      0.135
  2304       -211  pi-                 91  2000     0     0     0     0     0     -0.123     -0.300     63.695     63.696      0.140
  2305        111  (pi0)              -91  2000     0  2700  2701     0     0      0.103      0.347     22.565     22.569      0.135
  2306        211  pi+                 91  2008     0     0     0     0     0      0.119      0.154     -0.425      0.488      0.140
  2307       -211  pi-                 91  2008     0     0     0     0     0     -0.065     -0.170     -4.296      4.302      0.140
  2308        211  pi+                 91  2015     0     0     0     0     0     -0.399     -1.016     -8.881      8.948      0.140
  2309        111  (pi0)              -91  2015     0  2702  2704     0     0     -0.493     -0.548    -17.847     17.863      0.135
  2310        211  pi+                 91  2017     0     0     0     0     0     -0.602     -0.945    -19.050     19.084      0.140
  2311        111  (pi0)              -91  2017     0  2705  2706     0     0     -0.182      0.118     -5.552      5.558      0.135
  2312        130  K_L0                91  2020  2020     0     0     0     0     -1.380     -1.398    -43.154     43.202      0.498
  2313       -211  pi-                 91  2024     0     0     0     0     0     -0.366     -0.513    -12.657     12.673      0.140
  2314        111  (pi0)              -91  2024     0  2707  2708     0     0     -0.244     -0.871    -43.868     43.878      0.135
  2315        211  pi+                 91  2030     0     0     0     0     0      0.589      0.074    -65.189     65.192      0.140
  2316        111  (pi0)              -91  2030     0  2709  2710     0     0     -0.235     -0.323    -16.331     16.336      0.135
  2317        211  pi+                 91  2032     0     0     0     0     0      0.219      0.062    -20.437     20.439      0.140
  2318        111  (pi0)              -91  2032     0  2711  2712     0     0     -0.362     -0.381    -58.789     58.791      0.135
  2319        211  pi+                 91  2035     0     0     0     0     0      0.176      0.261    -43.565     43.567      0.140
  2320       -211  pi-                 91  2035     0     0     0     0     0     -0.296     -0.182    -20.461     20.464      0.140
  2321        211  pi+                 91  2038     0     0     0     0     0      0.408      0.839    -65.047     65.053      0.140
  2322       -211  pi-                 91  2038     0     0     0     0     0     -0.344      1.584   -250.786    250.792      0.140
  2323        211  pi+                 91  2046     0     0     0     0     0      0.245     -0.025      0.439      0.522      0.140
  2324        111  (pi0)              -91  2046     0  2713  2714     0     0      0.140      0.035      2.546      2.554      0.135
  2325        211  pi+                 91  2049     0     0     0     0     0      0.673      0.138     -0.361      0.789      0.140
  2326       -211  pi-                 91  2049     0     0     0     0     0     -0.642      0.100     -0.791      1.032      0.140
  2327       2112  n0                  91  2056     0     0     0     0     0     -0.143      0.637    -38.218     38.235      0.940
  2328        211  pi+                 91  2056     0     0     0     0     0     -0.241     -0.092    -15.019     15.022      0.140
  2329        211  pi+                 91  2057     0     0     0     0     0      0.636      0.354    -60.328     60.332      0.140
  2330        111  (pi0)              -91  2057     0  2715  2716     0     0      0.031     -0.026    -72.300     72.300      0.135
  2331        130  K_L0                91  2063  2063     0     0     0     0      1.454      0.283      0.717      1.720      0.498
  2332        130  K_L0                91  2069  2069     0     0     0     0     -0.125     -0.152      5.119      5.147      0.498
  2333        130  K_L0                91  2071  2071     0     0     0     0      1.575     -0.187     24.016     24.073      0.498
  2334        310  K_S0                91  2075  2075     0     0     0     0      0.685      1.059     43.421     43.443      0.498
  2335        310  K_S0                91  2107  2107     0     0     0     0     12.022    120.466   -166.547    205.900      0.498
  2336        310  K_S0                91  2109  2109     0     0     0     0     -0.771     -1.151      2.847      3.204      0.498
  2337        310  K_S0                91  2111  2111     0     0     0     0     -0.130     -0.489      2.372      2.476      0.498
  2338        310  K_S0                91  2119  2119     0     0     0     0      0.426     -0.768      1.030      1.442      0.498
  2339        130  K_L0                91  2135  2135     0     0     0     0     -0.532     -0.252     -1.978      2.123      0.498
  2340        130  K_L0                91  2137  2137     0     0     0     0      5.712     55.998    -77.672     95.925      0.498
  2341        310  K_S0                91  2150  2150     0     0     0     0      0.180      0.431      0.560      0.883      0.498
  2342        130  K_L0                91  2160  2160     0     0     0     0     -0.469      1.864      3.316      3.865      0.498
  2343        130  K_L0                91  2172  2172     0     0     0     0     -0.017      0.773    -12.361     12.395      0.498
  2344        310  K_S0                91  2241  2241     0     0     0     0      1.004      2.490     -2.388      3.627      0.498
  2345        130  K_L0                91  2257  2257     0     0     0     0      0.823     -5.291     10.988     12.233      0.498
  2346        310  K_S0                91  2259  2259     0     0     0     0      0.470     -3.652      6.231      7.255      0.498
  2347        310  K_S0                91  2270  2270     0     0     0     0      0.701      7.560     -7.350     10.579      0.498
  2348        130  K_L0                91  2274  2274     0     0     0     0      0.394     -0.314      1.450      1.614      0.498
  2349        310  K_S0                91  2277  2277     0     0     0     0     -0.205     -4.878     18.245     18.893      0.498
  2350        130  K_L0                91  2281  2281     0     0     0     0      0.611      0.410      1.579      1.812      0.498
  2351        310  K_S0                91  2294  2294     0     0     0     0     -0.220     -0.055    -12.699     12.711      0.498
  2352         22  gamma               91  1429     0     0     0     0     0      0.096     -0.007    -51.511     51.511      0.000
  2353         22  gamma               91  1429     0     0     0     0     0      0.275     -0.225   -284.589    284.589      0.000
  2354        111  (pi0)              -91  1433     0  2717  2718     0     0     -0.177      0.032   -129.938    129.938      0.135
  2355        111  (pi0)              -91  1433     0  2719  2720     0     0     -0.270      0.322   -205.195    205.195      0.135
  2356        111  (pi0)              -91  1433     0  2721  2722     0     0     -0.044      0.207   -100.196    100.197      0.135
  2357         22  gamma               91  1444     0     0     0     0     0      2.395      3.514      1.129      4.400      0.000
  2358         22  gamma               91  1444     0     0     0     0     0      7.345     10.480      3.229     13.199      0.000
  2359        211  pi+                 91  1445     0     0     0     0     0      0.622      0.725     -0.021      0.966      0.140
  2360       -211  pi-                 91  1445     0     0     0     0     0      1.657      1.606      0.410      2.348      0.140
  2361        111  (pi0)              -91  1445     0  2723  2724     0     0      2.522      3.093      0.650      4.045      0.135
  2362        211  pi+                 91  1451     0     0     0     0     0      2.155     -0.580     -0.083      2.238      0.140
  2363       -211  pi-                 91  1451     0     0     0     0     0      1.463      0.056     -0.104      1.474      0.140
  2364        111  (pi0)              -91  1451     0  2725  2726     0     0      0.748     -0.166      0.050      0.780      0.135
  2365        211  pi+                 91  1456     0     0     0     0     0      0.702      0.701      0.067      1.004      0.140
  2366       -211  pi-                 91  1456     0     0     0     0     0      0.469      0.517      0.055      0.714      0.140
  2367        111  (pi0)              -91  1456     0  2727  2728     0     0      0.596      0.964     -0.065      1.143      0.135
  2368        421  (D0)               -91  1466     0  2729  2730     0     0      2.296      0.155     35.918     36.040      1.865
  2369        111  (pi0)              -91  1466     0  2731  2732     0     0      0.152     -0.020      2.135      2.145      0.135
  2370        211  pi+                 91  1469     0     0     0     0     0      0.599      0.274      9.615      9.639      0.140
  2371       -211  pi-                 91  1469     0     0     0     0     0      1.679      0.212     28.879     28.929      0.140
  2372        111  (pi0)              -91  1469     0  2733  2734     0     0      0.444      0.050      4.902      4.925      0.135
  2373         22  gamma               91  1485     0     0     0     0     0     -0.094     -0.146      0.620      0.644      0.000
  2374         22  gamma               91  1485     0     0     0     0     0     -0.034     -0.197      1.308      1.323      0.000
  2375         22  gamma               91  1489     0     0     0     0     0      0.039      0.036      4.983      4.984      0.000
  2376         22  gamma               91  1489     0     0     0     0     0     -0.108      0.074     19.189     19.189      0.000
  2377        211  pi+                 91  1528     0     0     0     0     0     -0.418     -5.876      9.723     11.369      0.140
  2378       -211  pi-                 91  1528     0     0     0     0     0     -0.068     -0.603      0.996      1.175      0.140
  2379        111  (pi0)              -91  1528     0  2735  2736     0     0     -0.619     -3.970      6.570      7.702      0.135
  2380         22  gamma               91  1531     0     0     0     0     0     -0.089     -0.822      0.828      1.170      0.000
  2381         22  gamma               91  1531     0     0     0     0     0     -0.692     -3.731      3.829      5.390      0.000
  2382         22  gamma               91  1536     0     0     0     0     0      0.079     -0.245      0.724      0.769      0.000
  2383         22  gamma               91  1536     0     0     0     0     0      0.018     -0.502      1.846      1.913      0.000
  2384         22  gamma               91  1537     0     0     0     0     0     -0.497     -1.436      6.987      7.151      0.000
  2385         22  gamma               91  1537     0     0     0     0     0     -0.188     -0.357      1.703      1.750      0.000
  2386        321  K+                  91  1544     0     0     0     0     0      0.128     -1.714      3.833      4.230      0.494
  2387       -321  K-                  91  1544     0     0     0     0     0      0.189     -1.068      2.372      2.654      0.494
  2388        111  (pi0)              -91  1548     0  2737  2738     0     0      0.083     -0.202     -0.188      0.318      0.135
  2389        111  (pi0)              -91  1548     0  2739  2740     0     0     -0.014     -0.029     -0.392      0.416      0.135
  2390        111  (pi0)              -91  1548     0  2741  2742     0     0      0.022     -0.162     -0.490      0.534      0.135
  2391         22  gamma               91  1577     0     0     0     0     0      0.654      3.952     -4.756      6.218      0.000
  2392         22  gamma               91  1577     0     0     0     0     0      0.888      9.847    -11.048     14.826      0.000
  2393        211  pi+                 91  1597     0     0     0     0     0     -0.214      0.473     -0.555      0.772      0.140
  2394       -211  pi-                 91  1597     0     0     0     0     0     -0.055      0.703     -0.712      1.012      0.140
  2395        221  (eta)              -91  1597     0  2743  2745     0     0     -0.096      2.386     -2.386      3.420      0.548
  2396        211  pi+                 91  1605     0     0     0     0     0     -0.214     -0.180      1.318      1.354      0.140
  2397       -211  pi-                 91  1605     0     0     0     0     0      0.066      0.101      0.602      0.629      0.140
  2398        111  (pi0)              -91  1605     0  2746  2747     0     0     -0.164      0.290      1.545      1.586      0.135
  2399         22  gamma               91  1618     0     0     0     0     0      1.216      1.441      1.029      2.148      0.000
  2400         22  gamma               91  1618     0     0     0     0     0      0.794      0.946      0.552      1.353      0.000
  2401        111  (pi0)              -91  1623     0  2748  2749     0     0      0.036      0.067      0.221      0.270      0.135
  2402        111  (pi0)              -91  1623     0  2750  2751     0     0      0.205      0.047      0.091      0.266      0.135
  2403        111  (pi0)              -91  1623     0  2752  2753     0     0      0.021     -0.092      0.056      0.174      0.135
  2404         22  gamma               91  1624     0     0     0     0     0     -0.420     -0.325     -0.221      0.575      0.000
  2405         22  gamma               91  1624     0     0     0     0     0     -0.011      0.011      0.004      0.016      0.000
  2406        211  pi+                 91  1627     0     0     0     0     0     -0.399     -2.083     -0.807      2.273      0.140
  2407       -211  pi-                 91  1627     0     0     0     0     0     -0.494     -1.356     -0.388      1.501      0.140
  2408        111  (pi0)              -91  1627     0  2754  2755     0     0     -0.017     -0.155     -0.078      0.221      0.135
  2409         22  gamma               91  1630     0     0     0     0     0     -0.018     -0.119     -0.072      0.140      0.000
  2410         22  gamma               91  1630     0     0     0     0     0      0.075     -1.606     -1.429      2.151      0.000
  2411         22  gamma               91  1633     0     0     0     0     0      0.011     -0.910     -1.442      1.705      0.000
  2412         22  gamma               91  1633     0     0     0     0     0     -0.018     -0.673     -0.870      1.100      0.000
  2413         22  gamma               91  1634     0     0     0     0     0     -0.306     -0.373     -0.509      0.701      0.000
  2414         22  gamma               91  1634     0     0     0     0     0     -0.059     -0.016     -0.027      0.067      0.000
  2415       3122  Lambda0             91  1647     0     0     0     0     0      0.466     14.495     34.269     37.228      1.116
  2416         22  gamma               91  1647     0     0     0     0     0      0.003      0.016      0.013      0.021      0.000
  2417         22  gamma               91  1659     0     0     0     0     0     -0.145      0.128      1.504      1.517      0.000
  2418         22  gamma               91  1659     0     0     0     0     0     -0.746      0.863     11.437     11.493      0.000
  2419        321  K+                  91  1663     0     0     0     0     0      1.551      1.770     19.244     19.393      0.494
  2420       -211  pi-                 91  1663     0     0     0     0     0      0.629     -0.384      8.356      8.389      0.140
  2421         22  gamma               91  1685     0     0     0     0     0     -0.024      0.043     -4.794      4.794      0.000
  2422         22  gamma               91  1685     0     0     0     0     0     -0.424      0.358    -26.425     26.431      0.000
  2423        111  (pi0)              -91  1687     0  2756  2757     0     0     -0.387      0.165    -12.568     12.575      0.135
  2424         22  gamma               91  1687     0     0     0     0     0      0.210      0.208     -2.380      2.399      0.000
  2425         22  gamma               91  1688     0     0     0     0     0      0.387      0.146    -31.795     31.798      0.000
  2426         22  gamma               91  1688     0     0     0     0     0      0.347      0.098    -19.802     19.805      0.000
  2427        211  pi+                 91  1690     0     0     0     0     0     -0.045     -0.027     -1.613      1.620      0.140
  2428       -211  pi-                 91  1690     0     0     0     0     0      0.585      0.021    -12.796     12.810      0.140
  2429        111  (pi0)              -91  1690     0  2758  2759     0     0      0.107     -0.167     -3.060      3.069      0.135
  2430         22  gamma               91  1697     0     0     0     0     0      0.451      0.318     -1.380      1.486      0.000
  2431         22  gamma               91  1697     0     0     0     0     0      1.390      0.830     -2.112      2.661      0.000
  2432       -421  (Dbar0)            -91  1701     0  2760  2762     0     0      0.587      5.020    -22.882     23.508      1.865
  2433       -211  pi-                 91  1701     0     0     0     0     0      0.078      0.494     -2.159      2.221      0.140
  2434         22  gamma               91  1709     0     0     0     0     0      1.091      0.028     -1.189      1.614      0.000
  2435         22  gamma               91  1709     0     0     0     0     0      0.040     -0.028      0.059      0.076      0.000
  2436        211  pi+                 91  1712     0     0     0     0     0      0.539      0.136     -0.293      0.644      0.140
  2437       -211  pi-                 91  1712     0     0     0     0     0      0.130      0.078      0.007      0.206      0.140
  2438        111  (pi0)              -91  1712     0  2763  2764     0     0      0.247     -0.028     -0.117      0.307      0.135
  2439        211  pi+                 91  1718     0     0     0     0     0      0.166      0.847     -0.453      0.984      0.140
  2440       -211  pi-                 91  1718     0     0     0     0     0     -0.001      0.642     -0.046      0.659      0.140
  2441        111  (pi0)              -91  1718     0  2765  2766     0     0      0.415      1.136     -0.684      1.396      0.135
  2442        211  pi+                 91  1721     0     0     0     0     0      0.360      0.178     -1.003      1.089      0.140
  2443       -211  pi-                 91  1721     0     0     0     0     0     -0.080      0.058     -0.247      0.300      0.140
  2444        111  (pi0)              -91  1721     0  2767  2768     0     0     -0.037      0.315     -0.375      0.509      0.135
  2445         22  gamma               91  1727     0     0     0     0     0      1.181      0.904     -8.112      8.247      0.000
  2446         22  gamma               91  1727     0     0     0     0     0      1.514      1.024     -9.401      9.577      0.000
  2447         22  gamma               91  1742     0     0     0     0     0     -0.007     -0.006      0.948      0.948      0.000
  2448         22  gamma               91  1742     0     0     0     0     0     -0.560      0.338     19.904     19.914      0.000
  2449        211  pi+                 91  1752     0     0     0     0     0      0.281      0.018      7.240      7.246      0.140
  2450       -211  pi-                 91  1752     0     0     0     0     0      0.020      0.190      4.235      4.242      0.140
  2451        111  (pi0)              -91  1752     0  2769  2770     0     0      0.139     -0.251      4.054      4.066      0.135
  2452         22  gamma               91  1758     0     0     0     0     0     -0.013     -0.217     -2.672      2.681      0.000
  2453         22  gamma               91  1758     0     0     0     0     0     -0.036     -0.345     -6.922      6.931      0.000
  2454         22  gamma               91  1759     0     0     0     0     0      0.162      0.054     -9.264      9.265      0.000
  2455         22  gamma               91  1759     0     0     0     0     0      0.612      0.112    -22.971     22.980      0.000
  2456        111  (pi0)              -91  1760     0  2771  2772     0     0     -0.530      0.454    -34.787     34.794      0.135
  2457         22  gamma               91  1760     0     0     0     0     0     -0.091     -0.232     -5.325      5.330      0.000
  2458         22  gamma               91  1780     0     0     0     0     0      0.005      0.247     -0.331      0.413      0.000
  2459         22  gamma               91  1780     0     0     0     0     0     -0.124      0.298     -0.315      0.451      0.000
  2460         22  gamma               91  1782     0     0     0     0     0     -0.398      1.703     -1.565      2.346      0.000
  2461         22  gamma               91  1782     0     0     0     0     0     -0.037      0.430     -0.420      0.602      0.000
  2462        211  pi+                 91  1790     0     0     0     0     0     -3.570      0.856     -1.871      4.123      0.140
  2463       -211  pi-                 91  1790     0     0     0     0     0     -1.170      0.350     -0.510      1.331      0.140
  2464        111  (pi0)              -91  1790     0  2773  2774     0     0     -2.092      0.487     -0.943      2.350      0.135
  2465         22  gamma               91  1792     0     0     0     0     0     -2.012      0.785     -1.139      2.441      0.000
  2466         22  gamma               91  1792     0     0     0     0     0     -1.503      0.543     -0.721      1.753      0.000
  2467        211  pi+                 91  1800     0     0     0     0     0    -25.173      7.057    -14.582     29.935      0.140
  2468       -211  pi-                 91  1800     0     0     0     0     0    -18.078      4.844    -10.684     21.551      0.140
  2469        111  (pi0)              -91  1800     0  2775  2776     0     0     -3.786      1.133     -2.172      4.512      0.135
  2470        211  pi+                 91  1801     0     0     0     0     0     -3.740      1.252     -2.354      4.596      0.140
  2471       -211  pi-                 91  1801     0     0     0     0     0     -2.241      0.664     -1.059      2.570      0.140
  2472        111  (pi0)              -91  1801     0  2777  2778     0     0     -1.128      0.415     -0.884      1.498      0.135
  2473         22  gamma               91  1803     0     0     0     0     0     -1.264      0.290     -1.621      2.076      0.000
  2474         11  e-                  91  1803     0     0     0     0     0     -0.185      0.076     -0.227      0.303      0.001
  2475        -11  e+                  91  1803     0     0     0     0     0     -0.127      0.052     -0.204      0.246      0.001
  2476         22  gamma               91  1809     0     0     0     0     0     -0.108      0.029     -0.097      0.148      0.000
  2477         22  gamma               91  1809     0     0     0     0     0     -1.383      0.897     -1.562      2.271      0.000
  2478         22  gamma               91  1810     0     0     0     0     0     -0.091     -0.020      0.023      0.096      0.000
  2479         22  gamma               91  1810     0     0     0     0     0     -0.442     -0.039     -0.179      0.478      0.000
  2480         22  gamma               91  1825     0     0     0     0     0      0.468     -0.380     34.710     34.715      0.000
  2481         22  gamma               91  1825     0     0     0     0     0      0.318     -0.191     16.663     16.667      0.000
  2482         22  gamma               91  1860     0     0     0     0     0      2.670   -116.576    221.114    249.977      0.000
  2483         22  gamma               91  1860     0     0     0     0     0      0.939    -41.678     79.221     89.521      0.000
  2484         22  gamma               91  1862     0     0     0     0     0      1.109    -13.670     26.276     29.640      0.000
  2485         22  gamma               91  1862     0     0     0     0     0      0.239     -3.035      5.970      6.701      0.000
  2486        211  pi+                 91  1863     0     0     0     0     0     -0.061     -7.185     13.564     15.351      0.140
  2487       -211  pi-                 91  1863     0     0     0     0     0      0.384     -9.514     18.266     20.600      0.140
  2488        111  (pi0)              -91  1863     0  2779  2780     0     0      0.043     -8.164     16.295     18.227      0.135
  2489        111  (pi0)              -91  1864     0  2781  2782     0     0      0.094     -1.615      2.875      3.301      0.135
  2490        111  (pi0)              -91  1864     0  2783  2784     0     0      0.169     -3.328      6.149      6.995      0.135
  2491        111  (pi0)              -91  1864     0  2785  2787     0     0      0.249     -1.860      3.144      3.664      0.135
  2492         22  gamma               91  1873     0     0     0     0     0     -0.033     -0.392      0.734      0.833      0.000
  2493         22  gamma               91  1873     0     0     0     0     0     -0.009     -0.612      0.834      1.035      0.000
  2494        211  pi+                 91  1877     0     0     0     0     0      3.784     -5.672     13.426     15.059      0.140
  2495       -211  pi-                 91  1877     0     0     0     0     0      1.851     -3.728      7.769      8.815      0.140
  2496         22  gamma               91  1879     0     0     0     0     0      0.611     -2.087      3.429      4.061      0.000
  2497         22  gamma               91  1879     0     0     0     0     0      0.387     -1.758      2.827      3.351      0.000
  2498         22  gamma               91  1880     0     0     0     0     0      1.574     -4.595      7.801      9.190      0.000
  2499         22  gamma               91  1880     0     0     0     0     0      0.370     -1.079      1.959      2.267      0.000
  2500         22  gamma               91  1881     0     0     0     0     0     -0.224     -0.613      0.835      1.060      0.000
  2501         22  gamma               91  1881     0     0     0     0     0      0.264     -0.450      1.057      1.179      0.000
  2502         22  gamma               91  1883     0     0     0     0     0      0.554     -1.221      1.999      2.407      0.000
  2503         22  gamma               91  1883     0     0     0     0     0      0.047     -0.242      0.358      0.435      0.000
  2504         22  gamma               91  1887     0     0     0     0     0      4.987    -25.292     41.690     49.016      0.000
  2505         22  gamma               91  1887     0     0     0     0     0      0.421     -2.048      3.316      3.921      0.000
  2506         22  gamma               91  1925     0     0     0     0     0      0.004      0.121     -0.110      0.164      0.000
  2507         22  gamma               91  1925     0     0     0     0     0      0.759      5.309     -5.812      7.909      0.000
  2508         22  gamma               91  1934     0     0     0     0     0     -0.267      1.027     -0.864      1.369      0.000
  2509         22  gamma               91  1934     0     0     0     0     0     -0.681      2.597     -1.917      3.299      0.000
  2510         22  gamma               91  1939     0     0     0     0     0     -0.036     -0.052     -0.105      0.122      0.000
  2511         22  gamma               91  1939     0     0     0     0     0     -0.210      0.053     -0.436      0.486      0.000
  2512         22  gamma               91  1948     0     0     0     0     0     -0.102     -0.242      1.582      1.604      0.000
  2513         22  gamma               91  1948     0     0     0     0     0     -0.017     -0.386      1.835      1.875      0.000
  2514        211  pi+                 91  1949     0     0     0     0     0      0.111     -1.425      4.765      4.976      0.140
  2515       -211  pi-                 91  1949     0     0     0     0     0     -0.105     -0.182      1.002      1.034      0.140
  2516        111  (pi0)              -91  1949     0  2788  2789     0     0     -0.071     -0.609      1.433      1.565      0.135
  2517         22  gamma               91  1950     0     0     0     0     0      0.032     -1.198      5.029      5.170      0.000
  2518         22  gamma               91  1950     0     0     0     0     0     -0.027     -0.702      2.571      2.665      0.000
  2519         22  gamma               91  1951     0     0     0     0     0     -0.251     -1.588      6.603      6.796      0.000
  2520         22  gamma               91  1951     0     0     0     0     0     -0.153     -1.095      4.096      4.243      0.000
  2521         22  gamma               91  1957     0     0     0     0     0      0.607     -0.902      3.660      3.818      0.000
  2522         22  gamma               91  1957     0     0     0     0     0      0.114     -0.084      0.493      0.512      0.000
  2523         22  gamma               91  1969     0     0     0     0     0      0.340     -0.278     22.106     22.110      0.000
  2524         22  gamma               91  1969     0     0     0     0     0      0.488     -0.353     23.491     23.499      0.000
  2525         22  gamma               91  1970     0     0     0     0     0     -0.009     -0.216     86.870     86.870      0.000
  2526         22  gamma               91  1970     0     0     0     0     0      0.064     -0.038     22.557     22.557      0.000
  2527        211  pi+                 91  1971     0     0     0     0     0      0.123     -0.036     27.695     27.696      0.140
  2528       -211  pi-                 91  1971     0     0     0     0     0      0.159      0.079      8.899      8.902      0.140
  2529        111  (pi0)              -91  1971     0  2790  2791     0     0      0.003     -0.286     12.216     12.220      0.135
  2530        111  (pi0)              -91  1972     0  2792  2793     0     0     -0.090     -0.242    -37.889     37.890      0.135
  2531        111  (pi0)              -91  1972     0  2794  2795     0     0     -0.229     -0.123    -49.743     49.744      0.135
  2532        111  (pi0)              -91  1972     0  2796  2797     0     0     -0.090      0.027    -35.433     35.433      0.135
  2533        111  (pi0)              -91  1979     0  2798  2799     0     0     -0.003      0.082      9.894      9.896      0.135
  2534        111  (pi0)              -91  1979     0  2800  2801     0     0      0.056     -0.140      8.271      8.273      0.135
  2535        111  (pi0)              -91  1979     0  2802  2803     0     0      0.149      0.066      8.116      8.119      0.135
  2536        111  (pi0)              -91  1994     0  2804  2805     0     0      0.003      0.024      0.149      0.202      0.135
  2537        111  (pi0)              -91  1994     0  2806  2807     0     0     -0.000      0.036      0.278      0.311      0.135
  2538        111  (pi0)              -91  1994     0  2808  2809     0     0      0.223      0.132      1.035      1.075      0.135
  2539         22  gamma               91  1996     0     0     0     0     0     -0.044     -0.078      0.550      0.557      0.000
  2540         22  gamma               91  1996     0     0     0     0     0     -0.157     -0.081      2.621      2.627      0.000
  2541        111  (pi0)              -91  1998     0  2810  2811     0     0     -0.062      0.063     19.934     19.934      0.135
  2542        111  (pi0)              -91  1998     0  2812  2813     0     0      0.053      0.135     12.574     12.575      0.135
  2543        111  (pi0)              -91  1998     0  2814  2815     0     0     -0.145      0.182     11.789     11.793      0.135
  2544         22  gamma               91  2002     0     0     0     0     0      0.081      0.417    -90.992     90.993      0.000
  2545         22  gamma               91  2002     0     0     0     0     0      0.165      0.339    -65.166     65.167      0.000
  2546       -321  K-                  91  2003     0     0     0     0     0     -0.771     -0.814     -5.605      5.737      0.494
  2547        211  pi+                 91  2003     0     0     0     0     0     -0.116     -0.512    -12.212     12.224      0.140
  2548        111  (pi0)              -91  2003     0  2816  2817     0     0      0.036      0.041     -1.287      1.295      0.135
  2549         22  gamma               91  2006     0     0     0     0     0      0.041      0.003     -2.072      2.072      0.000
  2550         22  gamma               91  2006     0     0     0     0     0      0.022      0.203     -4.989      4.993      0.000
  2551         22  gamma               91  2012     0     0     0     0     0      0.130     -0.076     -0.847      0.861      0.000
  2552         22  gamma               91  2012     0     0     0     0     0      0.570     -0.505     -3.011      3.106      0.000
  2553         22  gamma               91  2022     0     0     0     0     0     -0.211     -0.527     -5.865      5.892      0.000
  2554         22  gamma               91  2022     0     0     0     0     0     -0.171     -0.254     -4.037      4.048      0.000
  2555         22  gamma               91  2026     0     0     0     0     0     -0.005     -0.039     -3.495      3.496      0.000
  2556         22  gamma               91  2026     0     0     0     0     0     -0.037     -0.096     -1.451      1.454      0.000
  2557        111  (pi0)              -91  2027     0  2818  2819     0     0     -0.160     -0.295    -12.735     12.740      0.135
  2558        111  (pi0)              -91  2027     0  2820  2821     0     0      0.026     -0.225     -7.516      7.520      0.135
  2559        111  (pi0)              -91  2027     0  2822  2823     0     0      0.048     -0.624    -18.234     18.245      0.135
  2560         22  gamma               91  2029     0     0     0     0     0     -0.022     -0.342     -7.559      7.567      0.000
  2561         22  gamma               91  2029     0     0     0     0     0     -0.077     -0.094     -3.438      3.441      0.000
  2562         22  gamma               91  2034     0     0     0     0     0      0.003      0.083     -8.348      8.349      0.000
  2563         22  gamma               91  2034     0     0     0     0     0     -0.179      0.323    -21.490     21.493      0.000
  2564         22  gamma               91  2041     0     0     0     0     0      0.010      0.102      1.235      1.239      0.000
  2565         22  gamma               91  2041     0     0     0     0     0     -0.019      0.103      0.373      0.387      0.000
  2566        211  pi+                 91  2045     0     0     0     0     0      0.028      0.138      1.531      1.543      0.140
  2567       -211  pi-                 91  2045     0     0     0     0     0     -0.214      0.026      1.192      1.219      0.140
  2568        221  (eta)              -91  2045     0  2824  2826     0     0     -0.089      0.188      3.014      3.070      0.548
  2569         22  gamma               91  2050     0     0     0     0     0     -0.337     -0.316     -0.339      0.573      0.000
  2570         22  gamma               91  2050     0     0     0     0     0     -0.149     -0.115     -0.259      0.321      0.000
  2571        211  pi+                 91  2051     0     0     0     0     0      0.157     -0.070     -0.272      0.350      0.140
  2572       -211  pi-                 91  2051     0     0     0     0     0     -0.011     -0.045     -0.061      0.159      0.140
  2573        111  (pi0)              -91  2051     0  2827  2828     0     0      0.565      0.380     -0.878      1.119      0.135
  2574         22  gamma               91  2052     0     0     0     0     0     -0.421      0.259     -9.503      9.516      0.000
  2575         22  gamma               91  2052     0     0     0     0     0     -0.116      0.062     -1.494      1.500      0.000
  2576         22  gamma               91  2074     0     0     0     0     0      0.004      0.310      7.323      7.329      0.000
  2577         22  gamma               91  2074     0     0     0     0     0      0.306      1.407     32.880     32.911      0.000
  2578         22  gamma               91  2078     0     0     0     0     0      0.143     -0.324      4.617      4.631      0.000
  2579         22  gamma               91  2078     0     0     0     0     0     -0.008      0.007      0.051      0.052      0.000
  2580         22  gamma               91  2080     0     0     0     0     0      0.111     -0.324      4.034      4.048      0.000
  2581         22  gamma               91  2080     0     0     0     0     0      0.083     -0.378      3.201      3.224      0.000
  2582         22  gamma               91  2082     0     0     0     0     0     -0.286     -0.302      3.458      3.483      0.000
  2583         22  gamma               91  2082     0     0     0     0     0     -0.084     -0.175      1.127      1.143      0.000
  2584         22  gamma               91  2084     0     0     0     0     0     -0.027     -0.024      0.263      0.266      0.000
  2585         22  gamma               91  2084     0     0     0     0     0     -1.023     -0.238     12.438     12.482      0.000
  2586         22  gamma               91  2086     0     0     0     0     0     -0.064      0.015      0.252      0.261      0.000
  2587         22  gamma               91  2086     0     0     0     0     0     -0.025      0.063      1.313      1.315      0.000
  2588         22  gamma               91  2088     0     0     0     0     0     -0.205      0.199      5.404      5.412      0.000
  2589         22  gamma               91  2088     0     0     0     0     0     -0.073      0.071      0.882      0.888      0.000
  2590         22  gamma               91  2092     0     0     0     0     0     -0.668     -1.097     16.006     16.057      0.000
  2591         22  gamma               91  2092     0     0     0     0     0     -0.175     -0.174      3.124      3.134      0.000
  2592         22  gamma               91  2096     0     0     0     0     0      0.014      0.076     -0.052      0.093      0.000
  2593         22  gamma               91  2096     0     0     0     0     0     -0.045     -0.046     -0.041      0.076      0.000
  2594         22  gamma               91  2098     0     0     0     0     0      0.206      1.248     -1.752      2.161      0.000
  2595         22  gamma               91  2098     0     0     0     0     0      0.868      4.061     -5.504      6.895      0.000
  2596         22  gamma               91  2102     0     0     0     0     0      0.608      3.623     -5.181      6.351      0.000
  2597         22  gamma               91  2102     0     0     0     0     0      2.405     15.653    -22.032     27.133      0.000
  2598         22  gamma               91  2106     0     0     0     0     0      3.507     35.794    -49.202     60.946      0.000
  2599         22  gamma               91  2106     0     0     0     0     0      1.490     15.563    -21.528     26.606      0.000
  2600         22  gamma               91  2108     0     0     0     0     0      3.330     32.724    -45.175     55.882      0.000
  2601         22  gamma               91  2108     0     0     0     0     0     10.681    102.671   -141.862    175.443      0.000
  2602         22  gamma               91  2110     0     0     0     0     0     -1.205     -1.178      2.709      3.190      0.000
  2603         22  gamma               91  2110     0     0     0     0     0     -0.147     -0.217      0.432      0.505      0.000
  2604         22  gamma               91  2114     0     0     0     0     0     -0.160     -0.135      0.348      0.406      0.000
  2605         22  gamma               91  2114     0     0     0     0     0      0.023     -0.014      0.014      0.030      0.000
  2606         22  gamma               91  2122     0     0     0     0     0      0.158     -0.255      0.610      0.680      0.000
  2607         22  gamma               91  2122     0     0     0     0     0     -0.027     -0.025      0.090      0.097      0.000
  2608         22  gamma               91  2124     0     0     0     0     0      0.262     -0.046      0.177      0.320      0.000
  2609         22  gamma               91  2124     0     0     0     0     0      0.018     -0.052      0.009      0.056      0.000
  2610         22  gamma               91  2126     0     0     0     0     0     -0.039      0.092     -0.301      0.317      0.000
  2611         11  e-                  91  2126     0     0     0     0     0     -0.020     -0.016     -0.021      0.033      0.001
  2612        -11  e+                  91  2126     0     0     0     0     0     -0.019     -0.013     -0.018      0.029      0.001
  2613         22  gamma               91  2130     0     0     0     0     0     -0.558     -0.881     -3.552      3.702      0.000
  2614         22  gamma               91  2130     0     0     0     0     0     -0.075     -0.139     -0.382      0.413      0.000
  2615         22  gamma               91  2132     0     0     0     0     0     -0.052      0.303     -0.344      0.461      0.000
  2616         22  gamma               91  2132     0     0     0     0     0     -0.129      0.144     -0.207      0.283      0.000
  2617         22  gamma               91  2134     0     0     0     0     0     -0.307      0.197     -1.640      1.681      0.000
  2618         22  gamma               91  2134     0     0     0     0     0     -0.339      0.269     -2.703      2.737      0.000
  2619         22  gamma               91  2140     0     0     0     0     0      0.427      4.633     -6.302      7.834      0.000
  2620         22  gamma               91  2140     0     0     0     0     0      0.260      1.956     -2.610      3.272      0.000
  2621         22  gamma               91  2142     0     0     0     0     0     -0.094      1.317     -1.462      1.970      0.000
  2622         22  gamma               91  2142     0     0     0     0     0     -0.187      1.223     -1.500      1.945      0.000
  2623         22  gamma               91  2155     0     0     0     0     0     -0.014     -0.049     -0.073      0.089      0.000
  2624         22  gamma               91  2155     0     0     0     0     0      0.143     -0.096     -0.063      0.183      0.000
  2625         22  gamma               91  2166     0     0     0     0     0      0.114      1.579     15.419     15.500      0.000
  2626         22  gamma               91  2166     0     0     0     0     0      0.012      0.991      8.822      8.877      0.000
  2627         22  gamma               91  2168     0     0     0     0     0      0.129      0.118      1.531      1.541      0.000
  2628         22  gamma               91  2168     0     0     0     0     0      0.522      0.903      9.983     10.038      0.000
  2629         22  gamma               91  2170     0     0     0     0     0      0.007      0.467     -2.784      2.823      0.000
  2630         22  gamma               91  2170     0     0     0     0     0      0.192      1.222     -8.239      8.332      0.000
  2631         22  gamma               91  2183     0     0     0     0     0     -0.014     -0.001     -0.021      0.025      0.000
  2632         22  gamma               91  2183     0     0     0     0     0      0.198      0.071     -1.343      1.359      0.000
  2633         22  gamma               91  2187     0     0     0     0     0      0.291      0.197     -0.604      0.698      0.000
  2634         11  e-                  91  2187     0     0     0     0     0      0.061      0.046     -0.187      0.202      0.001
  2635        -11  e+                  91  2187     0     0     0     0     0      0.271      0.207     -0.865      0.930      0.001
  2636         22  gamma               91  2189     0     0     0     0     0      0.364      0.091     -0.051      0.378      0.000
  2637         22  gamma               91  2189     0     0     0     0     0      0.212     -0.039     -0.076      0.228      0.000
  2638         22  gamma               91  2191     0     0     0     0     0      1.554      2.502     -1.336      3.234      0.000
  2639         22  gamma               91  2191     0     0     0     0     0      0.388      0.540     -0.352      0.752      0.000
  2640         22  gamma               91  2193     0     0     0     0     0      0.018      0.075     -0.145      0.164      0.000
  2641         22  gamma               91  2193     0     0     0     0     0     -0.248      0.788     -1.485      1.699      0.000
  2642         22  gamma               91  2195     0     0     0     0     0      0.145      0.265     -0.290      0.418      0.000
  2643         22  gamma               91  2195     0     0     0     0     0      0.270      0.794     -1.065      1.356      0.000
  2644         22  gamma               91  2197     0     0     0     0     0      0.008      0.051     -0.106      0.118      0.000
  2645         22  gamma               91  2197     0     0     0     0     0      0.464      0.772     -3.121      3.249      0.000
  2646         22  gamma               91  2208     0     0     0     0     0      0.020      0.240      0.140      0.279      0.000
  2647         22  gamma               91  2208     0     0     0     0     0      0.063      0.054     -0.002      0.083      0.000
  2648         22  gamma               91  2210     0     0     0     0     0     -0.118     -0.039      0.143      0.190      0.000
  2649         22  gamma               91  2210     0     0     0     0     0     -0.226     -0.267      0.614      0.707      0.000
  2650         22  gamma               91  2214     0     0     0     0     0      0.045      0.000     -0.091      0.102      0.000
  2651         22  gamma               91  2214     0     0     0     0     0      0.010      0.091      0.003      0.092      0.000
  2652         22  gamma               91  2218     0     0     0     0     0     -0.075      1.201     -0.467      1.291      0.000
  2653         22  gamma               91  2218     0     0     0     0     0     -0.105      0.494     -0.247      0.563      0.000
  2654         22  gamma               91  2220     0     0     0     0     0     -0.224      0.518     -0.063      0.568      0.000
  2655         22  gamma               91  2220     0     0     0     0     0     -0.096      0.211      0.061      0.240      0.000
  2656         22  gamma               91  2222     0     0     0     0     0     -1.147      0.425     -0.396      1.286      0.000
  2657         22  gamma               91  2222     0     0     0     0     0     -0.054      0.001      0.004      0.055      0.000
  2658         22  gamma               91  2224     0     0     0     0     0     -1.470      0.653     -0.951      1.869      0.000
  2659         22  gamma               91  2224     0     0     0     0     0     -0.493      0.301     -0.306      0.654      0.000
  2660         22  gamma               91  2226     0     0     0     0     0     -2.801      1.129     -1.601      3.418      0.000
  2661         22  gamma               91  2226     0     0     0     0     0     -2.346      0.814     -1.329      2.817      0.000
  2662         22  gamma               91  2230     0     0     0     0     0    -10.824      3.046     -6.482     12.979      0.000
  2663         22  gamma               91  2230     0     0     0     0     0    -22.756      6.595    -13.578     27.307      0.000
  2664         22  gamma               91  2232     0     0     0     0     0     -0.557      0.147     -0.353      0.675      0.000
  2665         22  gamma               91  2232     0     0     0     0     0    -14.331      4.193     -8.484     17.174      0.000
  2666         22  gamma               91  2238     0     0     0     0     0     -0.520      0.016     -0.982      1.111      0.000
  2667         22  gamma               91  2238     0     0     0     0     0     -0.251      0.103     -0.481      0.552      0.000
  2668         22  gamma               91  2240     0     0     0     0     0     -0.232     -0.155     -0.089      0.293      0.000
  2669         22  gamma               91  2240     0     0     0     0     0     -0.572     -0.172     -0.287      0.663      0.000
  2670         22  gamma               91  2242     0     0     0     0     0      0.438      0.512     -0.621      0.916      0.000
  2671         22  gamma               91  2242     0     0     0     0     0      0.431      0.411     -0.406      0.721      0.000
  2672         22  gamma               91  2246     0     0     0     0     0      0.009     -0.043     -0.011      0.045      0.000
  2673         22  gamma               91  2246     0     0     0     0     0     -0.258     -0.202      0.042      0.330      0.000
  2674         22  gamma               91  2252     0     0     0     0     0      1.588    -88.544    168.732    190.560      0.000
  2675         22  gamma               91  2252     0     0     0     0     0      0.618    -35.189     66.876     75.571      0.000
  2676         22  gamma               91  2256     0     0     0     0     0      0.027     -0.347      0.864      0.932      0.000
  2677         22  gamma               91  2256     0     0     0     0     0      0.225     -2.774      5.962      6.579      0.000
  2678         22  gamma               91  2258     0     0     0     0     0      0.045     -1.446      2.774      3.129      0.000
  2679         22  gamma               91  2258     0     0     0     0     0      0.059     -1.415      2.440      2.821      0.000
  2680         22  gamma               91  2263     0     0     0     0     0      0.111     -0.410      0.526      0.676      0.000
  2681         22  gamma               91  2263     0     0     0     0     0      0.149     -1.526      1.906      2.446      0.000
  2682         22  gamma               91  2267     0     0     0     0     0      0.203      2.788     -3.257      4.292      0.000
  2683         22  gamma               91  2267     0     0     0     0     0      0.084      0.639     -0.834      1.053      0.000
  2684         22  gamma               91  2278     0     0     0     0     0      0.065     -6.812     26.154     27.027      0.000
  2685         22  gamma               91  2278     0     0     0     0     0      0.007     -0.173      0.587      0.612      0.000
  2686         22  gamma               91  2280     0     0     0     0     0     -0.146     -0.051      0.378      0.408      0.000
  2687         22  gamma               91  2280     0     0     0     0     0     -0.165     -0.232      0.546      0.615      0.000
  2688         22  gamma               91  2285     0     0     0     0     0      0.606      4.854     10.004     11.136      0.000
  2689         22  gamma               91  2285     0     0     0     0     0      0.034      0.200      0.360      0.413      0.000
  2690         22  gamma               91  2288     0     0     0     0     0     -0.015      0.018      0.011      0.026      0.000
  2691         22  gamma               91  2288     0     0     0     0     0     -0.209     -0.119     -0.190      0.306      0.000
  2692         22  gamma               91  2293     0     0     0     0     0      0.076     -0.140    -10.050     10.051      0.000
  2693         22  gamma               91  2293     0     0     0     0     0      0.168     -0.523    -22.956     22.963      0.000
  2694         22  gamma               91  2299     0     0     0     0     0     -0.341     -0.196      0.091      0.404      0.000
  2695         22  gamma               91  2299     0     0     0     0     0     -0.118     -0.053     -0.047      0.137      0.000
  2696         22  gamma               91  2301     0     0     0     0     0      0.054      0.230      0.864      0.895      0.000
  2697         22  gamma               91  2301     0     0     0     0     0      0.038      0.638      3.181      3.245      0.000
  2698         22  gamma               91  2303     0     0     0     0     0      0.167      0.015      2.847      2.852      0.000
  2699         22  gamma               91  2303     0     0     0     0     0      0.022      0.048      0.328      0.333      0.000
  2700         22  gamma               91  2305     0     0     0     0     0      0.089      0.254     12.709     12.711      0.000
  2701         22  gamma               91  2305     0     0     0     0     0      0.013      0.093      9.857      9.857      0.000
  2702         22  gamma               91  2309     0     0     0     0     0     -0.029     -0.101     -2.594      2.596      0.000
  2703         11  e-                  91  2309     0     0     0     0     0     -0.287     -0.275     -9.415      9.424      0.001
  2704        -11  e+                  91  2309     0     0     0     0     0     -0.177     -0.172     -5.838      5.843      0.001
  2705         22  gamma               91  2311     0     0     0     0     0     -0.034     -0.017     -0.352      0.354      0.000
  2706         22  gamma               91  2311     0     0     0     0     0     -0.148      0.135     -5.200      5.204      0.000
  2707         22  gamma               91  2314     0     0     0     0     0     -0.175     -0.664    -35.768     35.774      0.000
  2708         22  gamma               91  2314     0     0     0     0     0     -0.069     -0.207     -8.101      8.104      0.000
  2709         22  gamma               91  2316     0     0     0     0     0     -0.171     -0.277    -10.867     10.872      0.000
  2710         22  gamma               91  2316     0     0     0     0     0     -0.064     -0.046     -5.463      5.464      0.000
  2711         22  gamma               91  2318     0     0     0     0     0     -0.105     -0.195    -20.763     20.764      0.000
  2712         22  gamma               91  2318     0     0     0     0     0     -0.257     -0.186    -38.026     38.027      0.000
  2713         22  gamma               91  2324     0     0     0     0     0      0.104      0.054      0.955      0.962      0.000
  2714         22  gamma               91  2324     0     0     0     0     0      0.036     -0.019      1.591      1.591      0.000
  2715         22  gamma               91  2330     0     0     0     0     0      0.030      0.007    -67.981     67.981      0.000
  2716         22  gamma               91  2330     0     0     0     0     0      0.001     -0.034     -4.319      4.319      0.000
  2717         22  gamma               91  2354     0     0     0     0     0     -0.149      0.015    -60.295     60.295      0.000
  2718         22  gamma               91  2354     0     0     0     0     0     -0.027      0.017    -69.643     69.643      0.000
  2719         22  gamma               91  2355     0     0     0     0     0      0.007      0.004     -0.757      0.757      0.000
  2720         22  gamma               91  2355     0     0     0     0     0     -0.277      0.318   -204.438    204.439      0.000
  2721         22  gamma               91  2356     0     0     0     0     0      0.025      0.057    -12.138     12.138      0.000
  2722         22  gamma               91  2356     0     0     0     0     0     -0.069      0.150    -88.058     88.059      0.000
  2723         22  gamma               91  2361     0     0     0     0     0      1.944      2.460      0.537      3.181      0.000
  2724         22  gamma               91  2361     0     0     0     0     0      0.578      0.632      0.112      0.864      0.000
  2725         22  gamma               91  2364     0     0     0     0     0      0.284      0.000     -0.002      0.284      0.000
  2726         22  gamma               91  2364     0     0     0     0     0      0.465     -0.166      0.052      0.496      0.000
  2727         22  gamma               91  2367     0     0     0     0     0      0.332      0.636     -0.002      0.718      0.000
  2728         22  gamma               91  2367     0     0     0     0     0      0.264      0.327     -0.063      0.425      0.000
  2729      20213  (a_1(1260)+)       -91  2368     0  2829  2830     0     0      1.325      0.237     22.197     22.275      1.296
  2730       -321  K-                  91  2368     0     0     0     0     0      0.970     -0.082     13.722     13.765      0.494
  2731         22  gamma               91  2369     0     0     0     0     0      0.091     -0.050      1.793      1.796      0.000
  2732         22  gamma               91  2369     0     0     0     0     0      0.061      0.030      0.342      0.349      0.000
  2733         22  gamma               91  2372     0     0     0     0     0      0.323      0.096      3.643      3.658      0.000
  2734         22  gamma               91  2372     0     0     0     0     0      0.122     -0.046      1.260      1.266      0.000
  2735         22  gamma               91  2379     0     0     0     0     0     -0.152     -1.154      1.800      2.143      0.000
  2736         22  gamma               91  2379     0     0     0     0     0     -0.467     -2.816      4.770      5.559      0.000
  2737         22  gamma               91  2388     0     0     0     0     0      0.050     -0.131     -0.194      0.240      0.000
  2738         22  gamma               91  2388     0     0     0     0     0      0.032     -0.071      0.007      0.078      0.000
  2739         22  gamma               91  2389     0     0     0     0     0     -0.052     -0.014     -0.059      0.080      0.000
  2740         22  gamma               91  2389     0     0     0     0     0      0.039     -0.015     -0.334      0.336      0.000
  2741         22  gamma               91  2390     0     0     0     0     0      0.028     -0.090     -0.430      0.440      0.000
  2742         22  gamma               91  2390     0     0     0     0     0     -0.006     -0.072     -0.060      0.094      0.000
  2743        211  pi+                 91  2395     0     0     0     0     0     -0.109      0.529     -0.664      0.867      0.140
  2744       -211  pi-                 91  2395     0     0     0     0     0     -0.036      0.823     -0.676      1.075      0.140
  2745        111  (pi0)              -91  2395     0  2831  2832     0     0      0.049      1.035     -1.047      1.479      0.135
  2746         22  gamma               91  2398     0     0     0     0     0     -0.125      0.088      0.719      0.735      0.000
  2747         22  gamma               91  2398     0     0     0     0     0     -0.039      0.201      0.826      0.851      0.000
  2748         22  gamma               91  2401     0     0     0     0     0     -0.018     -0.009     -0.009      0.022      0.000
  2749         22  gamma               91  2401     0     0     0     0     0      0.053      0.077      0.230      0.248      0.000
  2750         22  gamma               91  2402     0     0     0     0     0     -0.008      0.031     -0.005      0.032      0.000
  2751         22  gamma               91  2402     0     0     0     0     0      0.213      0.016      0.095      0.234      0.000
  2752         22  gamma               91  2403     0     0     0     0     0      0.030     -0.071      0.099      0.125      0.000
  2753         22  gamma               91  2403     0     0     0     0     0     -0.009     -0.022     -0.043      0.049      0.000
  2754         22  gamma               91  2408     0     0     0     0     0     -0.018     -0.123      0.012      0.125      0.000
  2755         22  gamma               91  2408     0     0     0     0     0      0.000     -0.032     -0.090      0.096      0.000
  2756         22  gamma               91  2423     0     0     0     0     0     -0.226      0.143     -6.335      6.341      0.000
  2757         22  gamma               91  2423     0     0     0     0     0     -0.160      0.022     -6.233      6.235      0.000
  2758         22  gamma               91  2429     0     0     0     0     0      0.070     -0.002     -0.996      0.998      0.000
  2759         22  gamma               91  2429     0     0     0     0     0      0.037     -0.165     -2.064      2.071      0.000
  2760        313  (K*0)              -91  2432     0  2833  2834     0     0     -0.197      3.128    -12.895     13.301      0.890
  2761        111  (pi0)              -91  2432     0  2835  2836     0     0      0.739      1.305     -7.108      7.266      0.135
  2762        111  (pi0)              -91  2432     0  2837  2838     0     0      0.045      0.587     -2.879      2.941      0.135
  2763         22  gamma               91  2438     0     0     0     0     0      0.015      0.015      0.023      0.031      0.000
  2764         22  gamma               91  2438     0     0     0     0     0      0.233     -0.043     -0.141      0.275      0.000
  2765         22  gamma               91  2441     0     0     0     0     0      0.232      0.443     -0.274      0.570      0.000
  2766         22  gamma               91  2441     0     0     0     0     0      0.183      0.693     -0.410      0.825      0.000
  2767         22  gamma               91  2444     0     0     0     0     0     -0.076      0.176     -0.158      0.249      0.000
  2768         22  gamma               91  2444     0     0     0     0     0      0.040      0.139     -0.216      0.260      0.000
  2769         22  gamma               91  2451     0     0     0     0     0      0.157     -0.166      2.733      2.743      0.000
  2770         22  gamma               91  2451     0     0     0     0     0     -0.018     -0.084      1.320      1.323      0.000
  2771         22  gamma               91  2456     0     0     0     0     0     -0.538      0.451    -34.147     34.154      0.000
  2772         22  gamma               91  2456     0     0     0     0     0      0.007      0.003     -0.640      0.640      0.000
  2773         22  gamma               91  2464     0     0     0     0     0     -0.300      0.043     -0.092      0.317      0.000
  2774         22  gamma               91  2464     0     0     0     0     0     -1.791      0.444     -0.851      2.033      0.000
  2775         22  gamma               91  2469     0     0     0     0     0     -2.577      0.730     -1.415      3.029      0.000
  2776         22  gamma               91  2469     0     0     0     0     0     -1.209      0.403     -0.757      1.483      0.000
  2777         22  gamma               91  2472     0     0     0     0     0     -0.949      0.340     -0.677      1.214      0.000
  2778         22  gamma               91  2472     0     0     0     0     0     -0.179      0.074     -0.207      0.284      0.000
  2779         22  gamma               91  2488     0     0     0     0     0      0.032     -1.048      2.174      2.413      0.000
  2780         22  gamma               91  2488     0     0     0     0     0      0.010     -7.117     14.122     15.814      0.000
  2781         22  gamma               91  2489     0     0     0     0     0     -0.009     -0.216      0.308      0.376      0.000
  2782         22  gamma               91  2489     0     0     0     0     0      0.103     -1.399      2.567      2.925      0.000
  2783         22  gamma               91  2490     0     0     0     0     0      0.000     -0.269      0.573      0.633      0.000
  2784         22  gamma               91  2490     0     0     0     0     0      0.169     -3.058      5.576      6.362      0.000
  2785         22  gamma               91  2491     0     0     0     0     0      0.180     -1.496      2.534      2.948      0.000
  2786         11  e-                  91  2491     0     0     0     0     0      0.060     -0.310      0.552      0.636      0.001
  2787        -11  e+                  91  2491     0     0     0     0     0      0.009     -0.055      0.058      0.080      0.001
  2788         22  gamma               91  2516     0     0     0     0     0     -0.097     -0.572      1.287      1.412      0.000
  2789         22  gamma               91  2516     0     0     0     0     0      0.026     -0.037      0.146      0.153      0.000
  2790         22  gamma               91  2529     0     0     0     0     0      0.034     -0.273      9.760      9.764      0.000
  2791         22  gamma               91  2529     0     0     0     0     0     -0.031     -0.014      2.456      2.456      0.000
  2792         22  gamma               91  2530     0     0     0     0     0     -0.068     -0.242    -36.998     36.999      0.000
  2793         22  gamma               91  2530     0     0     0     0     0     -0.022      0.001     -0.891      0.891      0.000
  2794         22  gamma               91  2531     0     0     0     0     0     -0.068     -0.110    -24.790     24.791      0.000
  2795         22  gamma               91  2531     0     0     0     0     0     -0.161     -0.013    -24.953     24.954      0.000
  2796         22  gamma               91  2532     0     0     0     0     0     -0.027     -0.039     -4.621      4.622      0.000
  2797         22  gamma               91  2532     0     0     0     0     0     -0.063      0.067    -30.811     30.811      0.000
  2798         22  gamma               91  2533     0     0     0     0     0     -0.055      0.002      2.262      2.263      0.000
  2799         22  gamma               91  2533     0     0     0     0     0      0.052      0.080      7.632      7.633      0.000
  2800         22  gamma               91  2534     0     0     0     0     0     -0.005      0.013      2.714      2.714      0.000
  2801         22  gamma               91  2534     0     0     0     0     0      0.062     -0.153      5.556      5.559      0.000
  2802         22  gamma               91  2535     0     0     0     0     0      0.097      0.017      2.073      2.076      0.000
  2803         22  gamma               91  2535     0     0     0     0     0      0.052      0.049      6.043      6.043      0.000
  2804         22  gamma               91  2536     0     0     0     0     0     -0.053      0.046      0.113      0.133      0.000
  2805         22  gamma               91  2536     0     0     0     0     0      0.055     -0.022      0.035      0.069      0.000
  2806         22  gamma               91  2537     0     0     0     0     0     -0.030      0.001      0.001      0.030      0.000
  2807         22  gamma               91  2537     0     0     0     0     0      0.030      0.035      0.278      0.281      0.000
  2808         22  gamma               91  2538     0     0     0     0     0      0.102     -0.011      0.433      0.445      0.000
  2809         22  gamma               91  2538     0     0     0     0     0      0.121      0.143      0.601      0.630      0.000
  2810         22  gamma               91  2541     0     0     0     0     0     -0.040      0.052      3.395      3.395      0.000
  2811         22  gamma               91  2541     0     0     0     0     0     -0.022      0.011     16.539     16.539      0.000
  2812         22  gamma               91  2542     0     0     0     0     0      0.050     -0.011      3.842      3.842      0.000
  2813         22  gamma               91  2542     0     0     0     0     0      0.003      0.146      8.732      8.733      0.000
  2814         22  gamma               91  2543     0     0     0     0     0     -0.032      0.141      7.459      7.460      0.000
  2815         22  gamma               91  2543     0     0     0     0     0     -0.113      0.041      4.331      4.333      0.000
  2816         22  gamma               91  2548     0     0     0     0     0     -0.032     -0.032     -0.414      0.416      0.000
  2817         22  gamma               91  2548     0     0     0     0     0      0.068      0.073     -0.873      0.879      0.000
  2818         22  gamma               91  2557     0     0     0     0     0     -0.151     -0.230    -11.583     11.586      0.000
  2819         22  gamma               91  2557     0     0     0     0     0     -0.009     -0.065     -1.152      1.153      0.000
  2820         22  gamma               91  2558     0     0     0     0     0      0.034     -0.064     -4.290      4.291      0.000
  2821         22  gamma               91  2558     0     0     0     0     0     -0.008     -0.161     -3.226      3.230      0.000
  2822         22  gamma               91  2559     0     0     0     0     0     -0.005     -0.090     -1.561      1.564      0.000
  2823         22  gamma               91  2559     0     0     0     0     0      0.053     -0.534    -16.672     16.681      0.000
  2824        111  (pi0)              -91  2568     0  2839  2840     0     0     -0.162      0.051      0.733      0.765      0.135
  2825        111  (pi0)              -91  2568     0  2841  2842     0     0      0.074      0.020      0.884      0.897      0.135
  2826        111  (pi0)              -91  2568     0  2843  2844     0     0     -0.000      0.117      1.397      1.408      0.135
  2827         22  gamma               91  2573     0     0     0     0     0      0.011     -0.010     -0.030      0.034      0.000
  2828         22  gamma               91  2573     0     0     0     0     0      0.555      0.390     -0.848      1.086      0.000
  2829        323  (K*+)              -91  2729     0  2845  2846     0     0      0.853      0.133     15.608     15.650      0.755
  2830       -311  (Kbar0)            -91  2729     0  2847  2847     0     0      0.472      0.104      6.589      6.625      0.498
  2831         22  gamma               91  2745     0     0     0     0     0      0.053      0.979     -1.026      1.419      0.000
  2832         22  gamma               91  2745     0     0     0     0     0     -0.003      0.056     -0.021      0.060      0.000
  2833        321  K+                  91  2760     0     0     0     0     0     -0.229      1.938     -9.118      9.338      0.494
  2834       -211  pi-                 91  2760     0     0     0     0     0      0.032      1.191     -3.777      3.963      0.140
  2835         22  gamma               91  2761     0     0     0     0     0      0.336      0.480     -2.599      2.664      0.000
  2836         22  gamma               91  2761     0     0     0     0     0      0.403      0.826     -4.509      4.601      0.000
  2837         22  gamma               91  2762     0     0     0     0     0      0.092      0.325     -1.577      1.613      0.000
  2838         22  gamma               91  2762     0     0     0     0     0     -0.047      0.262     -1.301      1.328      0.000
  2839         22  gamma               91  2824     0     0     0     0     0     -0.028      0.017      0.432      0.433      0.000
  2840         22  gamma               91  2824     0     0     0     0     0     -0.134      0.034      0.301      0.331      0.000
  2841         22  gamma               91  2825     0     0     0     0     0      0.074      0.010      0.884      0.887      0.000
  2842         22  gamma               91  2825     0     0     0     0     0     -0.000      0.010     -0.000      0.010      0.000
  2843         22  gamma               91  2826     0     0     0     0     0     -0.056      0.095      0.677      0.686      0.000
  2844         22  gamma               91  2826     0     0     0     0     0      0.056      0.022      0.720      0.722      0.000
  2845        311  (K0)               -91  2829     0  2848  2848     0     0      0.375      0.066     10.011     10.031      0.498
  2846        211  pi+                 91  2829     0     0     0     0     0      0.478      0.067      5.596      5.619      0.140
  2847        310  K_S0                91  2830  2830     0     0     0     0      0.472      0.104      6.589      6.625      0.498
  2848        310  K_S0                91  2845  2845     0     0     0     0      0.375      0.066     10.011     10.031      0.498
                                   Charge sum:  2.000           Momentum sum:      0.000      0.000     -0.000  13600.000  13600.000

 --------  End PYTHIA Event Listing  -----------------------------------------------------------------------------------------------
 PYTHIA Warning in SimpleSpaceShower::pT2nextQCD: small daughter PDF  
 PYTHIA Warning in StringFragmentation::fragmentToJunction: bad convergence junction rest frame  
 PYTHIA Error in BeamRemnants::setKinematics: kinematics construction failed  

 Pythia::next(): 1000 events have been generated 
 PYTHIA Error in StringFragmentation::fragment: stuck in joining  
 PYTHIA Error in Pythia::next: hadronLevel failed; try again  

 Pythia::next(): 2000 events have been generated 
1% | Elapsed: 0h 0m 42s | Remaining: 1h 9m 18s
 PYTHIA Error in StringFragmentation::fragmentToJunction: caught in junction flavour loop  
 PYTHIA Warning in MultipartonInteractions::pTnext: weight above unity  

 Pythia::next(): 3000 events have been generated 
 PYTHIA Error in SimpleSpaceShower::pT2nearThreshold: stuck in loop  
 PYTHIA Error in SimpleSpaceShower::pT2nearThreshold: xPDF = 0  
2% | Elapsed: 0h 1m 9s | Remaining: 0h 56m 21s

 Pythia::next(): 4000 events have been generated 

 Pythia::next(): 5000 events have been generated 
3% | Elapsed: 0h 1m 28s | Remaining: 0h 47m 25s

 Pythia::next(): 6000 events have been generated 
4% | Elapsed: 0h 1m 56s | Remaining: 0h 46m 24s

 Pythia::next(): 7000 events have been generated 
5% | Elapsed: 0h 2m 14s | Remaining: 0h 42m 26s
 PYTHIA Warning in Pythia::check: not quite matched particle energy/momentum/mass  

 Pythia::next(): 8000 events have been generated 
6% | Elapsed: 0h 2m 38s | Remaining: 0h 41m 15s

 Pythia::next(): 9000 events have been generated 
7% | Elapsed: 0h 2m 58s | Remaining: 0h 39m 24s

 Pythia::next(): 10000 events have been generated 
8% | Elapsed: 0h 3m 10s | Remaining: 0h 36m 25s

 Pythia::next(): 11000 events have been generated 
9% | Elapsed: 0h 3m 30s | Remaining: 0h 35m 23s

 Pythia::next(): 12000 events have been generated 
10% | Elapsed: 0h 3m 52s | Remaining: 0h 34m 48s

 Pythia::next(): 13000 events have been generated 

 Pythia::next(): 14000 events have been generated 

 Pythia::next(): 15000 events have been generated 
11% | Elapsed: 0h 4m 25s | Remaining: 0h 35m 44s

 Pythia::next(): 16000 events have been generated 
12% | Elapsed: 0h 4m 51s | Remaining: 0h 35m 34s

 Pythia::next(): 17000 events have been generated 
13% | Elapsed: 0h 5m 3s | Remaining: 0h 33m 47s

 Pythia::next(): 18000 events have been generated 
14% | Elapsed: 0h 5m 27s | Remaining: 0h 33m 28s

 Pythia::next(): 19000 events have been generated 
15% | Elapsed: 0h 5m 46s | Remaining: 0h 32m 40s

 Pythia::next(): 20000 events have been generated 

 Pythia::next(): 21000 events have been generated 

 Pythia::next(): 22000 events have been generated 
16% | Elapsed: 0h 6m 20s | Remaining: 0h 33m 15s

 Pythia::next(): 23000 events have been generated 
 PYTHIA Warning in Pythia::check: energy-momentum not quite conserved  

 Pythia::next(): 24000 events have been generated 
17% | Elapsed: 0h 6m 58s | Remaining: 0h 34m 0s

 Pythia::next(): 25000 events have been generated 
18% | Elapsed: 0h 7m 20s | Remaining: 0h 33m 24s

 Pythia::next(): 26000 events have been generated 
19% | Elapsed: 0h 7m 46s | Remaining: 0h 33m 6s

 Pythia::next(): 27000 events have been generated 

 Pythia::next(): 28000 events have been generated 
20% | Elapsed: 0h 8m 14s | Remaining: 0h 32m 56s

 Pythia::next(): 29000 events have been generated 
21% | Elapsed: 0h 8m 27s | Remaining: 0h 31m 47s

 Pythia::next(): 30000 events have been generated 
22% | Elapsed: 0h 8m 50s | Remaining: 0h 31m 19s

 Pythia::next(): 31000 events have been generated 

 Pythia::next(): 32000 events have been generated 
23% | Elapsed: 0h 9m 24s | Remaining: 0h 31m 28s

 Pythia::next(): 33000 events have been generated 
24% | Elapsed: 0h 9m 38s | Remaining: 0h 30m 30s

 Pythia::next(): 34000 events have been generated 
25% | Elapsed: 0h 10m 1s | Remaining: 0h 30m 3s

 Pythia::next(): 35000 events have been generated 

 Pythia::next(): 36000 events have been generated 
26% | Elapsed: 0h 10m 30s | Remaining: 0h 29m 53s

 Pythia::next(): 37000 events have been generated 
 PYTHIA Warning in HadronWidths::pickMasses: angular momentum and running widths not used  

 Pythia::next(): 38000 events have been generated 
27% | Elapsed: 0h 11m 7s | Remaining: 0h 30m 3s

 Pythia::next(): 39000 events have been generated 
28% | Elapsed: 0h 11m 28s | Remaining: 0h 29m 29s

 Pythia::next(): 40000 events have been generated 
29% | Elapsed: 0h 11m 47s | Remaining: 0h 28m 50s

 Pythia::next(): 41000 events have been generated 

 Pythia::next(): 42000 events have been generated 

 Pythia::next(): 43000 events have been generated 
30% | Elapsed: 0h 12m 23s | Remaining: 0h 28m 53s

 Pythia::next(): 44000 events have been generated 
31% | Elapsed: 0h 12m 38s | Remaining: 0h 28m 7s

 Pythia::next(): 45000 events have been generated 

 Pythia::next(): 46000 events have been generated 
32% | Elapsed: 0h 13m 11s | Remaining: 0h 28m 0s
33% | Elapsed: 0h 13m 26s | Remaining: 0h 27m 16s

 Pythia::next(): 47000 events have been generated 

 Pythia::next(): 48000 events have been generated 
34% | Elapsed: 0h 13m 51s | Remaining: 0h 26m 53s

 Pythia::next(): 49000 events have been generated 
35% | Elapsed: 0h 14m 13s | Remaining: 0h 26m 24s

 Pythia::next(): 50000 events have been generated 
36% | Elapsed: 0h 14m 31s | Remaining: 0h 25m 48s

 Pythia::next(): 51000 events have been generated 
37% | Elapsed: 0h 14m 55s | Remaining: 0h 25m 23s

 Pythia::next(): 52000 events have been generated 

 Pythia::next(): 53000 events have been generated 
38% | Elapsed: 0h 15m 20s | Remaining: 0h 25m 1s

 Pythia::next(): 54000 events have been generated 

 Pythia::next(): 55000 events have been generated 
39% | Elapsed: 0h 15m 58s | Remaining: 0h 24m 58s

 Pythia::next(): 56000 events have been generated 

 Pythia::next(): 57000 events have been generated 
40% | Elapsed: 0h 16m 28s | Remaining: 0h 24m 42s

 Pythia::next(): 58000 events have been generated 
41% | Elapsed: 0h 16m 52s | Remaining: 0h 24m 16s

 Pythia::next(): 59000 events have been generated 
42% | Elapsed: 0h 17m 12s | Remaining: 0h 23m 45s

 Pythia::next(): 60000 events have been generated 

 Pythia::next(): 61000 events have been generated 
43% | Elapsed: 0h 17m 45s | Remaining: 0h 23m 31s

 Pythia::next(): 62000 events have been generated 

 Pythia::next(): 63000 events have been generated 
44% | Elapsed: 0h 18m 24s | Remaining: 0h 23m 25s

 Pythia::next(): 64000 events have been generated 

 Pythia::next(): 65000 events have been generated 
45% | Elapsed: 0h 18m 51s | Remaining: 0h 23m 2s

 Pythia::next(): 66000 events have been generated 
46% | Elapsed: 0h 19m 20s | Remaining: 0h 22m 41s

 Pythia::next(): 67000 events have been generated 
47% | Elapsed: 0h 19m 35s | Remaining: 0h 22m 5s

 Pythia::next(): 68000 events have been generated 
48% | Elapsed: 0h 19m 43s | Remaining: 0h 21m 21s

 Pythia::next(): 69000 events have been generated 
49% | Elapsed: 0h 20m 3s | Remaining: 0h 20m 52s

 Pythia::next(): 70000 events have been generated 

 Pythia::next(): 71000 events have been generated 

 Pythia::next(): 72000 events have been generated 
50% | Elapsed: 0h 20m 49s | Remaining: 0h 20m 49s

 Pythia::next(): 73000 events have been generated 
51% | Elapsed: 0h 21m 7s | Remaining: 0h 20m 17s

 Pythia::next(): 74000 events have been generated 

 Pythia::next(): 75000 events have been generated 
52% | Elapsed: 0h 21m 35s | Remaining: 0h 19m 55s

 Pythia::next(): 76000 events have been generated 
53% | Elapsed: 0h 22m 2s | Remaining: 0h 19m 27s

 Pythia::next(): 77000 events have been generated 
54% | Elapsed: 0h 22m 23s | Remaining: 0h 19m 4s

 Pythia::next(): 78000 events have been generated 

 Pythia::next(): 79000 events have been generated 
55% | Elapsed: 0h 22m 45s | Remaining: 0h 18m 36s

 Pythia::next(): 80000 events have been generated 
56% | Elapsed: 0h 23m 18s | Remaining: 0h 18m 18s

 Pythia::next(): 81000 events have been generated 
57% | Elapsed: 0h 23m 39s | Remaining: 0h 17m 50s

 Pythia::next(): 82000 events have been generated 
58% | Elapsed: 0h 23m 54s | Remaining: 0h 17m 18s

 Pythia::next(): 83000 events have been generated 

 Pythia::next(): 84000 events have been generated 
59% | Elapsed: 0h 24m 21s | Remaining: 0h 16m 51s

 Pythia::next(): 85000 events have been generated 
60% | Elapsed: 0h 24m 43s | Remaining: 0h 16m 28s

 Pythia::next(): 86000 events have been generated 

 Pythia::next(): 87000 events have been generated 
61% | Elapsed: 0h 25m 4s | Remaining: 0h 16m 1s

 Pythia::next(): 88000 events have been generated 
62% | Elapsed: 0h 25m 35s | Remaining: 0h 15m 40s

 Pythia::next(): 89000 events have been generated 

 Pythia::next(): 90000 events have been generated 
63% | Elapsed: 0h 25m 59s | Remaining: 0h 15m 15s

 Pythia::next(): 91000 events have been generated 
64% | Elapsed: 0h 26m 18s | Remaining: 0h 14m 47s

 Pythia::next(): 92000 events have been generated 
65% | Elapsed: 0h 26m 33s | Remaining: 0h 14m 17s
66% | Elapsed: 0h 26m 50s | Remaining: 0h 13m 49s

 Pythia::next(): 93000 events have been generated 

 Pythia::next(): 94000 events have been generated 
67% | Elapsed: 0h 27m 20s | Remaining: 0h 13m 27s

 Pythia::next(): 95000 events have been generated 
68% | Elapsed: 0h 27m 41s | Remaining: 0h 13m 1s

 Pythia::next(): 96000 events have been generated 
69% | Elapsed: 0h 28m 1s | Remaining: 0h 12m 35s

 Pythia::next(): 97000 events have been generated 

 Pythia::next(): 98000 events have been generated 
70% | Elapsed: 0h 28m 25s | Remaining: 0h 12m 10s

 Pythia::next(): 99000 events have been generated 
71% | Elapsed: 0h 28m 37s | Remaining: 0h 11m 41s

 Pythia::next(): 100000 events have been generated 
72% | Elapsed: 0h 29m 4s | Remaining: 0h 11m 18s

 Pythia::next(): 101000 events have been generated 

 Pythia::next(): 102000 events have been generated 
73% | Elapsed: 0h 29m 34s | Remaining: 0h 10m 56s

 Pythia::next(): 103000 events have been generated 

 Pythia::next(): 104000 events have been generated 
74% | Elapsed: 0h 29m 59s | Remaining: 0h 10m 32s

 Pythia::next(): 105000 events have been generated 
75% | Elapsed: 0h 30m 16s | Remaining: 0h 10m 5s

 Pythia::next(): 106000 events have been generated 
76% | Elapsed: 0h 30m 40s | Remaining: 0h 9m 41s

 Pythia::next(): 107000 events have been generated 

 Pythia::next(): 108000 events have been generated 

 Pythia::next(): 109000 events have been generated 
77% | Elapsed: 0h 31m 14s | Remaining: 0h 9m 19s

 Pythia::next(): 110000 events have been generated 
78% | Elapsed: 0h 31m 32s | Remaining: 0h 8m 53s

 Pythia::next(): 111000 events have been generated 
79% | Elapsed: 0h 32m 3s | Remaining: 0h 8m 31s

 Pythia::next(): 112000 events have been generated 

 Pythia::next(): 113000 events have been generated 
80% | Elapsed: 0h 32m 29s | Remaining: 0h 8m 7s

 Pythia::next(): 114000 events have been generated 
81% | Elapsed: 0h 32m 48s | Remaining: 0h 7m 41s

 Pythia::next(): 115000 events have been generated 

 Pythia::next(): 116000 events have been generated 
82% | Elapsed: 0h 33m 15s | Remaining: 0h 7m 17s
83% | Elapsed: 0h 33m 23s | Remaining: 0h 6m 50s

 Pythia::next(): 117000 events have been generated 

 Pythia::next(): 118000 events have been generated 
84% | Elapsed: 0h 33m 53s | Remaining: 0h 6m 27s

 Pythia::next(): 119000 events have been generated 
85% | Elapsed: 0h 34m 7s | Remaining: 0h 6m 1s

 Pythia::next(): 120000 events have been generated 
86% | Elapsed: 0h 34m 26s | Remaining: 0h 5m 36s

 Pythia::next(): 121000 events have been generated 
87% | Elapsed: 0h 34m 54s | Remaining: 0h 5m 12s

 Pythia::next(): 122000 events have been generated 
88% | Elapsed: 0h 35m 6s | Remaining: 0h 4m 47s

 Pythia::next(): 123000 events have been generated 

 Pythia::next(): 124000 events have been generated 
89% | Elapsed: 0h 35m 33s | Remaining: 0h 4m 23s

 Pythia::next(): 125000 events have been generated 
 PYTHIA Warning in TauDecays::decay: unknown correlated tau production, assuming from unpolarized photon  

 Pythia::next(): 126000 events have been generated 
90% | Elapsed: 0h 36m 6s | Remaining: 0h 4m 0s

 Pythia::next(): 127000 events have been generated 
91% | Elapsed: 0h 36m 25s | Remaining: 0h 3m 36s

 Pythia::next(): 128000 events have been generated 

 Pythia::next(): 129000 events have been generated 
92% | Elapsed: 0h 36m 59s | Remaining: 0h 3m 12s

 Pythia::next(): 130000 events have been generated 

 Pythia::next(): 131000 events have been generated 

 Pythia::next(): 132000 events have been generated 
93% | Elapsed: 0h 37m 57s | Remaining: 0h 2m 51s

 Pythia::next(): 133000 events have been generated 
94% | Elapsed: 0h 38m 22s | Remaining: 0h 2m 26s

 Pythia::next(): 134000 events have been generated 

 Pythia::next(): 135000 events have been generated 

 Pythia::next(): 136000 events have been generated 
95% | Elapsed: 0h 39m 5s | Remaining: 0h 2m 3s

 Pythia::next(): 137000 events have been generated 
96% | Elapsed: 0h 39m 28s | Remaining: 0h 1m 38s

 Pythia::next(): 138000 events have been generated 

 Pythia::next(): 139000 events have been generated 
97% | Elapsed: 0h 39m 59s | Remaining: 0h 1m 14s

 Pythia::next(): 140000 events have been generated 
98% | Elapsed: 0h 40m 23s | Remaining: 0h 0m 49s

 Pythia::next(): 141000 events have been generated 
99% | Elapsed: 0h 40m 39s | Remaining: 0h 0m 24s

 Pythia::next(): 142000 events have been generated 
100% | Elapsed: 0h 40m 55s | Remaining: 0h 0m 0s
Events saved to /eos/cms/store/group/phys_smp/ec/shuangyu/Jpsi/HardQCD_Pt15to7000_Oniaoff_CR0_PYTHIA8309/pythia8_jpsi_events_0.root

Thanks for using LHAPDF 6.4.0. Please make sure to cite the paper:
  Eur.Phys.J. C75 (2015) 3, 132  (http://arxiv.org/abs/1412.7420)
Job finished.
