Setting up CMSSW environment...
/pool/condor/dir_1817073
Compiling pythia.cpp ...

 *------------------------------------------------------------------------------------* 
 |                                                                                    | 
 |  *------------------------------------------------------------------------------*  | 
 |  |                                                                              |  | 
 |  |                                                                              |  | 
 |  |   PPP   Y   Y  TTTTT  H   H  III    A      Welcome to the Lund Monte Carlo!  |  | 
 |  |   P  P   Y Y     T    H   H   I    A A     This is PYTHIA version 8.311      |  | 
 |  |   PPP     Y      T    HHHHH   I   AAAAA    Last date of change:  8 Mar 2024  |  | 
 |  |   P       Y      T    H   H   I   A   A                                      |  | 
 |  |   P       Y      T    H   H  III  A   A    Now is 29 Jul 2026 at 09:44:12    |  | 
 |  |                                                                              |  | 
 |  |   Program documentation and an archive of historic versions is found on:     |  | 
 |  |                                                                              |  | 
 |  |                               https://pythia.org/                            |  | 
 |  |                                                                              |  | 
 |  |   PYTHIA is authored by a collaboration consisting of:                       |  | 
 |  |                                                                              |  | 
 |  |   Javira Altmann, Christian Bierlich, Naomi Cooke, Nishita Desai,            |  | 
 |  |   Leif Gellersen, Ilkka Helenius, Philip Ilten, Leif Lonnblad,               |  | 
 |  |   Stephen Mrenna, Christian Preuss, Torbjorn Sjostrand, Peter Skands,        |  | 
 |  |   Marius Utheim, and Rob Verheyen.                                           |  | 
 |  |                                                                              |  | 
 |  |   The complete list of authors, including contact information and            |  | 
 |  |   affiliations, can be found on https://pythia.org/.                         |  | 
 |  |   Problems or bugs should be reported on email at authors@pythia.org.        |  | 
 |  |                                                                              |  | 
 |  |   The main program reference is C. Bierlich et al,                           |  | 
 |  |   'A comprehensive guide to the physics and usage of Pythia 8.3',            |  | 
 |  |   SciPost Phys. Codebases 8-r8.3 (2022) [arXiv:2203.11601 [hep-ph]]          |  | 
 |  |                                                                              |  | 
 |  |   PYTHIA is released under the GNU General Public Licence version 2 or later.|  | 
 |  |   Please respect the MCnet Guidelines for Event Generator Authors and Users. |  | 
 |  |                                                                              |  | 
 |  |   Disclaimer: this program comes without any guarantees.                     |  | 
 |  |   Beware of errors and use common sense when interpreting results.           |  | 
 |  |                                                                              |  | 
 |  |   Copyright (C) 2024 Torbjorn Sjostrand                                      |  | 
 |  |                                                                              |  | 
 |  |                                                                              |  | 
 |  *------------------------------------------------------------------------------*  | 
 |                                                                                    | 
 *------------------------------------------------------------------------------------* 

LHAPDF 6.4.0 loading /cvmfs/cms.cern.ch/el9_amd64_gcc12/external/lhapdf/6.4.0-4aa384870ea6380250957dc033c78953/share/LHAPDF/NNPDF31_nnlo_as_0118/NNPDF31_nnlo_as_0118_0000.dat
NNPDF31_nnlo_as_0118 PDF set, member #0, version 1; LHAPDF ID = 303600
LHAPDF 6.4.0 loading /cvmfs/cms.cern.ch/el9_amd64_gcc12/external/lhapdf/6.4.0-4aa384870ea6380250957dc033c78953/share/LHAPDF/NNPDF31_nnlo_as_0118/NNPDF31_nnlo_as_0118_0000.dat
NNPDF31_nnlo_as_0118 PDF set, member #0, version 1; LHAPDF ID = 303600

 *-------  PYTHIA Process Initialization  --------------------------*
 |                                                                  |
 | We collide p+ with p+ at a CM energy of 1.360e+04 GeV            |
 |                                                                  |
 |------------------------------------------------------------------|
 |                                                    |             |
 | Subprocess                                    Code |   Estimated |
 |                                                    |    max (mb) |
 |                                                    |             |
 |------------------------------------------------------------------|
 |                                                    |             |
 | g g -> g g                                     111 |   5.088e+02 |
 | g g -> q qbar (uds)                            112 |   2.035e+01 |
 | q g -> q g                                     113 |   1.648e+03 |
 | q q(bar)' -> q q(bar)'                         114 |   5.639e+02 |
 | q qbar -> g g                                  115 |   4.263e+00 |
 | q qbar -> q' qbar' (uds)                       116 |   4.231e+00 |
 | g g -> c cbar                                  121 |   6.778e+00 |
 | q qbar -> c cbar                               122 |   1.409e+00 |
 | g g -> b bbar                                  123 |   6.713e+00 |
 | q qbar -> b bbar                               124 |   1.396e+00 |
 |                                                                  |
 *-------  End PYTHIA Process Initialization -----------------------*
 PYTHIA Warning in SimpleTimeShower::init: pTmin too low , raised to 0.611

 *-------  PYTHIA Multiparton Interactions Initialization  ---------* 
 |                                                                  | 
 |                   sigmaNonDiffractive =    55.96 mb              | 
 |                                                                  | 
 |    pT0 =  1.44 gives sigmaInteraction =   497.24 mb: accepted    | 
 |                                                                  | 
 *-------  End PYTHIA Multiparton Interactions Initialization  -----* 
 PYTHIA Warning in MultipartonInteractions::init: maximum increased by factor 1.146

 *-------  PYTHIA Flag + Mode + Parm + Word + FVec + MVec + PVec + WVec Settings (changes only)  ------------------* 
 |                                                                                                                 | 
 | Name                                          |                      Now |      Default         Min         Max | 
 |                                               |                          |                                      | 
 | Beams:eCM                                     |                13600.000 |    14000.000         0.0             | 
 | Check:epTolErr                                |                0.0100000 |   1.0000e-04                         | 
 | ColourReconnection:range                      |                  5.17600 |      1.80000         0.0    10.00000 | 
 | HardQCD:all                                   |                       on |          off                         | 
 | Main:timesAllowErrors                         |                    10000 |           10           0             | 
 | MultipartonInteractions:alphaSorder           |                        2 |            1           0           3 | 
 | MultipartonInteractions:alphaSvalue           |                  0.11800 |      0.13000   0.0600000     0.25000 | 
 | MultipartonInteractions:bProfile              |                        2 |            3           0           4 | 
 | MultipartonInteractions:coreFraction          |                  0.63000 |      0.50000         0.0     1.00000 | 
 | MultipartonInteractions:coreRadius            |                  0.76340 |      0.40000     0.10000     1.00000 | 
 | MultipartonInteractions:ecmPow                |                0.0334400 |      0.21500         0.0     0.50000 | 
 | MultipartonInteractions:pT0Ref                |                  1.41000 |      2.28000     0.50000    10.00000 | 
 | ParticleDecays:limitTau0                      |                       on |          off                         | 
 | PDF:lepton                                    |                      off |           on                         | 
 | PDF:pSet                                      | LHAPDF6:NNPDF31_nnlo_as_0118 |           13                     | 
 | PhaseSpace:bias2Selection                     |                       on |          off                         | 
 | PhaseSpace:bias2SelectionPow                  |                  4.50000 |      4.00000         0.0    10.00000 | 
 | PhaseSpace:bias2SelectionRef                  |                 15.00000 |     10.00000     1.00000             | 
 | PhaseSpace:pTHatMax                           |                 7000.000 |     -1.00000                         | 
 | PhaseSpace:pTHatMin                           |                 15.00000 |          0.0         0.0             | 
 | Random:seed                                   |                166129209 |           -1               900000000 | 
 | Random:setSeed                                |                       on |          off                         | 
 | SigmaProcess:alphaSorder                      |                        2 |            1           0           3 | 
 | SigmaProcess:alphaSvalue                      |                  0.11800 |      0.13000   0.0600000     0.25000 | 
 | SigmaTotal:mode                               |                        0 |            1           0           4 | 
 | SigmaTotal:sigmaEl                            |                 22.08000 |     25.00000         0.0             | 
 | SigmaTotal:sigmaTot                           |                101.03700 |    100.00000         0.0             | 
 | SigmaTotal:zeroAXB                            |                      off |           on                         | 
 | SLHA:minMassSM                                |                 1000.000 |    100.00000                         | 
 | SpaceShower:alphaSorder                       |                        2 |            1           0           3 | 
 | SpaceShower:alphaSvalue                       |                  0.11800 |      0.13650   0.0600000     0.25000 | 
 | TimeShower:alphaSorder                        |                        2 |            1           0           3 | 
 | TimeShower:alphaSvalue                        |                  0.11800 |      0.13650   0.0600000     0.25000 | 
 |                                                                                                                 | 
 *-------  End PYTHIA Flag + Mode + Parm + Word + FVec + MVec + PVec + WVec Settings  -----------------------------* 

 --------  PYTHIA Particle Data Table (changed only)  ------------------------------------------------------------------------------
 
      id   name            antiName         spn chg col      m0        mWidth      mMin       mMax       tau0    res dec ext vis wid
             no onMode   bRatio   meMode     products 

     443  J/psi                               3   0   0    3.09692    0.00009    3.09602    3.09782  0.00000e+00   0   1   0   1   0
              0     0   0.8023950   43       83      -83 
              1     0   0.0594000    0       11      -11 
              2     1   0.0593000    0       13      -13 
              3     0   0.0130000    0      441       22 
              4     0   0.0056000    0      113      111 
              5     0   0.0056500    0      213     -211 
              6     0   0.0056500    0     -213      211 
              7     0   0.0036000    0      115      113 
              8     0   0.0036000    0     -215      213 
              9     0   0.0036000    0      215     -213 
             10     0   0.0043000    0      225      223 
             11     0   0.0022000    0      313     -315 
             12     0   0.0022000    0      323     -325 
             13     0   0.0022000    0     -323      325 
             14     0   0.0025000    0      321     -323 
             15     0   0.0025000    0     -321      323 
             16     0   0.0021000    0      311     -313 
             17     0   0.0021000    0     -311      313 
             18     0   0.0019000    0    20323     -321 
             19     0   0.0019000    0   -20323      321 
             20     0   0.0015000    0    10213     -211 
             21     0   0.0015000    0   -10213      211 
             22     0   0.0023000    0    10113      111 
             23     0   0.0004800    0    10331      223 
             24     0   0.0007400    0      223      221 
             25     0   0.0003600    0    10331      333 
             26     0   0.0008000    0      333      335 
             27     0   0.0006800    0    20333      223 
             28     0   0.0007400    0      333      221 
             29     0   0.0004500    0      223      111 
             30     0   0.0004000    0      333      331 
             31     0   0.0003200    0      333  9010221 
             32     0   0.0002600    0      333    20223 
             33     0   0.0001930    0      113      221 
             34     0   0.0001820    0      223      331 
             35     0   0.0001400    0      223  9010221 
             36     0   0.0001050    0      113      331 
             37     0   0.0011000    0     2224    -2224 
             38     0   0.0005150    0     3112    -3112 
             39     0   0.0005900    0     3314    -3314 
             40     0   0.0003200    0     3324    -3324 
             41     0   0.0003200    0     3324    -3324 
             42     0   0.0001550    0     3114    -3114 
             43     0   0.0001550    0     3224    -3224 

 --------  End PYTHIA Particle Data Table  -----------------------------------------------------------------------------------------


 --------  PYTHIA Info Listing  ---------------------------------------- 
 
 Beam A: id =   2212, pz =  6.800e+03, e =  6.800e+03, m =  9.383e-01.
 Beam B: id =   2212, pz = -6.800e+03, e =  6.800e+03, m =  9.383e-01.

 In 1: id =   21, x =  5.463e-01, pdf =  2.547e-03 at Q2 =  5.892e+05.
 In 2: id =   21, x =  3.632e-02, pdf =  2.689e+00 at same Q2.

 Subprocess g g -> g g with code 111 is 2 -> 2.
 It has sHat =  3.670e+06,    tHat = -7.373e+05,    uHat = -2.932e+06,
       pTHat =  7.676e+02,   m3Hat =  0.000e+00,   m4Hat =  0.000e+00,
    thetaHat =  9.296e-01,  phiHat =  1.392e+00.
     alphaEM =  8.011e-03,  alphaS =  9.092e-02    at Q2 =  5.892e+05.

 Impact parameter b =  1.033e+00 gives enhancement factor =  4.725e-01.
 Max pT scale for MPI =  7.676e+02, ISR =  7.676e+02, FSR =  7.676e+02.
 Number of MPI =     2, ISR =     7, FSRproc =    75, FSRreson =     0.

 --------  End PYTHIA Info Listing  ------------------------------------

 --------  PYTHIA Event Listing  (hard process)  -----------------------------------------------------------------------------------
 
    no         id  name            status     mothers   daughters     colours      p_x        p_y        p_z         e          m 
     0         90  (system)           -11     0     0     0     0     0     0      0.000      0.000      0.000  13600.000  13600.000
     1       2212  (p+)               -12     0     0     3     0     0     0      0.000      0.000   6800.000   6800.000      0.938
     2       2212  (p+)               -12     0     0     4     0     0     0      0.000      0.000  -6800.000   6800.000      0.938
     3         21  (g)                -21     1     0     5     6   101   102      0.000      0.000   3714.593   3714.593      0.000
     4         21  (g)                -21     2     0     5     6   102   103      0.000      0.000   -246.979    246.979      0.000
     5         21  g                   23     3     4     0     0   101   104    136.601    755.309   2918.679   3017.919      0.000
     6         21  g                   23     3     4     0     0   104   103   -136.601   -755.309    548.935    943.653      0.000
                                   Charge sum:  0.000           Momentum sum:      0.000      0.000   3467.614   3961.572   1915.648

 --------  End PYTHIA Event Listing  -----------------------------------------------------------------------------------------------

 --------  PYTHIA Event Listing  (complete event)  ---------------------------------------------------------------------------------
 
    no         id  name            status     mothers   daughters     colours      p_x        p_y        p_z         e          m 
     0         90  (system)           -11     0     0     0     0     0     0      0.000      0.000      0.000  13600.000  13600.000
     1       2212  (p+)               -12     0     0   335     0     0     0      0.000      0.000   6800.000   6800.000      0.938
     2       2212  (p+)               -12     0     0   336     0     0     0      0.000      0.000  -6800.000   6800.000      0.938
     3         21  (g)                -21     7     7     5     6   101   102      0.000      0.000   3714.593   3714.593      0.000
     4         21  (g)                -21     8     0     5     6   102   103      0.000      0.000   -246.979    246.979      0.000
     5         21  (g)                -23     3     4     9     9   101   104    136.601    755.309   2918.679   3017.919      0.000
     6         21  (g)                -23     3     4    10    10   104   103   -136.601   -755.309    548.935    943.653      0.000
     7         21  (g)                -42    23    23     3     3   101   102      0.000      0.000   3714.593   3714.593      0.000
     8         21  (g)                -41    14    14    11     4   105   103     -0.000     -0.000   -432.502    432.502      0.000
     9         21  (g)                -44     5     5    26    26   101   104    184.892    761.318   2923.841   3026.985      0.000
    10         21  (g)                -44     6     6    12    13   104   103     55.473   -731.407    450.630    860.872      0.000
    11         21  (g)                -43     8     0    21    22   105   102   -240.365    -29.911    -92.380    259.237      0.000
    12         21  (g)                -51    10     0    15    16   104   106    -22.098   -533.515    468.601    710.432      0.000
    13         21  (g)                -51    10     0    17    17   106   103     77.571   -197.892   -104.290    236.759      0.000
    14         21  (g)                -53    20    20     8     8   105   103     -0.000     -0.000   -518.820    518.820      0.000
    15          3  (s)                -51    12     0    27    27   104     0   -105.809   -440.105    303.151    544.784      0.500
    16         -3  (sbar)             -51    12     0    30    30     0   106    103.006   -142.632    139.509    224.538      0.500
    17         21  (g)                -52    13    13    18    19   106   103     58.276   -148.670    -78.349    177.869      0.000
    18         21  (g)                -51    17     0    29    29   106   107     71.518    -86.278    -34.484    117.251      0.000
    19         21  (g)                -51    17     0    31    31   107   103    -13.242    -62.392   -113.042    129.795      0.000
    20         21  (g)                -53    25    25    14    14   105   103     -0.000     -0.000   -587.997    587.997      0.000
    21         21  (g)                -51    11     0    28    28   105   108   -247.854    -56.676    -79.902    266.511      0.000
    22         21  (g)                -51    11     0    32    32   108   102      7.489     26.765     71.603     76.808      0.000
    23         21  (g)                -53    24     0     7     7   101   102      0.000      0.000   3798.674   3798.674      0.000
    24         21  (g)                -41    37    37    33    23   109   102     -0.000     -0.000   4216.789   4216.789      0.000
    25         21  (g)                -42    38     0    20    20   105   103     -0.000     -0.000   -587.997    587.997      0.000
    26         21  (g)                -44     9     9    39    39   101   104    159.623    745.569   2931.575   3029.106      0.000
    27          3  (s)                -44    15    15    40    40   104     0   -109.410   -442.349    302.431    546.908      0.500
    28         21  (g)                -44    21    21    41    41   105   108   -248.646    -57.170    -80.664    267.582      0.000
    29         21  (g)                -44    18    18    34    35   106   107     71.167    -86.497    -34.216    117.120      0.000
    30         -3  (sbar)             -44    16    16    36    36     0   106    101.460   -143.595    139.936    224.714      0.500
    31         21  (g)                -44    19    19    44    44   107   103    -13.313    -62.436   -113.049    129.829      0.000
    32         21  (g)                -44    22    22    45    45   108   102      6.859     26.372     71.831     76.826      0.000
    33         21  (g)                -43    24     0    46    46   109   101     32.261     20.106    410.947    412.701      0.000
    34         21  (g)                -51    29     0    42    42   110   107      5.557    -52.638     23.140     57.767      0.000
    35         21  (g)                -51    29     0    47    47   106   110     92.498    -71.913    -20.270    118.905      0.000
    36         -3  (sbar)             -52    30    30    43    43     0   106     74.572   -105.541    102.851    165.162      0.500
    37         21  (g)                -42    58    58    24    24   109   102      0.000      0.000   4216.789   4216.789      0.000
    38         21  (g)                -41    59     0    48    25   105   111     -0.000     -0.000   -641.398    641.398      0.000
    39         21  (g)                -44    26    26    51    51   101   104    159.222    742.977   2907.447   3005.098      0.000
    40          3  (s)                -44    27    27    49    50   104     0   -110.415   -448.847    314.041    558.818      0.500
    41         21  (g)                -44    28    28    62    62   105   108   -250.078    -66.426    -78.328    270.345      0.000
    42         21  (g)                -44    34    34    54    54   110   107      5.415    -53.558     24.456     59.126      0.000
    43         -3  (sbar)             -44    36    36    64    64     0   106     74.316   -107.197    105.166    167.554      0.500
    44         21  (g)                -44    31    31    52    53   107   103    -14.312    -68.892   -111.408    131.768      0.000
    45         21  (g)                -44    32    32    66    66   108   102      6.838     26.240     71.010     76.011      0.000
    46         21  (g)                -44    33    33    67    67   109   101     32.253     20.060    409.775    411.531      0.000
    47         21  (g)                -44    35    35    68    68   106   110     91.926    -75.613    -18.837    120.509      0.000
    48         21  (g)                -43    38     0    69    69   103   111      4.835     31.257    -47.931     57.427      0.000
    49          3  (s)                -51    40     0    55    56   112     0   -105.156   -377.588    243.153    461.253      0.500
    50         21  (g)                -51    40     0    57    57   104   112     -4.914    -69.646     77.199    104.089      0.000
    51         21  (g)                -52    39    39    60    60   101   104    158.876    741.364   2901.134   2998.574      0.000
    52         21  (g)                -51    44     0    65    65   113   103      9.859    -32.832    -44.058     55.823      0.000
    53         21  (g)                -51    44     0    71    71   107   113    -23.763    -40.093    -65.509     80.397      0.000
    54         21  (g)                -52    42    42    63    63   110   107      5.007    -49.526     22.615     54.674      0.000
    55          3  (s)                -51    49     0    61    61   114     0    -25.006   -100.493     79.336    130.456      0.500
    56         21  (g)                -51    49     0    72    72   112   114    -80.871   -287.321    175.152    346.081      0.000
    57         21  (g)                -52    50    50    70    70   104   112     -4.192    -59.420     65.864     88.805      0.000
    58         21  (g)                -42    88    88    37    37   109   102      0.000     -0.000   4216.789   4216.789      0.000
    59         21  (g)                -41    96    96    73    38   105   115     -0.000      0.000   -713.859    713.859      0.000
    60         21  (g)                -44    51    51    80    81   101   104    158.342    741.733   2902.871   3000.317      0.000
    61          3  (s)                -44    55    55    98    98   114     0    -25.287   -100.300     79.086    130.209      0.500
    62         21  (g)                -44    41    41    94    94   105   108   -251.990    -65.107    -77.218    271.479      0.000
    63         21  (g)                -44    54    54    77    78   110   107      4.831    -49.404     22.397     54.459      0.000
    64         -3  (sbar)             -44    43    43   101   101     0   106     73.974   -106.961    104.343    166.735      0.500
    65         21  (g)                -44    52    52   102   102   113   103      9.312    -32.454    -44.237     55.650      0.000
    66         21  (g)                -44    45    45    86    87   108   102      6.811     26.259     71.067     76.068      0.000
    67         21  (g)                -44    46    46    82    82   109   101     32.244     20.066    409.647    411.403      0.000
    68         21  (g)                -44    47    47   105   105   106   110     91.162    -75.085    -19.632    119.723      0.000
    69         21  (g)                -44    48    48    91    91   103   111      4.257     31.656    -47.841     57.524      0.000
    70         21  (g)                -44    57    57    76    76   104   112     -4.318    -59.333     65.657     88.600      0.000
    71         21  (g)                -44    53    53    79    79   107   113    -24.564    -39.541    -65.533     80.383      0.000
    72         21  (g)                -44    56    56    74    75   112   114    -81.809   -286.674    174.489    345.429      0.000
    73         21  (g)                -43    59     0    89    90   111   115      7.036     -4.855    -72.166     72.671      0.000
    74         -2  (ubar)             -51    72     0   109   109     0   114    -70.844   -225.062    143.692    276.260      0.330
    75          2  (u)                -51    72     0   111   111   112     0    -11.395    -67.526     37.342     78.001      0.330
    76         21  (g)                -52    70    70   107   107   104   112     -3.887    -53.418     59.112     79.768      0.000
    77         21  (g)                -51    63     0   100   100   110   116      7.223    -49.763     14.664     52.379      0.000
    78         21  (g)                -51    63     0   112   112   116   107     -3.588     -1.568      4.541      5.996      0.000
    79         21  (g)                -52    71    71   108   108   107   113    -23.367    -37.614    -62.340     76.467      0.000
    80         21  (g)                -51    60     0    97    97   117   104    135.867    624.295   2464.352   2545.827      0.000
    81         21  (g)                -51    60     0    83    84   101   117     22.607    117.519    440.194    456.172      0.000
    82         21  (g)                -52    67    67    85    85   109   101     32.112     19.984    407.972    409.722      0.000
    83         21  (g)                -51    81     0   113   113   118   117     12.420     74.739    262.283    273.007      0.000
    84         21  (g)                -51    81     0   114   114   101   118     10.648     43.067    183.759    189.038      0.000
    85         21  (g)                -52    82    82   104   104   109   101     31.652     19.698    402.124    403.849      0.000
    86         21  (g)                -51    66     0    92    93   108   119      4.616      7.459     50.942     51.692      0.000
    87         21  (g)                -51    66     0   115   115   119   102      2.195     18.799     40.001     44.253      0.000
    88         21  (g)                -53    95     0    58    58   109   102      0.000     -0.000   4236.665   4236.665      0.000
    89         -5  (bbar)             -51    73     0   110   110     0   115      7.319     -3.218    -62.355     63.048      4.800
    90          5  (b)                -51    73     0   116   116   111     0      0.174      1.764    -14.951     15.802      4.800
    91         21  (g)                -52    69    69   106   106   103   111      3.799     28.255    -42.701     51.344      0.000
    92         21  (g)                -51    86     0   103   103   120   119     -0.328      6.241     33.873     34.444      0.000
    93         21  (g)                -51    86     0   117   117   108   120      4.603      1.131     16.965     17.615      0.000
    94         21  (g)                -52    62    62    99    99   105   108   -251.650    -65.018    -77.114    271.111      0.000
    95         21  (g)                -41   125     0   118    88   109   121      0.000      0.000   4295.762   4295.762      0.000
    96         21  (g)                -42   126   126    59    59   105   115      0.000     -0.000   -713.859    713.859      0.000
    97         21  (g)                -44    80    80   127   127   117   104    135.721    626.299   2464.283   2546.245      0.000
    98          3  (s)                -44    61    61   128   128   114     0    -25.293   -100.216     79.134    130.175      0.500
    99         21  (g)                -44    94    94   129   129   105   108   -251.655    -64.941    -77.076    271.087      0.000
   100         21  (g)                -44    77    77   130   130   110   116      7.221    -49.736     14.688     52.359      0.000
   101         -3  (sbar)             -44    64    64   124   124     0   106     73.966   -106.853    104.400    166.697      0.500
   102         21  (g)                -44    65    65   132   132   113   103      9.311    -32.449    -44.220     55.633      0.000
   103         21  (g)                -44    92    92   133   133   120   119     -0.330      6.268     33.873     34.449      0.000
   104         21  (g)                -44    85    85   134   134   109   101     31.628     20.020    402.145    403.884      0.000
   105         21  (g)                -44    68    68   122   123   106   110     91.159    -75.045    -19.591    119.689      0.000
   106         21  (g)                -44    91    91   136   136   103   111      3.799     28.259    -42.709     51.352      0.000
   107         21  (g)                -44    76    76   137   137   104   112     -3.892    -53.363     59.139     79.750      0.000
   108         21  (g)                -44    79    79   119   120   107   113    -23.367    -37.609    -62.321     76.448      0.000
   109         -2  (ubar)             -44    74    74   139   139     0   114    -70.856   -224.894    143.799    276.182      0.330
   110         -5  (bbar)             -44    89    89   140   140     0   115      7.319     -3.218    -62.349     63.043      4.800
   111          2  (u)                -44    75    75   141   141   112     0    -11.399    -67.480     37.374     77.977      0.330
   112         21  (g)                -44    78    78   121   121   116   107     -3.589     -1.564      4.542      5.996      0.000
   113         21  (g)                -44    83    83   143   143   118   117     12.404     74.953    262.273    273.055      0.000
   114         21  (g)                -44    84    84   144   144   101   118     10.637     43.216    183.755    189.068      0.000
   115         21  (g)                -44    87    87   145   145   119   102      2.192     18.833     39.996     44.263      0.000
   116          5  (b)                -44    90    90   146   146   111     0      0.174      1.764    -14.951     15.802      4.800
   117         21  (g)                -44    93    93   147   147   108   120      4.602      1.145     16.966     17.616      0.000
   118         21  (g)                -43    95     0   148   148   102   121      0.247     -3.389     58.753     58.852      0.000
   119         21  (g)                -51   108     0   138   138   122   113    -19.958    -26.021    -45.749     56.289      0.000
   120         21  (g)                -51   108     0   149   149   107   122     -3.562    -11.654    -16.378     20.415      0.000
   121         21  (g)                -52   112   112   142   142   116   107     -3.436     -1.497      4.348      5.741      0.000
   122         21  (g)                -51   105     0   135   135   123   110     86.858    -73.804    -20.307    115.774      0.000
   123         21  (g)                -51   105     0   150   150   106   123      5.820     -3.436      2.860      7.339      0.000
   124         -3  (sbar)             -52   101   101   131   131     0   106     72.446   -104.658    102.255    163.273      0.500
   125          2  (u)                -41   269   269   151    95   109     0      0.000     -0.000   5616.643   5616.643      0.000
   126         21  (g)                -42   260   260    96    96   105   115      0.000      0.000   -713.859    713.859      0.000
   127         21  (g)                -44    97    97   167   168   117   104    137.357    626.884   2464.173   2546.370      0.000
   128          3  (s)                -44    98    98   213   214   114     0    -25.224   -100.192     79.154    130.155      0.500
   129         21  (g)                -44    99    99   254   254   105   108   -251.592    -64.918    -76.986    270.997      0.000
   130         21  (g)                -44   100   100   160   160   110   116      7.243    -49.728     14.691     52.356      0.000
   131         -3  (sbar)             -44   124   124   219   220     0   106     72.533   -104.627    102.244    163.285      0.500
   132         21  (g)                -44   102   102   163   163   113   103      9.315    -32.448    -44.219     55.633      0.000
   133         21  (g)                -44   103   103   212   212   120   119     -0.307      6.276     33.872     34.450      0.000
   134         21  (g)                -44   104   104   224   224   109   101     31.891     20.114    402.134    403.898      0.000
   135         21  (g)                -44   122   122   154   154   123   110     86.889    -73.792    -20.326    115.794      0.000
   136         21  (g)                -44   106   106   161   162   103   111      3.802     28.260    -42.713     51.356      0.000
   137         21  (g)                -44   107   107   169   169   104   112     -3.846    -53.347     59.147     79.743      0.000
   138         21  (g)                -44   119   119   166   166   122   113    -19.954    -26.020    -45.740     56.279      0.000
   139         -2  (ubar)             -44   109   109   215   215     0   114    -70.719   -224.845    143.849    276.133      0.330
   140         -5  (bbar)             -44   110   110   350   350     0   115      7.319     -3.218    -62.351     63.044      4.800
   141          2  (u)                -44   111   111   284   284   112     0    -11.361    -67.467     37.386     77.966      0.330
   142         21  (g)                -44   121   121   158   159   116   107     -3.433     -1.496      4.350      5.740      0.000
   143         21  (g)                -44   113   113   261   262   118   117     12.579     75.015    262.261    273.068      0.000
   144         21  (g)                -44   114   114   222   223   101   118     10.758     43.260    183.747    189.077      0.000
   145         21  (g)                -44   115   115   157   157   119   102      2.220     18.843     39.994     44.266      0.000
   146          5  (b)                -44   116   116   187   187   111     0      0.175      1.764    -14.951     15.802      4.800
   147         21  (g)                -44   117   117   210   211   108   120      4.613      1.149     16.964     17.618      0.000
   148         21  (g)                -44   118   118   155   156   102   121      0.286     -3.375     58.754     58.851      0.000
   149         21  (g)                -44   120   120   178   178   107   122     -3.561    -11.654    -16.376     20.412      0.000
   150         21  (g)                -44   123   123   152   153   106   123      5.823     -3.435      2.859      7.340      0.000
   151          2  (u)                -43   125     0   175   175   121     0     -2.805     -1.002   1320.866   1320.869      0.330
   152         21  (g)                -51   150     0   209   209   106   124      5.427     -2.636     -2.362      6.479      0.000
   153         21  (g)                -51   150     0   207   208   124   123     10.948     -9.761      2.752     14.923      0.000
   154         21  (g)                -52   135   135   184   184   123   110     76.338    -64.831    -17.858    101.732      0.000
   155         21  (g)                -51   148     0   173   174   125   121      1.806      1.016      5.483      5.861      0.000
   156         21  (g)                -51   148     0   197   197   102   125     -1.331     -2.782     56.686     56.770      0.000
   157         21  (g)                -52   145   145   195   196   119   102      2.030     17.234     36.579     40.486      0.000
   158         -4  (cbar)             -51   142     0   203   203     0   107     -1.094     -0.047      2.423      3.052      1.500
   159          4  (c)                -51   142     0   181   181   116     0     -1.940     -4.193      2.738      5.575      1.500
   160         21  (g)                -52   130   130   179   180   110   116      6.843    -46.985     13.881     49.468      0.000
   161         21  (g)                -51   136     0   185   186   126   111      4.034     15.852    -25.484     30.282      0.000
   162         21  (g)                -51   136     0   206   206   103   126     -0.193     12.274    -17.411     21.304      0.000
   163         21  (g)                -52   132   132   164   165   113   103      9.277    -32.314    -44.037     55.404      0.000
   164         21  (g)                -51   163     0   204   205   128   103      1.883     -9.599    -10.456     14.318      0.000
   165         21  (g)                -51   163     0   172   172   113   128      7.083    -23.120    -34.293     41.961      0.000
   166         21  (g)                -52   138   138   170   171   122   113    -19.644    -25.615    -45.028     55.403      0.000
   167         21  (g)                -51   127     0   198   199   117   129    135.767    625.009   2453.566   2535.558      0.000
   168         21  (g)                -51   127     0   192   193   129   104      1.580      1.746     10.751     11.005      0.000
   169         21  (g)                -52   137   137   194   194   104   112     -3.837    -53.217     59.003     79.549      0.000
   170         21  (g)                -51   166     0   176   177   122   130    -14.511    -16.932    -29.683     37.126      0.000
   171         21  (g)                -51   166     0   275   275   130   113     -4.986     -9.160    -16.053     19.144      0.000
   172         21  (g)                -52   165   165   273   274   113   128      6.937    -22.643    -33.585     41.095      0.000
   173         21  (g)                -51   155     0   313   313   125   131      1.850     -0.637      5.938      6.252      0.000
   174         21  (g)                -51   155     0   227   227   131   121     -0.089      1.636     20.807     20.872      0.000
   175          2  (u)                -52   151   151   225   226   121     0     -2.760     -0.986   1299.603   1299.607      0.330
   176         21  (g)                -51   170     0   243   244   132   130    -10.914    -11.483    -21.818     26.963      0.000
   177         21  (g)                -51   170     0   245   245   122   132     -4.507     -8.426    -12.048     15.378      0.000
   178         21  (g)                -52   149   149   201   202   107   122     -2.651     -8.676    -12.192     15.197      0.000
   179          4  (c)                -51   160     0   182   183   110     0      4.681    -34.996     11.016     37.017      1.500
   180         -4  (cbar)             -51   160     0   371   371     0   116      1.884    -12.249      3.128     12.869      1.500
   181          4  (c)                -52   159   159   364   364   116     0     -1.661     -3.932      2.475      5.157      1.500
   182          4  (c)                -51   179     0   340   340   133     0      1.013    -10.387      4.333     11.399      1.500
   183         21  (g)                -51   179     0   240   241   110   133      4.003    -24.894      6.604     26.064      0.000
   184         21  (g)                -52   154   154   234   235   123   110     76.002    -64.546    -17.779    101.285      0.000
   185         21  (g)                -51   161     0   346   346   126   134      3.548     11.201    -20.861     23.943      0.000
   186         21  (g)                -51   161     0   373   373   134   111      0.402      4.397     -5.037      6.698      0.000
   187          5  (b)                -52   146   146   356   356   111     0      0.258      2.018    -14.536     15.443      4.800
   188         -3  (sbar)             -31   294   294   190   191     0   135      0.000      0.000      0.014      0.014      0.000
   189         21  (g)                -31   295     0   190   191   135   136      0.000      0.000   -362.342    362.342      0.000
   190         -3  (sbar)             -33   188   189   296   296     0   137     -0.769     -1.020    -36.102     36.128      0.500
   191         21  (g)                -33   188   189   297   297   137   136      0.769      1.020   -326.226    326.228      0.000
   192         21  (g)                -51   168     0   200   200   129   138      2.080      0.312      6.183      6.531      0.000
   193         21  (g)                -51   168     0   279   280   138   104     -0.537      0.913      5.145      5.253      0.000
   194         21  (g)                -52   169   169   281   281   104   112     -3.799    -52.696     58.425     78.771      0.000
   195         21  (g)                -51   157     0   228   229   119   140      2.373     17.350     38.137     41.965      0.000
   196         21  (g)                -51   157     0   331   331   140   102     -0.411     -0.260      1.372      1.456      0.000
   197         21  (g)                -52   156   156   320   321   102   125     -1.262     -2.638     53.756     53.835      0.000
   198         21  (g)                -51   167     0   263   263   117   141    130.254    598.109   2344.003   2422.612      0.000
   199         21  (g)                -51   167     0   239   239   141   129      5.547     26.904    109.663    113.052      0.000
   200         21  (g)                -52   192   192   237   238   129   138      2.046      0.307      6.083      6.425      0.000
   201         21  (g)                -51   178     0   319   319   143   122      0.029     -0.307     -2.016      2.040      0.000
   202         21  (g)                -51   178     0   216   217   107   143     -2.743     -8.355    -10.001     13.317      0.000
   203         -4  (cbar)             -52   158   158   218   218     0   107     -1.031     -0.061      2.248      2.893      1.500
   204         21  (g)                -51   164     0   332   333   128   144      2.095     -4.863     -5.734      7.805      0.000
   205         21  (g)                -51   164     0   255   256   144   103     -0.214     -4.611     -4.900      6.732      0.000
   206         21  (g)                -52   162   162   257   257   103   126     -0.191     12.149    -17.233     21.085      0.000
   207         21  (g)                -51   153     0   236   236   145   123      3.240     -3.392      1.666      4.978      0.000
   208         21  (g)                -51   153     0   379   379   124   145      8.432     -6.721      0.771     10.810      0.000
   209         21  (g)                -52   152   152   221   221   106   124      4.703     -2.284     -2.047      5.614      0.000
   210         21  (g)                -51   147     0   252   253   108   146      4.821      1.389     18.865     19.521      0.000
   211         21  (g)                -51   147     0   308   309   146   120     -0.261      0.839      3.921      4.019      0.000
   212         21  (g)                -52   133   133   230   230   120   119     -0.254      5.197     28.050     28.529      0.000
   213          3  (s)                -51   128     0   328   328   147     0    -25.039    -97.529     77.505    127.068      0.500
   214         21  (g)                -51   128     0   326   327   114   147     -3.347    -12.714      8.079     15.431      0.000
   215         -2  (ubar)             -52   139   139   349   349     0   114    -67.557   -214.794    137.419    263.789      0.330
   216         21  (g)                -51   202     0   302   303   148   143     -1.816     -7.917     -8.307     11.618      0.000
   217         21  (g)                -51   202     0   304   304   107   148     -0.989     -0.419     -1.515      1.858      0.000
   218         -4  (cbar)             -52   203   203   352   352     0   107     -0.969     -0.080      2.069      2.734      1.500
   219         -3  (sbar)             -51   131     0   341   341     0   149     50.805    -75.001     72.446    115.996      0.500
   220         21  (g)                -51   131     0   383   383   149   106     21.750    -29.636     29.789     47.315      0.000
   221         21  (g)                -52   209   209   360   360   106   124      4.681     -2.273     -2.037      5.588      0.000
   222         21  (g)                -51   144     0   354   354   151   118      6.178     26.817    117.328    120.512      0.000
   223         21  (g)                -51   144     0   249   250   101   151      4.634     16.476     67.090     69.238      0.000
   224         21  (g)                -52   134   134   251   251   109   101     31.838     20.081    401.464    403.225      0.000
   225          2  (u)                -51   175     0   361   361   152     0     -2.722     -0.011   1066.633   1066.637      0.330
   226         21  (g)                -51   175     0   231   232   121   152     -0.041     -0.925    233.619    233.621      0.000
   227         21  (g)                -52   174   174   233   233   131   121     -0.086      1.585     20.158     20.220      0.000
   228         21  (g)                -51   195     0   266   266   153   140      1.775     17.267     38.312     42.061      0.000
   229         21  (g)                -51   195     0   264   265   119   153      0.572      0.610      2.673      2.801      0.000
   230         21  (g)                -52   212   212   343   343   120   119     -0.229      4.669     25.202     25.632      0.000
   231         21  (g)                -51   226     0   385   385   154   152     -0.200     -0.237    228.712    228.712      0.000
   232         21  (g)                -51   226     0   387   387   121   154      0.145     -0.423      8.277      8.289      0.000
   233         21  (g)                -52   227   227   311   312   131   121     -0.072      1.320     16.788     16.840      0.000
   234         21  (g)                -51   184     0   242   242   155   110     67.141    -58.012    -16.132     90.187      0.000
   235         21  (g)                -51   184     0   388   388   123   155      9.031     -6.712     -1.560     11.360      0.000
   236         21  (g)                -52   207   207   362   362   145   123      3.071     -3.214      1.579      4.717      0.000
   237         21  (g)                -51   200     0   305   306   156   138      2.015      0.329      8.837      9.070      0.000
   238         21  (g)                -51   200     0   316   316   129   156      0.503      2.267      6.577      6.975      0.000
   239         21  (g)                -52   199   199   314   315   141   129      5.075     24.615    100.332    103.432      0.000
   240         21  (g)                -51   183     0   372   372   157   133      4.104    -22.726      6.848     24.088      0.000
   241         21  (g)                -51   183     0   291   292   110   157      0.422     -2.619     -0.370      2.679      0.000
   242         21  (g)                -52   234   234   293   293   155   110     66.618    -57.560    -16.006     89.484      0.000
   243         21  (g)                -51   176     0   248   248   158   130    -10.580    -11.186    -21.611     26.534      0.000
   244         21  (g)                -51   176     0   246   247   132   158     -1.993     -3.399     -4.642      6.089      0.000
   245         21  (g)                -52   177   177   285   286   122   132     -2.848     -5.325     -7.614      9.718      0.000
   246         21  (g)                -51   244     0   287   287   132   159     -9.572    -10.537    -18.880     23.645      0.000
   247         21  (g)                -51   244     0   392   392   159   158     -0.576     -1.484     -2.418      2.895      0.000
   248         21  (g)                -52   243   243   348   348   158   130     -2.425     -2.564     -4.954      6.082      0.000
   249         21  (g)                -51   223     0   290   290   160   151      4.689     13.444     55.336     57.138      0.000
   250         21  (g)                -51   223     0   272   272   101   160      0.092      3.125     13.612     13.966      0.000
   251         21  (g)                -52   224   224   267   268   109   101     31.691     19.988    399.606    401.359      0.000
   252         21  (g)                -51   210     0   310   310   161   146      3.934      0.348     16.305     16.777      0.000
   253         21  (g)                -51   210     0   394   394   108   161      0.796      1.017      2.532      2.842      0.000
   254         21  (g)                -52   129   129   258   259   105   108   -251.501    -64.895    -76.958    270.899      0.000
   255         21  (g)                -51   205     0   378   378   144   162      0.261     -1.767     -3.273      3.729      0.000
   256         21  (g)                -51   205     0   278   278   162   103     -0.478     -2.674     -1.867      3.297      0.000
   257         21  (g)                -52   206   206   276   277   103   126     -0.189     11.979    -16.993     20.792      0.000
   258         21  (g)                -51   254     0   339   339   163   108   -140.648    -35.608    -43.442    151.450      0.000
   259         21  (g)                -51   254     0   396   396   105   163   -110.852    -29.287    -33.522    119.456      0.000
   260         21  (g)                -53   336   336   126   126   105   115      0.000      0.000   -713.866    713.866      0.000
   261         21  (g)                -51   143     0   353   353   118   164      7.895     49.871    172.426    179.667      0.000
   262         21  (g)                -51   143     0   299   300   164   117      5.479     28.796    104.146    108.192      0.000
   263         21  (g)                -52   198   198   301   301   117   141    129.458    594.458   2329.692   2407.822      0.000
   264         21  (g)                -51   229     0   386   386   119   165      0.265      0.976      1.253      1.610      0.000
   265         21  (g)                -51   229     0   398   398   165   153      0.813      4.553     12.334     13.173      0.000
   266         21  (g)                -52   228   228   329   330   153   140      1.269     12.348     27.397     30.078      0.000
   267         21  (g)                -51   251     0   270   271   166   101      5.976      2.916     70.024     70.339      0.000
   268         21  (g)                -51   251     0   323   324   109   166     25.715     17.071    330.619    332.056      0.000
   269          2  (u)                -53   335   335   125   125   109     0      0.000     -0.000   5617.680   5617.680      0.000
   270         21  (g)                -51   267     0   325   325   166   167      1.625      0.122     16.741     16.820      0.000
   271         21  (g)                -51   267     0   400   400   167   101      4.356      2.979     54.089     54.346      0.000
   272         21  (g)                -52   250   250   288   289   101   160      0.086      2.940     12.805     13.139      0.000
   273         21  (g)                -51   172     0   334   334   168   128      2.703    -10.262    -13.999     17.566      0.000
   274         21  (g)                -51   172     0   401   401   113   168      4.162    -12.513    -19.817     23.803      0.000
   275         21  (g)                -52   171   171   368   368   130   113     -4.915     -9.029    -15.823     18.869      0.000
   276         21  (g)                -51   257     0   365   365   170   126     -0.584      9.176    -14.002     16.751      0.000
   277         21  (g)                -51   257     0   402   402   103   170      0.385      2.749     -3.029      4.109      0.000
   278         21  (g)                -52   256   256   395   395   162   103     -0.469     -2.620     -1.829      3.229      0.000
   279         21  (g)                -51   193     0   307   307   138   171     -0.841      0.745      5.541      5.654      0.000
   280         21  (g)                -51   193     0   403   403   171   104      0.163     -1.777      1.760      2.506      0.000
   281         21  (g)                -52   194   194   282   283   104   112     -3.659    -50.751     56.269     75.864      0.000
   282         21  (g)                -51   281     0   347   347   104   172     -4.132    -47.900     53.105     71.635      0.000
   283         21  (g)                -51   281     0   404   404   172   112      0.359     -3.524      3.537      5.006      0.000
   284          2  (u)                -52   141   141   351   351   112     0    -11.248    -66.794     37.013     77.188      0.330
   285         21  (g)                -51   245     0   317   318   122   173     -6.006     -8.237    -13.793     17.151      0.000
   286         21  (g)                -51   245     0   405   405   173   132     -0.490     -1.104     -1.019      1.580      0.000
   287         21  (g)                -52   246   246   391   391   132   159     -5.923     -6.520    -11.683     14.632      0.000
   288         21  (g)                -51   272     0   393   393   101   175      0.788      3.602     17.938     18.313      0.000
   289         21  (g)                -51   272     0   406   406   175   160      1.390      5.334     19.549     20.312      0.000
   290         21  (g)                -52   249   249   384   384   160   151      2.598      7.447     30.654     31.652      0.000
   291         21  (g)                -51   241     0   390   390   176   157      0.374     -1.365     -0.881      1.667      0.000
   292         21  (g)                -51   241     0   407   407   110   176      1.210     -2.259      0.232      2.573      0.000
   293         21  (g)                -52   242   242   345   345   155   110     65.456    -56.556    -15.727     87.922      0.000
   294         -3  (sbar)             -42   420   420   188   188     0   135     -0.000      0.000      0.014      0.014      0.000
   295         21  (g)                -41   421   421   298   189   135   177      0.000     -0.000   -432.579    432.579      0.000
   296         -3  (sbar)             -44   190   190   422   422     0   137     -0.765     -1.056    -41.069     41.093      0.500
   297         21  (g)                -44   191   191   423   423   137   136      0.803      0.691   -371.086    371.088      0.000
   298         21  (g)                -43   295     0   424   424   136   177     -0.037      0.364    -20.410     20.413      0.000
   299         21  (g)                -51   262     0   397   397   164   178      1.728      7.179     25.185     26.245      0.000
   300         21  (g)                -51   262     0   408   408   178   117      6.025     32.057    119.877    124.236      0.000
   301         21  (g)                -52   263   263   337   337   117   141    127.185    584.017   2288.776   2365.534      0.000
   302         21  (g)                -51   216     0   377   377   180   143     -0.817     -4.449     -5.573      7.178      0.000
   303         21  (g)                -51   216     0   409   409   148   180     -1.232     -3.567     -3.090      4.877      0.000
   304         21  (g)                -52   217   217   382   382   107   148     -0.757     -0.321     -1.159      1.421      0.000
   305         21  (g)                -51   237     0   367   367   156   181      0.155     -0.294      0.564      0.655      0.000
   306         21  (g)                -51   237     0   410   410   181   138      1.641      0.818      9.719      9.891      0.000
   307         21  (g)                -52   279   279   374   374   138   171     -0.621      0.551      4.095      4.178      0.000
   308         21  (g)                -51   211     0   380   380   183   120     -0.382      0.429      1.555      1.658      0.000
   309         21  (g)                -51   211     0   411   411   146   183      1.141      0.500      6.592      6.708      0.000
   310         21  (g)                -52   252   252   357   357   161   146      2.915      0.258     12.080     12.429      0.000
   311         21  (g)                -51   233     0   369   369   184   121     -0.308      1.218      9.595      9.677      0.000
   312         21  (g)                -51   233     0   412   412   131   184      0.506      0.009      8.058      8.074      0.000
   313         21  (g)                -52   173   173   322   322   125   131      1.581     -0.544      5.073      5.341      0.000
   314         21  (g)                -51   239     0   376   376   141   186      4.721     22.377     92.257     95.050      0.000
   315         21  (g)                -51   239     0   413   413   186   129      0.522      2.990     10.259     10.698      0.000
   316         21  (g)                -52   238   238   389   389   129   156      0.336      1.514      4.393      4.659      0.000
   317         21  (g)                -51   285     0   370   370   187   173     -3.283     -5.321     -7.849     10.035      0.000
   318         21  (g)                -51   285     0   414   414   122   187     -2.718     -2.970     -6.299      7.476      0.000
   319         21  (g)                -52   201   201   359   359   143   122      0.024     -0.253     -1.661      1.680      0.000
   320         21  (g)                -51   197     0   363   363   102   188     -1.372     -2.052     48.977     49.039      0.000
   321         21  (g)                -51   197     0   415   415   188   125      0.280     -0.645      5.325      5.372      0.000
   322         21  (g)                -52   313   313   358   358   125   131      1.410     -0.486      4.526      4.766      0.000
   323         21  (g)                -51   268     0   399   399   109   189     18.375     12.305    230.625    231.682      0.000
   324         21  (g)                -51   268     0   416   416   189   166      7.565      4.783    102.312    102.703      0.000
   325         21  (g)                -52   270   270   344   344   166   167      1.400      0.105     14.423     14.492      0.000
   326          1  (d)                -51   214     0   381   381   114     0     -3.060    -13.641      9.412     16.856      0.330
   327         -1  (dbar)             -51   214     0   417   417     0   147     -2.113     -6.188      4.326      7.847      0.330
   328          3  (s)                -52   213   213   338   338   147     0    -23.213    -90.414     71.847    117.795      0.500
   329         21  (g)                -51   266     0   355   355   153   191      0.877      5.702     14.120     15.253      0.000
   330         21  (g)                -51   266     0   418   418   191   140      0.360      6.625     13.385     14.939      0.000
   331         21  (g)                -52   196   196   375   375   140   102     -0.379     -0.239      1.264      1.341      0.000
   332         21  (g)                -51   204     0   342   342   192   144      0.482     -1.919     -3.153      3.723      0.000
   333         21  (g)                -51   204     0   419   419   128   192      3.302     -9.352    -11.323     15.053      0.000
   334         21  (g)                -52   273   273   366   366   168   128      1.015     -3.853     -5.256      6.596      0.000
   335          2  (u)                -61     1     0   269   269   109     0      0.123     -0.146   5617.680   5617.680      0.000
   336         21  (g)                -61     2     0   260   260   136   115     -0.772      0.617   -713.866    713.866      0.000
   337         21  (g)                -62   301   301   642   642   117   141    127.194    583.990   2288.966   2365.711      0.000
   338          3  (s)                -62   328   328   432   432   147     0    -23.235    -90.396     71.820    117.770      0.500
   339         21  (g)                -62   258   258   576   576   163   108   -140.753    -35.525    -43.380    151.510      0.000
   340          4  (c)                -62   182   182   521   521   133     0      1.009    -10.384      4.328     11.395      1.500
   341         -3  (sbar)             -62   219   219   531   531     0   149     50.783    -74.985     72.385    115.937      0.500
   342         21  (g)                -62   332   332   430     0   192   144      0.478     -1.916     -3.155      3.722      0.000
   343         21  (g)                -62   230   230   571   571   120   119     -0.228      4.669     25.204     25.634      0.000
   344         21  (g)                -62   325   325   651   651   166   167      1.401      0.105     14.423     14.491      0.000
   345         21  (g)                -62   293   293   525   525   155   110     65.400    -56.512    -15.788     87.864      0.000
   346         21  (g)                -62   185   185   466   466   126   134      3.524     11.221    -20.858     23.946      0.000
   347         21  (g)                -62   282   282   635   635   104   172     -4.140    -47.894     53.086     71.617      0.000
   348         21  (g)                -62   248   248   475   475   158   130     -2.431     -2.559     -4.954      6.083      0.000
   349         -2  (ubar)             -62   215   215   443   443     0   114    -67.621   -214.745    137.361    263.735      0.330
   350         -5  (bbar)             -62   140   140   458   458     0   137      7.251     -3.164    -62.356     63.039      4.800
   351          2  (u)                -62   284   284   633   633   112     0    -11.268    -66.778     36.990     77.166      0.330
   352         -4  (cbar)             -62   218   218   485   485     0   107     -0.969     -0.079      2.069      2.735      1.500
   353         21  (g)                -62   261   261   645   645   118   164      7.895     49.870    172.444    179.683      0.000
   354         21  (g)                -62   222   222   646   646   151   118      6.178     26.816    117.336    120.520      0.000
   355         21  (g)                -62   329   329   429     0   153   191      0.877      5.702     14.122     15.255      0.000
   356          5  (b)                -62   187   187   464   464   111     0      0.242      2.031    -14.535     15.443      4.800
   357         21  (g)                -62   310   310   574   574   161   146      2.915      0.258     12.078     12.428      0.000
   358         21  (g)                -62   322   322   564   564   125   131      1.410     -0.486      4.525      4.765      0.000
   359         21  (g)                -62   319   319   481   481   143   122      0.022     -0.251     -1.661      1.680      0.000
   360         21  (g)                -62   221   221   529   529   106   124      4.677     -2.270     -2.041      5.585      0.000
   361          2  (u)                -62   225   225   559   559   152     0     -2.699     -0.038   1066.635   1066.638      0.330
   362         21  (g)                -62   236   236   527   527   145   123      3.069     -3.213      1.575      4.714      0.000
   363         21  (g)                -62   320   320   566   566   102   188     -1.371     -2.053     48.977     49.039      0.000
   364          4  (c)                -62   181   181   438   438   116     0     -1.663     -3.931      2.474      5.156      1.500
   365         21  (g)                -62   276   276   467   467   170   126     -0.600      9.189    -13.997     16.755      0.000
   366         21  (g)                -62   334   334   472   472   168   128      1.008     -3.848     -5.258      6.594      0.000
   367         21  (g)                -62   305   305   639   639   156   181      0.155     -0.294      0.564      0.655      0.000
   368         21  (g)                -62   275   275   474   474   130   113     -4.933     -9.014    -15.824     18.868      0.000
   369         21  (g)                -62   311   311   562   562   184   121     -0.308      1.218      9.596      9.678      0.000
   370         21  (g)                -62   317   317   479   479   187   173     -3.293     -5.313     -7.849     10.034      0.000
   371         -4  (cbar)             -62   180   180   439   439     0   116      1.879    -12.245      3.122     12.863      1.500
   372         21  (g)                -62   240   240   522   522   157   133      4.095    -22.719      6.836     24.076      0.000
   373         21  (g)                -62   186   186   465   465   134   111      0.396      4.402     -5.036      6.700      0.000
   374         21  (g)                -62   307   307   637   637   138   171     -0.621      0.550      4.095      4.179      0.000
   375         21  (g)                -62   331   331   567   567   140   102     -0.379     -0.239      1.264      1.341      0.000
   376         21  (g)                -62   314   314   641   641   141   186      4.721     22.376     92.265     95.056      0.000
   377         21  (g)                -62   302   302   482   482   180   143     -0.824     -4.444     -5.575      7.176      0.000
   378         21  (g)                -62   255   255   430     0   144   162      0.258     -1.764     -3.274      3.728      0.000
   379         21  (g)                -62   208   208   528   528   124   145      8.426     -6.716      0.763     10.803      0.000
   380         21  (g)                -62   308   308   572   572   183   120     -0.382      0.429      1.555      1.658      0.000
   381          1  (d)                -62   326   326   442   442   114     0     -3.064    -13.638      9.407     16.852      0.330
   382         21  (g)                -62   304   304   484   484   107   148     -0.758     -0.319     -1.159      1.421      0.000
   383         21  (g)                -62   220   220   530   530   149   106     21.742    -29.630     29.763     47.291      0.000
   384         21  (g)                -62   290   290   647   647   160   151      2.598      7.447     30.656     31.654      0.000
   385         21  (g)                -62   231   231   560   560   154   152     -0.195     -0.243    228.712    228.712      0.000
   386         21  (g)                -62   264   264   570   570   119   165      0.265      0.976      1.254      1.611      0.000
   387         21  (g)                -62   232   232   561   561   121   154      0.145     -0.423      8.277      8.289      0.000
   388         21  (g)                -62   235   235   526   526   123   155      9.024     -6.706     -1.568     11.352      0.000
   389         21  (g)                -62   316   316   431     0   129   156      0.336      1.514      4.394      4.660      0.000
   390         21  (g)                -62   291   291   523   523   176   157      0.373     -1.364     -0.882      1.666      0.000
   391         21  (g)                -62   287   287   477   477   132   159     -5.937     -6.509    -11.683     14.632      0.000
   392         21  (g)                -62   247   247   476   476   159   158     -0.579     -1.482     -2.419      2.895      0.000
   393         21  (g)                -62   288   288   649   649   101   175      0.788      3.602     17.939     18.314      0.000
   394         21  (g)                -62   253   253   575   575   108   161      0.795      1.017      2.532      2.842      0.000
   395         21  (g)                -62   278   278   469   469   162   103     -0.471     -2.617     -1.830      3.228      0.000
   396         21  (g)                -62   259   259   577   577   105   163   -110.934    -29.222    -33.474    119.502      0.000
   397         21  (g)                -62   299   299   644   644   164   178      1.728      7.178     25.187     26.247      0.000
   398         21  (g)                -62   265   265   429     0   165   153      0.812      4.553     12.336     13.174      0.000
   399         21  (g)                -62   323   323   653   653   109   189     18.379     12.300    230.620    231.678      0.000
   400         21  (g)                -62   271   271   650   650   167   101      4.357      2.978     54.088     54.345      0.000
   401         21  (g)                -62   274   274   473   473   113   168      4.139    -12.494    -19.825     23.796      0.000
   402         21  (g)                -62   277   277   468   468   103   170      0.381      2.752     -3.028      4.110      0.000
   403         21  (g)                -62   280   280   636   636   171   104      0.163     -1.776      1.759      2.505      0.000
   404         21  (g)                -62   283   283   634   634   172   112      0.359     -3.524      3.535      5.004      0.000
   405         21  (g)                -62   286   286   478   478   173   132     -0.492     -1.103     -1.019      1.580      0.000
   406         21  (g)                -62   289   289   648   648   175   160      1.390      5.334     19.551     20.313      0.000
   407         21  (g)                -62   292   292   524   524   110   176      1.209     -2.258      0.230      2.572      0.000
   408         21  (g)                -62   300   300   643   643   178   117      6.025     32.056    119.888    124.246      0.000
   409         21  (g)                -62   303   303   483   483   148   180     -1.236     -3.563     -3.091      4.876      0.000
   410         21  (g)                -62   306   306   638   638   181   138      1.641      0.818      9.719      9.890      0.000
   411         21  (g)                -62   309   309   573   573   146   183      1.141      0.499      6.591      6.708      0.000
   412         21  (g)                -62   312   312   563   563   131   184      0.506      0.009      8.058      8.074      0.000
   413         21  (g)                -62   315   315   431     0   186   129      0.522      2.990     10.260     10.699      0.000
   414         21  (g)                -62   318   318   480   480   122   187     -2.725     -2.964     -6.299      7.476      0.000
   415         21  (g)                -62   321   321   565   565   188   125      0.280     -0.645      5.325      5.371      0.000
   416         21  (g)                -62   324   324   652   652   189   166      7.567      4.780    102.310    102.701      0.000
   417         -1  (dbar)             -62   327   327   433   433     0   147     -2.115     -6.187      4.324      7.846      0.330
   418         21  (g)                -62   330   330   568   568   191   140      0.359      6.626     13.388     14.942      0.000
   419         21  (g)                -62   333   333   471   471   128   192      3.287     -9.341    -11.329     15.047      0.000
   420         -3  (sbar)             -61     1     0   294   294     0   109     -0.565      0.164     -6.138      6.167      0.000
   421         21  (g)                -61     2     0   295   295   109   136      0.546     -0.269   -426.526    426.527      0.000
   422         -3  (sbar)             -62   296   296   579   579     0   136     -1.172     -0.951    -54.629     54.653      0.500
   423         21  (g)                -62   297   297   457   457   137   115      1.226      0.477   -354.351    354.354      0.000
   424         21  (g)                -62   298   298   578   578   136   105     -0.073      0.369    -23.684     23.687      0.000
   425       2101  (ud_0)             -63     1     0   451   451     0   193      0.520     -0.164   1178.833   1178.833      0.579
   426          3  (s)                -63     1     0   450   450   193     0     -0.078      0.146      3.452      3.492      0.500
   427          2  (u)                -63     2     0   456   456   115     0      0.140     -0.052    -82.023     82.024      0.330
   428       2101  (ud_0)             -63     2     0   654   654     0   109      0.086     -0.296  -5571.411   5571.411      0.579
   429         21  (g)                -73   355   398   569   569   165   191      1.689     10.256     26.458     28.430      0.431
   430         21  (g)                -73   342   378   470   470   192   162      0.736     -3.680     -6.429      7.450      0.293
   431         21  (g)                -73   389   413   640   640   186   156      0.858      4.504     14.654     15.359      0.378
   432          3  (s)                -71   338   338   434   437   147     0    -23.235    -90.396     71.820    117.770      0.500
   433         -1  (dbar)             -71   417   417   434   437     0   147     -2.115     -6.187      4.324      7.846      0.330
   434       -321  K-                  83   432   433     0     0     0     0     -9.186    -33.543     26.342     43.631      0.494
   435        321  K+                  83   432   433     0     0     0     0     -0.918     -3.436      2.594      4.430      0.494
   436       -321  K-                  84   432   433     0     0     0     0    -14.745    -57.890     45.796     75.274      0.494
   437        211  pi+                 84   432   433     0     0     0     0     -0.501     -1.714      1.412      2.280      0.140
   438          4  (c)                -71   364   364   440   441   116     0     -1.663     -3.931      2.474      5.156      1.500
   439         -4  (cbar)             -71   371   371   440   441     0   116      1.879    -12.245      3.122     12.863      1.500
   440        431  (D_s+)             -83   438   439   851   852     0     0     -1.255     -3.914      2.203      5.062      1.968
   441       -431  (D_s-)             -84   438   439   853   854     0     0      1.471    -12.262      3.393     12.958      1.968
   442          1  (d)                -71   381   381   444   449   114     0     -3.064    -13.638      9.407     16.852      0.330
   443         -2  (ubar)             -71   349   349   444   449     0   114    -67.621   -214.745    137.361    263.735      0.330
   444       -213  (rho-)             -83   442   443   727   728     0     0     -9.437    -31.133     19.894     38.150      1.125
   445        111  (pi0)              -83   442   443   855   856     0     0     -1.904     -7.009      4.712      8.659      0.135
   446        321  K+                  83   442   443     0     0     0     0     -6.844    -22.639     14.300     27.643      0.494
   447       3122  Lambda0             83   442   443     0     0     0     0    -11.000    -36.856     23.955     45.326      1.116
   448      -2212  pbar-               84   442   443     0     0     0     0    -40.071   -125.464     80.630    154.431      0.938
   449        111  (pi0)              -84   442   443   857   858     0     0     -1.428     -5.281      3.277      6.379      0.135
   450          3  (s)                -71   426   426   452   455   193     0     -0.078      0.146      3.452      3.492      0.500
   451       2101  (ud_0)             -71   425   425   452   455     0   193      0.520     -0.164   1178.833   1178.833      0.579
   452       -323  (K*-)              -83   450   451   729   730     0     0      0.038     -0.089     10.984     11.021      0.904
   453        221  (eta)              -83   450   451   859   860     0     0     -0.099      0.285    176.568    176.569      0.548
   454        211  pi+                 84   450   451     0     0     0     0      0.269     -0.409    623.301    623.301      0.140
   455       2112  n0                  84   450   451     0     0     0     0      0.235      0.195    371.433    371.434      0.940
   456          2  (u)                -71   427   427   459   463   115     0      0.140     -0.052    -82.023     82.024      0.330
   457         21  (g)                -71   423   423   459   463   137   115      1.226      0.477   -354.351    354.354      0.000
   458         -5  (bbar)             -71   350   350   459   463     0   137      7.251     -3.164    -62.356     63.039      4.800
   459        223  (omega)            -83   456   458   861   863     0     0      0.970      0.201   -209.205    209.209      0.798
   460        211  pi+                 83   456   458     0     0     0     0      0.249      0.058   -195.733    195.734      0.140
   461        111  (pi0)              -84   456   458   864   865     0     0     -0.372     -0.375    -13.876     13.886      0.135
   462       -211  pi-                 84   456   458     0     0     0     0      1.825      0.320    -17.432     17.531      0.140
   463        521  (B+)               -84   456   458   866   867     0     0      5.945     -2.944    -62.484     63.056      5.279
   464          5  (b)                -71   356   356   486   520   111     0      0.242      2.031    -14.535     15.443      4.800
   465         21  (g)                -71   373   373   486   520   134   111      0.396      4.402     -5.036      6.700      0.000
   466         21  (g)                -71   346   346   486   520   126   134      3.524     11.221    -20.858     23.946      0.000
   467         21  (g)                -71   365   365   486   520   170   126     -0.600      9.189    -13.997     16.755      0.000
   468         21  (g)                -71   402   402   486   520   103   170      0.381      2.752     -3.028      4.110      0.000
   469         21  (g)                -71   395   395   486   520   162   103     -0.471     -2.617     -1.830      3.228      0.000
   470         21  (g)                -71   430   430   486   520   192   162      0.736     -3.680     -6.429      7.450      0.293
   471         21  (g)                -71   419   419   486   520   128   192      3.287     -9.341    -11.329     15.047      0.000
   472         21  (g)                -71   366   366   486   520   168   128      1.008     -3.848     -5.258      6.594      0.000
   473         21  (g)                -71   401   401   486   520   113   168      4.139    -12.494    -19.825     23.796      0.000
   474         21  (g)                -71   368   368   486   520   130   113     -4.933     -9.014    -15.824     18.868      0.000
   475         21  (g)                -71   348   348   486   520   158   130     -2.431     -2.559     -4.954      6.083      0.000
   476         21  (g)                -71   392   392   486   520   159   158     -0.579     -1.482     -2.419      2.895      0.000
   477         21  (g)                -71   391   391   486   520   132   159     -5.937     -6.509    -11.683     14.632      0.000
   478         21  (g)                -71   405   405   486   520   173   132     -0.492     -1.103     -1.019      1.580      0.000
   479         21  (g)                -71   370   370   486   520   187   173     -3.293     -5.313     -7.849     10.034      0.000
   480         21  (g)                -71   414   414   486   520   122   187     -2.725     -2.964     -6.299      7.476      0.000
   481         21  (g)                -71   359   359   486   520   143   122      0.022     -0.251     -1.661      1.680      0.000
   482         21  (g)                -71   377   377   486   520   180   143     -0.824     -4.444     -5.575      7.176      0.000
   483         21  (g)                -71   409   409   486   520   148   180     -1.236     -3.563     -3.091      4.876      0.000
   484         21  (g)                -71   382   382   486   520   107   148     -0.758     -0.319     -1.159      1.421      0.000
   485         -4  (cbar)             -71   352   352   486   520     0   107     -0.969     -0.079      2.069      2.735      1.500
   486       -513  (B*bar0)           -83   464   485   868   869     0     0      0.311      3.108    -13.227     14.597      5.325
   487        311  (K0)               -83   464   485   731   731     0     0      0.125      0.459     -1.204      1.387      0.498
   488       -313  (K*bar0)           -83   464   485   732   733     0     0      0.293      0.940     -2.517      2.849      0.901
   489        313  (K*0)              -83   464   485   734   735     0     0      0.279      2.915     -5.439      6.251      0.958
   490       -311  (Kbar0)            -83   464   485   736   736     0     0      1.469      6.371    -10.478     12.361      0.498
   491        331  (eta')             -83   464   485   870   872     0     0     -0.014      3.610     -6.565      7.553      0.958
   492        113  (rho0)             -83   464   485   737   738     0     0      1.036      3.572     -5.394      6.597      0.770
   493       -213  (rho-)             -83   464   485   739   740     0     0      0.406      4.708     -7.216      8.667      0.853
   494        211  pi+                 83   464   485     0     0     0     0     -0.180      1.887     -3.465      3.952      0.140
   495        111  (pi0)              -84   464   485   873   874     0     0      0.572     -0.146     -0.147      0.623      0.135
   496       -211  pi-                 84   464   485     0     0     0     0     -0.773      0.334     -1.744      1.942      0.140
   497        213  (rho+)             -84   464   485   741   742     0     0      0.182     -0.255     -0.779      1.567      1.323
   498        111  (pi0)              -84   464   485   875   876     0     0      0.009      0.246     -0.585      0.649      0.135
   499        311  (K0)               -84   464   485   743   743     0     0      0.225     -0.395     -1.634      1.768      0.498
   500       -323  (K*-)              -84   464   485   744   745     0     0      0.317     -2.275     -2.506      3.491      0.791
   501        211  pi+                 84   464   485     0     0     0     0      0.095     -0.491     -0.301      0.600      0.140
   502        111  (pi0)              -84   464   485   877   878     0     0      0.324     -1.773     -1.786      2.541      0.135
   503       -213  (rho-)             -84   464   485   746   747     0     0      4.164    -13.658    -21.050     25.451      0.875
   504        213  (rho+)             -84   464   485   748   749     0     0      0.448     -3.324     -3.852      5.178      0.848
   505        311  (K0)               -84   464   485   750   750     0     0      1.670     -4.663     -6.198      7.950      0.498
   506       -321  K-                  84   464   485     0     0     0     0      1.116     -3.427     -6.136      7.133      0.494
   507        321  K+                  84   464   485     0     0     0     0     -2.203     -3.535     -5.996      7.318      0.494
   508       -321  K-                  84   464   485     0     0     0     0     -0.451     -2.092     -2.460      3.298      0.494
   509        111  (pi0)              -84   464   485   879   880     0     0     -1.639     -1.522     -4.356      4.899      0.135
   510        113  (rho0)             -84   464   485   751   752     0     0     -5.407     -9.357    -14.245     17.906      0.958
   511       3212  (Sigma0)           -84   464   485   881   882     0     0     -7.118     -8.648    -15.951     19.527      1.193
   512        211  pi+                 84   464   485     0     0     0     0     -0.465     -0.106     -0.374      0.622      0.140
   513      -3214  (Sigma*bar0)       -84   464   485   753   754     0     0     -2.242     -4.655     -7.553      9.250      1.346
   514        111  (pi0)              -84   464   485   883   884     0     0     -1.173     -3.385     -3.796      5.222      0.135
   515       -213  (rho-)             -84   464   485   755   756     0     0     -1.022     -1.893     -3.929      4.584      0.973
   516        321  K+                  84   464   485     0     0     0     0     -0.045     -0.531     -0.549      0.911      0.494
   517       -313  (K*bar0)           -84   464   485   757   758     0     0     -0.159     -1.229     -0.899      1.808      0.962
   518       -211  pi-                 84   464   485     0     0     0     0      0.147     -0.164      0.015      0.261      0.140
   519        213  (rho+)             -84   464   485   759   760     0     0     -1.229     -0.816     -0.112      1.673      0.782
   520       -411  (D-)               -84   464   485   885   888     0     0     -0.583      0.203      0.840      2.141      1.870
   521          4  (c)                -71   340   340   532   558   133     0      1.009    -10.384      4.328     11.395      1.500
   522         21  (g)                -71   372   372   532   558   157   133      4.095    -22.719      6.836     24.076      0.000
   523         21  (g)                -71   390   390   532   558   176   157      0.373     -1.364     -0.882      1.666      0.000
   524         21  (g)                -71   407   407   532   558   110   176      1.209     -2.258      0.230      2.572      0.000
   525         21  (g)                -71   345   345   532   558   155   110     65.400    -56.512    -15.788     87.864      0.000
   526         21  (g)                -71   388   388   532   558   123   155      9.024     -6.706     -1.568     11.352      0.000
   527         21  (g)                -71   362   362   532   558   145   123      3.069     -3.213      1.575      4.714      0.000
   528         21  (g)                -71   379   379   532   558   124   145      8.426     -6.716      0.763     10.803      0.000
   529         21  (g)                -71   360   360   532   558   106   124      4.677     -2.270     -2.041      5.585      0.000
   530         21  (g)                -71   383   383   532   558   149   106     21.742    -29.630     29.763     47.291      0.000
   531         -3  (sbar)             -71   341   341   532   558     0   149     50.783    -74.985     72.385    115.937      0.500
   532        431  (D_s+)             -83   521   531   889   890     0     0      2.530    -15.995      5.510     17.219      1.968
   533       -321  K-                  83   521   531     0     0     0     0      0.621     -4.017      1.333      4.307      0.494
   534        321  K+                  83   521   531     0     0     0     0      0.042     -1.490      0.702      1.720      0.494
   535       -323  (K*-)              -83   521   531   761   762     0     0      0.296     -5.304      1.642      5.625      0.854
   536       3122  Lambda0             83   521   531     0     0     0     0      2.710     -6.554      0.796      7.224      1.116
   537      -3112  Sigmabar+           83   521   531     0     0     0     0      1.041     -3.363      0.254      3.727      1.197
   538        311  (K0)               -83   521   531   763   763     0     0      0.095     -0.335      0.017      0.608      0.498
   539       -323  (K*-)              -83   521   531   764   765     0     0     32.949    -28.492     -7.822     44.265      0.882
   540        111  (pi0)              -83   521   531   891   892     0     0      2.441     -1.674     -0.232      2.972      0.135
   541        223  (omega)            -83   521   531   893   895     0     0     33.270    -28.792     -8.087     44.743      0.800
   542        211  pi+                 83   521   531     0     0     0     0      1.493     -1.202     -0.522      1.991      0.140
   543       2112  n0                  83   521   531     0     0     0     0      4.458     -4.075      0.833      6.169      0.940
   544      -2112  nbar0               83   521   531     0     0     0     0      7.076     -4.881     -0.798      8.684      0.940
   545       3114  (Sigma*-)          -83   521   531   766   767     0     0      2.516     -2.099      0.263      3.547      1.332
   546        211  pi+                 83   521   531     0     0     0     0      1.607     -1.332      0.482      2.147      0.140
   547      -3222  Sigmabar-           83   521   531     0     0     0     0      2.423     -1.627     -0.023      3.152      1.189
   548        223  (omega)            -83   521   531   896   898     0     0      1.411     -1.138     -0.011      1.984      0.807
   549        211  pi+                 84   521   531     0     0     0     0      0.755     -0.985      0.494      1.343      0.140
   550       -213  (rho-)             -84   521   531   768   769     0     0      1.374     -1.418      1.618      2.677      0.807
   551        211  pi+                 84   521   531     0     0     0     0      0.188     -0.371      0.534      0.691      0.140
   552       2112  n0                  84   521   531     0     0     0     0      4.421     -5.299      5.164      8.671      0.940
   553      -2212  pbar-               84   521   531     0     0     0     0      1.539     -2.866      3.038      4.549      0.938
   554        211  pi+                 84   521   531     0     0     0     0      4.178     -5.865      4.995      8.764      0.140
   555       -213  (rho-)             -84   521   531   770   771     0     0      4.906     -7.237      7.231     11.370      0.736
   556        321  K+                  84   521   531     0     0     0     0      8.942    -13.321     13.271     20.827      0.494
   557       -311  (Kbar0)            -84   521   531   772   772     0     0     16.595    -23.265     22.627     36.453      0.498
   558        313  (K*0)              -84   521   531   773   774     0     0     29.932    -43.759     42.294     67.825      0.866
   559          2  (u)                -71   361   361   580   632   152     0     -2.699     -0.038   1066.635   1066.638      0.330
   560         21  (g)                -71   385   385   580   632   154   152     -0.195     -0.243    228.712    228.712      0.000
   561         21  (g)                -71   387   387   580   632   121   154      0.145     -0.423      8.277      8.289      0.000
   562         21  (g)                -71   369   369   580   632   184   121     -0.308      1.218      9.596      9.678      0.000
   563         21  (g)                -71   412   412   580   632   131   184      0.506      0.009      8.058      8.074      0.000
   564         21  (g)                -71   358   358   580   632   125   131      1.410     -0.486      4.525      4.765      0.000
   565         21  (g)                -71   415   415   580   632   188   125      0.280     -0.645      5.325      5.371      0.000
   566         21  (g)                -71   363   363   580   632   102   188     -1.371     -2.053     48.977     49.039      0.000
   567         21  (g)                -71   375   375   580   632   140   102     -0.379     -0.239      1.264      1.341      0.000
   568         21  (g)                -71   418   418   580   632   191   140      0.359      6.626     13.388     14.942      0.000
   569         21  (g)                -71   429   429   580   632   165   191      1.689     10.256     26.458     28.430      0.431
   570         21  (g)                -71   386   386   580   632   119   165      0.265      0.976      1.254      1.611      0.000
   571         21  (g)                -71   343   343   580   632   120   119     -0.228      4.669     25.204     25.634      0.000
   572         21  (g)                -71   380   380   580   632   183   120     -0.382      0.429      1.555      1.658      0.000
   573         21  (g)                -71   411   411   580   632   146   183      1.141      0.499      6.591      6.708      0.000
   574         21  (g)                -71   357   357   580   632   161   146      2.915      0.258     12.078     12.428      0.000
   575         21  (g)                -71   394   394   580   632   108   161      0.795      1.017      2.532      2.842      0.000
   576         21  (g)                -71   339   339   580   632   163   108   -140.753    -35.525    -43.380    151.510      0.000
   577         21  (g)                -71   396   396   580   632   105   163   -110.934    -29.222    -33.474    119.502      0.000
   578         21  (g)                -71   424   424   580   632   136   105     -0.073      0.369    -23.684     23.687      0.000
   579         -3  (sbar)             -71   422   422   580   632     0   136     -1.172     -0.951    -54.629     54.653      0.500
   580        211  pi+                 83   559   579     0     0     0     0     -0.086     -0.086     82.242     82.242      0.140
   581       -213  (rho-)             -83   559   579   775   776     0     0     -0.989      0.415    407.204    407.206      0.818
   582        213  (rho+)             -83   559   579   777   778     0     0     -1.276     -0.730    620.093    620.096      0.793
   583        221  (eta)              -83   559   579   899   900     0     0     -0.335      0.218     55.994     55.998      0.548
   584        113  (rho0)             -83   559   579   779   780     0     0     -0.057     -0.177     52.900     52.907      0.867
   585       -211  pi-                 83   559   579     0     0     0     0     -0.094      0.312     19.205     19.208      0.140
   586        211  pi+                 83   559   579     0     0     0     0     -0.096     -0.027     17.314     17.315      0.140
   587        111  (pi0)              -83   559   579   901   902     0     0     -0.041     -0.268      9.899      9.903      0.135
   588       -211  pi-                 83   559   579     0     0     0     0      0.113      0.176      4.573      4.580      0.140
   589        211  pi+                 83   559   579     0     0     0     0     -0.145     -0.253      3.539      3.553      0.140
   590       -213  (rho-)             -83   559   579   781   782     0     0      0.252      0.575     31.073     31.089      0.783
   591        223  (omega)            -83   559   579   903   905     0     0      0.776     -0.418     11.288     11.351      0.800
   592        211  pi+                 83   559   579     0     0     0     0     -0.468      0.033      1.755      1.822      0.140
   593       -211  pi-                 83   559   579     0     0     0     0      0.398      0.181      2.166      2.214      0.140
   594        213  (rho+)             -83   559   579   783   784     0     0      0.111     -0.331     12.162     12.208      1.005
   595        223  (omega)            -83   559   579   906   908     0     0      0.321     -0.209      5.793      5.856      0.771
   596        311  (K0)               -83   559   579   785   785     0     0      0.261     -0.475     10.509     10.535      0.498
   597       -323  (K*-)              -83   559   579   786   787     0     0     -0.182     -0.858      7.069      7.194      1.005
   598        211  pi+                 83   559   579     0     0     0     0     -0.554     -0.292     21.122     21.131      0.140
   599        111  (pi0)              -83   559   579   909   910     0     0     -0.177      0.627      2.486      2.574      0.135
   600       2112  n0                  83   559   579     0     0     0     0     -0.523     -0.030      4.036      4.177      0.940
   601      -2112  nbar0               83   559   579     0     0     0     0      0.127      0.990      3.182      3.465      0.940
   602        111  (pi0)              -83   559   579   911   912     0     0      0.089      1.211      1.372      1.837      0.135
   603       -211  pi-                 84   559   579     0     0     0     0      1.182      7.681     19.669     21.149      0.140
   604        211  pi+                 84   559   579     0     0     0     0      0.456      2.949      8.161      8.691      0.140
   605       -211  pi-                 84   559   579     0     0     0     0      0.656      3.986      8.696      9.590      0.140
   606        323  (K*+)              -84   559   579   788   789     0     0      0.065      1.368      8.648      8.800      0.882
   607       -323  (K*-)              -84   559   579   790   791     0     0     -0.544      1.616      7.508      7.751      0.897
   608        211  pi+                 84   559   579     0     0     0     0      0.666      0.917      6.705      6.802      0.140
   609       -211  pi-                 84   559   579     0     0     0     0     -0.011      0.454      6.976      6.992      0.140
   610        323  (K*+)              -84   559   579   792   793     0     0      1.440      1.118      6.832      7.130      0.908
   611       -313  (K*bar0)           -84   559   579   794   795     0     0      0.911      0.278      3.739      3.950      0.844
   612       -211  pi-                 84   559   579     0     0     0     0      0.108      0.080      0.403      0.447      0.140
   613        113  (rho0)             -84   559   579   796   797     0     0      0.545      0.435      3.056      3.224      0.754
   614        211  pi+                 84   559   579     0     0     0     0      0.349     -0.064      0.649      0.752      0.140
   615       2112  n0                  84   559   579     0     0     0     0      0.107     -0.161      1.888      2.117      0.940
   616        211  pi+                 84   559   579     0     0     0     0     -0.063      0.042     -0.432      0.460      0.140
   617      -2224  (Deltabar--)       -84   559   579   798   799     0     0     -1.392      0.176      0.453      1.923      1.235
   618        211  pi+                 84   559   579     0     0     0     0    -10.781     -3.054     -3.139     11.638      0.140
   619       -211  pi-                 84   559   579     0     0     0     0    -22.340     -5.497     -7.719     24.267      0.140
   620       2224  (Delta++)          -84   559   579   800   801     0     0    -69.900    -18.058    -20.329     75.014      1.302
   621        221  (eta)              -84   559   579   913   915     0     0    -24.236     -6.271     -7.640     26.180      0.548
   622      -2212  pbar-               84   559   579     0     0     0     0    -40.789     -9.635    -12.826     43.840      0.938
   623        111  (pi0)              -84   559   579   916   917     0     0     -7.155     -2.288     -2.259      7.845      0.135
   624        113  (rho0)             -84   559   579   802   803     0     0    -42.290    -10.682    -13.048     45.547      1.288
   625        221  (eta)              -84   559   579   918   920     0     0    -27.170     -7.622     -8.055     29.351      0.548
   626        113  (rho0)             -84   559   579   804   805     0     0     -4.490     -0.855     -1.408      4.834      0.705
   627       -211  pi-                 84   559   579     0     0     0     0     -0.717     -0.838     -1.625      1.969      0.140
   628        221  (eta)              -84   559   579   921   923     0     0      0.335      0.716    -10.989     11.031      0.548
   629       2112  n0                  84   559   579     0     0     0     0     -0.391     -0.125     -8.501      8.562      0.940
   630        111  (pi0)              -84   559   579   924   925     0     0      0.044     -0.175     -1.045      1.069      0.135
   631      -1114  (Deltabar+)        -84   559   579   806   807     0     0     -0.417     -0.214    -21.869     21.904      1.137
   632        311  (K0)               -84   559   579   808   808     0     0     -0.589     -0.359    -34.210     34.221      0.498
   633          2  (u)                -71   351   351   655   726   112     0    -11.268    -66.778     36.990     77.166      0.330
   634         21  (g)                -71   404   404   655   726   172   112      0.359     -3.524      3.535      5.004      0.000
   635         21  (g)                -71   347   347   655   726   104   172     -4.140    -47.894     53.086     71.617      0.000
   636         21  (g)                -71   403   403   655   726   171   104      0.163     -1.776      1.759      2.505      0.000
   637         21  (g)                -71   374   374   655   726   138   171     -0.621      0.550      4.095      4.179      0.000
   638         21  (g)                -71   410   410   655   726   181   138      1.641      0.818      9.719      9.890      0.000
   639         21  (g)                -71   367   367   655   726   156   181      0.155     -0.294      0.564      0.655      0.000
   640         21  (g)                -71   431   431   655   726   186   156      0.858      4.504     14.654     15.359      0.378
   641         21  (g)                -71   376   376   655   726   141   186      4.721     22.376     92.265     95.056      0.000
   642         21  (g)                -71   337   337   655   726   117   141    127.194    583.990   2288.966   2365.711      0.000
   643         21  (g)                -71   408   408   655   726   178   117      6.025     32.056    119.888    124.246      0.000
   644         21  (g)                -71   397   397   655   726   164   178      1.728      7.178     25.187     26.247      0.000
   645         21  (g)                -71   353   353   655   726   118   164      7.895     49.870    172.444    179.683      0.000
   646         21  (g)                -71   354   354   655   726   151   118      6.178     26.816    117.336    120.520      0.000
   647         21  (g)                -71   384   384   655   726   160   151      2.598      7.447     30.656     31.654      0.000
   648         21  (g)                -71   406   406   655   726   175   160      1.390      5.334     19.551     20.313      0.000
   649         21  (g)                -71   393   393   655   726   101   175      0.788      3.602     17.939     18.314      0.000
   650         21  (g)                -71   400   400   655   726   167   101      4.357      2.978     54.088     54.345      0.000
   651         21  (g)                -71   344   344   655   726   166   167      1.401      0.105     14.423     14.491      0.000
   652         21  (g)                -71   416   416   655   726   189   166      7.567      4.780    102.310    102.701      0.000
   653         21  (g)                -71   399   399   655   726   109   189     18.379     12.300    230.620    231.678      0.000
   654       2101  (ud_0)             -71   428   428   655   726     0   109      0.086     -0.296  -5571.411   5571.411      0.579
   655        213  (rho+)             -83   633   654   809   810     0     0     -6.301    -37.892     21.436     43.996      0.793
   656       -211  pi-                 83   633   654     0     0     0     0     -0.461     -4.366      2.093      4.866      0.140
   657        111  (pi0)              -83   633   654   926   927     0     0     -1.073     -4.624      2.680      5.453      0.135
   658        213  (rho+)             -83   633   654   811   812     0     0     -1.682    -11.747      7.230     13.920      0.825
   659        111  (pi0)              -83   633   654   928   929     0     0      0.148     -0.304      0.115      0.382      0.135
   660        223  (omega)            -83   633   654   930   932     0     0     -0.929     -5.733      3.673      6.916      0.777
   661        221  (eta)              -83   633   654   933   935     0     0     -0.335     -2.773      1.446      3.192      0.548
   662       -213  (rho-)             -83   633   654   813   814     0     0     -1.071     -6.065      6.410      8.922      0.763
   663        223  (omega)            -83   633   654   936   938     0     0     -0.176     -7.212      7.094     10.148      0.783
   664        211  pi+                 83   633   654     0     0     0     0     -1.289    -12.225     13.553     18.298      0.140
   665        311  (K0)               -83   633   654   815   815     0     0      0.206     -3.363      3.101      4.606      0.498
   666       -311  (Kbar0)            -83   633   654   816   816     0     0     -0.519     -3.497      3.955      5.329      0.498
   667       -211  pi-                 83   633   654     0     0     0     0     -0.598    -13.443     15.687     20.668      0.140
   668        321  K+                  83   633   654     0     0     0     0     -0.633     -2.541      3.463      4.370      0.494
   669       -321  K-                  83   633   654     0     0     0     0     -0.502     -2.225      2.690      3.561      0.494
   670        213  (rho+)             -83   633   654   817   818     0     0      0.106     -0.741      1.836      2.273      1.110
   671       2112  n0                  83   633   654     0     0     0     0      0.100     -0.013      0.885      1.294      0.940
   672      -2212  pbar-               83   633   654     0     0     0     0      0.539     -0.640      5.188      5.338      0.938
   673        321  K+                  83   633   654     0     0     0     0     -0.037     -0.030      1.040      1.152      0.494
   674       -311  (Kbar0)            -83   633   654   819   819     0     0      0.215      0.451      4.004      4.066      0.498
   675       -213  (rho-)             -83   633   654   820   821     0     0      0.334      0.914      3.840      4.035      0.766
   676        223  (omega)            -83   633   654   939   941     0     0      0.550      1.948      7.793      8.092      0.803
   677       3222  Sigma+              83   633   654     0     0     0     0      2.835     12.113     48.617     50.198      1.189
   678      -3222  Sigmabar-           83   633   654     0     0     0     0      4.812     21.948     83.348     86.332      1.189
   679        111  (pi0)              -83   633   654   942   943     0     0     18.060     84.747    334.550    345.589      0.135
   680        223  (omega)            -83   633   654   944   946     0     0     16.701     76.475    302.435    312.401      0.774
   681        223  (omega)            -83   633   654   947   949     0     0     19.034     86.404    338.585    349.954      0.781
   682        221  (eta)              -83   633   654   950   951     0     0     19.144     89.593    350.980    362.741      0.548
   683        323  (K*+)              -83   633   654   822   823     0     0     37.759    172.608    674.072    696.845      1.060
   684       -313  (K*bar0)           -83   633   654   824   825     0     0     11.717     55.406    217.276    224.537      0.915
   685       -211  pi-                 83   633   654     0     0     0     0      2.842     13.261     50.937     52.712      0.140
   686       2224  (Delta++)          -84   633   654   826   827     0     0      3.776     18.924     69.545     72.183      1.190
   687       -211  pi-                 84   633   654     0     0     0     0      0.178      0.671      1.958      2.083      0.140
   688      -2214  (Deltabar-)        -84   633   654   828   829     0     0      7.377     39.586    144.887    150.383      1.223
   689        211  pi+                 84   633   654     0     0     0     0      1.278      7.344     25.805     26.860      0.140
   690        113  (rho0)             -84   633   654   830   831     0     0      1.018      6.690     23.384     24.357      0.813
   691        223  (omega)            -84   633   654   952   953     0     0      1.535      7.614     29.423     30.441      0.789
   692        111  (pi0)              -84   633   654   954   955     0     0      1.010      5.920     21.371     22.199      0.135
   693       -211  pi-                 84   633   654     0     0     0     0      0.257      0.929      3.662      3.789      0.140
   694        211  pi+                 84   633   654     0     0     0     0      0.620      3.289     14.180     14.570      0.140
   695        111  (pi0)              -84   633   654   956   957     0     0      0.539      3.293     11.755     12.220      0.135
   696       2112  n0                  84   633   654     0     0     0     0      1.741      5.564     23.135     23.877      0.940
   697      -2212  pbar-               84   633   654     0     0     0     0      2.891     13.526     59.249     60.849      0.938
   698        213  (rho+)             -84   633   654   832   833     0     0      2.099      7.163     31.847     32.720      0.809
   699       -211  pi-                 84   633   654     0     0     0     0      0.397      0.552      2.233      2.339      0.140
   700        223  (omega)            -84   633   654   958   960     0     0      0.670      2.768     12.641     12.982      0.784
   701        113  (rho0)             -84   633   654   834   835     0     0      0.592      2.302      8.868      9.202      0.626
   702        111  (pi0)              -84   633   654   961   962     0     0      0.125      0.185      1.389      1.413      0.135
   703        321  K+                  84   633   654     0     0     0     0      0.312      0.212      4.517      4.560      0.494
   704       -311  (Kbar0)            -84   633   654   836   836     0     0      1.287      2.351     21.030     21.206      0.498
   705       -211  pi-                 84   633   654     0     0     0     0      1.068      0.369      6.009      6.116      0.140
   706        213  (rho+)             -84   633   654   837   838     0     0      2.062      1.091     28.017     28.127      0.855
   707        111  (pi0)              -84   633   654   963   964     0     0      9.894      7.029    130.068    130.633      0.135
   708        221  (eta)              -84   633   654   965   967     0     0      6.539      3.696     79.289     79.646      0.548
   709        331  (eta')             -84   633   654   968   969     0     0      2.645      1.469     39.809     39.936      0.958
   710       -211  pi-                 84   633   654     0     0     0     0      2.734      1.904     30.947     31.126      0.140
   711        211  pi+                 84   633   654     0     0     0     0      0.608      0.232      6.730      6.763      0.140
   712        221  (eta)              -84   633   654   970   972     0     0      0.971      1.346     15.064     15.165      0.548
   713       -213  (rho-)             -84   633   654   839   840     0     0      2.793      0.999     30.262     30.415      0.718
   714        211  pi+                 84   633   654     0     0     0     0      0.507      0.798      8.030      8.086      0.140
   715       2112  n0                  84   633   654     0     0     0     0      0.287      0.149      4.305      4.418      0.940
   716      -2212  pbar-               84   633   654     0     0     0     0     -0.107      0.087     -0.263      0.984      0.938
   717        321  K+                  84   633   654     0     0     0     0      0.337     -0.140     -0.695      0.927      0.494
   718       -311  (Kbar0)            -84   633   654   841   841     0     0     -0.383      0.155     -1.544      1.674      0.498
   719        223  (omega)            -84   633   654   973   975     0     0      0.120      0.067    -27.294     27.306      0.787
   720       -211  pi-                 84   633   654     0     0     0     0      0.580      0.341    -13.611     13.629      0.140
   721        113  (rho0)             -84   633   654   842   843     0     0     -0.473     -0.486    -30.039     30.059      0.843
   722        213  (rho+)             -84   633   654   844   845     0     0      0.065     -0.014   -116.908    116.910      0.799
   723        111  (pi0)              -84   633   654   976   977     0     0     -0.441     -0.268    -93.786     93.787      0.135
   724        223  (omega)            -84   633   654   978   980     0     0      0.436      0.284   -656.472    656.473      0.784
   725       2112  n0                  84   633   654     0     0     0     0     -0.221     -0.222  -3000.394   3000.394      0.940
   726        111  (pi0)              -84   633   654   981   982     0     0      0.239     -0.057  -1629.753   1629.753      0.135
   727       -211  pi-                 91   444     0     0     0     0     0     -3.453    -10.596      7.358     13.355      0.140
   728        111  (pi0)              -91   444     0   983   984     0     0     -5.984    -20.537     12.536     24.795      0.135
   729       -321  K-                  91   452     0     0     0     0     0     -0.043      0.180      8.758      8.774      0.494
   730        111  (pi0)              -91   452     0   985   986     0     0      0.081     -0.269      2.226      2.247      0.135
   731        310  K_S0                91   487   487     0     0     0     0      0.125      0.459     -1.204      1.387      0.498
   732       -321  K-                  91   488     0     0     0     0     0      0.090      0.889     -1.599      1.897      0.494
   733        211  pi+                 91   488     0     0     0     0     0      0.203      0.051     -0.918      0.952      0.140
   734        311  (K0)               -91   489     0   846   846     0     0     -0.157      1.818     -3.441      3.927      0.498
   735        111  (pi0)              -91   489     0   987   988     0     0      0.435      1.097     -1.997      2.324      0.135
   736        130  K_L0                91   490   490     0     0     0     0      1.469      6.371    -10.478     12.361      0.498
   737        211  pi+                 91   492     0     0     0     0     0      0.050      1.263     -1.573      2.023      0.140
   738       -211  pi-                 91   492     0     0     0     0     0      0.987      2.309     -3.821      4.574      0.140
   739       -211  pi-                 91   493     0     0     0     0     0     -0.123      1.047     -2.090      2.345      0.140
   740        111  (pi0)              -91   493     0   989   990     0     0      0.530      3.660     -5.126      6.322      0.135
   741        211  pi+                 91   497     0     0     0     0     0      0.037      0.452      0.029      0.475      0.140
   742        111  (pi0)              -91   497     0   991   992     0     0      0.145     -0.707     -0.808      1.092      0.135
   743        130  K_L0                91   499   499     0     0     0     0      0.225     -0.395     -1.634      1.768      0.498
   744       -311  (Kbar0)            -91   500     0   847   847     0     0      0.083     -1.691     -2.025      2.686      0.498
   745       -211  pi-                 91   500     0     0     0     0     0      0.234     -0.584     -0.481      0.804      0.140
   746       -211  pi-                 91   503     0     0     0     0     0      0.620     -3.157     -4.590      5.607      0.140
   747        111  (pi0)              -91   503     0   993   994     0     0      3.544    -10.501    -16.460     19.844      0.135
   748        211  pi+                 91   504     0     0     0     0     0      0.588     -2.848     -2.987      4.171      0.140
   749        111  (pi0)              -91   504     0   995   996     0     0     -0.140     -0.476     -0.866      1.007      0.135
   750        130  K_L0                91   505   505     0     0     0     0      1.670     -4.663     -6.198      7.950      0.498
   751        211  pi+                 91   510     0     0     0     0     0     -1.151     -2.340     -2.891      3.896      0.140
   752       -211  pi-                 91   510     0     0     0     0     0     -4.256     -7.017    -11.354     14.010      0.140
   753      -3122  Lambdabar0          91   513     0     0     0     0     0     -1.984     -3.988     -6.773      8.182      1.116
   754        111  (pi0)              -91   513     0   997   998     0     0     -0.258     -0.667     -0.781      1.067      0.135
   755       -211  pi-                 91   515     0     0     0     0     0     -0.805     -0.996     -1.473      1.957      0.140
   756        111  (pi0)              -91   515     0   999  1000     0     0     -0.218     -0.897     -2.457      2.628      0.135
   757       -311  (Kbar0)            -91   517     0   848   848     0     0     -0.428     -0.730     -0.624      1.164      0.498
   758        111  (pi0)              -91   517     0  1001  1002     0     0      0.270     -0.499     -0.275      0.645      0.135
   759        211  pi+                 91   519     0     0     0     0     0     -0.082      0.097     -0.066      0.200      0.140
   760        111  (pi0)              -91   519     0  1003  1004     0     0     -1.147     -0.913     -0.046      1.473      0.135
   761       -311  (Kbar0)            -91   535     0   849   849     0     0      0.430     -4.288      1.203      4.502      0.498
   762       -211  pi-                 91   535     0     0     0     0     0     -0.135     -1.015      0.438      1.123      0.140
   763        130  K_L0                91   538   538     0     0     0     0      0.095     -0.335      0.017      0.608      0.498
   764       -321  K-                  91   539     0     0     0     0     0     24.673    -21.194     -5.591     33.007      0.494
   765        111  (pi0)              -91   539     0  1005  1006     0     0      8.275     -7.298     -2.231     11.258      0.135
   766       3122  Lambda0             91   545     0     0     0     0     0      2.306     -1.900      0.111      3.192      1.116
   767       -211  pi-                 91   545     0     0     0     0     0      0.210     -0.199      0.152      0.355      0.140
   768       -211  pi-                 91   550     0     0     0     0     0      1.057     -1.435      1.360      2.246      0.140
   769        111  (pi0)              -91   550     0  1007  1008     0     0      0.317      0.017      0.258      0.431      0.135
   770       -211  pi-                 91   555     0     0     0     0     0      0.352     -0.482      0.355      0.708      0.140
   771        111  (pi0)              -91   555     0  1009  1010     0     0      4.554     -6.756      6.876     10.662      0.135
   772        310  K_S0                91   557   557     0     0     0     0     16.595    -23.265     22.627     36.453      0.498
   773        321  K+                  91   558     0     0     0     0     0     27.002    -39.422     38.315     61.250      0.494
   774       -211  pi-                 91   558     0     0     0     0     0      2.930     -4.336      3.979      6.576      0.140
   775       -211  pi-                 91   581     0     0     0     0     0     -0.770      0.119    349.630    349.631      0.140
   776        111  (pi0)              -91   581     0  1011  1012     0     0     -0.219      0.296     57.574     57.575      0.135
   777        211  pi+                 91   582     0     0     0     0     0     -0.058      0.097     47.300     47.301      0.140
   778        111  (pi0)              -91   582     0  1013  1014     0     0     -1.218     -0.827    572.793    572.795      0.135
   779        211  pi+                 91   584     0     0     0     0     0      0.209     -0.395     37.670     37.673      0.140
   780       -211  pi-                 91   584     0     0     0     0     0     -0.266      0.218     15.229     15.234      0.140
   781       -211  pi-                 91   590     0     0     0     0     0      0.398      0.559     28.450     28.458      0.140
   782        111  (pi0)              -91   590     0  1015  1016     0     0     -0.146      0.016      2.623      2.630      0.135
   783        211  pi+                 91   594     0     0     0     0     0      0.531     -0.186      5.561      5.591      0.140
   784        111  (pi0)              -91   594     0  1017  1018     0     0     -0.420     -0.144      6.601      6.617      0.135
   785        130  K_L0                91   596   596     0     0     0     0      0.261     -0.475     10.509     10.535      0.498
   786       -321  K-                  91   597     0     0     0     0     0      0.116     -0.121      3.111      3.155      0.494
   787        111  (pi0)              -91   597     0  1019  1020     0     0     -0.298     -0.738      3.958      4.039      0.135
   788        311  (K0)               -91   606     0   850   850     0     0     -0.159      0.838      6.387      6.463      0.498
   789        211  pi+                 91   606     0     0     0     0     0      0.224      0.530      2.261      2.337      0.140
   790       -321  K-                  91   607     0     0     0     0     0     -0.565      0.909      3.995      4.165      0.494
   791        111  (pi0)              -91   607     0  1021  1022     0     0      0.021      0.707      3.513      3.586      0.135
   792        321  K+                  91   610     0     0     0     0     0      1.078      0.531      3.770      3.988      0.494
   793        111  (pi0)              -91   610     0  1023  1024     0     0      0.362      0.587      3.062      3.142      0.135
   794       -321  K-                  91   611     0     0     0     0     0      0.837      0.327      2.538      2.738      0.494
   795        211  pi+                 91   611     0     0     0     0     0      0.074     -0.049      1.200      1.212      0.140
   796        211  pi+                 91   613     0     0     0     0     0      0.606      0.286      1.445      1.599      0.140
   797       -211  pi-                 91   613     0     0     0     0     0     -0.061      0.149      1.612      1.626      0.140
   798      -2212  pbar-               91   617     0     0     0     0     0     -0.813      0.194      0.426      1.327      0.938
   799       -211  pi-                 91   617     0     0     0     0     0     -0.579     -0.018      0.027      0.596      0.140
   800       2212  p+                  91   620     0     0     0     0     0    -50.475    -13.222    -14.926     54.279      0.938
   801        211  pi+                 91   620     0     0     0     0     0    -19.426     -4.836     -5.403     20.735      0.140
   802        211  pi+                 91   624     0     0     0     0     0    -26.556     -7.082     -8.725     28.836      0.140
   803       -211  pi-                 91   624     0     0     0     0     0    -15.735     -3.600     -4.322     16.711      0.140
   804        211  pi+                 91   626     0     0     0     0     0     -2.173     -0.419     -1.020      2.440      0.140
   805       -211  pi-                 91   626     0     0     0     0     0     -2.317     -0.436     -0.388      2.394      0.140
   806      -2112  nbar0               91   631     0     0     0     0     0     -0.213     -0.187    -17.267     17.295      0.940
   807        211  pi+                 91   631     0     0     0     0     0     -0.204     -0.028     -4.602      4.609      0.140
   808        130  K_L0                91   632   632     0     0     0     0     -0.589     -0.359    -34.210     34.221      0.498
   809        211  pi+                 91   655     0     0     0     0     0     -2.374    -12.197      6.884     14.206      0.140
   810        111  (pi0)              -91   655     0  1025  1026     0     0     -3.927    -25.696     14.553     29.791      0.135
   811        211  pi+                 91   658     0     0     0     0     0     -0.664     -4.244      3.052      5.272      0.140
   812        111  (pi0)              -91   658     0  1027  1028     0     0     -1.019     -7.503      4.178      8.649      0.135
   813       -211  pi-                 91   662     0     0     0     0     0     -0.171     -1.362      1.854      2.311      0.140
   814        111  (pi0)              -91   662     0  1029  1030     0     0     -0.900     -4.703      4.556      6.610      0.135
   815        130  K_L0                91   665   665     0     0     0     0      0.206     -3.363      3.101      4.606      0.498
   816        310  K_S0                91   666   666     0     0     0     0     -0.519     -3.497      3.955      5.329      0.498
   817        211  pi+                 91   670     0     0     0     0     0     -0.246     -0.649      1.732      1.871      0.140
   818        111  (pi0)              -91   670     0  1031  1032     0     0      0.351     -0.092      0.104      0.401      0.135
   819        310  K_S0                91   674   674     0     0     0     0      0.215      0.451      4.004      4.066      0.498
   820       -211  pi-                 91   675     0     0     0     0     0      0.256      0.103      1.922      1.947      0.140
   821        111  (pi0)              -91   675     0  1033  1034     0     0      0.078      0.810      1.918      2.088      0.135
   822        321  K+                  91   683     0     0     0     0     0     35.019    159.202    621.493    642.515      0.494
   823        111  (pi0)              -91   683     0  1035  1036     0     0      2.740     13.405     52.579     54.330      0.135
   824       -321  K-                  91   684     0     0     0     0     0      7.879     37.041    146.482    151.299      0.494
   825        211  pi+                 91   684     0     0     0     0     0      3.838     18.364     70.794     73.238      0.140
   826       2212  p+                  91   686     0     0     0     0     0      3.364     17.249     62.882     65.298      0.938
   827        211  pi+                 91   686     0     0     0     0     0      0.413      1.675      6.664      6.885      0.140
   828      -2112  nbar0               91   688     0     0     0     0     0      5.918     32.550    118.448    122.985      0.940
   829       -211  pi-                 91   688     0     0     0     0     0      1.460      7.036     26.439     27.398      0.140
   830        211  pi+                 91   690     0     0     0     0     0      1.101      5.822     19.998     20.858      0.140
   831       -211  pi-                 91   690     0     0     0     0     0     -0.083      0.868      3.386      3.499      0.140
   832        211  pi+                 91   698     0     0     0     0     0      1.546      5.172     21.494     22.162      0.140
   833        111  (pi0)              -91   698     0  1037  1038     0     0      0.552      1.991     10.353     10.558      0.135
   834        211  pi+                 91   701     0     0     0     0     0      0.389      1.725      7.323      7.535      0.140
   835       -211  pi-                 91   701     0     0     0     0     0      0.202      0.577      1.544      1.667      0.140
   836        310  K_S0                91   704   704     0     0     0     0      1.287      2.351     21.030     21.206      0.498
   837        211  pi+                 91   706     0     0     0     0     0      1.616      0.527     21.912     21.979      0.140
   838        111  (pi0)              -91   706     0  1039  1040     0     0      0.447      0.564      6.105      6.149      0.135
   839       -211  pi-                 91   713     0     0     0     0     0      0.928      0.052     10.875     10.916      0.140
   840        111  (pi0)              -91   713     0  1041  1042     0     0      1.866      0.947     19.387     19.500      0.135
   841        130  K_L0                91   718   718     0     0     0     0     -0.383      0.155     -1.544      1.674      0.498
   842        211  pi+                 91   721     0     0     0     0     0     -0.347      0.161    -10.678     10.686      0.140
   843       -211  pi-                 91   721     0     0     0     0     0     -0.125     -0.647    -19.361     19.373      0.140
   844        211  pi+                 91   722     0     0     0     0     0     -0.280     -0.203    -44.591     44.592      0.140
   845        111  (pi0)              -91   722     0  1043  1044     0     0      0.345      0.189    -72.317     72.318      0.135
   846        130  K_L0                91   734   734     0     0     0     0     -0.157      1.818     -3.441      3.927      0.498
   847        130  K_L0                91   744   744     0     0     0     0      0.083     -1.691     -2.025      2.686      0.498
   848        130  K_L0                91   757   757     0     0     0     0     -0.428     -0.730     -0.624      1.164      0.498
   849        130  K_L0                91   761   761     0     0     0     0      0.430     -4.288      1.203      4.502      0.498
   850        310  K_S0                91   788   788     0     0     0     0     -0.159      0.838      6.387      6.463      0.498
   851        331  (eta')             -91   440     0  1045  1047     0     0     -1.107     -2.347      1.372      3.088      0.958
   852        213  (rho+)             -91   440     0  1048  1049     0     0     -0.148     -1.568      0.831      1.974      0.854
   853        221  (eta)              -91   441     0  1050  1052     0     0      0.290     -7.931      2.354      8.296      0.548
   854       -213  (rho-)             -91   441     0  1053  1054     0     0      1.181     -4.331      1.039      4.662      0.707
   855         22  gamma               91   445     0     0     0     0     0     -0.218     -0.652      0.448      0.820      0.000
   856         22  gamma               91   445     0     0     0     0     0     -1.686     -6.357      4.264      7.838      0.000
   857         22  gamma               91   449     0     0     0     0     0     -1.349     -5.054      3.107      6.084      0.000
   858         22  gamma               91   449     0     0     0     0     0     -0.079     -0.227      0.170      0.295      0.000
   859         22  gamma               91   453     0     0     0     0     0      0.052     -0.153     45.110     45.110      0.000
   860         22  gamma               91   453     0     0     0     0     0     -0.152      0.438    131.458    131.458      0.000
   861        211  pi+                 91   459     0     0     0     0     0      0.225     -0.148    -68.963     68.964      0.140
   862       -211  pi-                 91   459     0     0     0     0     0      0.544      0.320   -119.867    119.868      0.140
   863        111  (pi0)              -91   459     0  1055  1056     0     0      0.201      0.029    -20.376     20.377      0.135
   864         22  gamma               91   461     0     0     0     0     0     -0.121     -0.054     -2.644      2.647      0.000
   865         22  gamma               91   461     0     0     0     0     0     -0.251     -0.320    -11.232     11.239      0.000
   866        433  (D*_s+)            -91   463     0  1057  1058     0     0      5.033     -1.913    -34.969     35.445      2.112
   867       -421  (Dbar0)            -91   463     0  1059  1061     0     0      0.912     -1.031    -27.514     27.612      1.865
   868       -511  (Bbar0)            -91   486     0  1062  1065     0     0      0.263      3.090    -13.112     14.471      5.280
   869         22  gamma               91   486     0     0     0     0     0      0.047      0.019     -0.115      0.125      0.000
   870        111  (pi0)              -91   491     0  1066  1067     0     0     -0.011      0.356     -0.771      0.859      0.135
   871        111  (pi0)              -91   491     0  1068  1069     0     0     -0.051      0.230     -0.372      0.460      0.135
   872        221  (eta)              -91   491     0  1070  1071     0     0      0.048      3.024     -5.423      6.233      0.548
   873         22  gamma               91   495     0     0     0     0     0      0.548     -0.140     -0.106      0.575      0.000
   874         22  gamma               91   495     0     0     0     0     0      0.025     -0.006     -0.041      0.048      0.000
   875         22  gamma               91   498     0     0     0     0     0      0.040      0.202     -0.335      0.393      0.000
   876         22  gamma               91   498     0     0     0     0     0     -0.031      0.044     -0.250      0.256      0.000
   877         22  gamma               91   502     0     0     0     0     0      0.154     -0.809     -0.722      1.095      0.000
   878         22  gamma               91   502     0     0     0     0     0      0.170     -0.964     -1.064      1.446      0.000
   879         22  gamma               91   509     0     0     0     0     0     -0.267     -0.239     -0.812      0.888      0.000
   880         22  gamma               91   509     0     0     0     0     0     -1.372     -1.282     -3.544      4.011      0.000
   881       3122  Lambda0             91   511     0     0     0     0     0     -6.668     -8.001    -14.767     18.105      1.116
   882         22  gamma               91   511     0     0     0     0     0     -0.450     -0.647     -1.183      1.422      0.000
   883         22  gamma               91   514     0     0     0     0     0     -0.999     -2.945     -3.234      4.487      0.000
   884         22  gamma               91   514     0     0     0     0     0     -0.174     -0.440     -0.563      0.735      0.000
   885       -211  pi-                 91   520     0     0     0     0     0      0.192      0.076     -0.178      0.306      0.140
   886        111  (pi0)              -91   520     0  1072  1073     0     0     -0.192     -0.107      0.026      0.259      0.135
   887        111  (pi0)              -91   520     0  1074  1075     0     0     -0.012     -0.354      0.421      0.567      0.135
   888        111  (pi0)              -91   520     0  1076  1077     0     0     -0.571      0.588      0.571      1.008      0.135
   889        333  (phi)              -91   532     0  1078  1079     0     0      1.447     -6.017      1.922      6.559      1.013
   890        211  pi+                 91   532     0     0     0     0     0      1.083     -9.979      3.588     10.660      0.140
   891         22  gamma               91   540     0     0     0     0     0      1.135     -0.704     -0.132      1.342      0.000
   892         22  gamma               91   540     0     0     0     0     0      1.306     -0.970     -0.099      1.630      0.000
   893        211  pi+                 91   541     0     0     0     0     0      2.871     -2.318     -0.670      3.753      0.140
   894       -211  pi-                 91   541     0     0     0     0     0     21.539    -18.882     -5.165     29.105      0.140
   895        111  (pi0)              -91   541     0  1080  1081     0     0      8.861     -7.592     -2.252     11.885      0.135
   896        211  pi+                 91   548     0     0     0     0     0      0.860     -0.412     -0.236      0.992      0.140
   897       -211  pi-                 91   548     0     0     0     0     0      0.297     -0.454      0.059      0.563      0.140
   898        111  (pi0)              -91   548     0  1082  1083     0     0      0.254     -0.272      0.166      0.429      0.135
   899         22  gamma               91   583     0     0     0     0     0     -0.421      0.227     28.775     28.779      0.000
   900         22  gamma               91   583     0     0     0     0     0      0.086     -0.009     27.218     27.219      0.000
   901         22  gamma               91   587     0     0     0     0     0      0.006     -0.254      8.467      8.471      0.000
   902         22  gamma               91   587     0     0     0     0     0     -0.047     -0.014      1.431      1.432      0.000
   903        211  pi+                 91   591     0     0     0     0     0      0.020      0.016      0.826      0.838      0.140
   904       -211  pi-                 91   591     0     0     0     0     0      0.237     -0.088      1.488      1.516      0.140
   905        111  (pi0)              -91   591     0  1084  1085     0     0      0.519     -0.346      8.975      8.997      0.135
   906        211  pi+                 91   595     0     0     0     0     0      0.079     -0.112      2.957      2.964      0.140
   907       -211  pi-                 91   595     0     0     0     0     0      0.180      0.129      0.868      0.907      0.140
   908        111  (pi0)              -91   595     0  1086  1087     0     0      0.062     -0.226      1.968      1.986      0.135
   909         22  gamma               91   599     0     0     0     0     0     -0.152      0.350      1.599      1.644      0.000
   910         22  gamma               91   599     0     0     0     0     0     -0.025      0.277      0.887      0.930      0.000
   911         22  gamma               91   602     0     0     0     0     0      0.078      0.279      0.316      0.429      0.000
   912         22  gamma               91   602     0     0     0     0     0      0.011      0.932      1.056      1.408      0.000
   913        111  (pi0)              -91   621     0  1088  1089     0     0    -12.026     -3.008     -3.697     12.937      0.135
   914        111  (pi0)              -91   621     0  1090  1091     0     0     -7.785     -2.136     -2.562      8.470      0.135
   915        111  (pi0)              -91   621     0  1092  1093     0     0     -4.425     -1.128     -1.381      4.773      0.135
   916         22  gamma               91   623     0     0     0     0     0     -0.732     -0.272     -0.256      0.822      0.000
   917         22  gamma               91   623     0     0     0     0     0     -6.422     -2.016     -2.004      7.023      0.000
   918        211  pi+                 91   625     0     0     0     0     0     -8.270     -2.295     -2.324      8.893      0.140
   919       -211  pi-                 91   625     0     0     0     0     0     -4.462     -1.255     -1.432      4.853      0.140
   920         22  gamma               91   625     0     0     0     0     0    -14.438     -4.072     -4.299     15.605      0.000
   921        211  pi+                 91   628     0     0     0     0     0      0.268      0.365     -4.366      4.392      0.140
   922       -211  pi-                 91   628     0     0     0     0     0      0.028      0.144     -3.758      3.763      0.140
   923        111  (pi0)              -91   628     0  1094  1095     0     0      0.038      0.207     -2.865      2.876      0.135
   924         22  gamma               91   630     0     0     0     0     0      0.091     -0.138     -0.758      0.776      0.000
   925         22  gamma               91   630     0     0     0     0     0     -0.047     -0.038     -0.288      0.294      0.000
   926         22  gamma               91   657     0     0     0     0     0     -0.802     -3.685      2.107      4.320      0.000
   927         22  gamma               91   657     0     0     0     0     0     -0.271     -0.940      0.573      1.134      0.000
   928         22  gamma               91   659     0     0     0     0     0      0.170     -0.257      0.075      0.317      0.000
   929         22  gamma               91   659     0     0     0     0     0     -0.021     -0.047      0.039      0.065      0.000
   930        211  pi+                 91   660     0     0     0     0     0     -0.740     -2.975      1.996      3.661      0.140
   931       -211  pi-                 91   660     0     0     0     0     0     -0.128     -1.395      0.707      1.576      0.140
   932        111  (pi0)              -91   660     0  1096  1097     0     0     -0.061     -1.363      0.970      1.679      0.135
   933        211  pi+                 91   661     0     0     0     0     0     -0.184     -1.282      0.614      1.440      0.140
   934       -211  pi-                 91   661     0     0     0     0     0     -0.195     -1.001      0.695      1.242      0.140
   935         22  gamma               91   661     0     0     0     0     0      0.043     -0.489      0.136      0.509      0.000
   936        211  pi+                 91   663     0     0     0     0     0     -0.167     -1.050      0.969      1.445      0.140
   937       -211  pi-                 91   663     0     0     0     0     0      0.097     -2.110      1.870      2.824      0.140
   938        111  (pi0)              -91   663     0  1098  1099     0     0     -0.105     -4.053      4.255      5.878      0.135
   939        211  pi+                 91   676     0     0     0     0     0      0.199      0.592      3.091      3.157      0.140
   940       -211  pi-                 91   676     0     0     0     0     0      0.110      1.071      3.106      3.291      0.140
   941        111  (pi0)              -91   676     0  1100  1101     0     0      0.242      0.285      1.595      1.644      0.135
   942         22  gamma               91   679     0     0     0     0     0      6.168     28.782    113.868    117.611      0.000
   943         22  gamma               91   679     0     0     0     0     0     11.892     55.964    220.682    227.978      0.000
   944        211  pi+                 91   680     0     0     0     0     0      7.144     31.864    126.379    130.530      0.140
   945       -211  pi-                 91   680     0     0     0     0     0      1.387      6.561     26.284     27.127      0.140
   946        111  (pi0)              -91   680     0  1102  1103     0     0      8.170     38.050    149.771    154.745      0.135
   947        211  pi+                 91   681     0     0     0     0     0      6.310     29.809    117.047    120.948      0.140
   948       -211  pi-                 91   681     0     0     0     0     0      2.613     11.370     44.441     45.947      0.140
   949        111  (pi0)              -91   681     0  1104  1105     0     0     10.111     45.225    177.097    183.059      0.135
   950         22  gamma               91   682     0     0     0     0     0     16.128     74.632    292.916    302.704      0.000
   951         22  gamma               91   682     0     0     0     0     0      3.016     14.961     58.065     60.037      0.000
   952        111  (pi0)              -91   691     0  1106  1107     0     0      0.652      4.141     14.540     15.133      0.135
   953         22  gamma               91   691     0     0     0     0     0      0.884      3.473     14.883     15.308      0.000
   954         22  gamma               91   692     0     0     0     0     0      0.800      4.842     17.295     17.978      0.000
   955         22  gamma               91   692     0     0     0     0     0      0.210      1.077      4.075      4.221      0.000
   956         22  gamma               91   695     0     0     0     0     0      0.296      1.760      6.529      6.768      0.000
   957         22  gamma               91   695     0     0     0     0     0      0.243      1.534      5.226      5.452      0.000
   958        211  pi+                 91   700     0     0     0     0     0      0.105      1.135      4.258      4.410      0.140
   959       -211  pi-                 91   700     0     0     0     0     0      0.377      1.075      6.253      6.357      0.140
   960        111  (pi0)              -91   700     0  1108  1109     0     0      0.187      0.557      2.131      2.214      0.135
   961         22  gamma               91   702     0     0     0     0     0     -0.018      0.072      0.293      0.302      0.000
   962         22  gamma               91   702     0     0     0     0     0      0.143      0.113      1.095      1.111      0.000
   963         22  gamma               91   707     0     0     0     0     0      8.184      5.761    107.550    108.014      0.000
   964         22  gamma               91   707     0     0     0     0     0      1.710      1.268     22.518     22.619      0.000
   965        211  pi+                 91   708     0     0     0     0     0      3.303      1.715     39.771     39.946      0.140
   966       -211  pi-                 91   708     0     0     0     0     0      3.054      1.862     37.820     37.989      0.140
   967         22  gamma               91   708     0     0     0     0     0      0.182      0.118      1.698      1.711      0.000
   968        113  (rho0)             -91   709     0  1110  1111     0     0      2.644      1.390     38.041     38.166      0.754
   969         22  gamma               91   709     0     0     0     0     0      0.001      0.079      1.768      1.770      0.000
   970        111  (pi0)              -91   712     0  1112  1113     0     0      0.231      0.298      4.104      4.124      0.135
   971        111  (pi0)              -91   712     0  1114  1115     0     0      0.163      0.135      2.065      2.080      0.135
   972        111  (pi0)              -91   712     0  1116  1117     0     0      0.577      0.914      8.895      8.962      0.135
   973        211  pi+                 91   719     0     0     0     0     0      0.104      0.122    -15.759     15.761      0.140
   974       -211  pi-                 91   719     0     0     0     0     0      0.201     -0.045     -4.925      4.931      0.140
   975        111  (pi0)              -91   719     0  1118  1119     0     0     -0.185     -0.009     -6.610      6.614      0.135
   976         22  gamma               91   723     0     0     0     0     0     -0.162     -0.053    -39.979     39.979      0.000
   977         22  gamma               91   723     0     0     0     0     0     -0.279     -0.215    -53.807     53.808      0.000
   978        211  pi+                 91   724     0     0     0     0     0      0.269      0.246   -190.240    190.240      0.140
   979       -211  pi-                 91   724     0     0     0     0     0      0.150     -0.081   -105.984    105.984      0.140
   980        111  (pi0)              -91   724     0  1120  1121     0     0      0.016      0.119   -360.249    360.249      0.135
   981         22  gamma               91   726     0     0     0     0     0      0.255     -0.043  -1518.608   1518.608      0.000
   982         22  gamma               91   726     0     0     0     0     0     -0.016     -0.014   -111.144    111.144      0.000
   983         22  gamma               91   728     0     0     0     0     0     -0.336     -1.067      0.635      1.286      0.000
   984         22  gamma               91   728     0     0     0     0     0     -5.648    -19.470     11.901     23.508      0.000
   985         22  gamma               91   730     0     0     0     0     0      0.070     -0.265      1.733      1.754      0.000
   986         22  gamma               91   730     0     0     0     0     0      0.011     -0.004      0.493      0.493      0.000
   987         22  gamma               91   735     0     0     0     0     0      0.350      0.973     -1.681      1.973      0.000
   988         22  gamma               91   735     0     0     0     0     0      0.086      0.124     -0.316      0.351      0.000
   989         22  gamma               91   740     0     0     0     0     0      0.295      2.390     -3.268      4.059      0.000
   990         22  gamma               91   740     0     0     0     0     0      0.235      1.270     -1.858      2.263      0.000
   991         22  gamma               91   742     0     0     0     0     0     -0.026     -0.105     -0.122      0.163      0.000
   992         22  gamma               91   742     0     0     0     0     0      0.172     -0.602     -0.687      0.929      0.000
   993         22  gamma               91   747     0     0     0     0     0      2.910     -8.781    -13.742     16.565      0.000
   994         22  gamma               91   747     0     0     0     0     0      0.633     -1.720     -2.718      3.279      0.000
   995         22  gamma               91   749     0     0     0     0     0     -0.094     -0.267     -0.362      0.459      0.000
   996         22  gamma               91   749     0     0     0     0     0     -0.046     -0.209     -0.504      0.547      0.000
   997         22  gamma               91   754     0     0     0     0     0     -0.051     -0.039     -0.045      0.078      0.000
   998         22  gamma               91   754     0     0     0     0     0     -0.208     -0.628     -0.736      0.989      0.000
   999         22  gamma               91   756     0     0     0     0     0     -0.216     -0.657     -1.766      1.896      0.000
  1000         22  gamma               91   756     0     0     0     0     0     -0.001     -0.240     -0.691      0.731      0.000
  1001         22  gamma               91   758     0     0     0     0     0      0.058     -0.225     -0.149      0.276      0.000
  1002         22  gamma               91   758     0     0     0     0     0      0.212     -0.274     -0.126      0.369      0.000
  1003         22  gamma               91   760     0     0     0     0     0     -0.763     -0.612     -0.094      0.983      0.000
  1004         22  gamma               91   760     0     0     0     0     0     -0.384     -0.301      0.048      0.491      0.000
  1005         22  gamma               91   765     0     0     0     0     0      6.268     -5.598     -1.676      8.569      0.000
  1006         22  gamma               91   765     0     0     0     0     0      2.007     -1.700     -0.555      2.688      0.000
  1007         22  gamma               91   769     0     0     0     0     0      0.210     -0.039      0.112      0.241      0.000
  1008         22  gamma               91   769     0     0     0     0     0      0.107      0.056      0.146      0.190      0.000
  1009         22  gamma               91   771     0     0     0     0     0      1.326     -1.915      1.896      3.003      0.000
  1010         22  gamma               91   771     0     0     0     0     0      3.228     -4.841      4.980      7.659      0.000
  1011         22  gamma               91   776     0     0     0     0     0     -0.094      0.218     29.859     29.860      0.000
  1012         22  gamma               91   776     0     0     0     0     0     -0.125      0.078     27.715     27.715      0.000
  1013         22  gamma               91   778     0     0     0     0     0     -0.924     -0.576    438.141    438.142      0.000
  1014         22  gamma               91   778     0     0     0     0     0     -0.293     -0.251    134.652    134.652      0.000
  1015         22  gamma               91   782     0     0     0     0     0     -0.022      0.062      0.756      0.759      0.000
  1016         22  gamma               91   782     0     0     0     0     0     -0.125     -0.046      1.867      1.871      0.000
  1017         22  gamma               91   784     0     0     0     0     0     -0.395     -0.102      6.183      6.197      0.000
  1018         22  gamma               91   784     0     0     0     0     0     -0.025     -0.042      0.418      0.420      0.000
  1019         22  gamma               91   787     0     0     0     0     0     -0.195     -0.495      2.311      2.372      0.000
  1020         22  gamma               91   787     0     0     0     0     0     -0.103     -0.243      1.647      1.667      0.000
  1021         22  gamma               91   791     0     0     0     0     0     -0.034      0.361      1.531      1.573      0.000
  1022         22  gamma               91   791     0     0     0     0     0      0.054      0.346      1.982      2.012      0.000
  1023         22  gamma               91   793     0     0     0     0     0      0.038      0.109      0.737      0.745      0.000
  1024         22  gamma               91   793     0     0     0     0     0      0.324      0.479      2.326      2.396      0.000
  1025         22  gamma               91   810     0     0     0     0     0     -3.752    -24.718     13.990     28.649      0.000
  1026         22  gamma               91   810     0     0     0     0     0     -0.175     -0.978      0.563      1.142      0.000
  1027         22  gamma               91   812     0     0     0     0     0     -0.119     -0.936      0.471      1.054      0.000
  1028         22  gamma               91   812     0     0     0     0     0     -0.900     -6.567      3.707      7.595      0.000
  1029         22  gamma               91   814     0     0     0     0     0     -0.788     -4.033      3.970      5.714      0.000
  1030         22  gamma               91   814     0     0     0     0     0     -0.112     -0.670      0.586      0.897      0.000
  1031         22  gamma               91   818     0     0     0     0     0      0.029     -0.014     -0.030      0.044      0.000
  1032         22  gamma               91   818     0     0     0     0     0      0.322     -0.078      0.133      0.357      0.000
  1033         22  gamma               91   821     0     0     0     0     0     -0.011      0.323      0.890      0.947      0.000
  1034         22  gamma               91   821     0     0     0     0     0      0.089      0.487      1.028      1.141      0.000
  1035         22  gamma               91   823     0     0     0     0     0      2.266     11.254     43.968     45.442      0.000
  1036         22  gamma               91   823     0     0     0     0     0      0.473      2.151      8.611      8.889      0.000
  1037         22  gamma               91   833     0     0     0     0     0      0.368      1.081      5.777      5.889      0.000
  1038         22  gamma               91   833     0     0     0     0     0      0.184      0.910      4.576      4.669      0.000
  1039         22  gamma               91   838     0     0     0     0     0      0.126      0.231      2.620      2.634      0.000
  1040         22  gamma               91   838     0     0     0     0     0      0.321      0.333      3.484      3.515      0.000
  1041         22  gamma               91   840     0     0     0     0     0      0.379      0.239      3.815      3.841      0.000
  1042         22  gamma               91   840     0     0     0     0     0      1.486      0.708     15.572     15.659      0.000
  1043         22  gamma               91   845     0     0     0     0     0      0.173      0.130    -28.576     28.577      0.000
  1044         22  gamma               91   845     0     0     0     0     0      0.172      0.059    -43.741     43.741      0.000
  1045        111  (pi0)              -91   851     0  1122  1123     0     0     -0.248     -0.302      0.228      0.472      0.135
  1046        111  (pi0)              -91   851     0  1124  1125     0     0     -0.104     -0.599      0.406      0.744      0.135
  1047        221  (eta)              -91   851     0  1126  1128     0     0     -0.755     -1.446      0.738      1.872      0.548
  1048        211  pi+                 91   852     0     0     0     0     0      0.266     -0.331      0.053      0.450      0.140
  1049        111  (pi0)              -91   852     0  1129  1130     0     0     -0.414     -1.236      0.778      1.524      0.135
  1050        211  pi+                 91   853     0     0     0     0     0      0.118     -3.785      1.113      3.950      0.140
  1051       -211  pi-                 91   853     0     0     0     0     0      0.106     -3.014      0.992      3.178      0.140
  1052        111  (pi0)              -91   853     0  1131  1132     0     0      0.066     -1.131      0.249      1.168      0.135
  1053       -211  pi-                 91   854     0     0     0     0     0      0.177     -1.041      0.503      1.178      0.140
  1054        111  (pi0)              -91   854     0  1133  1134     0     0      1.004     -3.289      0.536      3.483      0.135
  1055         22  gamma               91   863     0     0     0     0     0      0.095     -0.008     -4.258      4.259      0.000
  1056         22  gamma               91   863     0     0     0     0     0      0.106      0.037    -16.118     16.118      0.000
  1057        431  (D_s+)             -91   866     0  1135  1137     0     0      4.753     -1.783    -33.762     34.199      1.968
  1058         22  gamma               91   866     0     0     0     0     0      0.280     -0.130     -1.207      1.246      0.000
  1059       -211  pi-                 91   867     0     0     0     0     0      0.941     -1.000    -12.926     13.000      0.140
  1060        211  pi+                 91   867     0     0     0     0     0     -0.053     -0.248     -4.471      4.480      0.140
  1061        130  K_L0                91   867     0     0     0     0     0      0.024      0.217    -10.118     10.132      0.498
  1062        111  (pi0)              -91   868     0  1138  1139     0     0      0.038     -0.056     -1.297      1.306      0.135
  1063       -213  (rho-)             -91   868     0  1140  1141     0     0     -0.810      1.516     -2.155      2.863      0.772
  1064        211  pi+                 91   868     0     0     0     0     0      0.017      0.185      0.067      0.242      0.140
  1065        421  (D0)               -91   868     0  1142  1144     0     0      1.019      1.444     -9.727     10.061      1.865
  1066         22  gamma               91   870     0     0     0     0     0     -0.043      0.270     -0.452      0.528      0.000
  1067         22  gamma               91   870     0     0     0     0     0      0.031      0.086     -0.318      0.331      0.000
  1068         22  gamma               91   871     0     0     0     0     0     -0.089      0.096     -0.203      0.242      0.000
  1069         22  gamma               91   871     0     0     0     0     0      0.038      0.133     -0.168      0.218      0.000
  1070         22  gamma               91   872     0     0     0     0     0      0.185      2.673     -4.511      5.247      0.000
  1071         22  gamma               91   872     0     0     0     0     0     -0.137      0.351     -0.911      0.986      0.000
  1072         22  gamma               91   886     0     0     0     0     0     -0.023     -0.009      0.056      0.062      0.000
  1073         22  gamma               91   886     0     0     0     0     0     -0.169     -0.097     -0.030      0.198      0.000
  1074         22  gamma               91   887     0     0     0     0     0      0.061     -0.148      0.165      0.230      0.000
  1075         22  gamma               91   887     0     0     0     0     0     -0.073     -0.206      0.257      0.337      0.000
  1076         22  gamma               91   888     0     0     0     0     0     -0.572      0.563      0.536      0.965      0.000
  1077         22  gamma               91   888     0     0     0     0     0      0.001      0.025      0.035      0.043      0.000
  1078        321  K+                  91   889     0     0     0     0     0      0.839     -3.004      0.981      3.306      0.494
  1079       -321  K-                  91   889     0     0     0     0     0      0.608     -3.013      0.941      3.253      0.494
  1080         22  gamma               91   895     0     0     0     0     0      8.615     -7.407     -2.183     11.569      0.000
  1081         22  gamma               91   895     0     0     0     0     0      0.246     -0.185     -0.069      0.315      0.000
  1082         22  gamma               91   898     0     0     0     0     0      0.142     -0.159      0.021      0.214      0.000
  1083         22  gamma               91   898     0     0     0     0     0      0.112     -0.113      0.145      0.215      0.000
  1084         22  gamma               91   905     0     0     0     0     0      0.205     -0.060      2.949      2.957      0.000
  1085         22  gamma               91   905     0     0     0     0     0      0.314     -0.286      6.025      6.040      0.000
  1086         22  gamma               91   908     0     0     0     0     0      0.016      0.006      0.435      0.435      0.000
  1087         22  gamma               91   908     0     0     0     0     0      0.046     -0.232      1.533      1.551      0.000
  1088         22  gamma               91   913     0     0     0     0     0     -2.720     -0.721     -0.797      2.925      0.000
  1089         22  gamma               91   913     0     0     0     0     0     -9.306     -2.287     -2.900     10.012      0.000
  1090         22  gamma               91   914     0     0     0     0     0     -5.633     -1.575     -1.912      6.154      0.000
  1091         22  gamma               91   914     0     0     0     0     0     -2.152     -0.561     -0.650      2.317      0.000
  1092         22  gamma               91   915     0     0     0     0     0     -0.033     -0.020     -0.017      0.042      0.000
  1093         22  gamma               91   915     0     0     0     0     0     -4.392     -1.107     -1.365      4.731      0.000
  1094         22  gamma               91   923     0     0     0     0     0     -0.018      0.171     -2.400      2.406      0.000
  1095         22  gamma               91   923     0     0     0     0     0      0.056      0.036     -0.465      0.470      0.000
  1096         22  gamma               91   932     0     0     0     0     0     -0.075     -0.994      0.770      1.260      0.000
  1097         22  gamma               91   932     0     0     0     0     0      0.013     -0.369      0.200      0.420      0.000
  1098         22  gamma               91   938     0     0     0     0     0      0.012     -0.598      0.686      0.910      0.000
  1099         22  gamma               91   938     0     0     0     0     0     -0.118     -3.454      3.569      4.968      0.000
  1100         22  gamma               91   941     0     0     0     0     0      0.154      0.198      1.298      1.322      0.000
  1101         22  gamma               91   941     0     0     0     0     0      0.088      0.087      0.297      0.322      0.000
  1102         22  gamma               91   946     0     0     0     0     0      6.176     29.036    114.232    118.026      0.000
  1103         22  gamma               91   946     0     0     0     0     0      1.994      9.014     35.539     36.719      0.000
  1104         22  gamma               91   949     0     0     0     0     0      3.675     16.624     65.269     67.453      0.000
  1105         22  gamma               91   949     0     0     0     0     0      6.435     28.600    111.828    115.607      0.000
  1106         22  gamma               91   952     0     0     0     0     0      0.193      1.413      4.743      4.953      0.000
  1107         22  gamma               91   952     0     0     0     0     0      0.459      2.728      9.797     10.180      0.000
  1108         22  gamma               91   960     0     0     0     0     0      0.034      0.069      0.484      0.490      0.000
  1109         22  gamma               91   960     0     0     0     0     0      0.154      0.488      1.647      1.725      0.000
  1110        211  pi+                 91   968     0     0     0     0     0      1.028      0.545     10.846     10.909      0.140
  1111       -211  pi-                 91   968     0     0     0     0     0      1.616      0.845     27.195     27.257      0.140
  1112         22  gamma               91   970     0     0     0     0     0      0.174      0.188      2.081      2.096      0.000
  1113         22  gamma               91   970     0     0     0     0     0      0.057      0.110      2.024      2.027      0.000
  1114         22  gamma               91   971     0     0     0     0     0      0.074      0.099      0.628      0.639      0.000
  1115         22  gamma               91   971     0     0     0     0     0      0.089      0.036      1.437      1.441      0.000
  1116         22  gamma               91   972     0     0     0     0     0      0.372      0.544      4.903      4.947      0.000
  1117         22  gamma               91   972     0     0     0     0     0      0.205      0.370      3.993      4.015      0.000
  1118         22  gamma               91   975     0     0     0     0     0     -0.035     -0.059     -1.602      1.603      0.000
  1119         22  gamma               91   975     0     0     0     0     0     -0.150      0.050     -5.008      5.010      0.000
  1120         22  gamma               91   980     0     0     0     0     0      0.051     -0.006   -104.342    104.342      0.000
  1121         22  gamma               91   980     0     0     0     0     0     -0.034      0.125   -255.906    255.906      0.000
  1122         22  gamma               91  1045     0     0     0     0     0     -0.033     -0.021     -0.016      0.042      0.000
  1123         22  gamma               91  1045     0     0     0     0     0     -0.214     -0.281      0.244      0.429      0.000
  1124         22  gamma               91  1046     0     0     0     0     0     -0.091     -0.242      0.226      0.344      0.000
  1125         22  gamma               91  1046     0     0     0     0     0     -0.014     -0.357      0.180      0.400      0.000
  1126        211  pi+                 91  1047     0     0     0     0     0     -0.343     -0.884      0.356      1.023      0.140
  1127       -211  pi-                 91  1047     0     0     0     0     0     -0.234     -0.225      0.153      0.385      0.140
  1128        111  (pi0)              -91  1047     0  1145  1147     0     0     -0.178     -0.337      0.230      0.465      0.135
  1129         22  gamma               91  1049     0     0     0     0     0     -0.075     -0.389      0.198      0.443      0.000
  1130         22  gamma               91  1049     0     0     0     0     0     -0.339     -0.847      0.580      1.081      0.000
  1131         22  gamma               91  1052     0     0     0     0     0     -0.016     -0.763      0.187      0.786      0.000
  1132         22  gamma               91  1052     0     0     0     0     0      0.082     -0.368      0.062      0.382      0.000
  1133         22  gamma               91  1054     0     0     0     0     0      0.615     -1.797      0.275      1.919      0.000
  1134         22  gamma               91  1054     0     0     0     0     0      0.389     -1.492      0.261      1.564      0.000
  1135        -13  mu+                 91  1057     0     0     0     0     0      1.317     -0.516     -6.965      7.108      0.106
  1136         14  nu_mu               91  1057     0     0     0     0     0      1.898     -0.839    -14.790     14.935      0.000
  1137        333  (phi)              -91  1057     0  1148  1149     0     0      1.538     -0.428    -12.007     12.155      1.018
  1138         22  gamma               91  1062     0     0     0     0     0      0.041     -0.050     -0.236      0.244      0.000
  1139         22  gamma               91  1062     0     0     0     0     0     -0.002     -0.005     -1.061      1.061      0.000
  1140       -211  pi-                 91  1063     0     0     0     0     0     -0.191      0.857     -1.478      1.724      0.140
  1141        111  (pi0)              -91  1063     0  1150  1151     0     0     -0.620      0.660     -0.677      1.138      0.135
  1142        211  pi+                 91  1065     0     0     0     0     0      0.194      0.289     -3.947      3.964      0.140
  1143       -211  pi-                 91  1065     0     0     0     0     0     -0.305      0.264     -0.758      0.870      0.140
  1144        111  (pi0)              -91  1065     0  1152  1153     0     0      1.130      0.891     -5.022      5.226      0.135
  1145         22  gamma               91  1128     0     0     0     0     0     -0.052     -0.175      0.043      0.188      0.000
  1146         11  e-                  91  1128     0     0     0     0     0     -0.067     -0.085      0.098      0.146      0.001
  1147        -11  e+                  91  1128     0     0     0     0     0     -0.059     -0.077      0.089      0.131      0.001
  1148        321  K+                  91  1137     0     0     0     0     0      0.855     -0.347     -6.734      6.815      0.494
  1149       -321  K-                  91  1137     0     0     0     0     0      0.682     -0.081     -5.273      5.341      0.494
  1150         22  gamma               91  1141     0     0     0     0     0     -0.526      0.585     -0.637      1.012      0.000
  1151         22  gamma               91  1141     0     0     0     0     0     -0.093      0.074     -0.041      0.126      0.000
  1152         22  gamma               91  1144     0     0     0     0     0      0.702      0.472     -2.879      3.001      0.000
  1153         22  gamma               91  1144     0     0     0     0     0      0.428      0.419     -2.143      2.225      0.000
                                   Charge sum:  2.000           Momentum sum:     -0.000      0.000     -0.000  13600.000  13600.000

 --------  End PYTHIA Event Listing  -----------------------------------------------------------------------------------------------
 PYTHIA Warning in SimpleSpaceShower::pT2nextQCD: weight above unity
 PYTHIA Warning in SimpleSpaceShower::pT2nextQCD: small daughter PDF
 PYTHIA Error in BeamRemnants::setKinematics: kinematics construction failed after retrying 10 times
1% | Elapsed: 0h 0m 31s | Remaining: 0h 51m 9s

 Pythia::next(): 1000 events have been generated 
 PYTHIA Warning in Pythia::check: energy-momentum not quite conserved

 Pythia::next(): 2000 events have been generated 
2% | Elapsed: 0h 1m 13s | Remaining: 0h 59m 37s
 PYTHIA Warning in MultipartonInteractions::pTnext: weight above unity

 Pythia::next(): 3000 events have been generated 
3% | Elapsed: 0h 1m 54s | Remaining: 1h 1m 26s

 Pythia::next(): 4000 events have been generated 

 Pythia::next(): 5000 events have been generated 
4% | Elapsed: 0h 2m 26s | Remaining: 0h 58m 24s
 PYTHIA Error in SimpleSpaceShower::pT2nearThreshold: stuck in loop

 Pythia::next(): 6000 events have been generated 
5% | Elapsed: 0h 3m 7s | Remaining: 0h 59m 13s

 Pythia::next(): 7000 events have been generated 
6% | Elapsed: 0h 3m 35s | Remaining: 0h 56m 8s

 Pythia::next(): 8000 events have been generated 
7% | Elapsed: 0h 4m 3s | Remaining: 0h 53m 48s
 PYTHIA Warning in HadronWidths::pickMasses: angular momentum and running widths not used

 Pythia::next(): 9000 events have been generated 
8% | Elapsed: 0h 4m 41s | Remaining: 0h 53m 51s

 Pythia::next(): 10000 events have been generated 
9% | Elapsed: 0h 5m 13s | Remaining: 0h 52m 44s

 Pythia::next(): 11000 events have been generated 

 Pythia::next(): 12000 events have been generated 
10% | Elapsed: 0h 5m 51s | Remaining: 0h 52m 39s

 Pythia::next(): 13000 events have been generated 
11% | Elapsed: 0h 6m 16s | Remaining: 0h 50m 42s

 Pythia::next(): 14000 events have been generated 
12% | Elapsed: 0h 7m 1s | Remaining: 0h 51m 27s

 Pythia::next(): 15000 events have been generated 
 PYTHIA Error in SimpleSpaceShower::pT2nearThreshold: xPDF = 0
13% | Elapsed: 0h 7m 27s | Remaining: 0h 49m 51s

 Pythia::next(): 16000 events have been generated 

 Pythia::next(): 17000 events have been generated 
14% | Elapsed: 0h 8m 18s | Remaining: 0h 50m 59s

 Pythia::next(): 18000 events have been generated 

 Pythia::next(): 19000 events have been generated 
15% | Elapsed: 0h 9m 20s | Remaining: 0h 52m 53s

 Pythia::next(): 20000 events have been generated 

 Pythia::next(): 21000 events have been generated 

 Pythia::next(): 22000 events have been generated 
16% | Elapsed: 0h 10m 34s | Remaining: 0h 55m 28s

 Pythia::next(): 23000 events have been generated 
17% | Elapsed: 0h 11m 28s | Remaining: 0h 55m 59s

 Pythia::next(): 24000 events have been generated 

 Pythia::next(): 25000 events have been generated 

 Pythia::next(): 26000 events have been generated 
18% | Elapsed: 0h 12m 41s | Remaining: 0h 57m 46s

 Pythia::next(): 27000 events have been generated 

 Pythia::next(): 28000 events have been generated 
19% | Elapsed: 0h 13m 38s | Remaining: 0h 58m 7s

 Pythia::next(): 29000 events have been generated 
20% | Elapsed: 0h 14m 17s | Remaining: 0h 57m 8s

 Pythia::next(): 30000 events have been generated 
21% | Elapsed: 0h 14m 50s | Remaining: 0h 55m 48s

 Pythia::next(): 31000 events have been generated 
22% | Elapsed: 0h 15m 54s | Remaining: 0h 56m 22s

 Pythia::next(): 32000 events have been generated 

 Pythia::next(): 33000 events have been generated 
23% | Elapsed: 0h 16m 47s | Remaining: 0h 56m 11s

 Pythia::next(): 34000 events have been generated 
24% | Elapsed: 0h 18m 7s | Remaining: 0h 57m 22s

 Pythia::next(): 35000 events have been generated 

 Pythia::next(): 36000 events have been generated 
25% | Elapsed: 0h 19m 7s | Remaining: 0h 57m 21s

 Pythia::next(): 37000 events have been generated 

 Pythia::next(): 38000 events have been generated 
26% | Elapsed: 0h 22m 18s | Remaining: 1h 3m 28s

 Pythia::next(): 39000 events have been generated 

 Pythia::next(): 40000 events have been generated 
27% | Elapsed: 0h 27m 53s | Remaining: 1h 15m 23s

 Pythia::next(): 41000 events have been generated 
28% | Elapsed: 0h 30m 51s | Remaining: 1h 19m 19s

 Pythia::next(): 42000 events have been generated 
29% | Elapsed: 0h 33m 7s | Remaining: 1h 21m 4s

 Pythia::next(): 43000 events have been generated 
30% | Elapsed: 0h 36m 12s | Remaining: 1h 24m 28s

 Pythia::next(): 44000 events have been generated 
31% | Elapsed: 0h 39m 36s | Remaining: 1h 28m 8s

 Pythia::next(): 45000 events have been generated 

 Pythia::next(): 46000 events have been generated 
32% | Elapsed: 0h 44m 18s | Remaining: 1h 34m 8s

 Pythia::next(): 47000 events have been generated 

 Pythia::next(): 48000 events have been generated 
33% | Elapsed: 0h 49m 20s | Remaining: 1h 40m 9s

 Pythia::next(): 49000 events have been generated 

 Pythia::next(): 50000 events have been generated 
34% | Elapsed: 0h 55m 18s | Remaining: 1h 47m 20s

 Pythia::next(): 51000 events have been generated 

 Pythia::next(): 52000 events have been generated 
35% | Elapsed: 1h 0m 19s | Remaining: 1h 52m 1s

 Pythia::next(): 53000 events have been generated 
36% | Elapsed: 1h 2m 32s | Remaining: 1h 51m 10s

 Pythia::next(): 54000 events have been generated 
37% | Elapsed: 1h 5m 1s | Remaining: 1h 50m 42s

 Pythia::next(): 55000 events have been generated 
38% | Elapsed: 1h 9m 11s | Remaining: 1h 52m 52s

 Pythia::next(): 56000 events have been generated 
39% | Elapsed: 1h 10m 49s | Remaining: 1h 50m 45s

 Pythia::next(): 57000 events have been generated 

 Pythia::next(): 58000 events have been generated 
40% | Elapsed: 1h 13m 3s | Remaining: 1h 49m 34s

 Pythia::next(): 59000 events have been generated 
41% | Elapsed: 1h 14m 50s | Remaining: 1h 47m 41s

 Pythia::next(): 60000 events have been generated 
42% | Elapsed: 1h 17m 55s | Remaining: 1h 47m 35s

 Pythia::next(): 61000 events have been generated 

 Pythia::next(): 62000 events have been generated 
43% | Elapsed: 1h 20m 16s | Remaining: 1h 46m 24s

 Pythia::next(): 63000 events have been generated 
44% | Elapsed: 1h 21m 0s | Remaining: 1h 43m 5s

 Pythia::next(): 64000 events have been generated 
45% | Elapsed: 1h 22m 24s | Remaining: 1h 40m 42s

 Pythia::next(): 65000 events have been generated 

 Pythia::next(): 66000 events have been generated 
46% | Elapsed: 1h 25m 19s | Remaining: 1h 40m 9s

 Pythia::next(): 67000 events have been generated 
47% | Elapsed: 1h 28m 11s | Remaining: 1h 39m 26s

 Pythia::next(): 68000 events have been generated 

 Pythia::next(): 69000 events have been generated 
48% | Elapsed: 1h 32m 27s | Remaining: 1h 40m 9s

 Pythia::next(): 70000 events have been generated 
49% | Elapsed: 1h 35m 27s | Remaining: 1h 39m 20s

 Pythia::next(): 71000 events have been generated 
50% | Elapsed: 1h 38m 6s | Remaining: 1h 38m 6s

 Pythia::next(): 72000 events have been generated 
51% | Elapsed: 1h 40m 3s | Remaining: 1h 36m 7s

 Pythia::next(): 73000 events have been generated 
52% | Elapsed: 1h 41m 52s | Remaining: 1h 34m 1s

 Pythia::next(): 74000 events have been generated 

 Pythia::next(): 75000 events have been generated 
53% | Elapsed: 1h 44m 7s | Remaining: 1h 31m 57s

 Pythia::next(): 76000 events have been generated 

 Pythia::next(): 77000 events have been generated 
54% | Elapsed: 1h 48m 42s | Remaining: 1h 32m 35s

 Pythia::next(): 78000 events have been generated 
55% | Elapsed: 1h 51m 21s | Remaining: 1h 31m 6s

 Pythia::next(): 79000 events have been generated 

 Pythia::next(): 80000 events have been generated 
56% | Elapsed: 1h 55m 1s | Remaining: 1h 30m 22s

 Pythia::next(): 81000 events have been generated 
57% | Elapsed: 1h 58m 43s | Remaining: 1h 29m 33s

 Pythia::next(): 82000 events have been generated 
58% | Elapsed: 2h 1m 50s | Remaining: 1h 28m 13s

 Pythia::next(): 83000 events have been generated 
59% | Elapsed: 2h 4m 32s | Remaining: 1h 26m 10s

 Pythia::next(): 84000 events have been generated 

 Pythia::next(): 85000 events have been generated 
60% | Elapsed: 2h 7m 58s | Remaining: 1h 25m 18s

 Pythia::next(): 86000 events have been generated 
61% | Elapsed: 2h 10m 29s | Remaining: 1h 23m 25s

 Pythia::next(): 87000 events have been generated 
62% | Elapsed: 2h 12m 49s | Remaining: 1h 21m 24s

 Pythia::next(): 88000 events have been generated 

 Pythia::next(): 89000 events have been generated 
63% | Elapsed: 2h 18m 14s | Remaining: 1h 21m 11s

 Pythia::next(): 90000 events have been generated 

 Pythia::next(): 91000 events have been generated 
64% | Elapsed: 2h 22m 26s | Remaining: 1h 20m 7s

 Pythia::next(): 92000 events have been generated 
65% | Elapsed: 2h 25m 55s | Remaining: 1h 18m 34s

 Pythia::next(): 93000 events have been generated 

 Pythia::next(): 94000 events have been generated 
66% | Elapsed: 2h 29m 50s | Remaining: 1h 17m 11s

 Pythia::next(): 95000 events have been generated 
67% | Elapsed: 2h 32m 26s | Remaining: 1h 15m 4s

 Pythia::next(): 96000 events have been generated 

 Pythia::next(): 97000 events have been generated 
68% | Elapsed: 2h 35m 49s | Remaining: 1h 13m 19s

 Pythia::next(): 98000 events have been generated 
 PYTHIA Error in StringFragmentation::fragment: stuck in joining
 PYTHIA Error in Pythia::next: hadronLevel failed; try again

 Pythia::next(): 99000 events have been generated 
69% | Elapsed: 2h 41m 3s | Remaining: 1h 12m 21s

 Pythia::next(): 100000 events have been generated 
70% | Elapsed: 2h 44m 29s | Remaining: 1h 10m 29s

 Pythia::next(): 101000 events have been generated 

 Pythia::next(): 102000 events have been generated 
71% | Elapsed: 2h 48m 51s | Remaining: 1h 8m 58s
72% | Elapsed: 2h 50m 49s | Remaining: 1h 6m 25s

 Pythia::next(): 103000 events have been generated 

 Pythia::next(): 104000 events have been generated 
73% | Elapsed: 2h 54m 17s | Remaining: 1h 4m 27s

 Pythia::next(): 105000 events have been generated 

 Pythia::next(): 106000 events have been generated 
74% | Elapsed: 2h 58m 14s | Remaining: 1h 2m 37s

 Pythia::next(): 107000 events have been generated 

 Pythia::next(): 108000 events have been generated 
75% | Elapsed: 3h 3m 22s | Remaining: 1h 1m 7s

 Pythia::next(): 109000 events have been generated 
76% | Elapsed: 3h 8m 42s | Remaining: 0h 59m 35s

 Pythia::next(): 110000 events have been generated 

 Pythia::next(): 111000 events have been generated 
77% | Elapsed: 3h 11m 59s | Remaining: 0h 57m 20s

 Pythia::next(): 112000 events have been generated 
78% | Elapsed: 3h 16m 9s | Remaining: 0h 55m 19s

 Pythia::next(): 113000 events have been generated 

 Pythia::next(): 114000 events have been generated 
79% | Elapsed: 3h 19m 22s | Remaining: 0h 52m 59s

 Pythia::next(): 115000 events have been generated 

 Pythia::next(): 116000 events have been generated 
80% | Elapsed: 3h 24m 14s | Remaining: 0h 51m 3s

 Pythia::next(): 117000 events have been generated 
81% | Elapsed: 3h 26m 51s | Remaining: 0h 48m 31s

 Pythia::next(): 118000 events have been generated 
82% | Elapsed: 3h 29m 23s | Remaining: 0h 45m 57s

 Pythia::next(): 119000 events have been generated 

 Pythia::next(): 120000 events have been generated 
83% | Elapsed: 3h 33m 14s | Remaining: 0h 43m 40s
84% | Elapsed: 3h 35m 15s | Remaining: 0h 41m 0s

 Pythia::next(): 121000 events have been generated 

 Pythia::next(): 122000 events have been generated 
85% | Elapsed: 3h 38m 37s | Remaining: 0h 38m 34s

 Pythia::next(): 123000 events have been generated 
86% | Elapsed: 3h 41m 46s | Remaining: 0h 36m 6s

 Pythia::next(): 124000 events have been generated 

 Pythia::next(): 125000 events have been generated 
87% | Elapsed: 3h 46m 0s | Remaining: 0h 33m 46s

 Pythia::next(): 126000 events have been generated 

 Pythia::next(): 127000 events have been generated 
88% | Elapsed: 3h 48m 40s | Remaining: 0h 31m 10s

 Pythia::next(): 128000 events have been generated 
89% | Elapsed: 3h 50m 41s | Remaining: 0h 28m 30s

 Pythia::next(): 129000 events have been generated 
90% | Elapsed: 3h 53m 47s | Remaining: 0h 25m 58s

 Pythia::next(): 130000 events have been generated 

 Pythia::next(): 131000 events have been generated 
91% | Elapsed: 3h 58m 41s | Remaining: 0h 23m 36s

 Pythia::next(): 132000 events have been generated 
92% | Elapsed: 4h 0m 54s | Remaining: 0h 20m 56s

 Pythia::next(): 133000 events have been generated 

 Pythia::next(): 134000 events have been generated 

 Pythia::next(): 135000 events have been generated 
93% | Elapsed: 4h 6m 21s | Remaining: 0h 18m 32s

 Pythia::next(): 136000 events have been generated 

 Pythia::next(): 137000 events have been generated 
94% | Elapsed: 4h 11m 0s | Remaining: 0h 16m 1s

 Pythia::next(): 138000 events have been generated 
95% | Elapsed: 4h 14m 43s | Remaining: 0h 13m 24s

 Pythia::next(): 139000 events have been generated 

 Pythia::next(): 140000 events have been generated 
96% | Elapsed: 4h 17m 44s | Remaining: 0h 10m 44s

 Pythia::next(): 141000 events have been generated 
97% | Elapsed: 4h 21m 24s | Remaining: 0h 8m 5s

 Pythia::next(): 142000 events have been generated 

 Pythia::next(): 143000 events have been generated 
98% | Elapsed: 4h 25m 50s | Remaining: 0h 5m 25s
99% | Elapsed: 4h 27m 7s | Remaining: 0h 2m 41s

 Pythia::next(): 144000 events have been generated 

 Pythia::next(): 145000 events have been generated 
100% | Elapsed: 4h 31m 8s | Remaining: 0h 0m 0s
Events saved to /eos/cms/store/group/phys_smp/ec/shuangyu/Jpsi/HardQCD_Pt15to7000_Oniaoff_CR0_PYTHIA8311/pythia8_jpsi_events_2903.root

Thanks for using LHAPDF 6.4.0. Please make sure to cite the paper:
  Eur.Phys.J. C75 (2015) 3, 132  (http://arxiv.org/abs/1412.7420)
Job finished.
