Setting up CMSSW environment...
/pool/condor/dir_695849
Compiling pythia.cpp ...

 *------------------------------------------------------------------------------------* 
 |                                                                                    | 
 |  *------------------------------------------------------------------------------*  | 
 |  |                                                                              |  | 
 |  |                                                                              |  | 
 |  |   PPP   Y   Y  TTTTT  H   H  III    A      Welcome to the Lund Monte Carlo!  |  | 
 |  |   P  P   Y Y     T    H   H   I    A A     This is PYTHIA version 8.311      |  | 
 |  |   PPP     Y      T    HHHHH   I   AAAAA    Last date of change:  8 Mar 2024  |  | 
 |  |   P       Y      T    H   H   I   A   A                                      |  | 
 |  |   P       Y      T    H   H  III  A   A    Now is 29 Jul 2026 at 11:27:29    |  | 
 |  |                                                                              |  | 
 |  |   Program documentation and an archive of historic versions is found on:     |  | 
 |  |                                                                              |  | 
 |  |                               https://pythia.org/                            |  | 
 |  |                                                                              |  | 
 |  |   PYTHIA is authored by a collaboration consisting of:                       |  | 
 |  |                                                                              |  | 
 |  |   Javira Altmann, Christian Bierlich, Naomi Cooke, Nishita Desai,            |  | 
 |  |   Leif Gellersen, Ilkka Helenius, Philip Ilten, Leif Lonnblad,               |  | 
 |  |   Stephen Mrenna, Christian Preuss, Torbjorn Sjostrand, Peter Skands,        |  | 
 |  |   Marius Utheim, and Rob Verheyen.                                           |  | 
 |  |                                                                              |  | 
 |  |   The complete list of authors, including contact information and            |  | 
 |  |   affiliations, can be found on https://pythia.org/.                         |  | 
 |  |   Problems or bugs should be reported on email at authors@pythia.org.        |  | 
 |  |                                                                              |  | 
 |  |   The main program reference is C. Bierlich et al,                           |  | 
 |  |   'A comprehensive guide to the physics and usage of Pythia 8.3',            |  | 
 |  |   SciPost Phys. Codebases 8-r8.3 (2022) [arXiv:2203.11601 [hep-ph]]          |  | 
 |  |                                                                              |  | 
 |  |   PYTHIA is released under the GNU General Public Licence version 2 or later.|  | 
 |  |   Please respect the MCnet Guidelines for Event Generator Authors and Users. |  | 
 |  |                                                                              |  | 
 |  |   Disclaimer: this program comes without any guarantees.                     |  | 
 |  |   Beware of errors and use common sense when interpreting results.           |  | 
 |  |                                                                              |  | 
 |  |   Copyright (C) 2024 Torbjorn Sjostrand                                      |  | 
 |  |                                                                              |  | 
 |  |                                                                              |  | 
 |  *------------------------------------------------------------------------------*  | 
 |                                                                                    | 
 *------------------------------------------------------------------------------------* 

LHAPDF 6.4.0 loading /cvmfs/cms.cern.ch/el9_amd64_gcc12/external/lhapdf/6.4.0-4aa384870ea6380250957dc033c78953/share/LHAPDF/NNPDF31_nnlo_as_0118/NNPDF31_nnlo_as_0118_0000.dat
NNPDF31_nnlo_as_0118 PDF set, member #0, version 1; LHAPDF ID = 303600
LHAPDF 6.4.0 loading /cvmfs/cms.cern.ch/el9_amd64_gcc12/external/lhapdf/6.4.0-4aa384870ea6380250957dc033c78953/share/LHAPDF/NNPDF31_nnlo_as_0118/NNPDF31_nnlo_as_0118_0000.dat
NNPDF31_nnlo_as_0118 PDF set, member #0, version 1; LHAPDF ID = 303600

 *-------  PYTHIA Process Initialization  --------------------------*
 |                                                                  |
 | We collide p+ with p+ at a CM energy of 1.360e+04 GeV            |
 |                                                                  |
 |------------------------------------------------------------------|
 |                                                    |             |
 | Subprocess                                    Code |   Estimated |
 |                                                    |    max (mb) |
 |                                                    |             |
 |------------------------------------------------------------------|
 |                                                    |             |
 | g g -> g g                                     111 |   5.088e+02 |
 | g g -> q qbar (uds)                            112 |   2.035e+01 |
 | q g -> q g                                     113 |   1.648e+03 |
 | q q(bar)' -> q q(bar)'                         114 |   5.639e+02 |
 | q qbar -> g g                                  115 |   4.263e+00 |
 | q qbar -> q' qbar' (uds)                       116 |   4.231e+00 |
 | g g -> c cbar                                  121 |   6.778e+00 |
 | q qbar -> c cbar                               122 |   1.409e+00 |
 | g g -> b bbar                                  123 |   6.713e+00 |
 | q qbar -> b bbar                               124 |   1.396e+00 |
 |                                                                  |
 *-------  End PYTHIA Process Initialization -----------------------*
 PYTHIA Warning in SimpleTimeShower::init: pTmin too low , raised to 0.611

 *-------  PYTHIA Multiparton Interactions Initialization  ---------* 
 |                                                                  | 
 |                   sigmaNonDiffractive =    55.96 mb              | 
 |                                                                  | 
 |    pT0 =  1.44 gives sigmaInteraction =   496.49 mb: accepted    | 
 |                                                                  | 
 *-------  End PYTHIA Multiparton Interactions Initialization  -----* 

 *-------  PYTHIA Flag + Mode + Parm + Word + FVec + MVec + PVec + WVec Settings (changes only)  ------------------* 
 |                                                                                                                 | 
 | Name                                          |                      Now |      Default         Min         Max | 
 |                                               |                          |                                      | 
 | Beams:eCM                                     |                13600.000 |    14000.000         0.0             | 
 | Check:epTolErr                                |                0.0100000 |   1.0000e-04                         | 
 | ColourReconnection:range                      |                  5.17600 |      1.80000         0.0    10.00000 | 
 | HardQCD:all                                   |                       on |          off                         | 
 | Main:timesAllowErrors                         |                    10000 |           10           0             | 
 | MultipartonInteractions:alphaSorder           |                        2 |            1           0           3 | 
 | MultipartonInteractions:alphaSvalue           |                  0.11800 |      0.13000   0.0600000     0.25000 | 
 | MultipartonInteractions:bProfile              |                        2 |            3           0           4 | 
 | MultipartonInteractions:coreFraction          |                  0.63000 |      0.50000         0.0     1.00000 | 
 | MultipartonInteractions:coreRadius            |                  0.76340 |      0.40000     0.10000     1.00000 | 
 | MultipartonInteractions:ecmPow                |                0.0334400 |      0.21500         0.0     0.50000 | 
 | MultipartonInteractions:pT0Ref                |                  1.41000 |      2.28000     0.50000    10.00000 | 
 | ParticleDecays:limitTau0                      |                       on |          off                         | 
 | PDF:lepton                                    |                      off |           on                         | 
 | PDF:pSet                                      | LHAPDF6:NNPDF31_nnlo_as_0118 |           13                     | 
 | PhaseSpace:bias2Selection                     |                       on |          off                         | 
 | PhaseSpace:bias2SelectionPow                  |                  4.50000 |      4.00000         0.0    10.00000 | 
 | PhaseSpace:bias2SelectionRef                  |                 15.00000 |     10.00000     1.00000             | 
 | PhaseSpace:pTHatMax                           |                 7000.000 |     -1.00000                         | 
 | PhaseSpace:pTHatMin                           |                 15.00000 |          0.0         0.0             | 
 | Random:seed                                   |                218131500 |           -1               900000000 | 
 | Random:setSeed                                |                       on |          off                         | 
 | SigmaProcess:alphaSorder                      |                        2 |            1           0           3 | 
 | SigmaProcess:alphaSvalue                      |                  0.11800 |      0.13000   0.0600000     0.25000 | 
 | SigmaTotal:mode                               |                        0 |            1           0           4 | 
 | SigmaTotal:sigmaEl                            |                 22.08000 |     25.00000         0.0             | 
 | SigmaTotal:sigmaTot                           |                101.03700 |    100.00000         0.0             | 
 | SigmaTotal:zeroAXB                            |                      off |           on                         | 
 | SLHA:minMassSM                                |                 1000.000 |    100.00000                         | 
 | SpaceShower:alphaSorder                       |                        2 |            1           0           3 | 
 | SpaceShower:alphaSvalue                       |                  0.11800 |      0.13650   0.0600000     0.25000 | 
 | TimeShower:alphaSorder                        |                        2 |            1           0           3 | 
 | TimeShower:alphaSvalue                        |                  0.11800 |      0.13650   0.0600000     0.25000 | 
 |                                                                                                                 | 
 *-------  End PYTHIA Flag + Mode + Parm + Word + FVec + MVec + PVec + WVec Settings  -----------------------------* 

 --------  PYTHIA Particle Data Table (changed only)  ------------------------------------------------------------------------------
 
      id   name            antiName         spn chg col      m0        mWidth      mMin       mMax       tau0    res dec ext vis wid
             no onMode   bRatio   meMode     products 

     443  J/psi                               3   0   0    3.09692    0.00009    3.09602    3.09782  0.00000e+00   0   1   0   1   0
              0     0   0.8023950   43       83      -83 
              1     0   0.0594000    0       11      -11 
              2     1   0.0593000    0       13      -13 
              3     0   0.0130000    0      441       22 
              4     0   0.0056000    0      113      111 
              5     0   0.0056500    0      213     -211 
              6     0   0.0056500    0     -213      211 
              7     0   0.0036000    0      115      113 
              8     0   0.0036000    0     -215      213 
              9     0   0.0036000    0      215     -213 
             10     0   0.0043000    0      225      223 
             11     0   0.0022000    0      313     -315 
             12     0   0.0022000    0      323     -325 
             13     0   0.0022000    0     -323      325 
             14     0   0.0025000    0      321     -323 
             15     0   0.0025000    0     -321      323 
             16     0   0.0021000    0      311     -313 
             17     0   0.0021000    0     -311      313 
             18     0   0.0019000    0    20323     -321 
             19     0   0.0019000    0   -20323      321 
             20     0   0.0015000    0    10213     -211 
             21     0   0.0015000    0   -10213      211 
             22     0   0.0023000    0    10113      111 
             23     0   0.0004800    0    10331      223 
             24     0   0.0007400    0      223      221 
             25     0   0.0003600    0    10331      333 
             26     0   0.0008000    0      333      335 
             27     0   0.0006800    0    20333      223 
             28     0   0.0007400    0      333      221 
             29     0   0.0004500    0      223      111 
             30     0   0.0004000    0      333      331 
             31     0   0.0003200    0      333  9010221 
             32     0   0.0002600    0      333    20223 
             33     0   0.0001930    0      113      221 
             34     0   0.0001820    0      223      331 
             35     0   0.0001400    0      223  9010221 
             36     0   0.0001050    0      113      331 
             37     0   0.0011000    0     2224    -2224 
             38     0   0.0005150    0     3112    -3112 
             39     0   0.0005900    0     3314    -3314 
             40     0   0.0003200    0     3324    -3324 
             41     0   0.0003200    0     3324    -3324 
             42     0   0.0001550    0     3114    -3114 
             43     0   0.0001550    0     3224    -3224 

 --------  End PYTHIA Particle Data Table  -----------------------------------------------------------------------------------------


 --------  PYTHIA Info Listing  ---------------------------------------- 
 
 Beam A: id =   2212, pz =  6.800e+03, e =  6.800e+03, m =  9.383e-01.
 Beam B: id =   2212, pz = -6.800e+03, e =  6.800e+03, m =  9.383e-01.

 In 1: id =    2, x =  7.383e-02, pdf =  6.148e-01 at Q2 =  2.032e+04.
 In 2: id =   21, x =  9.460e-03, pdf =  8.547e+00 at same Q2.

 Subprocess q g -> q g with code 113 is 2 -> 2.
 It has sHat =  1.292e+05,    tHat = -2.525e+04,    uHat = -1.039e+05,
       pTHat =  1.425e+02,   m3Hat =  3.300e-01,   m4Hat =  0.000e+00,
    thetaHat =  9.159e-01,  phiHat =  6.262e+00.
     alphaEM =  7.857e-03,  alphaS =  1.106e-01    at Q2 =  2.032e+04.

 Impact parameter b =  6.034e-01 gives enhancement factor =  2.071e+00.
 Max pT scale for MPI =  1.425e+02, ISR =  1.425e+02, FSR =  1.425e+02.
 Number of MPI =    18, ISR =    15, FSRproc =    51, FSRreson =     0.

 --------  End PYTHIA Info Listing  ------------------------------------

 --------  PYTHIA Event Listing  (hard process)  -----------------------------------------------------------------------------------
 
    no         id  name            status     mothers   daughters     colours      p_x        p_y        p_z         e          m 
     0         90  (system)           -11     0     0     0     0     0     0      0.000      0.000      0.000  13600.000  13600.000
     1       2212  (p+)               -12     0     0     3     0     0     0      0.000      0.000   6800.000   6800.000      0.938
     2       2212  (p+)               -12     0     0     4     0     0     0      0.000      0.000  -6800.000   6800.000      0.938
     3          2  (u)                -21     1     0     5     6   101     0      0.000      0.000    502.036    502.036      0.000
     4         21  (g)                -21     2     0     5     6   102   103      0.000      0.000    -64.331     64.331      0.000
     5          2  u                   23     3     4     0     0   102     0    142.502     -3.058    391.325    416.476      0.330
     6         21  g                   23     3     4     0     0   101   103   -142.502      3.058     46.380    149.891      0.000
                                   Charge sum:  0.667           Momentum sum:      0.000      0.000    437.705    566.367    359.424

 --------  End PYTHIA Event Listing  -----------------------------------------------------------------------------------------------

 --------  PYTHIA Event Listing  (complete event)  ---------------------------------------------------------------------------------
 
    no         id  name            status     mothers   daughters     colours      p_x        p_y        p_z         e          m 
     0         90  (system)           -11     0     0     0     0     0     0      0.000      0.000      0.000  13600.000  13600.000
     1       2212  (p+)               -12     0     0   316     0     0     0      0.000      0.000   6800.000   6800.000      0.938
     2       2212  (p+)               -12     0     0   317     0     0     0      0.000      0.000  -6800.000   6800.000      0.938
     3          2  (u)                -21     7     7     5     6   101     0      0.000      0.000    502.036    502.036      0.000
     4         21  (g)                -21     8     0     5     6   102   103      0.000      0.000    -64.331     64.331      0.000
     5          2  (u)                -23     3     4     9     9   102     0    142.502     -3.058    391.325    416.476      0.330
     6         21  (g)                -23     3     4    10    10   101   103   -142.502      3.058     46.380    149.891      0.000
     7          2  (u)                -42    12    12     3     3   101     0      0.000     -0.000    502.036    502.036      0.000
     8         21  (g)                -41    13     0    11     4   102   104     -0.000      0.000   -123.460    123.460      0.000
     9          2  (u)                -44     5     5    14    14   102     0    141.855     -1.846    387.218    412.388      0.330
    10         21  (g)                -44     6     6    15    15   101   103   -145.167      8.045     50.227    153.821      0.000
    11         21  (g)                -43     8     0    16    16   103   104      3.312     -6.199    -58.868     59.287      0.000
    12          2  (u)                -42    64    64     7     7   101     0      0.000     -0.000    502.036    502.036      0.000
    13         -1  (dbar)             -41   173   173    17     8     0   104     -0.000      0.000   -631.043    631.043      0.000
    14          2  (u)                -44     9     9    20    20   102     0    141.625     -1.231    385.797    410.973      0.330
    15         21  (g)                -44    10    10    58    58   101   103   -146.115     10.574     51.755    155.371      0.000
    16         21  (g)                -44    11    11    56    57   103   104      2.230     -3.314    -59.022     59.157      0.000
    17         -1  (dbar)             -43    13     0    18    19     0   102      2.260     -6.028   -507.537    507.578      0.330
    18         -1  (dbar)             -51    17     0    30    30     0   105     -0.104     -0.526   -490.508    490.508      0.330
    19         21  (g)                -51    17     0    25    26   105   102      2.549     -5.504    -16.526     17.604      0.000
    20          2  (u)                -52    14    14    27    27   102     0    141.440     -1.230    385.295    410.438      0.330
    21         -1  (dbar)             -31    38    38    23    24     0   106      0.000      0.000      4.682      4.682      0.000
    22         21  (g)                -31    39     0    23    24   108   107      0.000      0.000    -14.370     14.370      0.000
    23         -1  (dbar)             -33    21    22    40    40     0   107     -4.854      3.017      1.982      6.058      0.330
    24         21  (g)                -33    21    22    41    41   108   106      4.854     -3.017    -11.671     12.995      0.000
    25         21  (g)                -51    19     0    28    29   105   109     -0.026     -8.349    -14.979     17.149      0.000
    26         21  (g)                -51    19     0    35    36   109   102      5.404      2.820      6.161      8.667      0.000
    27          2  (u)                -52    20    20   153   154   102     0    138.610     -1.205    377.587    402.226      0.330
    28         21  (g)                -51    25     0    37    37   110   109     -2.410     -6.570    -10.826     12.891      0.000
    29         21  (g)                -51    25     0    61    61   105   110      2.377     -1.821    -42.682     42.786      0.000
    30         -1  (dbar)             -52    18    18    59    60     0   105     -0.096     -0.485   -451.979    451.980      0.330
    31         21  (g)                -31   101   101    33    34   111   112      0.000      0.000     23.041     23.041      0.000
    32         21  (g)                -31   102     0    33    34   112   113      0.000      0.000     -1.186      1.186      0.000
    33         21  (g)                -33    31    32   103   103   111   114      2.751     -1.470     20.647     20.882      0.000
    34         21  (g)                -33    31    32   104   104   114   113     -2.751      1.470      1.208      3.345      0.000
    35         21  (g)                -51    26     0    43    44   115   102      5.230      0.966      6.542      8.431      0.000
    36         21  (g)                -51    26     0    45    45   109   115     -0.198      0.839     -2.053      2.227      0.000
    37         21  (g)                -52    28    28   108   108   110   109     -2.038     -5.555     -9.154     10.900      0.000
    38         -1  (dbar)             -42    46     0    21    21     0   106      0.000     -0.000      4.682      4.682      0.000
    39         -1  (dbar)             -41    47    47    42    22     0   107      0.000      0.000   -649.877    649.877      0.000
    40         -1  (dbar)             -44    23    23    48    48     0   107     -4.920      3.430      2.180      6.390      0.330
    41         21  (g)                -44    24    24    49    49   108   106      4.450     -0.517    -12.347     13.135      0.000
    42         -1  (dbar)             -43    39     0    50    50     0   108      0.471     -2.913   -635.028    635.035      0.330
    43         21  (g)                -51    35     0    98    99   116   102      5.692     -0.017      5.692      8.050      0.000
    44         21  (g)                -51    35     0   100   100   115   116     -0.566      1.424     -0.228      1.550      0.000
    45         21  (g)                -52    36    36   325   325   109   115     -0.094      0.399     -0.976      1.058      0.000
    46         -1  (dbar)             -41   346   346    51    38     0   117      0.000      0.000      4.820      4.820      0.000
    47         -1  (dbar)             -42   347   347    39    39     0   107      0.000     -0.000   -649.877    649.877      0.000
    48         -1  (dbar)             -44    40    40   348   348     0   107     -5.802      4.318      1.390      7.372      0.330
    49         21  (g)                -44    41    41   126   126   108   106      4.369     -0.435    -11.567     12.372      0.000
    50         -1  (dbar)             -44    42    42   124   125     0   108      0.470     -2.912   -620.735    620.742      0.330
    51         21  (g)                -43    46     0   203   203   106   117      0.963     -0.971    -14.145     14.211      0.000
    52         21  (g)                -31    65     0    54    55   118   119      0.000      0.000     23.442     23.442      0.000
    53         21  (g)                -31    66    66    54    55   120   118      0.000      0.000     -0.342      0.342      0.000
    54         21  (g)                -33    52    53    67    67   120   121     -1.142     -2.390      7.332      7.796      0.000
    55         21  (g)                -33    52    53    68    68   121   119      1.142      2.390     15.768     15.989      0.000
    56         21  (g)                -51    16     0   171   172   122   104      3.924     -3.795    -47.502     47.815      0.000
    57         21  (g)                -51    16     0   267   267   103   122     -1.942      0.499    -11.432     11.606      0.000
    58         21  (g)                -52    15    15    62    63   101   103   -145.867     10.556     51.667    155.107      0.000
    59         -1  (dbar)             -51    30     0   321   321     0   123     -1.434      1.320   -226.499    226.507      0.330
    60         21  (g)                -51    30     0   249   250   123   105      1.957     -2.279   -236.592    236.611      0.000
    61         21  (g)                -52    29    29   106   107   105   110      1.758     -1.347    -31.570     31.648      0.000
    62         21  (g)                -51    58     0   161   162   124   103   -143.188     12.453     50.155    152.228      0.000
    63         21  (g)                -51    58     0   163   163   101   124     -2.679     -1.897      3.260      4.626      0.000
    64          2  (u)                -53   316   316    12    12   101     0      0.000     -0.000    503.783    503.783      0.000
    65         -2  (ubar)             -41    74    74    69    52     0   119     -0.000      0.000     63.486     63.486      0.000
    66         21  (g)                -42    75     0    53    53   120   118      0.000      0.000     -0.342      0.342      0.000
    67         21  (g)                -44    54    54    76    76   120   121     -0.443     -2.344      9.551      9.844      0.000
    68         21  (g)                -44    55    55    77    77   121   119      2.610      2.485     20.197     20.516      0.000
    69         -2  (ubar)             -43    65     0    78    78     0   118     -2.167     -0.141     33.396     33.468      0.330
    70         21  (g)                -31   381   381    72    73   125   126      0.000      0.000      0.095      0.095      0.000
    71         21  (g)                -31   382   382    72    73   127   128      0.000      0.000   -103.927    103.927      0.000
    72         21  (g)                -33    70    71   383   383   125   128      0.263     -2.169    -89.336     89.362      0.000
    73         21  (g)                -33    70    71   384   384   127   126     -0.263      2.169    -14.496     14.660      0.000
    74         -2  (ubar)             -42    83    83    65    65     0   119      0.000     -0.000     63.486     63.486      0.000
    75         21  (g)                -41    84     0    79    66   129   118     -0.000      0.000     -0.496      0.496      0.000
    76         21  (g)                -44    67    67    82    82   120   121      0.269     -2.389      8.317      8.658      0.000
    77         21  (g)                -44    68    68    80    81   121   119      3.384      2.436     23.293     23.664      0.000
    78         -2  (ubar)             -44    69    69    87    87     0   118     -1.992     -0.152     24.434     24.518      0.330
    79         21  (g)                -43    75     0    88    88   129   120     -1.662      0.105      6.945      7.142      0.000
    80         21  (g)                -51    77     0    86    86   130   119      4.072      1.547     18.260     18.773      0.000
    81         21  (g)                -51    77     0    89    89   121   130     -0.559     -0.254      9.013      9.034      0.000
    82         21  (g)                -52    76    76    85    85   120   121      0.140     -1.246      4.338      4.516      0.000
    83         -2  (ubar)             -42   186   186    74    74     0   119     -0.000      0.000     63.486     63.486      0.000
    84         -3  (sbar)             -41   367   367    90    75     0   118     -0.000     -0.000   -193.379    193.379      0.000
    85         21  (g)                -44    82    82   116   117   120   121      0.370     -1.498      6.425      6.607      0.000
    86         21  (g)                -44    80    80   184   185   130   119      4.733      0.820     21.620     22.147      0.000
    87         -2  (ubar)             -44    78    78   370   370     0   118     -1.884     -0.271     21.611     21.697      0.330
    88         21  (g)                -44    79    79    91    92   129   120     -1.408     -0.174      4.869      5.071      0.000
    89         21  (g)                -44    81    81   372   372   121   130     -0.532     -0.284      8.447      8.468      0.000
    90         -3  (sbar)             -43    84     0    93    93     0   129     -1.278      1.407   -192.864    192.874      0.500
    91         21  (g)                -51    88     0   118   118   131   120     -2.399     -0.907      2.328      3.464      0.000
    92         21  (g)                -51    88     0   109   110   129   131      0.987      0.738      1.891      2.257      0.000
    93         -3  (sbar)             -52    90    90   111   111     0   129     -1.274      1.403   -192.214    192.224      0.500
    94         21  (g)                -31   119   119    96    97   133   132      0.000      0.000     47.534     47.534      0.000
    95         21  (g)                -31   120     0    96    97   135   134      0.000      0.000     -1.987      1.987      0.000
    96         21  (g)                -33    94    95   121   121   135   132     -0.747      1.569     -1.588      2.354      0.000
    97         21  (g)                -33    94    95   122   122   133   134      0.747     -1.569     47.135     47.167      0.000
    98         21  (g)                -51    43     0   155   155   136   102      4.030      1.217      5.487      6.916      0.000
    99         21  (g)                -51    43     0   218   218   116   136      1.471     -0.753      0.128      1.657      0.000
   100         21  (g)                -52    44    44   216   217   115   116     -0.375      0.943     -0.151      1.026      0.000
   101         21  (g)                -42   358   358    31    31   111   112      0.000     -0.000     23.041     23.041      0.000
   102          2  (u)                -41   359   359   105    32   112     0     -0.000     -0.000     -5.577      5.577      0.000
   103         21  (g)                -44    33    33   187   188   111   114      2.826     -1.610     21.787     22.029      0.000
   104         21  (g)                -44    34    34   189   189   114   113     -2.067      0.197     -0.122      2.080      0.000
   105          2  (u)                -43   102     0   268   269   113     0     -0.759      1.413     -4.201      4.509      0.330
   106         21  (g)                -51    61     0   138   138   105   137     -0.903     -0.863     -3.018      3.267      0.000
   107         21  (g)                -51    61     0   136   137   137   110      2.319     -1.416    -30.087     30.210      0.000
   108         21  (g)                -52    37    37   146   147   110   109     -1.696     -4.623     -7.618      9.071      0.000
   109         21  (g)                -51    92     0   374   374   138   131      0.267     -1.138      0.743      1.385      0.000
   110         21  (g)                -51    92     0   252   253   129   138      0.713      1.884      0.006      2.014      0.000
   111         -3  (sbar)             -52    93    93   254   254     0   129     -1.267      1.394   -191.072    191.082      0.500
   112         -1  (dbar)             -31   206   206   114   115     0   139      0.000      0.000      0.101      0.101      0.000
   113         21  (g)                -31   393   393   114   115   141   140      0.000      0.000   -443.777    443.777      0.000
   114         -1  (dbar)             -33   112   113   394   394     0   140      0.030      1.514     -5.924      6.123      0.330
   115         21  (g)                -33   112   113   204   205   141   139     -0.030     -1.514   -437.751    437.754      0.000
   116         21  (g)                -51    85     0   181   182   142   121      0.785     -1.727      3.852      4.294      0.000
   117         21  (g)                -51    85     0   183   183   120   142     -1.860     -0.318      3.974      4.399      0.000
   118         21  (g)                -52    91    91   371   371   131   120     -0.954     -0.361      0.926      1.378      0.000
   119         21  (g)                -42   385   385    94    94   133   132     -0.000     -0.000     47.534     47.534      0.000
   120         21  (g)                -41   386   386   123    95   135   143      0.000      0.000     -3.315      3.315      0.000
   121         21  (g)                -44    96    96   387   387   135   132     -1.489      0.490     -1.686      2.302      0.000
   122         21  (g)                -44    97    97   255   256   133   134      0.741     -1.578     46.875     46.908      0.000
   123         21  (g)                -43   120     0   257   257   134   143      0.749      1.088     -0.970      1.639      0.000
   124         -1  (dbar)             -51    50     0   143   144     0   144     -0.883     -1.430   -131.023    131.035      0.330
   125         21  (g)                -51    50     0   145   145   144   108      1.398     -1.486   -489.832    489.836      0.000
   126         21  (g)                -52    49    49   176   176   108   106      4.323     -0.431    -11.447     12.244      0.000
   127         21  (g)                -31   131   131   129   130   145   146      0.000      0.000     27.230     27.230      0.000
   128         21  (g)                -31   132     0   129   130   147   148      0.000      0.000  -1026.665   1026.665      0.000
   129         21  (g)                -33   127   128   133   133   145   148     -0.363      1.180  -1026.650   1026.651      0.000
   130         21  (g)                -33   127   128   134   134   147   146      0.363     -1.180     27.215     27.243      0.000
   131         21  (g)                -42   291   291   127   127   145   146     -0.000     -0.000     27.230     27.230      0.000
   132         21  (g)                -41   292     0   135   128   149   148      0.000      0.000  -1043.097   1043.097      0.000
   133         21  (g)                -44   129   129   293   293   145   148      0.058      2.301  -1027.533   1027.535      0.000
   134         21  (g)                -44   130   130   212   212   147   146      0.363     -1.180     27.191     27.219      0.000
   135         21  (g)                -43   132     0   210   211   149   147     -0.421     -1.121    -15.526     15.572      0.000
   136         21  (g)                -51   107     0   148   148   150   110      1.120     -1.606    -28.327     28.395      0.000
   137         21  (g)                -51   107     0   215   215   137   150      0.889     -0.106     -2.796      2.936      0.000
   138         21  (g)                -52   106   106   251   251   105   137     -0.593     -0.567     -1.983      2.146      0.000
   139         21  (g)                -31   193     0   141   142   152   151      0.000      0.000      0.932      0.932      0.000
   140         21  (g)                -31   194   194   141   142   154   153      0.000      0.000    -18.917     18.917      0.000
   141         21  (g)                -33   139   140   195   195   154   151     -1.135     -0.240      0.546      1.282      0.000
   142         21  (g)                -33   139   140   196   196   152   153      1.135      0.240    -18.531     18.567      0.000
   143         -1  (dbar)             -51   124     0   224   224     0   155     -0.075     -1.104    -57.792     57.803      0.330
   144         21  (g)                -51   124     0   222   223   155   144     -0.092     -1.087   -323.784    323.786      0.000
   145         21  (g)                -52   125   125   174   175   144   108      0.683     -0.726   -239.279    239.281      0.000
   146         21  (g)                -51   108     0   322   322   156   109     -1.548     -5.209     -9.786     11.193      0.000
   147         21  (g)                -51   108     0   333   333   110   156     -0.008      0.386     -1.362      1.416      0.000
   148         21  (g)                -52   136   136   213   214   150   110      0.980     -1.406    -24.797     24.857      0.000
   149         21  (g)                -31   156     0   151   152   158   157      0.000      0.000      0.068      0.068      0.000
   150          1  (d)                -31   157   157   151   152   157     0      0.000      0.000    -93.456     93.456      0.000
   151         21  (g)                -33   149   150   158   158   158   159      0.855     -0.589     -4.081      4.211      0.000
   152          1  (d)                -33   149   150   159   159   159     0     -0.855      0.589    -89.307     89.313      0.330
   153          2  (u)                -51    27     0   318   318   160     0    114.468     -1.742    313.666    333.905      0.330
   154         21  (g)                -51    27     0   166   166   102   160     24.240      0.566     64.053     68.489      0.000
   155         21  (g)                -52    98    98   164   165   136   102      3.933      1.188      5.354      6.749      0.000
   156         -2  (ubar)             -41   414   414   160   149     0   157     -0.000     -0.000      6.476      6.476      0.000
   157          1  (d)                -42   415   415   150   150   157     0      0.000     -0.000    -93.456     93.456      0.000
   158         21  (g)                -44   151   151   221   221   158   159     -0.116     -0.459     -0.761      0.896      0.000
   159          1  (d)                -44   152   152   417   417   159     0     -0.904      0.595    -92.579     92.586      0.330
   160         -2  (ubar)             -43   156     0   219   220     0   158      1.021     -0.136      6.359      6.451      0.330
   161         21  (g)                -51    62     0   265   266   161   103   -101.606      9.297     36.557    108.382      0.000
   162         21  (g)                -51    62     0   231   232   124   161    -41.618      3.130     13.642     43.909      0.000
   163         21  (g)                -52    63    63   233   233   101   124     -2.642     -1.871      3.216      4.563      0.000
   164         21  (g)                -51   155     0   323   323   136   162      0.575      0.222      0.233      0.659      0.000
   165         21  (g)                -51   155     0   336   336   162   102      5.656      1.019     11.195     12.584      0.000
   166         21  (g)                -52   154   154   334   334   102   160     21.941      0.512     57.979     61.994      0.000
   167         21  (g)                -31   227   227   169   170   163   164      0.000      0.000     36.599     36.599      0.000
   168         21  (g)                -31   421   421   169   170   165   166      0.000      0.000    -23.628     23.628      0.000
   169         21  (g)                -33   167   168   422   422   163   166     -0.311      0.931     36.582     36.596      0.000
   170         21  (g)                -33   167   168   225   226   165   164      0.311     -0.931    -23.611     23.631      0.000
   171         21  (g)                -51    56     0   286   286   122   167      1.401     -0.277    -10.058     10.159      0.000
   172         21  (g)                -51    56     0   284   285   167   104      2.523     -3.518    -44.142     44.354      0.000
   173         -1  (dbar)             -53   317   317    13    13     0   104     -0.000      0.000   -637.740    637.740      0.000
   174         21  (g)                -51   145     0   352   352   144   168     -0.526     -0.005   -118.255    118.256      0.000
   175         21  (g)                -51   145     0   276   276   168   108      1.251     -0.725   -121.136    121.144      0.000
   176         21  (g)                -52   126   126   201   202   108   106      4.281     -0.427    -11.336     12.125      0.000
   177         21  (g)                -31   425   425   179   180   170   169      0.000      0.000      0.003      0.003      0.000
   178         21  (g)                -31   426   426   179   180   171   170      0.000      0.000   -545.060    545.060      0.000
   179         21  (g)                -33   177   178   427   427   172   169     -0.889      0.289    -79.721     79.726      0.000
   180         21  (g)                -33   177   178   428   428   171   172      0.889     -0.289   -465.336    465.337      0.000
   181         21  (g)                -51   116     0   368   368   173   121      0.674     -1.215      4.678      4.880      0.000
   182         21  (g)                -51   116     0   377   377   142   173     -0.652     -0.642      0.804      1.218      0.000
   183         21  (g)                -52   117   117   376   376   120   142     -1.097     -0.188      2.344      2.595      0.000
   184         21  (g)                -51    86     0   190   191   130   174      3.536      0.277     21.166     21.461      0.000
   185         21  (g)                -51    86     0   192   192   174   119      1.197      0.543      3.606      3.838      0.000
   186         -2  (ubar)             -53   366   366    83    83     0   119     -0.000      0.000     66.637     66.637      0.000
   187         21  (g)                -51   103     0   360   360   111   175      2.162     -2.076     16.189     16.464      0.000
   188         21  (g)                -51   103     0   198   199   175   114      0.585      0.473      5.593      5.644      0.000
   189         21  (g)                -52   104   104   200   200   114   113     -1.988      0.190     -0.117      2.001      0.000
   190         21  (g)                -51   184     0   369   369   130   176      0.859      0.661      3.493      3.657      0.000
   191         21  (g)                -51   184     0   379   379   176   174      3.671      0.067     20.669     20.993      0.000
   192         21  (g)                -52   185   185   378   378   174   119      0.202      0.092      0.609      0.648      0.000
   193          2  (u)                -41   240   240   197   139   152     0     -0.000     -0.000   1052.192   1052.192      0.000
   194         21  (g)                -42   236   236   140   140   154   153     -0.000     -0.000    -18.917     18.917      0.000
   195         21  (g)                -44   141   141   207   208   154   151     -1.351     -1.020      0.146      1.699      0.000
   196         21  (g)                -44   142   142   243   243   152   153      1.131      0.225    -18.122     18.159      0.000
   197          2  (u)                -43   193     0   209   209   151     0      0.220      0.795   1051.251   1051.251      0.330
   198         21  (g)                -51   188     0   363   363   175   177      0.745      0.096      5.175      5.230      0.000
   199         21  (g)                -51   188     0   364   364   177   114     -0.507      0.410      0.398      0.764      0.000
   200         21  (g)                -52   189   189   270   270   114   113     -1.641      0.156     -0.097      1.652      0.000
   201         21  (g)                -51   176     0   274   275   108   178      1.970      0.262     -8.041      8.283      0.000
   202         21  (g)                -51   176     0   355   355   178   106      2.492     -0.871     -5.947      6.506      0.000
   203         21  (g)                -52    51    51   351   351   106   117      0.783     -0.789    -11.494     11.547      0.000
   204         21  (g)                -51   115     0   395   395   141   179     -0.287     -0.611   -380.691    380.691      0.000
   205         21  (g)                -51   115     0   396   396   179   139      0.258     -0.903    -57.058     57.066      0.000
   206         -1  (dbar)             -53   392   392   112   112     0   139      0.000      0.000      0.104      0.104      0.000
   207         21  (g)                -51   195     0   234   235   154   180     -1.177     -0.399     -0.262      1.270      0.000
   208         21  (g)                -51   195     0   228   229   180   151     -0.172     -0.614      9.828      9.849      0.000
   209          2  (u)                -52   197   197   230   230   151     0      0.219      0.788   1041.831   1041.831      0.330
   210          3  (s)                -51   135     0   295   295   149     0     -0.030      0.556     -2.099      2.229      0.500
   211         -3  (sbar)             -51   135     0   239   239     0   147     -0.389     -1.682    -13.325     13.446      0.500
   212         21  (g)                -52   134   134   237   238   147   146      0.362     -1.176     27.089     27.117      0.000
   213         21  (g)                -51   148     0   331   331   181   110     -0.310     -0.270     -6.673      6.686      0.000
   214         21  (g)                -51   148     0   338   338   150   181      1.690     -1.184    -19.382     19.492      0.000
   215         21  (g)                -52   137   137   332   332   137   150      0.489     -0.058     -1.538      1.614      0.000
   216         21  (g)                -51   100     0   326   326   115   182      0.115     -0.459      0.296      0.558      0.000
   217         21  (g)                -51   100     0   339   339   182   116      0.126      1.086     -0.393      1.162      0.000
   218         21  (g)                -52    99    99   330   330   116   136      0.855     -0.438      0.074      0.963      0.000
   219         -2  (ubar)             -51   160     0   418   418     0   183     -0.275      0.187      2.518      2.561      0.330
   220         21  (g)                -51   160     0   419   419   183   158      1.283     -0.374      3.758      3.988      0.000
   221         21  (g)                -52   158   158   416   416   158   159     -0.104     -0.408     -0.677      0.797      0.000
   222         21  (g)                -51   144     0   353   353   184   144     -0.517     -0.425   -220.378    220.379      0.000
   223         21  (g)                -51   144     0   356   356   155   184      0.394     -1.116   -120.523    120.529      0.000
   224         -1  (dbar)             -52   143   143   350   350     0   155     -0.045     -0.649    -40.675     40.681      0.330
   225         21  (g)                -51   170     0   423   423   165   185      0.426     -1.484    -23.305     23.356      0.000
   226         21  (g)                -51   170     0   424   424   185   164     -0.115      0.553     -0.017      0.565      0.000
   227         21  (g)                -53   420   420   167   167   163   164      0.000      0.000     36.889     36.889      0.000
   228         21  (g)                -51   208     0   245   245   180   186     -0.032     -0.883     19.493     19.513      0.000
   229         21  (g)                -51   208     0   246   246   186   151     -0.115      0.361    110.304    110.305      0.000
   230          2  (u)                -52   209   209   244   244   151     0      0.193      0.697    921.861    921.862      0.330
   231         21  (g)                -51   162     0   335   335   187   161    -19.571      0.724      6.332     20.582      0.000
   232         21  (g)                -51   162     0   281   282   124   187    -22.102      2.368      7.375     23.420      0.000
   233         21  (g)                -52   163   163   283   283   101   124     -2.588     -1.833      3.150      4.470      0.000
   234         21  (g)                -51   207     0   242   242   188   180     -0.783     -0.947     -0.470      1.316      0.000
   235         21  (g)                -51   207     0   247   247   154   188     -0.394      0.548     -1.320      1.482      0.000
   236         21  (g)                -53   241     0   194   194   154   153     -0.000     -0.000    -20.445     20.445      0.000
   237         21  (g)                -51   212     0   294   294   189   146      0.687     -1.361     18.780     18.842      0.000
   238         21  (g)                -51   212     0   297   297   147   189     -0.325      0.183      8.288      8.297      0.000
   239         -3  (sbar)             -52   211   211   296   296     0   147     -0.389     -1.679    -13.304     13.425      0.500
   240          2  (u)                -42   405   405   193   193   152     0     -0.000     -0.000   1052.192   1052.192      0.000
   241         21  (g)                -41   406   406   248   236   154   190      0.000      0.000    -23.516     23.516      0.000
   242         21  (g)                -44   234   234   407   407   188   180     -0.777     -0.917     -0.488      1.298      0.000
   243         21  (g)                -44   196   196   408   408   152   153      1.248      0.832    -18.111     18.173      0.000
   244          2  (u)                -44   230   230   409   409   151     0      0.193      0.697    921.834    921.834      0.330
   245         21  (g)                -44   228   228   410   410   180   186     -0.032     -0.883     19.477     19.497      0.000
   246         21  (g)                -44   229   229   411   411   186   151     -0.115      0.361    110.305    110.306      0.000
   247         21  (g)                -44   235   235   412   412   154   188     -0.385      0.595     -1.311      1.491      0.000
   248         21  (g)                -43   241     0   413   413   153   190     -0.132     -0.684     -3.030      3.110      0.000
   249         21  (g)                -51    60     0   328   328   123   191      0.663     -0.669   -128.494    128.498      0.000
   250         21  (g)                -51    60     0   273   273   191   105      1.278     -1.624   -108.148    108.168      0.000
   251         21  (g)                -52   138   138   271   272   105   137     -0.578     -0.552     -1.932      2.091      0.000
   252         21  (g)                -51   110     0   375   375   192   138      0.091      1.784      0.153      1.793      0.000
   253         21  (g)                -51   110     0   380   380   129   192      0.606      0.117     -2.512      2.587      0.000
   254         -3  (sbar)             -52   111   111   373   373     0   129     -1.251      1.377   -188.707    188.717      0.500
   255         21  (g)                -51   122     0   260   260   133   193      0.930     -1.561     46.771     46.807      0.000
   256         21  (g)                -51   122     0   258   259   193   134     -0.157      0.030      0.062      0.172      0.000
   257         21  (g)                -52   123   123   389   389   134   143      0.716      1.041     -0.929      1.568      0.000
   258         21  (g)                -51   256     0   390   390   194   134      0.316     -0.663      3.107      3.193      0.000
   259         21  (g)                -51   256     0   391   391   193   194     -0.316      0.430      4.831      4.860      0.000
   260         21  (g)                -52   255   255   388   388   133   193      0.773     -1.298     38.896     38.925      0.000
   261         21  (g)                -31   299     0   263   264   197   196      0.000      0.000      0.052      0.052      0.000
   262          1  (d)                -31   300   300   263   264   196     0      0.000      0.000   -393.256    393.256      0.000
   263         21  (g)                -33   261   262   301   301   197   198      0.393      0.524     -2.014      2.118      0.000
   264          1  (d)                -33   261   262   302   302   198     0     -0.393     -0.524   -391.189    391.190      0.330
   265         21  (g)                -51   161     0   319   319   161   199    -98.840      8.436     35.546    105.376      0.000
   266         21  (g)                -51   161     0   342   342   199   103     -2.775      0.864      0.958      3.060      0.000
   267         21  (g)                -52    57    57   327   327   103   122     -1.933      0.497    -11.379     11.553      0.000
   268          2  (u)                -51   105     0   362   362   200     0     -1.177      1.145     -4.208      4.529      0.330
   269         21  (g)                -51   105     0   365   365   113   200      0.088      0.299     -0.013      0.312      0.000
   270         21  (g)                -52   200   200   361   361   114   113     -1.312      0.125     -0.077      1.320      0.000
   271         21  (g)                -51   251     0   324   324   201   137     -0.113      0.081     -0.019      0.140      0.000
   272         21  (g)                -51   251     0   343   343   105   201     -0.384     -0.736     -8.750      8.789      0.000
   273         21  (g)                -52   250   250   341   341   191   105      1.198     -1.522   -101.312    101.330      0.000
   274         21  (g)                -51   201     0   349   349   202   178      1.034      0.716     -7.493      7.598      0.000
   275         21  (g)                -51   201     0   357   357   108   202      0.974     -0.476     -4.206      4.344      0.000
   276         21  (g)                -52   175   175   354   354   168   108      1.213     -0.703   -117.477    117.486      0.000
   277          2  (u)                -31   434   434   279   280   203     0      0.000      0.000    215.362    215.362      0.000
   278         21  (g)                -31   435   435   279   280   204   205      0.000      0.000     -0.002      0.002      0.000
   279          2  (u)                -33   277   278   436   436   204     0     -0.578     -0.141    154.777    154.779      0.330
   280         21  (g)                -33   277   278   437   437   203   205      0.578      0.141     60.583     60.586      0.000
   281         21  (g)                -51   232     0   340   340   206   187     -8.393      1.444      2.611      8.907      0.000
   282         21  (g)                -51   232     0   344   344   124   206    -13.780      0.873      4.850     14.635      0.000
   283         21  (g)                -52   233   233   329   329   101   124     -2.518     -1.783      3.064      4.348      0.000
   284         21  (g)                -51   172     0   337   337   207   104      1.780     -2.704    -27.544     27.733      0.000
   285         21  (g)                -51   172     0   345   345   167   207      1.271     -0.919    -20.384     20.444      0.000
   286         21  (g)                -52   171   171   320   320   122   167      0.874     -0.173     -6.272      6.335      0.000
   287          1  (d)                -31   438   438   289   290   208     0      0.000      0.000      8.050      8.050      0.000
   288         21  (g)                -31   439   439   289   290   209   208      0.000      0.000   -102.405    102.405      0.000
   289          1  (d)                -33   287   288   440   440   210     0     -0.611      0.071      8.034      8.064      0.330
   290         21  (g)                -33   287   288   441   441   209   210      0.611     -0.071   -102.389    102.390      0.000
   291         21  (g)                -42   397   397   131   131   145   146      0.000     -0.000     27.230     27.230      0.000
   292         21  (g)                -41   398   398   298   132   149   211     -0.000      0.000  -1588.960   1588.960      0.000
   293         21  (g)                -44   133   133   399   399   145   148     -0.523      2.460  -1027.542   1027.546      0.000
   294         21  (g)                -44   237   237   400   400   189   146      0.687     -1.361     18.780     18.841      0.000
   295          3  (s)                -44   210   210   401   401   149     0     -0.032      0.557     -2.099      2.229      0.500
   296         -3  (sbar)             -44   239   239   402   402     0   147     -0.396     -1.677    -13.304     13.425      0.500
   297         21  (g)                -44   238   238   403   403   147   189     -0.325      0.183      8.288      8.297      0.000
   298         21  (g)                -43   292     0   404   404   148   211      0.590     -0.162   -545.852    545.853      0.000
   299          3  (s)                -41   429   429   303   261   197     0     -0.000     -0.000     23.653     23.653      0.000
   300          1  (d)                -42   430   430   262   262   196     0      0.000      0.000   -393.256    393.256      0.000
   301         21  (g)                -44   263   263   431   431   197   198      0.743      0.842     -6.007      6.111      0.000
   302          1  (d)                -44   264   264   432   432   198     0     -0.391     -0.522   -387.192    387.192      0.330
   303          3  (s)                -43   299     0   433   433   196     0     -0.352     -0.320     23.596     23.606      0.500
   304          3  (s)                -31   442   442   306   307   212     0      0.000      0.000      0.002      0.002      0.000
   305         -2  (ubar)             -31   443   443   306   307     0   212      0.000      0.000   -366.232    366.232      0.000
   306          3  (s)                -33   304   305   444   444   213     0      0.019      0.280    -58.399     58.402      0.500
   307         -2  (ubar)             -33   304   305   445   445     0   213     -0.019     -0.280   -307.831    307.831      0.330
   308         -3  (sbar)             -31   446   446   310   311     0   214      0.000      0.000      0.046      0.046      0.000
   309         21  (g)                -31   447   447   310   311   216   215      0.000      0.000     -4.580      4.580      0.000
   310         -3  (sbar)             -33   308   309   448   448     0   215     -0.004     -0.222     -1.773      1.856      0.500
   311         21  (g)                -33   308   309   449   449   216   214      0.004      0.222     -2.761      2.770      0.000
   312         21  (g)                -31   450   450   314   315   217   218      0.000      0.000      0.056      0.056      0.000
   313         21  (g)                -31   451   451   314   315   219   220      0.000      0.000     -2.016      2.016      0.000
   314         21  (g)                -33   312   313   452   452   217   220      0.248      0.148     -0.449      0.534      0.000
   315         21  (g)                -33   312   313   453   453   219   218     -0.248     -0.148     -1.511      1.538      0.000
   316          2  (u)                -61     1     0    64    64   101     0      1.482     -2.516    503.780    503.789      0.000
   317         -1  (dbar)             -61     2     0   173   173     0   104     -0.310      0.262   -637.738    637.738      0.000
   318          2  (u)                -62   153   153   753   753   160     0    115.416     -3.354    313.463    334.053      0.330
   319         21  (g)                -62   265   265   807   807   161   199    -98.650      8.098     35.738    105.236      0.000
   320         21  (g)                -62   286   286   804   804   122   167      0.871     -0.170     -6.274      6.337      0.000
   321         -1  (dbar)             -62    59    59   770   770     0   123     -1.544      1.413   -226.492    226.502      0.330
   322         21  (g)                -62   146   146   761   761   156   109     -1.551     -5.208     -9.797     11.203      0.000
   323         21  (g)                -62   164   164   756   756   136   162      0.576      0.220      0.233      0.659      0.000
   324         21  (g)                -62   271   271   766   766   201   137     -0.113      0.081     -0.019      0.140      0.000
   325         21  (g)                -62    45    45   760   760   109   115     -0.095      0.399     -0.974      1.057      0.000
   326         21  (g)                -62   216   216   759   759   115   182      0.116     -0.461      0.295      0.559      0.000
   327         21  (g)                -62   267   267   805   805   103   122     -1.938      0.501    -11.374     11.549      0.000
   328         21  (g)                -62   249   249   769   769   123   191      0.601     -0.616   -128.497    128.500      0.000
   329         21  (g)                -62   283   283   811   811   101   124     -2.507     -1.801      3.064      4.349      0.000
   330         21  (g)                -62   218   218   757   757   116   136      0.856     -0.440      0.072      0.965      0.000
   331         21  (g)                -62   213   213   763   763   181   110     -0.313     -0.267     -6.674      6.686      0.000
   332         21  (g)                -62   215   215   765   765   137   150      0.488     -0.058     -1.538      1.615      0.000
   333         21  (g)                -62   147   147   762   762   110   156     -0.009      0.386     -1.361      1.415      0.000
   334         21  (g)                -62   166   166   754   754   102   160     22.117      0.214     57.943     62.021      0.000
   335         21  (g)                -62   231   231   808   808   187   161    -19.534      0.659      6.368     20.557      0.000
   336         21  (g)                -62   165   165   755   755   162   102      5.691      0.960     11.188     12.589      0.000
   337         21  (g)                -62   284   284   802   802   207   104      1.767     -2.693    -27.554     27.741      0.000
   338         21  (g)                -62   214   214   764   764   150   181      1.681     -1.176    -19.388     19.497      0.000
   339         21  (g)                -62   217   217   758   758   182   116      0.126      1.085     -0.391      1.160      0.000
   340         21  (g)                -62   281   281   809   809   206   187     -8.377      1.417      2.629      8.894      0.000
   341         21  (g)                -62   273   273   768   768   191   105      1.148     -1.480   -101.317    101.335      0.000
   342         21  (g)                -62   266   266   806   806   199   103     -2.770      0.854      0.965      3.055      0.000
   343         21  (g)                -62   272   272   767   767   105   201     -0.388     -0.732     -8.751      8.790      0.000
   344         21  (g)                -62   282   282   810   810   124   206    -13.754      0.827      4.876     14.616      0.000
   345         21  (g)                -62   285   285   803   803   167   207      1.261     -0.911    -20.389     20.448      0.000
   346         -1  (dbar)             -61     1     0    46    46     0   117      0.260      1.135      4.748      4.889      0.000
   347         -1  (dbar)             -61     2     0    47    47     0   107     -0.731     -2.201   -649.840    649.844      0.000
   348         -1  (dbar)             -62    48    48   714   714     0   177     -5.570      5.338      0.968      7.782      0.330
   349         21  (g)                -62   274   274   478     0   202   197      1.029      0.703     -7.607      7.708      0.000
   350         -1  (dbar)             -62   224   224   480     0     0   125     -0.090     -0.786    -40.594     40.603      0.330
   351         21  (g)                -62   203   203   479     0   106   216      0.771     -0.821    -11.421     11.476      0.000
   352         21  (g)                -62   174   174   482     0   144   209     -0.659     -0.405   -118.233    118.235      0.000
   353         21  (g)                -62   222   222   482     0   184   144     -0.764     -1.172   -220.300    220.305      0.000
   354         21  (g)                -62   276   276   548   548   168   165      1.081     -1.100   -117.420    117.430      0.000
   355         21  (g)                -62   202   202   543   543   178   153      2.500     -0.826     -5.915      6.474      0.000
   356         21  (g)                -62   223   223   551   551   155   184      0.258     -1.523   -120.394    120.404      0.000
   357         21  (g)                -62   275   275   483     0   108   129      0.973     -0.474     -4.177      4.315      0.000
   358         21  (g)                -61     1     0   101   101   200   112     -1.236     -0.621     22.970     23.012      0.000
   359          2  (u)                -61     2     0   102   102   112     0     -0.047      1.533     -5.464      5.675      0.000
   360         21  (g)                -62   187   187   647   647   111   189      1.296     -2.475     15.878     16.122      0.000
   361         21  (g)                -62   270   270   712   712   114   188     -1.352      0.303     -0.076      1.388      0.000
   362          2  (u)                -62   268   268   577   577   200     0     -1.228      2.341     -3.974      4.784      0.330
   363         21  (g)                -62   198   198   473     0   175   176      0.465     -0.039      5.191      5.212      0.000
   364         21  (g)                -62   199   199   713   713   177   114     -0.542      0.445      0.450      0.833      0.000
   365         21  (g)                -62   269   269   468     0   113   120      0.077      0.338      0.037      0.349      0.000
   366         -2  (ubar)             -61     1     0   186   186     0   101     -1.046      0.365     66.630     66.639      0.000
   367         -3  (sbar)             -61     2     0    84    84     0   118     -1.139     -2.120   -193.381    193.396      0.000
   368         21  (g)                -62   181   181   470     0   173   194      0.598     -1.190      4.691      4.876      0.000
   369         21  (g)                -62   190   190   467     0   130   117      0.802      0.679      3.491      3.646      0.000
   370         -2  (ubar)             -62    87    87   621   621     0   118     -2.224     -0.153     21.601     21.719      0.330
   371         21  (g)                -62   118   118   472     0   131   142     -0.974     -0.357      0.924      1.389      0.000
   372         21  (g)                -62    89    89   469     0   121   163     -0.665     -0.237      8.446      8.475      0.000
   373         -3  (sbar)             -62   254   254   812   812     0   101     -2.362     -0.692   -188.727    188.743      0.500
   374         21  (g)                -62   109   109   649   649   138   173      0.248     -1.135      0.754      1.385      0.000
   375         21  (g)                -62   252   252   468     0   192   113      0.071      1.780      0.139      1.787      0.000
   376         21  (g)                -62   183   183   651   651   120   131     -1.137     -0.176      2.340      2.608      0.000
   377         21  (g)                -62   182   182   472     0   142   138     -0.669     -0.639      0.806      1.227      0.000
   378         21  (g)                -62   192   192   467     0   174   130      0.192      0.095      0.609      0.646      0.000
   379         21  (g)                -62   191   191   638   638   176   183      3.344      0.180     20.685     20.954      0.000
   380         21  (g)                -62   253   253   483     0   129   202      0.591      0.090     -2.510      2.580      0.000
   381         21  (g)                -61     1     0    70    70   128   128     -0.499      1.003     -3.131      3.325      0.000
   382         21  (g)                -61     2     0    71    71   126   126     -0.389      0.074   -103.227    103.228      0.000
   383         21  (g)                -62    72    72   480     0   125   179     -0.098     -1.973    -77.206     77.231      0.000
   384         21  (g)                -62    73    73   708   708   127   172     -0.790      3.050    -29.152     29.322      0.000
   385         21  (g)                -61     1     0   119   119   143   143      1.328      1.169     47.688     47.721      0.000
   386         21  (g)                -61     2     0   120   120   132   132      0.926     -0.083     -3.250      3.380      0.000
   387         21  (g)                -62   121   121   474     0   135   154     -0.929      0.444     -1.846      2.114      0.000
   388         21  (g)                -62   260   260   473     0   133   175      1.866     -0.339     39.152     39.197      0.000
   389         21  (g)                -62   257   257   653   653   134   185      1.077      1.019     -0.839      1.704      0.000
   390         21  (g)                -62   258   258   470     0   194   111      0.417     -0.585      3.175      3.255      0.000
   391         21  (g)                -62   259   259   643   643   193   186     -0.178      0.548      4.796      4.831      0.000
   392         -1  (dbar)             -61     1     0   206   206     0   139      0.519     -1.045     -3.156      3.364      0.000
   393         21  (g)                -61     2     0   113   113   139   140      0.013     -1.603   -449.214    449.217      0.000
   394         -1  (dbar)             -62   114   114   491   491     0   140      0.528      0.516     -1.578      1.773      0.330
   395         21  (g)                -62   204   204   704   704   141   107     -0.275     -1.998   -387.715    387.720      0.000
   396         21  (g)                -62   205   205   481     0   179   155      0.279     -1.166    -63.077     63.088      0.000
   397         21  (g)                -61     1     0   291   291   211   211     -1.407     -1.843     27.181     27.280      0.000
   398         21  (g)                -61     2     0   292   292   146   146      0.561     -0.928  -1588.949   1588.949      0.000
   399         21  (g)                -62   293   293   706   706   145   171     -0.160      1.860  -1027.466   1027.468      0.000
   400         21  (g)                -62   294   294   646   646   189   147     -0.285     -2.634     18.718     18.905      0.000
   401          3  (s)                -62   295   295   540   540   149     0     -0.034      0.551     -2.081      2.210      0.500
   402         -3  (sbar)             -62   296   296   654   654     0   134     -0.395     -1.689    -13.371     13.492      0.500
   403         21  (g)                -62   297   297   469     0   147   121     -0.754     -0.379      8.271      8.314      0.000
   404         21  (g)                -62   298   298   475     0   148   141      0.782     -0.480   -545.839    545.839      0.000
   405          2  (u)                -61     1     0   240   240   190     0     -0.236     -0.563   1052.120   1052.120      0.000
   406         21  (g)                -61     2     0   241   241   104   190      2.400      2.128    -23.408     23.626      0.000
   407         21  (g)                -62   242   242   477     0   188   158     -0.686     -0.837     -0.566      1.221      0.000
   408         21  (g)                -62   243   243   544   544   152   178      3.099      2.474    -17.925     18.358      0.000
   409          2  (u)                -62   244   244   801   801   104     0     -0.013      0.203    921.813    921.813      0.330
   410         21  (g)                -62   245   245   640   640   180   133     -0.035     -0.892     19.434     19.455      0.000
   411         21  (g)                -62   246   246   642   642   186   203     -0.140      0.302    110.308    110.309      0.000
   412         21  (g)                -62   247   247   476     0   154   217     -0.242      0.722     -1.298      1.504      0.000
   413         21  (g)                -62   248   248   479     0   153   106      0.181     -0.406     -3.054      3.086      0.000
   414         -2  (ubar)             -61     1     0   156   156     0   140     -0.104      0.388      6.466      6.479      0.000
   415          1  (d)                -61     2     0   157   157   140     0     -0.617      2.090    -93.566     93.591      0.000
   416         21  (g)                -62   221   221   477     0   158   219     -0.109     -0.388     -0.671      0.783      0.000
   417          1  (d)                -62   159   159   517   525   159     0     -1.516      2.666    -92.703     92.754      0.330
   418         -2  (ubar)             -62   219   219   517   525     0   159     -0.316      0.340      2.509      2.573      0.330
   419         21  (g)                -62   220   220   637   637   183   174      1.220     -0.140      3.765      3.960      0.000
   420         21  (g)                -61     1     0   227   227   166   166     -1.944     -1.048     36.890     36.956      0.000
   421         21  (g)                -61     2     0   168   168   164   164     -0.606      0.176    -23.615     23.624      0.000
   422         21  (g)                -62   169   169   644   644   163   193     -2.239     -0.109     36.596     36.665      0.000
   423         21  (g)                -62   225   225   547   547   165   108     -0.174     -1.311    -23.313     23.351      0.000
   424         21  (g)                -62   226   226   471     0   185   192     -0.137      0.547     -0.008      0.564      0.000
   425         21  (g)                -61     1     0   177   177   170   170      0.083      0.219     -4.233      4.240      0.000
   426         21  (g)                -61     2     0   178   178   169   169     -0.023      0.257   -549.693    549.693      0.000
   427         21  (g)                -62   179   179   707   707   172   145     -0.822      0.513    -82.279     82.285      0.000
   428         21  (g)                -62   180   180   475     0   171   148      0.881     -0.037   -471.647    471.648      0.000
   429          3  (s)                -61     1     0   299   299   198     0      0.379      1.586     23.627     23.683      0.000
   430          1  (d)                -61     2     0   300   300   107     0     -0.283      0.914   -393.260    393.261      0.000
   431         21  (g)                -62   301   301   478     0   197   152      0.739      0.859     -6.040      6.146      0.000
   432          1  (d)                -62   302   302   607   607   198     0     -0.669      0.379   -387.176    387.177      0.330
   433          3  (s)                -62   303   303   703   703   107     0      0.026      1.262     23.583     23.622      0.500
   434          2  (u)                -61     1     0   277   277   117     0      0.097      0.133    212.422    212.423      0.000
   435         21  (g)                -61     2     0   278   278   204   117     -0.102     -0.123      2.944      2.948      0.000
   436          2  (u)                -62   279   279   591   591   204     0     -0.535     -0.076    170.958    170.959      0.330
   437         21  (g)                -62   280   280   641   641   203   180      0.530      0.086     44.408     44.411      0.000
   438          1  (d)                -61     1     0   287   287   112     0      1.170     -1.218      7.965      8.142      0.000
   439         21  (g)                -61     2     0   288   288   190   112     -0.284     -0.614   -102.379    102.382      0.000
   440          1  (d)                -62   289   289   505   505   190     0      0.559     -1.147      8.000      8.108      0.330
   441         21  (g)                -62   290   290   549   549   209   168      0.327     -0.685   -102.414    102.416      0.000
   442          3  (s)                -61     1     0   304   304   140     0      0.082     -0.114     -3.132      3.135      0.000
   443         -2  (ubar)             -61     2     0   305   305     0   140     -0.022     -0.086   -366.567    366.567      0.000
   444          3  (s)                -62   306   306   488   489   213     0      0.090      0.166    -51.594     51.597      0.500
   445         -2  (ubar)             -62   307   307   488   489     0   213     -0.030     -0.366   -318.105    318.105      0.330
   446         -3  (sbar)             -61     1     0   308   308     0   140      0.120      0.016     -0.040      0.127      0.000
   447         21  (g)                -61     2     0   309   309   140   139      0.455     -0.168     -5.368      5.389      0.000
   448         -3  (sbar)             -62   310   310   527   527     0   139      0.280     -0.272     -2.102      2.195      0.500
   449         21  (g)                -62   311   311   541   541   216   149      0.295      0.120     -3.306      3.321      0.000
   450         21  (g)                -61     1     0   312   312   220   220      0.024      0.216     -0.296      0.367      0.000
   451         21  (g)                -61     2     0   313   313   218   218     -0.818      0.220     -2.986      3.104      0.000
   452         21  (g)                -62   314   314   476     0   217   127     -0.115      0.397     -1.689      1.738      0.000
   453         21  (g)                -62   315   315   474     0   219   135     -0.679      0.039     -1.594      1.732      0.000
   454          1  (d)                -63     1     0   503   503   221     0     -0.400      0.297   2670.407   2670.407      0.330
   455          1  (d)                -63     1     0   526   526   139     0      0.049      0.131    343.657    343.658      0.330
   456          1  (d)                -63     1     0   490   490   140     0     -0.520     -0.009      1.986      2.079      0.330
   457          2  (u)                -63     1     0   504   504   112     0      0.144      0.545     20.944     20.954      0.330
   458         -3  (sbar)             -63     1     0   497   497     0   225      0.911      0.493   1062.193   1062.194      0.500
   459         -1  (dbar)             -63     1     0   578   578     0   200     -0.126     -0.001    661.806    661.806      0.330
   460         -3  (sbar)             -63     1     0   608   608     0   198      0.374      0.663     16.313     16.338      0.500
   461          3  (s)                -63     1     0   496   496   225     0      0.499      0.620      6.168      6.239      0.500
   462       2203  (uu_1)             -63     2     0   485   485     0   229      0.534      0.197   -472.275    472.276      0.771
   463          1  (d)                -63     2     0   620   620   118     0      0.390     -0.811   -387.118    387.119      0.330
   464         -2  (ubar)             -63     2     0   592   592     0   204      0.105     -0.062    -23.220     23.222      0.330
   465          3  (s)                -63     2     0   635   635   117     0      0.245      0.535    -69.940     69.945      0.500
   466          2  (u)                -63     2     0   484   484   229     0     -0.257      0.414   -640.459    640.459      0.330
   467         21  (g)                -73   369   378   636   636   174   117      0.995      0.774      4.101      4.292      0.135
   468         21  (g)                -73   365   375   471     0   192   120      0.148      2.118      0.176      2.136      0.147
   469         21  (g)                -73   372   403   645   645   147   163     -1.419     -0.616     16.717     16.789      0.180
   470         21  (g)                -73   368   390   648   648   173   111      1.015     -1.775      7.865      8.131      0.262
   471         21  (g)                -73   424   468   652   652   185   120      0.011      2.665      0.168      2.700      0.396
   472         21  (g)                -73   371   377   650   650   131   138     -1.643     -0.996      1.730      2.616      0.400
   473         21  (g)                -73   363   388   639   639   133   176      2.331     -0.378     44.343     44.410      0.596
   474         21  (g)                -73   387   453   710   710   219   154     -1.607      0.483     -3.439      3.846      0.381
   475         21  (g)                -73   404   428   705   705   171   141      1.664     -0.517  -1017.486   1017.487      0.463
   476         21  (g)                -73   412   452   709   709   154   127     -0.357      1.119     -2.986      3.243      0.469
   477         21  (g)                -73   407   416   711   711   188   219     -0.796     -1.225     -1.236      2.004      0.594
   478         21  (g)                -73   349   431   545   545   202   152      1.768      1.562    -13.647     13.854      0.348
   479         21  (g)                -73   351   413   542   542   153   216      0.953     -1.227    -14.475     14.563      0.363
   480         -1  (dbar)             -73   350   383   481     0     0   179     -0.188     -2.759   -117.799    117.834      0.663
   481         -1  (dbar)             -73   480   396   552   552     0   155      0.091     -3.925   -180.876    180.922      1.060
   482         21  (g)                -73   352   353   550   550   184   209     -1.423     -1.577   -338.533    338.540      0.456
   483         21  (g)                -73   357   380   546   546   108   202      1.563     -0.385     -6.687      6.895      0.483
   484          2  (u)                -71   466   466   486   487   229     0     -0.257      0.414   -640.459    640.459      0.330
   485       2203  (uu_1)             -71   462   462   486   487     0   229      0.534      0.197   -472.275    472.276      0.771
   486        211  pi+                 82   484   485     0     0     0     0      0.119      0.190   -657.921    657.921      0.140
   487       2212  p+                  82   484   485     0     0     0     0      0.158      0.420   -454.813    454.814      0.938
   488       -311  (Kbar0)            -82   444   445   860   860     0     0     -0.300     -0.119    -60.649     60.652      0.498
   489       -211  pi-                 82   444   445     0     0     0     0      0.360     -0.081   -309.051    309.051      0.140
   490          1  (d)                -71   456   456   492   495   140     0     -0.520     -0.009      1.986      2.079      0.330
   491         -1  (dbar)             -71   394   394   492   495     0   140      0.528      0.516     -1.578      1.773      0.330
   492        221  (eta)              -83   490   491  1031  1033     0     0      0.051     -0.194      0.345      0.678      0.548
   493       -213  (rho-)             -83   490   491   861   862     0     0     -0.533      0.187      0.559      1.111      0.777
   494        211  pi+                 83   490   491     0     0     0     0      0.618     -0.078      0.256      0.688      0.140
   495        113  (rho0)             -84   490   491   863   864     0     0     -0.129      0.592     -0.752      1.375      0.979
   496          3  (s)                -71   461   461   498   502   225     0      0.499      0.620      6.168      6.239      0.500
   497         -3  (sbar)             -71   458   458   498   502     0   225      0.911      0.493   1062.193   1062.194      0.500
   498       -321  K-                  83   496   497     0     0     0     0      0.872      0.239      8.130      8.195      0.494
   499        211  pi+                 83   496   497     0     0     0     0     -0.225      0.474     64.198     64.200      0.140
   500       -211  pi-                 83   496   497     0     0     0     0     -0.348     -0.106    233.030    233.030      0.140
   501        211  pi+                 83   496   497     0     0     0     0      0.548      0.303     54.255     54.258      0.140
   502        311  (K0)               -84   496   497   865   865     0     0      0.564      0.203    708.749    708.749      0.498
   503          1  (d)                -71   454   454   506   516   221     0     -0.400      0.297   2670.407   2670.407      0.330
   504          2  (u)                -71   457   457   506   516   112     0      0.144      0.545     20.944     20.954      0.330
   505          1  (d)                -71   440   440   506   516   190     0      0.559     -1.147      8.000      8.108      0.330
   506        211  pi+                 85   503   505     0     0     0     0      0.283      0.002     19.783     19.786      0.140
   507       -211  pi-                 83   503   505     0     0     0     0      0.101      0.231    169.128    169.128      0.140
   508        111  (pi0)              -83   503   505  1034  1035     0     0     -0.879      0.085   1806.841   1806.841      0.135
   509        111  (pi0)              -83   503   505  1036  1037     0     0      0.559     -0.269    370.578    370.579      0.135
   510        223  (omega)            -83   503   505  1038  1040     0     0     -0.062      0.032     87.757     87.760      0.786
   511        211  pi+                 84   503   505     0     0     0     0     -0.374     -0.241    104.104    104.105      0.140
   512        113  (rho0)             -84   503   505   866   867     0     0      0.530      0.231     80.701     80.707      0.751
   513        111  (pi0)              -84   503   505  1041  1042     0     0     -0.531      0.097     11.090     11.104      0.135
   514       -211  pi-                 84   503   505     0     0     0     0      0.620      0.267     23.106     23.116      0.140
   515       2114  (Delta0)           -87   503   505   868   869     0     0     -0.033     -0.717     20.875     20.926      1.282
   516        221  (eta)              -84   503   505  1043  1045     0     0      0.087     -0.024      5.388      5.416      0.548
   517        223  (omega)            -83   417   418  1046  1048     0     0     -0.272      1.381    -38.306     38.340      0.784
   518       -211  pi-                 83   417   418     0     0     0     0     -0.185      0.602    -16.824     16.836      0.140
   519        323  (K*+)              -83   417   418   870   871     0     0     -0.402      0.021    -23.494     23.514      0.864
   520       -323  (K*-)              -83   417   418   872   873     0     0     -0.143      0.592    -11.143     11.196      0.899
   521        321  K+                  84   417   418     0     0     0     0     -0.439      0.268     -1.977      2.101      0.494
   522       -311  (Kbar0)            -84   417   418   874   874     0     0     -0.192      0.065     -0.066      0.541      0.498
   523       -211  pi-                 84   417   418     0     0     0     0      0.267      0.040      0.357      0.469      0.140
   524        323  (K*+)              -84   417   418   875   876     0     0     -0.126      0.063     -0.035      0.902      0.890
   525       -321  K-                  84   417   418     0     0     0     0     -0.340     -0.025      1.295      1.427      0.494
   526          1  (d)                -71   455   455   528   539   139     0      0.049      0.131    343.657    343.658      0.330
   527         -3  (sbar)             -71   448   448   528   539     0   139      0.280     -0.272     -2.102      2.195      0.500
   528       -211  pi-                 83   526   527     0     0     0     0      0.067      0.205     85.246     85.246      0.140
   529        113  (rho0)             -83   526   527   877   878     0     0     -0.092      0.293    140.046    140.048      0.803
   530        211  pi+                 83   526   527     0     0     0     0     -0.040     -0.254      6.327      6.334      0.140
   531        311  (K0)               -83   526   527   879   879     0     0     -0.006     -0.163     53.494     53.496      0.498
   532       -313  (K*bar0)           -83   526   527   880   881     0     0      0.405      0.149     27.269     27.287      0.900
   533        113  (rho0)             -83   526   527   882   883     0     0     -0.357     -0.779     18.823     18.857      0.746
   534       -211  pi-                 83   526   527     0     0     0     0     -0.162      0.582      9.979      9.998      0.140
   535        211  pi+                 83   526   527     0     0     0     0      0.306      0.486      1.530      1.640      0.140
   536       -211  pi-                 83   526   527     0     0     0     0     -0.316     -0.067      0.252      0.433      0.140
   537        211  pi+                 84   526   527     0     0     0     0      0.718     -0.130     -0.970      1.222      0.140
   538       -211  pi-                 84   526   527     0     0     0     0      0.114     -0.069     -0.000      0.193      0.140
   539        323  (K*+)              -84   526   527   884   885     0     0     -0.307     -0.394     -0.439      1.098      0.874
   540          3  (s)                -71   401   401   553   576   149     0     -0.034      0.551     -2.081      2.210      0.500
   541         21  (g)                -71   449   449   553   576   216   149      0.295      0.120     -3.306      3.321      0.000
   542         21  (g)                -71   479   479   553   576   153   216      0.953     -1.227    -14.475     14.563      0.363
   543         21  (g)                -71   355   355   553   576   178   153      2.500     -0.826     -5.915      6.474      0.000
   544         21  (g)                -71   408   408   553   576   152   178      3.099      2.474    -17.925     18.358      0.000
   545         21  (g)                -71   478   478   553   576   202   152      1.768      1.562    -13.647     13.854      0.348
   546         21  (g)                -71   483   483   553   576   108   202      1.563     -0.385     -6.687      6.895      0.483
   547         21  (g)                -71   423   423   553   576   165   108     -0.174     -1.311    -23.313     23.351      0.000
   548         21  (g)                -71   354   354   553   576   168   165      1.081     -1.100   -117.420    117.430      0.000
   549         21  (g)                -71   441   441   553   576   209   168      0.327     -0.685   -102.414    102.416      0.000
   550         21  (g)                -71   482   482   553   576   184   209     -1.423     -1.577   -338.533    338.540      0.456
   551         21  (g)                -71   356   356   553   576   155   184      0.258     -1.523   -120.394    120.404      0.000
   552         -1  (dbar)             -71   481   481   553   576     0   155      0.091     -3.925   -180.876    180.922      1.060
   553       -311  (Kbar0)            -83   540   552   886   886     0     0      0.810      0.441     -6.153      6.242      0.498
   554       -211  pi-                 83   540   552     0     0     0     0     -0.158     -0.802     -4.611      4.684      0.140
   555        211  pi+                 83   540   552     0     0     0     0      0.707      0.338     -1.751      1.924      0.140
   556       -213  (rho-)             -83   540   552   887   888     0     0      1.449     -0.518     -9.857     10.072      1.384
   557        213  (rho+)             -83   540   552   889   890     0     0      0.929      0.828     -8.006      8.145      0.831
   558       -213  (rho-)             -83   540   552   891   892     0     0      1.407      0.445     -7.697      7.910      1.072
   559        213  (rho+)             -83   540   552   893   894     0     0      1.929     -0.215     -8.338      8.605      0.867
   560       -211  pi-                 83   540   552     0     0     0     0      0.036      0.176     -0.279      0.360      0.140
   561        211  pi+                 83   540   552     0     0     0     0      0.739      0.624     -4.060      4.176      0.140
   562       -211  pi-                 83   540   552     0     0     0     0      1.368      0.401    -11.376     11.466      0.140
   563        211  pi+                 83   540   552     0     0     0     0      0.267      0.065     -0.588      0.663      0.140
   564       -211  pi-                 83   540   552     0     0     0     0     -0.341      0.301    -13.547     13.555      0.140
   565       3224  (Sigma*+)          -83   540   552   895   896     0     0      0.985     -0.525    -19.704     19.783      1.377
   566        221  (eta)              -84   540   552  1049  1051     0     0     -0.121     -0.616    -15.516     15.539      0.548
   567      -3122  Lambdabar0          84   540   552     0     0     0     0      0.934      0.303    -47.702     47.725      1.116
   568       -211  pi-                 84   540   552     0     0     0     0     -0.650     -1.045    -70.512     70.523      0.140
   569        223  (omega)            -84   540   552  1052  1054     0     0     -0.114     -0.750    -62.327     62.336      0.784
   570        211  pi+                 84   540   552     0     0     0     0     -0.313      0.070    -25.355     25.357      0.140
   571       -211  pi-                 84   540   552     0     0     0     0      0.560     -0.923   -101.190    101.196      0.140
   572        211  pi+                 84   540   552     0     0     0     0      0.181     -0.281    -37.209     37.211      0.140
   573       -213  (rho-)             -84   540   552   897   898     0     0     -0.726     -2.209   -269.835    269.846      0.879
   574        211  pi+                 84   540   552     0     0     0     0      0.391      0.039    -19.325     19.329      0.140
   575       -211  pi-                 84   540   552     0     0     0     0      0.125     -3.742   -175.084    175.124      0.140
   576        211  pi+                 84   540   552     0     0     0     0     -0.091     -0.260    -26.965     26.966      0.140
   577          2  (u)                -71   362   362   579   590   200     0     -1.228      2.341     -3.974      4.784      0.330
   578         -1  (dbar)             -71   459   459   579   590     0   200     -0.126     -0.001    661.806    661.806      0.330
   579        213  (rho+)             -83   577   578   899   900     0     0     -0.529      1.150     -1.737      2.305      0.832
   580       -213  (rho-)             -83   577   578   901   902     0     0     -0.128     -0.006     -0.502      0.825      0.642
   581        211  pi+                 83   577   578     0     0     0     0      0.244      0.228     -0.247      0.438      0.140
   582       -213  (rho-)             -83   577   578   903   904     0     0     -0.820      0.779     -0.086      1.329      0.692
   583        211  pi+                 83   577   578     0     0     0     0      0.082     -0.024     -0.385      0.418      0.140
   584        223  (omega)            -84   577   578  1055  1057     0     0      0.232     -0.304      0.701      1.119      0.784
   585       -213  (rho-)             -84   577   578   905   906     0     0     -0.139      0.518      8.162      8.207      0.670
   586        321  K+                  84   577   578     0     0     0     0     -0.289      0.015     32.209     32.214      0.494
   587       -313  (K*bar0)           -84   577   578   907   908     0     0      0.470      0.291     83.472     83.479      0.932
   588        111  (pi0)              -84   577   578  1058  1059     0     0     -0.511     -0.522     52.617     52.622      0.135
   589        311  (K0)               -84   577   578   909   909     0     0      0.274     -0.048     52.936     52.939      0.498
   590       -313  (K*bar0)           -84   577   578   910   911     0     0     -0.240      0.263    430.693    430.694      0.811
   591          2  (u)                -71   436   436   593   606   204     0     -0.535     -0.076    170.958    170.959      0.330
   592         -2  (ubar)             -71   464   464   593   606     0   204      0.105     -0.062    -23.220     23.222      0.330
   593        213  (rho+)             -83   591   592   912   913     0     0     -0.309     -0.010    148.856    148.861      1.187
   594       -213  (rho-)             -83   591   592   914   915     0     0     -0.436      0.133     13.086     13.116      0.755
   595        223  (omega)            -83   591   592  1060  1062     0     0      0.038     -0.489      4.183      4.284      0.785
   596        211  pi+                 83   591   592     0     0     0     0      0.356      0.514      1.533      1.662      0.140
   597       -211  pi-                 83   591   592     0     0     0     0      0.088      0.112      0.027      0.201      0.140
   598        211  pi+                 83   591   592     0     0     0     0     -0.223     -0.749      2.061      2.209      0.140
   599        223  (omega)            -84   591   592  1063  1065     0     0     -0.072     -0.079      0.044      0.795      0.786
   600        111  (pi0)              -84   591   592  1066  1067     0     0      0.267      0.247     -0.007      0.388      0.135
   601       -213  (rho-)             -84   591   592   916   917     0     0      0.082      0.463     -0.996      1.410      0.879
   602        223  (omega)            -84   591   592  1068  1070     0     0     -0.441     -0.396     -3.833      3.956      0.780
   603        111  (pi0)              -84   591   592  1071  1072     0     0     -0.032      0.112     -0.792      0.812      0.135
   604        111  (pi0)              -84   591   592  1073  1074     0     0      0.116      0.178    -13.702     13.704      0.135
   605        211  pi+                 84   591   592     0     0     0     0      0.203      0.072     -1.774      1.793      0.140
   606       -211  pi-                 84   591   592     0     0     0     0     -0.067     -0.244     -0.948      0.991      0.140
   607          1  (d)                -71   432   432   609   619   198     0     -0.669      0.379   -387.176    387.177      0.330
   608         -3  (sbar)             -71   460   460   609   619     0   198      0.374      0.663     16.313     16.338      0.500
   609       2114  (Delta0)           -83   607   608   918   919     0     0     -0.145     -0.322   -324.219    324.222      1.366
   610       -213  (rho-)             -83   607   608   920   921     0     0      0.115      1.035    -20.430     20.481      1.010
   611      -3114  (Sigma*bar+)       -83   607   608   922   923     0     0     -1.073     -0.418    -28.421     28.484      1.501
   612       -311  (Kbar0)            -83   607   608   924   924     0     0      0.467     -0.425     -9.778      9.811      0.498
   613       -213  (rho-)             -84   607   608   925   926     0     0     -0.012      0.664     -3.117      3.265      0.710
   614        211  pi+                 84   607   608     0     0     0     0      0.076     -0.343     -0.455      0.591      0.140
   615       -211  pi-                 84   607   608     0     0     0     0     -0.036      0.047     -0.031      0.155      0.140
   616        211  pi+                 84   607   608     0     0     0     0     -0.100      0.539     -0.136      0.582      0.140
   617       -211  pi-                 84   607   608     0     0     0     0      0.077     -0.219      0.310      0.411      0.140
   618        211  pi+                 84   607   608     0     0     0     0     -0.151     -0.359      3.270      3.296      0.140
   619        313  (K*0)              -84   607   608   927   928     0     0      0.486      0.842     12.144     12.216      0.896
   620          1  (d)                -71   463   463   622   634   118     0      0.390     -0.811   -387.118    387.119      0.330
   621         -2  (ubar)             -71   370   370   622   634     0   118     -2.224     -0.153     21.601     21.719      0.330
   622       -211  pi-                 83   620   621     0     0     0     0      0.224     -0.116   -134.483    134.483      0.140
   623       3222  Sigma+              83   620   621     0     0     0     0     -0.051     -0.320   -167.941    167.945      1.189
   624      -3212  (Sigmabar0)        -83   620   621  1075  1076     0     0      0.566     -0.706    -53.311     53.332      1.193
   625       -213  (rho-)             -83   620   621   929   930     0     0     -0.304      0.294    -13.259     13.295      0.874
   626        223  (omega)            -83   620   621  1077  1079     0     0      0.192      0.304    -13.310     13.337      0.783
   627        111  (pi0)              -84   620   621  1080  1081     0     0     -0.078     -0.108     -0.939      0.958      0.135
   628       2212  p+                  84   620   621     0     0     0     0     -0.184     -0.109     -2.246      2.444      0.938
   629      -2112  nbar0               84   620   621     0     0     0     0      0.039     -0.042     -0.032      0.942      0.940
   630        113  (rho0)             -84   620   621   931   932     0     0     -0.140     -0.057     -0.500      1.067      0.930
   631        221  (eta)              -84   620   621  1082  1083     0     0      0.136     -0.462      1.267      1.462      0.548
   632       -213  (rho-)             -84   620   621   933   934     0     0     -0.777      0.507      9.918     10.012      1.004
   633        321  K+                  84   620   621     0     0     0     0     -0.459     -0.052      1.863      1.982      0.494
   634       -323  (K*-)              -84   620   621   935   936     0     0     -0.997     -0.097      7.455      7.579      0.928
   635          3  (s)                -71   465   465   655   702   117     0      0.245      0.535    -69.940     69.945      0.500
   636         21  (g)                -71   467   467   655   702   174   117      0.995      0.774      4.101      4.292      0.135
   637         21  (g)                -71   419   419   655   702   183   174      1.220     -0.140      3.765      3.960      0.000
   638         21  (g)                -71   379   379   655   702   176   183      3.344      0.180     20.685     20.954      0.000
   639         21  (g)                -71   473   473   655   702   133   176      2.331     -0.378     44.343     44.410      0.596
   640         21  (g)                -71   410   410   655   702   180   133     -0.035     -0.892     19.434     19.455      0.000
   641         21  (g)                -71   437   437   655   702   203   180      0.530      0.086     44.408     44.411      0.000
   642         21  (g)                -71   411   411   655   702   186   203     -0.140      0.302    110.308    110.309      0.000
   643         21  (g)                -71   391   391   655   702   193   186     -0.178      0.548      4.796      4.831      0.000
   644         21  (g)                -71   422   422   655   702   163   193     -2.239     -0.109     36.596     36.665      0.000
   645         21  (g)                -71   469   469   655   702   147   163     -1.419     -0.616     16.717     16.789      0.180
   646         21  (g)                -71   400   400   655   702   189   147     -0.285     -2.634     18.718     18.905      0.000
   647         21  (g)                -71   360   360   655   702   111   189      1.296     -2.475     15.878     16.122      0.000
   648         21  (g)                -71   470   470   655   702   173   111      1.015     -1.775      7.865      8.131      0.262
   649         21  (g)                -71   374   374   655   702   138   173      0.248     -1.135      0.754      1.385      0.000
   650         21  (g)                -71   472   472   655   702   131   138     -1.643     -0.996      1.730      2.616      0.400
   651         21  (g)                -71   376   376   655   702   120   131     -1.137     -0.176      2.340      2.608      0.000
   652         21  (g)                -71   471   471   655   702   185   120      0.011      2.665      0.168      2.700      0.396
   653         21  (g)                -71   389   389   655   702   134   185      1.077      1.019     -0.839      1.704      0.000
   654         -3  (sbar)             -71   402   402   655   702     0   134     -0.395     -1.689    -13.371     13.492      0.500
   655       3322  Xi0                 83   635   654     0     0     0     0      0.127      0.571    -36.911     36.939      1.315
   656        311  (K0)               -83   635   654   937   937     0     0     -0.320     -0.388    -12.441     12.461      0.498
   657      -2214  (Deltabar-)        -83   635   654   938   939     0     0      0.332     -0.003     -8.873      8.968      1.258
   658        223  (omega)            -83   635   654  1084  1086     0     0      0.494      0.068     -4.944      5.031      0.787
   659        223  (omega)            -83   635   654  1087  1089     0     0     -0.266      0.572     -4.580      4.690      0.786
   660       2214  (Delta+)           -83   635   654   940   941     0     0      0.380     -0.448     -0.746      2.044      1.810
   661        211  pi+                 83   635   654     0     0     0     0     -0.047      0.378     -0.139      0.429      0.140
   662      -2214  (Deltabar-)        -83   635   654   942   943     0     0      0.719      0.339      2.946      3.422      1.549
   663        311  (K0)               -83   635   654   944   944     0     0      0.652     -0.176      3.446      3.547      0.498
   664       -321  K-                  83   635   654     0     0     0     0      0.114      0.232      0.631      0.842      0.494
   665        213  (rho+)             -83   635   654   945   946     0     0      0.593     -0.085      2.042      2.286      0.837
   666       -213  (rho-)             -83   635   654   947   948     0     0      1.359      0.158     14.459     14.554      0.942
   667        213  (rho+)             -83   635   654   949   950     0     0      0.618     -0.268      7.903      7.983      0.907
   668       -211  pi-                 83   635   654     0     0     0     0      0.417     -0.031      2.437      2.476      0.140
   669        211  pi+                 83   635   654     0     0     0     0      1.614      0.682     15.279     15.379      0.140
   670        113  (rho0)             -83   635   654   951   952     0     0      0.140     -1.028     25.578     25.611      0.794
   671       -211  pi-                 83   635   654     0     0     0     0      0.821      0.261     17.620     17.642      0.140
   672        321  K+                  83   635   654     0     0     0     0      0.626     -0.445     36.917     36.928      0.494
   673       -323  (K*-)              -83   635   654   953   954     0     0      0.115      0.506     17.962     17.991      0.863
   674        211  pi+                 83   635   654     0     0     0     0     -0.118      0.022      9.955      9.957      0.140
   675       -211  pi-                 83   635   654     0     0     0     0      0.001      0.067      6.089      6.091      0.140
   676        321  K+                  83   635   654     0     0     0     0      0.101     -0.393     55.068     55.072      0.494
   677       -323  (K*-)              -84   635   654   955   956     0     0     -1.201      0.007     28.053     28.089      0.745
   678        111  (pi0)              -84   635   654  1090  1091     0     0     -0.299     -0.175      6.843      6.853      0.135
   679        211  pi+                 84   635   654     0     0     0     0     -0.007      0.048      0.722      0.737      0.140
   680       -211  pi-                 84   635   654     0     0     0     0     -0.469      0.047      9.885      9.897      0.140
   681        331  (eta')             -84   635   654  1092  1094     0     0     -0.041      0.018     15.815     15.844      0.958
   682        111  (pi0)              -84   635   654  1095  1096     0     0     -0.097     -0.097      4.349      4.353      0.135
   683        213  (rho+)             -84   635   654   957   958     0     0     -1.183     -1.138     16.425     16.540      1.045
   684       -211  pi-                 84   635   654     0     0     0     0      0.024      0.237      0.705      0.757      0.140
   685        211  pi+                 84   635   654     0     0     0     0     -0.179     -0.946     12.961     12.997      0.140
   686       -213  (rho-)             -84   635   654   959   960     0     0      0.437     -1.278     10.170     10.307      0.985
   687        211  pi+                 84   635   654     0     0     0     0      0.101     -1.072      8.104      8.177      0.140
   688        111  (pi0)              -84   635   654  1097  1098     0     0      0.487     -1.626      5.913      6.154      0.135
   689       3212  (Sigma0)           -84   635   654  1099  1100     0     0      0.297     -0.862      4.189      4.450      1.193
   690       -213  (rho-)             -84   635   654   961   962     0     0     -0.340     -0.295      1.477      1.710      0.735
   691      -3112  Sigmabar+           84   635   654     0     0     0     0     -0.556     -0.839      3.087      3.461      1.197
   692       -213  (rho-)             -84   635   654   963   964     0     0      0.388     -0.029      0.948      1.286      0.778
   693       2212  p+                  84   635   654     0     0     0     0     -0.498     -0.546      1.384      1.828      0.938
   694      -2212  pbar-               84   635   654     0     0     0     0     -0.463     -0.075      0.595      1.206      0.938
   695        111  (pi0)              -84   635   654  1101  1102     0     0     -0.031      0.331     -0.049      0.362      0.135
   696        211  pi+                 84   635   654     0     0     0     0     -0.168     -0.406      0.410      0.616      0.140
   697       2112  n0                  84   635   654     0     0     0     0     -0.134      0.136      0.572      1.117      0.940
   698      -2212  pbar-               84   635   654     0     0     0     0      0.467      1.489     -0.091      1.823      0.938
   699       3222  Sigma+              84   635   654     0     0     0     0     -0.771      0.570     -2.042      2.550      1.189
   700        221  (eta)              -84   635   654  1103  1104     0     0      0.389      0.068     -1.005      1.211      0.548
   701      -3224  (Sigma*bar-)       -84   635   654   965   966     0     0      0.510     -0.171     -4.631      4.851      1.340
   702        323  (K*+)              -84   635   654   967   968     0     0     -0.292     -0.895     -6.029      6.164      0.876
   703          3  (s)                -71   433   433   715   752   107     0      0.026      1.262     23.583     23.622      0.500
   704         21  (g)                -71   395   395   715   752   141   107     -0.275     -1.998   -387.715    387.720      0.000
   705         21  (g)                -71   475   475   715   752   171   141      1.664     -0.517  -1017.486   1017.487      0.463
   706         21  (g)                -71   399   399   715   752   145   171     -0.160      1.860  -1027.466   1027.468      0.000
   707         21  (g)                -71   427   427   715   752   172   145     -0.822      0.513    -82.279     82.285      0.000
   708         21  (g)                -71   384   384   715   752   127   172     -0.790      3.050    -29.152     29.322      0.000
   709         21  (g)                -71   476   476   715   752   154   127     -0.357      1.119     -2.986      3.243      0.469
   710         21  (g)                -71   474   474   715   752   219   154     -1.607      0.483     -3.439      3.846      0.381
   711         21  (g)                -71   477   477   715   752   188   219     -0.796     -1.225     -1.236      2.004      0.594
   712         21  (g)                -71   361   361   715   752   114   188     -1.352      0.303     -0.076      1.388      0.000
   713         21  (g)                -71   364   364   715   752   177   114     -0.542      0.445      0.450      0.833      0.000
   714         -1  (dbar)             -71   348   348   715   752     0   177     -5.570      5.338      0.968      7.782      0.330
   715       -321  K-                  83   703   714     0     0     0     0      0.118      0.207      8.066      8.084      0.494
   716        211  pi+                 83   703   714     0     0     0     0      0.192      0.161      3.447      3.459      0.140
   717       -213  (rho-)             -83   703   714   969   970     0     0     -0.199      0.648      7.738      7.818      0.887
   718        111  (pi0)              -83   703   714  1105  1106     0     0     -0.250     -0.121      0.851      0.905      0.135
   719        211  pi+                 83   703   714     0     0     0     0      0.288      0.375      0.562      0.747      0.140
   720       -211  pi-                 83   703   714     0     0     0     0     -0.533     -0.026      2.392      2.455      0.140
   721        211  pi+                 83   703   714     0     0     0     0      0.676      0.329     -0.562      0.949      0.140
   722       -211  pi-                 83   703   714     0     0     0     0      0.176     -0.100     -0.231      0.338      0.140
   723        321  K+                  83   703   714     0     0     0     0     -0.822      0.594     -5.853      5.961      0.494
   724       -321  K-                  83   703   714     0     0     0     0      0.308     -0.462     -8.119      8.153      0.494
   725        211  pi+                 83   703   714     0     0     0     0     -0.014     -0.390     -3.295      3.321      0.140
   726        111  (pi0)              -83   703   714  1107  1108     0     0     -0.374      0.007     -6.876      6.887      0.135
   727       -211  pi-                 83   703   714     0     0     0     0      0.341     -0.139    -35.921     35.923      0.140
   728        211  pi+                 83   703   714     0     0     0     0      0.460     -0.631    -85.101     85.105      0.140
   729       -213  (rho-)             -83   703   714   971   972     0     0     -0.161     -0.144   -169.656    169.659      0.884
   730        111  (pi0)              -83   703   714  1109  1110     0     0      0.096      0.196    -22.714     22.716      0.135
   731        211  pi+                 83   703   714     0     0     0     0      0.280     -0.719   -164.590    164.592      0.140
   732       -213  (rho-)             -83   703   714   973   974     0     0      0.426     -0.353   -439.531    439.532      0.838
   733        113  (rho0)             -83   703   714   975   976     0     0     -0.449      0.052   -236.919    236.920      0.783
   734        111  (pi0)              -83   703   714  1111  1112     0     0      1.178     -0.183   -535.829    535.831      0.135
   735        223  (omega)            -84   703   714  1113  1114     0     0     -0.235      0.488   -387.367    387.368      0.780
   736        211  pi+                 84   703   714     0     0     0     0     -0.557      1.115   -183.620    183.624      0.140
   737        111  (pi0)              -84   703   714  1115  1116     0     0      0.038     -0.351    -70.015     70.016      0.135
   738       -211  pi-                 84   703   714     0     0     0     0     -0.540      0.779   -106.092    106.096      0.140
   739        211  pi+                 84   703   714     0     0     0     0      0.174     -0.517    -13.847     13.859      0.140
   740       3112  Sigma-              84   703   714     0     0     0     0     -0.664      1.612    -35.555     35.618      1.197
   741      -3212  (Sigmabar0)        -84   703   714  1117  1118     0     0     -0.147      0.389    -16.434     16.483      1.193
   742        323  (K*+)              -84   703   714   977   978     0     0     -0.259      1.020     -9.120      9.243      1.071
   743        333  (phi)              -84   703   714  1119  1120     0     0     -0.523      0.667     -6.260      6.399      1.021
   744       -321  K-                  84   703   714     0     0     0     0     -0.343      0.701     -1.849      2.067      0.494
   745        111  (pi0)              -84   703   714  1121  1122     0     0     -0.258     -0.390     -2.287      2.339      0.135
   746        111  (pi0)              -84   703   714  1123  1124     0     0      0.191      0.133     -0.497      0.566      0.135
   747        213  (rho+)             -84   703   714   979   980     0     0     -1.879      0.555     -2.407      3.218      0.848
   748        221  (eta)              -84   703   714  1125  1126     0     0     -0.044      0.075      0.017      0.555      0.548
   749        111  (pi0)              -84   703   714  1127  1128     0     0     -0.939     -0.666     -0.048      1.160      0.135
   750       2112  n0                  84   703   714     0     0     0     0     -1.579      1.963     -0.208      2.697      0.940
   751      -2212  pbar-               84   703   714     0     0     0     0     -3.879      2.773      0.259      4.866      0.938
   752        211  pi+                 84   703   714     0     0     0     0     -0.875      0.988      0.638      1.473      0.140
   753          2  (u)                -71   318   318   771   800   160     0    115.416     -3.354    313.463    334.053      0.330
   754         21  (g)                -71   334   334   771   800   102   160     22.117      0.214     57.943     62.021      0.000
   755         21  (g)                -71   336   336   771   800   162   102      5.691      0.960     11.188     12.589      0.000
   756         21  (g)                -71   323   323   771   800   136   162      0.576      0.220      0.233      0.659      0.000
   757         21  (g)                -71   330   330   771   800   116   136      0.856     -0.440      0.072      0.965      0.000
   758         21  (g)                -71   339   339   771   800   182   116      0.126      1.085     -0.391      1.160      0.000
   759         21  (g)                -71   326   326   771   800   115   182      0.116     -0.461      0.295      0.559      0.000
   760         21  (g)                -71   325   325   771   800   109   115     -0.095      0.399     -0.974      1.057      0.000
   761         21  (g)                -71   322   322   771   800   156   109     -1.551     -5.208     -9.797     11.203      0.000
   762         21  (g)                -71   333   333   771   800   110   156     -0.009      0.386     -1.361      1.415      0.000
   763         21  (g)                -71   331   331   771   800   181   110     -0.313     -0.267     -6.674      6.686      0.000
   764         21  (g)                -71   338   338   771   800   150   181      1.681     -1.176    -19.388     19.497      0.000
   765         21  (g)                -71   332   332   771   800   137   150      0.488     -0.058     -1.538      1.615      0.000
   766         21  (g)                -71   324   324   771   800   201   137     -0.113      0.081     -0.019      0.140      0.000
   767         21  (g)                -71   343   343   771   800   105   201     -0.388     -0.732     -8.751      8.790      0.000
   768         21  (g)                -71   341   341   771   800   191   105      1.148     -1.480   -101.317    101.335      0.000
   769         21  (g)                -71   328   328   771   800   123   191      0.601     -0.616   -128.497    128.500      0.000
   770         -1  (dbar)             -71   321   321   771   800     0   123     -1.544      1.413   -226.492    226.502      0.330
   771        223  (omega)            -83   753   770  1129  1131     0     0     76.818     -1.926    207.372    221.153      0.785
   772        223  (omega)            -83   753   770  1132  1134     0     0     21.602     -0.281     58.088     61.980      0.781
   773        211  pi+                 83   753   770     0     0     0     0      3.894      0.178     11.319     11.972      0.140
   774        113  (rho0)             -83   753   770   981   982     0     0     19.020     -1.192     50.461     53.946      0.823
   775        111  (pi0)              -83   753   770  1135  1136     0     0      3.329      0.051      9.337      9.913      0.135
   776       2114  (Delta0)           -83   753   770   983   984     0     0     10.884      0.546     28.008     30.080      1.256
   777        223  (omega)            -83   753   770  1137  1138     0     0      3.144     -0.406      8.131      8.763      0.792
   778      -3122  Lambdabar0          83   753   770     0     0     0     0      1.467      0.495      3.352      3.857      1.116
   779       -313  (K*bar0)           -83   753   770   985   986     0     0      0.564     -0.477      1.247      1.689      0.867
   780       -211  pi-                 83   753   770     0     0     0     0      1.561      0.824      2.295      2.899      0.140
   781       2212  p+                  83   753   770     0     0     0     0      1.076      0.623      1.529      2.183      0.938
   782      -2212  pbar-               83   753   770     0     0     0     0      1.002     -0.136      1.213      1.837      0.938
   783       3224  (Sigma*+)          -84   753   770   987   988     0     0      0.545      0.074      0.122      1.639      1.539
   784        313  (K*0)              -84   753   770   989   990     0     0     -0.142     -0.472     -1.308      1.665      0.904
   785      -3122  Lambdabar0          84   753   770     0     0     0     0     -0.650     -1.661     -3.418      4.013      1.116
   786       -321  K-                  84   753   770     0     0     0     0      0.215     -0.248     -0.792      0.989      0.494
   787        211  pi+                 84   753   770     0     0     0     0     -0.868     -0.146     -1.298      1.575      0.140
   788       -211  pi-                 84   753   770     0     0     0     0      0.137     -1.362     -4.381      4.592      0.140
   789        211  pi+                 84   753   770     0     0     0     0      0.087      0.237     -0.861      0.908      0.140
   790       2214  (Delta+)           -84   753   770   991   992     0     0      0.923     -1.342    -11.980     12.159      1.292
   791       -323  (K*-)              -84   753   770   993   994     0     0     -0.708     -0.503     -2.963      3.225      0.932
   792      -3122  Lambdabar0          84   753   770     0     0     0     0      0.658     -0.623    -14.184     14.256      1.116
   793       2112  n0                  84   753   770     0     0     0     0      1.022     -0.389    -11.754     11.842      0.940
   794      -2112  nbar0               84   753   770     0     0     0     0     -0.311     -0.446    -28.962     28.983      0.940
   795       -211  pi-                 84   753   770     0     0     0     0      0.150     -0.029     -3.195      3.202      0.140
   796        111  (pi0)              -84   753   770  1139  1140     0     0     -0.146     -0.116    -82.774     82.774      0.135
   797       2212  p+                  84   753   770     0     0     0     0     -0.047     -0.049    -26.019     26.036      0.938
   798       -211  pi-                 84   753   770     0     0     0     0      0.322     -1.190    -73.821     73.831      0.140
   799      -1114  (Deltabar+)        -84   753   770   995   996     0     0     -0.306      0.657   -161.943    161.954      1.709
   800        223  (omega)            -84   753   770  1141  1143     0     0     -0.439      0.272    -74.825     74.831      0.793
   801          2  (u)                -71   409   409   813   859   104     0     -0.013      0.203    921.813    921.813      0.330
   802         21  (g)                -71   337   337   813   859   207   104      1.767     -2.693    -27.554     27.741      0.000
   803         21  (g)                -71   345   345   813   859   167   207      1.261     -0.911    -20.389     20.448      0.000
   804         21  (g)                -71   320   320   813   859   122   167      0.871     -0.170     -6.274      6.337      0.000
   805         21  (g)                -71   327   327   813   859   103   122     -1.938      0.501    -11.374     11.549      0.000
   806         21  (g)                -71   342   342   813   859   199   103     -2.770      0.854      0.965      3.055      0.000
   807         21  (g)                -71   319   319   813   859   161   199    -98.650      8.098     35.738    105.236      0.000
   808         21  (g)                -71   335   335   813   859   187   161    -19.534      0.659      6.368     20.557      0.000
   809         21  (g)                -71   340   340   813   859   206   187     -8.377      1.417      2.629      8.894      0.000
   810         21  (g)                -71   344   344   813   859   124   206    -13.754      0.827      4.876     14.616      0.000
   811         21  (g)                -71   329   329   813   859   101   124     -2.507     -1.801      3.064      4.349      0.000
   812         -3  (sbar)             -71   373   373   813   859     0   101     -2.362     -0.692   -188.727    188.743      0.500
   813        213  (rho+)             -83   801   812   997   998     0     0     -0.406     -0.149    314.941    314.942      0.644
   814        221  (eta)              -83   801   812  1144  1146     0     0      0.446      0.344    372.077    372.078      0.548
   815        311  (K0)               -83   801   812   999   999     0     0     -0.106      0.276    123.042    123.043      0.498
   816       -313  (K*bar0)           -83   801   812  1000  1001     0     0      0.255     -0.240     54.615     54.624      0.926
   817       -211  pi-                 83   801   812     0     0     0     0      0.107     -0.147     18.897     18.899      0.140
   818        321  K+                  83   801   812     0     0     0     0     -0.478      0.124     21.057     21.069      0.494
   819       -321  K-                  83   801   812     0     0     0     0     -0.099     -0.412     13.323     13.338      0.494
   820        211  pi+                 83   801   812     0     0     0     0      0.372      0.341      0.268      0.588      0.140
   821        223  (omega)            -83   801   812  1147  1149     0     0      0.261     -0.130      1.559      1.770      0.785
   822        331  (eta')             -83   801   812  1150  1151     0     0     -0.409      0.015      0.604      1.204      0.958
   823        221  (eta)              -83   801   812  1152  1154     0     0      0.255     -0.162      0.429      0.758      0.548
   824        111  (pi0)              -83   801   812  1155  1156     0     0     -0.189      0.262     -0.895      0.961      0.135
   825        331  (eta')             -83   801   812  1157  1158     0     0      0.250     -0.422     -1.416      1.779      0.958
   826        111  (pi0)              -83   801   812  1159  1160     0     0     -0.091      0.023     -2.211      2.217      0.135
   827       -211  pi-                 83   801   812     0     0     0     0      0.543     -0.470     -4.644      4.701      0.140
   828        211  pi+                 83   801   812     0     0     0     0     -0.010     -0.174     -1.245      1.265      0.140
   829        313  (K*0)              -83   801   812  1002  1003     0     0     -0.041     -0.108     -5.459      5.515      0.775
   830       -313  (K*bar0)           -83   801   812  1004  1005     0     0      1.292     -1.086    -14.440     14.565      0.884
   831        111  (pi0)              -83   801   812  1161  1162     0     0      0.072     -0.308     -2.186      2.213      0.135
   832       -211  pi-                 83   801   812     0     0     0     0      1.163     -1.334    -14.768     14.874      0.140
   833        223  (omega)            -83   801   812  1163  1165     0     0     -0.514      0.520     -9.476      9.536      0.780
   834        211  pi+                 83   801   812     0     0     0     0     -0.404     -0.367     -1.641      1.735      0.140
   835       2112  n0                  83   801   812     0     0     0     0      0.043      0.890     -2.921      3.195      0.940
   836      -2212  pbar-               83   801   812     0     0     0     0     -0.739     -0.459     -1.061      1.662      0.938
   837        213  (rho+)             -83   801   812  1006  1007     0     0     -0.262      0.662     -1.636      1.912      0.688
   838        311  (K0)               -84   801   812  1008  1008     0     0     -1.238     -0.352      0.371      1.429      0.498
   839       -321  K-                  84   801   812     0     0     0     0     -1.910      0.216      0.748      2.121      0.494
   840        223  (omega)            -84   801   812  1166  1168     0     0    -10.786      1.392      3.650     11.498      0.782
   841        211  pi+                 84   801   812     0     0     0     0     -6.755      0.476      2.622      7.263      0.140
   842       -213  (rho-)             -84   801   812  1009  1010     0     0    -11.874      0.624      3.998     12.569      0.790
   843        221  (eta)              -84   801   812  1169  1170     0     0     -6.712      0.432      2.820      7.314      0.548
   844        211  pi+                 84   801   812     0     0     0     0    -13.211      0.926      4.420     13.963      0.140
   845        311  (K0)               -84   801   812  1011  1011     0     0    -12.034      1.467      4.207     12.842      0.498
   846       -321  K-                  84   801   812     0     0     0     0    -22.328      1.528      7.880     23.732      0.494
   847        111  (pi0)              -84   801   812  1171  1172     0     0    -16.455      1.791      5.275     17.373      0.135
   848        213  (rho+)             -84   801   812  1012  1013     0     0    -12.239      0.299      4.706     13.138      0.749
   849       -211  pi-                 84   801   812     0     0     0     0     -7.318      0.904      3.041      7.977      0.140
   850        223  (omega)            -84   801   812  1173  1175     0     0    -12.206      0.528      3.596     12.759      0.782
   851       2212  p+                  84   801   812     0     0     0     0     -6.487      0.737      2.425      7.027      0.938
   852      -2112  nbar0               84   801   812     0     0     0     0     -1.799     -0.995      1.382      2.650      0.940
   853        113  (rho0)             -84   801   812  1014  1015     0     0     -1.370      0.312      0.566      1.705      0.783
   854       -211  pi-                 84   801   812     0     0     0     0     -0.141     -0.571      0.756      0.968      0.140
   855        211  pi+                 84   801   812     0     0     0     0     -0.048     -0.381     -0.492      0.639      0.140
   856       -213  (rho-)             -84   801   812  1016  1017     0     0      0.757      0.074     -3.081      3.300      0.904
   857        211  pi+                 84   801   812     0     0     0     0     -1.906      0.170    -47.383     47.422      0.140
   858       -211  pi-                 84   801   812     0     0     0     0      0.313     -0.250    -15.967     15.973      0.140
   859        323  (K*+)              -84   801   812  1018  1019     0     0     -1.569     -0.523   -121.215    121.230      0.949
   860        310  K_S0                91   488   488     0     0     0     0     -0.300     -0.119    -60.649     60.652      0.498
   861       -211  pi-                 91   493     0     0     0     0     0     -0.387     -0.079      0.644      0.768      0.140
   862        111  (pi0)              -91   493     0  1176  1177     0     0     -0.145      0.266     -0.085      0.343      0.135
   863        211  pi+                 91   495     0     0     0     0     0     -0.029     -0.234     -0.341      0.438      0.140
   864       -211  pi-                 91   495     0     0     0     0     0     -0.100      0.825     -0.411      0.938      0.140
   865        130  K_L0                91   502   502     0     0     0     0      0.564      0.203    708.749    708.749      0.498
   866        211  pi+                 91   512     0     0     0     0     0     -0.129      0.014     30.333     30.334      0.140
   867       -211  pi-                 91   512     0     0     0     0     0      0.659      0.217     50.368     50.373      0.140
   868       2112  n0                  91   515     0     0     0     0     0      0.051     -0.822     19.259     19.299      0.940
   869        111  (pi0)              -91   515     0  1178  1179     0     0     -0.084      0.105      1.616      1.627      0.135
   870        321  K+                  91   519     0     0     0     0     0     -0.213     -0.103     -8.819      8.836      0.494
   871        111  (pi0)              -91   519     0  1180  1181     0     0     -0.189      0.124    -14.676     14.678      0.135
   872       -311  (Kbar0)            -91   520     0  1020  1020     0     0     -0.234      0.599     -6.635      6.685      0.498
   873       -211  pi-                 91   520     0     0     0     0     0      0.091     -0.007     -4.508      4.511      0.140
   874        130  K_L0                91   522   522     0     0     0     0     -0.192      0.065     -0.066      0.541      0.498
   875        311  (K0)               -91   524     0  1021  1021     0     0      0.071      0.266      0.062      0.572      0.498
   876        211  pi+                 91   524     0     0     0     0     0     -0.197     -0.203     -0.097      0.330      0.140
   877        211  pi+                 91   529     0     0     0     0     0      0.270      0.350     82.205     82.206      0.140
   878       -211  pi-                 91   529     0     0     0     0     0     -0.362     -0.057     57.841     57.842      0.140
   879        310  K_S0                91   531   531     0     0     0     0     -0.006     -0.163     53.494     53.496      0.498
   880       -311  (Kbar0)            -91   532     0  1022  1022     0     0      0.463      0.145     26.072     26.082      0.498
   881        111  (pi0)              -91   532     0  1182  1183     0     0     -0.058      0.004      1.197      1.206      0.135
   882        211  pi+                 91   533     0     0     0     0     0      0.113      0.035      2.635      2.642      0.140
   883       -211  pi-                 91   533     0     0     0     0     0     -0.470     -0.814     16.188     16.216      0.140
   884        321  K+                  91   539     0     0     0     0     0     -0.407     -0.100     -0.178      0.672      0.494
   885        111  (pi0)              -91   539     0  1184  1185     0     0      0.100     -0.294     -0.260      0.427      0.135
   886        310  K_S0                91   553   553     0     0     0     0      0.810      0.441     -6.153      6.242      0.498
   887       -211  pi-                 91   556     0     0     0     0     0     -0.012      0.074     -0.099      0.187      0.140
   888        111  (pi0)              -91   556     0  1186  1187     0     0      1.460     -0.591     -9.758      9.885      0.135
   889        211  pi+                 91   557     0     0     0     0     0      0.421      0.559     -2.302      2.410      0.140
   890        111  (pi0)              -91   557     0  1188  1189     0     0      0.507      0.269     -5.704      5.734      0.135
   891       -211  pi-                 91   558     0     0     0     0     0      1.420      0.095     -5.589      5.769      0.140
   892        111  (pi0)              -91   558     0  1190  1191     0     0     -0.013      0.350     -2.108      2.141      0.135
   893        211  pi+                 91   559     0     0     0     0     0      1.330     -0.526     -5.692      5.871      0.140
   894        111  (pi0)              -91   559     0  1192  1193     0     0      0.600      0.312     -2.646      2.734      0.135
   895       3222  Sigma+              91   565     0     0     0     0     0      0.719     -0.402    -16.514     16.577      1.189
   896        111  (pi0)              -91   565     0  1194  1195     0     0      0.267     -0.122     -3.190      3.206      0.135
   897       -211  pi-                 91   573     0     0     0     0     0      0.117     -0.793   -105.172    105.175      0.140
   898        111  (pi0)              -91   573     0  1196  1197     0     0     -0.844     -1.416   -164.663    164.671      0.135
   899        211  pi+                 91   579     0     0     0     0     0     -0.571      0.458     -0.560      0.933      0.140
   900        111  (pi0)              -91   579     0  1198  1199     0     0      0.042      0.691     -1.177      1.372      0.135
   901       -211  pi-                 91   580     0     0     0     0     0      0.173     -0.158     -0.120      0.298      0.140
   902        111  (pi0)              -91   580     0  1200  1201     0     0     -0.300      0.152     -0.382      0.527      0.135
   903       -211  pi-                 91   582     0     0     0     0     0     -0.229      0.475      0.215      0.587      0.140
   904        111  (pi0)              -91   582     0  1202  1203     0     0     -0.591      0.304     -0.302      0.742      0.135
   905       -211  pi-                 91   585     0     0     0     0     0     -0.121      0.400      2.274      2.316      0.140
   906        111  (pi0)              -91   585     0  1204  1205     0     0     -0.018      0.118      5.887      5.890      0.135
   907       -311  (Kbar0)            -91   587     0  1023  1023     0     0      0.216      0.474     48.117     48.122      0.498
   908        111  (pi0)              -91   587     0  1206  1207     0     0      0.254     -0.183     35.355     35.357      0.135
   909        310  K_S0                91   589   589     0     0     0     0      0.274     -0.048     52.936     52.939      0.498
   910       -321  K-                  91   590     0     0     0     0     0     -0.029      0.258    365.030    365.031      0.494
   911        211  pi+                 91   590     0     0     0     0     0     -0.210      0.005     65.662     65.663      0.140
   912        211  pi+                 91   593     0     0     0     0     0     -0.547     -0.439     91.231     91.234      0.140
   913        111  (pi0)              -91   593     0  1208  1209     0     0      0.239      0.429     57.625     57.627      0.135
   914       -211  pi-                 91   594     0     0     0     0     0     -0.540     -0.127      8.424      8.443      0.140
   915        111  (pi0)              -91   594     0  1210  1211     0     0      0.104      0.259      4.662      4.673      0.135
   916       -211  pi-                 91   601     0     0     0     0     0     -0.207      0.581     -0.490      0.800      0.140
   917        111  (pi0)              -91   601     0  1212  1213     0     0      0.289     -0.118     -0.507      0.610      0.135
   918       2112  n0                  91   609     0     0     0     0     0      0.157     -0.149   -179.630    179.633      0.940
   919        111  (pi0)              -91   609     0  1214  1215     0     0     -0.303     -0.173   -144.589    144.589      0.135
   920       -211  pi-                 91   610     0     0     0     0     0     -0.371      0.537     -6.694      6.727      0.140
   921        111  (pi0)              -91   610     0  1216  1217     0     0      0.486      0.498    -13.736     13.754      0.135
   922      -3122  Lambdabar0          91   611     0     0     0     0     0     -0.843     -0.368    -26.878     26.917      1.116
   923        211  pi+                 91   611     0     0     0     0     0     -0.229     -0.050     -1.543      1.567      0.140
   924        130  K_L0                91   612   612     0     0     0     0      0.467     -0.425     -9.778      9.811      0.498
   925       -211  pi-                 91   613     0     0     0     0     0      0.038      0.104     -1.994      2.002      0.140
   926        111  (pi0)              -91   613     0  1218  1219     0     0     -0.050      0.560     -1.123      1.263      0.135
   927        321  K+                  91   619     0     0     0     0     0      0.309      0.851     11.093     11.141      0.494
   928       -211  pi-                 91   619     0     0     0     0     0      0.177     -0.009      1.051      1.075      0.140
   929       -211  pi-                 91   625     0     0     0     0     0     -0.138     -0.201     -8.568      8.573      0.140
   930        111  (pi0)              -91   625     0  1220  1221     0     0     -0.166      0.495     -4.691      4.722      0.135
   931        211  pi+                 91   630     0     0     0     0     0     -0.219      0.389     -0.238      0.525      0.140
   932       -211  pi-                 91   630     0     0     0     0     0      0.079     -0.446     -0.262      0.542      0.140
   933       -211  pi-                 91   632     0     0     0     0     0     -0.597      0.779      6.450      6.525      0.140
   934        111  (pi0)              -91   632     0  1222  1223     0     0     -0.180     -0.272      3.469      3.487      0.135
   935       -311  (Kbar0)            -91   634     0  1024  1024     0     0     -0.792      0.148      4.202      4.307      0.498
   936       -211  pi-                 91   634     0     0     0     0     0     -0.205     -0.245      3.253      3.272      0.140
   937        130  K_L0                91   656   656     0     0     0     0     -0.320     -0.388    -12.441     12.461      0.498
   938      -2212  pbar-               91   657     0     0     0     0     0      0.214      0.085     -8.387      8.442      0.938
   939        111  (pi0)              -91   657     0  1224  1225     0     0      0.118     -0.088     -0.486      0.525      0.135
   940       2112  n0                  91   660     0     0     0     0     0     -0.214     -0.419      0.036      1.052      0.940
   941        211  pi+                 91   660     0     0     0     0     0      0.594     -0.029     -0.782      0.993      0.140
   942      -2112  nbar0               91   662     0     0     0     0     0      0.945      0.488      2.228      2.642      0.940
   943       -211  pi-                 91   662     0     0     0     0     0     -0.227     -0.149      0.718      0.780      0.140
   944        310  K_S0                91   663   663     0     0     0     0      0.652     -0.176      3.446      3.547      0.498
   945        211  pi+                 91   665     0     0     0     0     0      0.345      0.313      0.647      0.809      0.140
   946        111  (pi0)              -91   665     0  1226  1227     0     0      0.248     -0.397      1.394      1.477      0.135
   947       -211  pi-                 91   666     0     0     0     0     0      0.536      0.301      3.089      3.152      0.140
   948        111  (pi0)              -91   666     0  1228  1229     0     0      0.823     -0.143     11.370     11.402      0.135
   949        211  pi+                 91   667     0     0     0     0     0     -0.122     -0.020      3.796      3.800      0.140
   950        111  (pi0)              -91   667     0  1230  1231     0     0      0.741     -0.248      4.107      4.183      0.135
   951        211  pi+                 91   670     0     0     0     0     0      0.405     -0.865     18.422     18.447      0.140
   952       -211  pi-                 91   670     0     0     0     0     0     -0.264     -0.164      7.155      7.163      0.140
   953       -311  (Kbar0)            -91   673     0  1025  1025     0     0      0.074      0.580     11.227     11.254      0.498
   954       -211  pi-                 91   673     0     0     0     0     0      0.041     -0.074      6.735      6.737      0.140
   955       -311  (Kbar0)            -91   677     0  1026  1026     0     0     -0.663     -0.131     16.115     16.137      0.498
   956       -211  pi-                 91   677     0     0     0     0     0     -0.539      0.138     11.938     11.951      0.140
   957        211  pi+                 91   683     0     0     0     0     0     -0.217      0.174      2.508      2.528      0.140
   958        111  (pi0)              -91   683     0  1232  1233     0     0     -0.965     -1.311     13.917     14.012      0.135
   959       -211  pi-                 91   686     0     0     0     0     0      0.356     -0.009      2.875      2.901      0.140
   960        111  (pi0)              -91   686     0  1234  1235     0     0      0.082     -1.269      7.295      7.406      0.135
   961       -211  pi-                 91   690     0     0     0     0     0     -0.441     -0.340      1.411      1.524      0.140
   962        111  (pi0)              -91   690     0  1236  1237     0     0      0.101      0.046      0.066      0.187      0.135
   963       -211  pi-                 91   692     0     0     0     0     0      0.554      0.077      0.851      1.028      0.140
   964        111  (pi0)              -91   692     0  1238  1239     0     0     -0.167     -0.106      0.097      0.258      0.135
   965      -3122  Lambdabar0          91   701     0     0     0     0     0      0.317     -0.058     -4.050      4.213      1.116
   966       -211  pi-                 91   701     0     0     0     0     0      0.192     -0.113     -0.581      0.638      0.140
   967        321  K+                  91   702     0     0     0     0     0     -0.410     -0.864     -4.610      4.734      0.494
   968        111  (pi0)              -91   702     0  1240  1241     0     0      0.118     -0.031     -1.419      1.430      0.135
   969       -211  pi-                 91   717     0     0     0     0     0     -0.250     -0.104      3.354      3.368      0.140
   970        111  (pi0)              -91   717     0  1242  1243     0     0      0.051      0.752      4.384      4.451      0.135
   971       -211  pi-                 91   729     0     0     0     0     0      0.295      0.022   -103.724    103.725      0.140
   972        111  (pi0)              -91   729     0  1244  1245     0     0     -0.456     -0.165    -65.932     65.934      0.135
   973       -211  pi-                 91   732     0     0     0     0     0      0.526     -0.496   -269.302    269.303      0.140
   974        111  (pi0)              -91   732     0  1246  1247     0     0     -0.099      0.142   -170.229    170.229      0.135
   975        211  pi+                 91   733     0     0     0     0     0     -0.299      0.292   -196.334    196.335      0.140
   976       -211  pi-                 91   733     0     0     0     0     0     -0.151     -0.240    -40.585     40.586      0.140
   977        321  K+                  91   742     0     0     0     0     0     -0.287      0.218     -5.414      5.448      0.494
   978        111  (pi0)              -91   742     0  1248  1249     0     0      0.029      0.803     -3.706      3.795      0.135
   979        211  pi+                 91   747     0     0     0     0     0     -0.917     -0.095     -1.355      1.645      0.140
   980        111  (pi0)              -91   747     0  1250  1251     0     0     -0.963      0.650     -1.052      1.573      0.135
   981        211  pi+                 91   774     0     0     0     0     0      1.121     -0.205      3.109      3.314      0.140
   982       -211  pi-                 91   774     0     0     0     0     0     17.899     -0.987     47.351     50.631      0.140
   983       2212  p+                  91   776     0     0     0     0     0      6.629      0.209     17.291     18.543      0.938
   984       -211  pi-                 91   776     0     0     0     0     0      4.255      0.337     10.717     11.537      0.140
   985       -321  K-                  91   779     0     0     0     0     0      0.097     -0.079      0.557      0.755      0.494
   986        211  pi+                 91   779     0     0     0     0     0      0.468     -0.398      0.689      0.934      0.140
   987       3122  Lambda0             91   783     0     0     0     0     0      0.291      0.089     -0.234      1.180      1.116
   988        211  pi+                 91   783     0     0     0     0     0      0.254     -0.015      0.355      0.459      0.140
   989        321  K+                  91   784     0     0     0     0     0      0.045     -0.242     -0.352      0.654      0.494
   990       -211  pi-                 91   784     0     0     0     0     0     -0.187     -0.230     -0.956      1.011      0.140
   991       2212  p+                  91   790     0     0     0     0     0      0.453     -1.081     -7.882      8.024      0.938
   992        111  (pi0)              -91   790     0  1252  1253     0     0      0.470     -0.260     -4.099      4.136      0.135
   993       -311  (Kbar0)            -91   791     0  1027  1027     0     0     -0.493     -0.203     -1.092      1.313      0.498
   994       -211  pi-                 91   791     0     0     0     0     0     -0.215     -0.300     -1.871      1.913      0.140
   995      -2112  nbar0               91   799     0     0     0     0     0     -0.040     -0.187    -80.444     80.450      0.940
   996        211  pi+                 91   799     0     0     0     0     0     -0.265      0.844    -81.499     81.504      0.140
   997        211  pi+                 91   813     0     0     0     0     0     -0.160      0.182    189.168    189.169      0.140
   998        111  (pi0)              -91   813     0  1254  1255     0     0     -0.246     -0.331    125.773    125.773      0.135
   999        310  K_S0                91   815   815     0     0     0     0     -0.106      0.276    123.042    123.043      0.498
  1000       -311  (Kbar0)            -91   816     0  1028  1028     0     0      0.256     -0.105     19.171     19.179      0.498
  1001        111  (pi0)              -91   816     0  1256  1257     0     0     -0.001     -0.135     35.444     35.445      0.135
  1002        311  (K0)               -91   829     0  1029  1029     0     0     -0.036      0.069     -4.598      4.625      0.498
  1003        111  (pi0)              -91   829     0  1258  1259     0     0     -0.005     -0.178     -0.862      0.890      0.135
  1004       -321  K-                  91   830     0     0     0     0     0      1.261     -0.820    -12.795     12.893      0.494
  1005        211  pi+                 91   830     0     0     0     0     0      0.031     -0.266     -1.645      1.672      0.140
  1006        211  pi+                 91   837     0     0     0     0     0      0.064      0.387     -1.263      1.330      0.140
  1007        111  (pi0)              -91   837     0  1260  1261     0     0     -0.326      0.275     -0.373      0.582      0.135
  1008        130  K_L0                91   838   838     0     0     0     0     -1.238     -0.352      0.371      1.429      0.498
  1009       -211  pi-                 91   842     0     0     0     0     0     -2.151      0.311      0.536      2.242      0.140
  1010        111  (pi0)              -91   842     0  1262  1263     0     0     -9.723      0.313      3.462     10.327      0.135
  1011        310  K_S0                91   845   845     0     0     0     0    -12.034      1.467      4.207     12.842      0.498
  1012        211  pi+                 91   848     0     0     0     0     0    -11.670      0.357      4.436     12.491      0.140
  1013        111  (pi0)              -91   848     0  1264  1265     0     0     -0.569     -0.059      0.271      0.647      0.135
  1014        211  pi+                 91   853     0     0     0     0     0     -1.068      0.128      0.712      1.298      0.140
  1015       -211  pi-                 91   853     0     0     0     0     0     -0.302      0.183     -0.147      0.407      0.140
  1016       -211  pi-                 91   856     0     0     0     0     0      0.537      0.117     -2.956      3.010      0.140
  1017        111  (pi0)              -91   856     0  1266  1267     0     0      0.220     -0.043     -0.126      0.291      0.135
  1018        311  (K0)               -91   859     0  1030  1030     0     0     -1.024     -0.292    -56.996     57.009      0.498
  1019        211  pi+                 91   859     0     0     0     0     0     -0.545     -0.231    -64.218     64.221      0.140
  1020        310  K_S0                91   872   872     0     0     0     0     -0.234      0.599     -6.635      6.685      0.498
  1021        310  K_S0                91   875   875     0     0     0     0      0.071      0.266      0.062      0.572      0.498
  1022        310  K_S0                91   880   880     0     0     0     0      0.463      0.145     26.072     26.082      0.498
  1023        310  K_S0                91   907   907     0     0     0     0      0.216      0.474     48.117     48.122      0.498
  1024        130  K_L0                91   935   935     0     0     0     0     -0.792      0.148      4.202      4.307      0.498
  1025        310  K_S0                91   953   953     0     0     0     0      0.074      0.580     11.227     11.254      0.498
  1026        130  K_L0                91   955   955     0     0     0     0     -0.663     -0.131     16.115     16.137      0.498
  1027        310  K_S0                91   993   993     0     0     0     0     -0.493     -0.203     -1.092      1.313      0.498
  1028        130  K_L0                91  1000  1000     0     0     0     0      0.256     -0.105     19.171     19.179      0.498
  1029        310  K_S0                91  1002  1002     0     0     0     0     -0.036      0.069     -4.598      4.625      0.498
  1030        310  K_S0                91  1018  1018     0     0     0     0     -1.024     -0.292    -56.996     57.009      0.498
  1031        211  pi+                 91   492     0     0     0     0     0     -0.016     -0.135     -0.006      0.195      0.140
  1032       -211  pi-                 91   492     0     0     0     0     0      0.064     -0.020      0.072      0.171      0.140
  1033        111  (pi0)              -91   492     0  1268  1269     0     0      0.003     -0.039      0.278      0.312      0.135
  1034         22  gamma               91   508     0     0     0     0     0     -0.847      0.086   1670.510   1670.510      0.000
  1035         22  gamma               91   508     0     0     0     0     0     -0.031     -0.001    136.330    136.330      0.000
  1036         22  gamma               91   509     0     0     0     0     0      0.457     -0.174    264.045    264.046      0.000
  1037         22  gamma               91   509     0     0     0     0     0      0.102     -0.095    106.533    106.533      0.000
  1038        211  pi+                 91   510     0     0     0     0     0     -0.063      0.038     63.225     63.225      0.140
  1039       -211  pi-                 91   510     0     0     0     0     0     -0.102     -0.076     17.217     17.218      0.140
  1040        111  (pi0)              -91   510     0  1270  1271     0     0      0.103      0.070      7.315      7.317      0.135
  1041         22  gamma               91   513     0     0     0     0     0     -0.332     -0.002      6.160      6.169      0.000
  1042         22  gamma               91   513     0     0     0     0     0     -0.199      0.099      4.930      4.935      0.000
  1043        211  pi+                 91   516     0     0     0     0     0     -0.105     -0.046      2.636      2.642      0.140
  1044       -211  pi-                 91   516     0     0     0     0     0      0.105      0.047      1.743      1.753      0.140
  1045        111  (pi0)              -91   516     0  1272  1273     0     0      0.087     -0.024      1.009      1.022      0.135
  1046        211  pi+                 91   517     0     0     0     0     0     -0.056      0.694    -16.097     16.113      0.140
  1047       -211  pi-                 91   517     0     0     0     0     0     -0.326      0.589    -15.481     15.496      0.140
  1048        111  (pi0)              -91   517     0  1274  1275     0     0      0.110      0.098     -6.729      6.732      0.135
  1049        111  (pi0)              -91   566     0  1276  1277     0     0     -0.066     -0.097     -2.719      2.725      0.135
  1050        111  (pi0)              -91   566     0  1278  1279     0     0      0.030     -0.039     -2.729      2.733      0.135
  1051        111  (pi0)              -91   566     0  1280  1281     0     0     -0.084     -0.480    -10.069     10.082      0.135
  1052        211  pi+                 91   569     0     0     0     0     0     -0.313     -0.384    -37.198     37.202      0.140
  1053       -211  pi-                 91   569     0     0     0     0     0      0.181     -0.102    -10.729     10.732      0.140
  1054        111  (pi0)              -91   569     0  1282  1283     0     0      0.018     -0.264    -14.400     14.403      0.135
  1055        211  pi+                 91   584     0     0     0     0     0      0.134      0.066     -0.013      0.205      0.140
  1056       -211  pi-                 91   584     0     0     0     0     0      0.127     -0.084      0.470      0.514      0.140
  1057        111  (pi0)              -91   584     0  1284  1285     0     0     -0.029     -0.286      0.244      0.401      0.135
  1058         22  gamma               91   588     0     0     0     0     0     -0.019     -0.075      6.181      6.182      0.000
  1059         22  gamma               91   588     0     0     0     0     0     -0.492     -0.447     46.436     46.441      0.000
  1060        211  pi+                 91   595     0     0     0     0     0     -0.190     -0.286      2.767      2.792      0.140
  1061       -211  pi-                 91   595     0     0     0     0     0      0.057     -0.195      0.883      0.917      0.140
  1062        111  (pi0)              -91   595     0  1286  1287     0     0      0.171     -0.009      0.533      0.576      0.135
  1063        211  pi+                 91   599     0     0     0     0     0     -0.117     -0.091      0.159      0.258      0.140
  1064       -211  pi-                 91   599     0     0     0     0     0      0.233     -0.005     -0.136      0.304      0.140
  1065        111  (pi0)              -91   599     0  1288  1289     0     0     -0.187      0.017      0.021      0.233      0.135
  1066         22  gamma               91   600     0     0     0     0     0      0.108      0.161     -0.054      0.201      0.000
  1067         22  gamma               91   600     0     0     0     0     0      0.159      0.086      0.047      0.187      0.000
  1068        211  pi+                 91   602     0     0     0     0     0     -0.196      0.128     -1.492      1.517      0.140
  1069       -211  pi-                 91   602     0     0     0     0     0     -0.011     -0.206     -0.609      0.658      0.140
  1070        111  (pi0)              -91   602     0  1290  1291     0     0     -0.235     -0.317     -1.732      1.782      0.135
  1071         22  gamma               91   603     0     0     0     0     0      0.032      0.085     -0.260      0.275      0.000
  1072         22  gamma               91   603     0     0     0     0     0     -0.063      0.027     -0.533      0.537      0.000
  1073         22  gamma               91   604     0     0     0     0     0     -0.013      0.049     -5.781      5.782      0.000
  1074         22  gamma               91   604     0     0     0     0     0      0.128      0.128     -7.920      7.922      0.000
  1075      -3122  Lambdabar0          91   624     0     0     0     0     0      0.582     -0.706    -49.578     49.599      1.116
  1076         22  gamma               91   624     0     0     0     0     0     -0.016     -0.000     -3.733      3.733      0.000
  1077        211  pi+                 91   626     0     0     0     0     0     -0.160      0.100     -3.827      3.834      0.140
  1078       -211  pi-                 91   626     0     0     0     0     0      0.185      0.305     -6.454      6.466      0.140
  1079        111  (pi0)              -91   626     0  1292  1293     0     0      0.167     -0.102     -3.029      3.038      0.135
  1080         22  gamma               91   627     0     0     0     0     0     -0.058     -0.096     -0.332      0.350      0.000
  1081         22  gamma               91   627     0     0     0     0     0     -0.020     -0.011     -0.607      0.607      0.000
  1082         22  gamma               91   631     0     0     0     0     0      0.256     -0.531      0.995      1.156      0.000
  1083         22  gamma               91   631     0     0     0     0     0     -0.120      0.069      0.272      0.306      0.000
  1084        211  pi+                 91   658     0     0     0     0     0      0.261      0.108     -2.209      2.231      0.140
  1085       -211  pi-                 91   658     0     0     0     0     0     -0.137      0.029     -0.996      1.016      0.140
  1086        111  (pi0)              -91   658     0  1294  1295     0     0      0.370     -0.069     -1.739      1.784      0.135
  1087        211  pi+                 91   659     0     0     0     0     0     -0.294      0.017     -2.183      2.208      0.140
  1088       -211  pi-                 91   659     0     0     0     0     0      0.074      0.234     -1.305      1.335      0.140
  1089        111  (pi0)              -91   659     0  1296  1297     0     0     -0.047      0.321     -1.092      1.147      0.135
  1090         22  gamma               91   678     0     0     0     0     0     -0.272     -0.195      5.877      5.887      0.000
  1091         22  gamma               91   678     0     0     0     0     0     -0.027      0.020      0.966      0.967      0.000
  1092        211  pi+                 91   681     0     0     0     0     0     -0.014     -0.042      1.017      1.028      0.140
  1093       -211  pi-                 91   681     0     0     0     0     0      0.058      0.012      5.367      5.369      0.140
  1094        221  (eta)              -91   681     0  1298  1300     0     0     -0.085      0.048      9.431      9.447      0.548
  1095         22  gamma               91   682     0     0     0     0     0     -0.105     -0.011      2.492      2.494      0.000
  1096         22  gamma               91   682     0     0     0     0     0      0.009     -0.085      1.857      1.859      0.000
  1097         22  gamma               91   688     0     0     0     0     0      0.072     -0.230      0.683      0.724      0.000
  1098         22  gamma               91   688     0     0     0     0     0      0.415     -1.396      5.231      5.430      0.000
  1099       3122  Lambda0             91   689     0     0     0     0     0      0.273     -0.723      3.871      4.102      1.116
  1100         22  gamma               91   689     0     0     0     0     0      0.023     -0.139      0.318      0.348      0.000
  1101         22  gamma               91   695     0     0     0     0     0     -0.080      0.162     -0.044      0.186      0.000
  1102         22  gamma               91   695     0     0     0     0     0      0.049      0.169     -0.005      0.176      0.000
  1103         22  gamma               91   700     0     0     0     0     0      0.351     -0.128     -0.922      0.995      0.000
  1104         22  gamma               91   700     0     0     0     0     0      0.039      0.196     -0.083      0.216      0.000
  1105         22  gamma               91   718     0     0     0     0     0     -0.025     -0.072      0.255      0.266      0.000
  1106         22  gamma               91   718     0     0     0     0     0     -0.226     -0.049      0.595      0.639      0.000
  1107         22  gamma               91   726     0     0     0     0     0     -0.349     -0.024     -6.487      6.496      0.000
  1108         22  gamma               91   726     0     0     0     0     0     -0.025      0.031     -0.389      0.391      0.000
  1109         22  gamma               91   730     0     0     0     0     0      0.080      0.025     -6.532      6.532      0.000
  1110         22  gamma               91   730     0     0     0     0     0      0.015      0.170    -16.183     16.184      0.000
  1111         22  gamma               91   734     0     0     0     0     0      0.998     -0.108   -440.935    440.936      0.000
  1112         22  gamma               91   734     0     0     0     0     0      0.180     -0.075    -94.894     94.894      0.000
  1113        111  (pi0)              -91   735     0  1301  1302     0     0     -0.044     -0.037    -14.376     14.377      0.135
  1114         22  gamma               91   735     0     0     0     0     0     -0.191      0.525   -372.991    372.991      0.000
  1115         22  gamma               91   737     0     0     0     0     0      0.065     -0.133    -20.663     20.664      0.000
  1116         22  gamma               91   737     0     0     0     0     0     -0.028     -0.218    -49.352     49.352      0.000
  1117      -3122  Lambdabar0          91   741     0     0     0     0     0     -0.187      0.349    -16.120     16.163      1.116
  1118         22  gamma               91   741     0     0     0     0     0      0.040      0.040     -0.314      0.319      0.000
  1119        321  K+                  91   743     0     0     0     0     0     -0.253      0.216     -2.442      2.513      0.494
  1120       -321  K-                  91   743     0     0     0     0     0     -0.269      0.452     -3.818      3.886      0.494
  1121         22  gamma               91   745     0     0     0     0     0     -0.174     -0.294     -1.350      1.393      0.000
  1122         22  gamma               91   745     0     0     0     0     0     -0.085     -0.096     -0.937      0.946      0.000
  1123         22  gamma               91   746     0     0     0     0     0      0.045      0.002     -0.228      0.232      0.000
  1124         22  gamma               91   746     0     0     0     0     0      0.146      0.131     -0.269      0.333      0.000
  1125         22  gamma               91   748     0     0     0     0     0      0.108     -0.173     -0.117      0.235      0.000
  1126         22  gamma               91   748     0     0     0     0     0     -0.152      0.248      0.133      0.320      0.000
  1127         22  gamma               91   749     0     0     0     0     0     -0.326     -0.165     -0.047      0.368      0.000
  1128         22  gamma               91   749     0     0     0     0     0     -0.613     -0.501     -0.001      0.792      0.000
  1129        211  pi+                 91   771     0     0     0     0     0     43.927     -1.019    118.168    126.073      0.140
  1130       -211  pi-                 91   771     0     0     0     0     0     24.900     -0.785     67.812     72.244      0.140
  1131        111  (pi0)              -91   771     0  1303  1304     0     0      7.991     -0.122     21.392     22.836      0.135
  1132        211  pi+                 91   772     0     0     0     0     0      7.787     -0.318     20.709     22.128      0.140
  1133       -211  pi-                 91   772     0     0     0     0     0     11.022      0.148     29.894     31.862      0.140
  1134        111  (pi0)              -91   772     0  1305  1306     0     0      2.793     -0.111      7.484      7.990      0.135
  1135         22  gamma               91   775     0     0     0     0     0      3.122      0.079      8.725      9.267      0.000
  1136         22  gamma               91   775     0     0     0     0     0      0.207     -0.028      0.611      0.646      0.000
  1137        111  (pi0)              -91   777     0  1307  1308     0     0      3.142     -0.317      7.710      8.333      0.135
  1138         22  gamma               91   777     0     0     0     0     0      0.002     -0.088      0.421      0.430      0.000
  1139         22  gamma               91   796     0     0     0     0     0     -0.172     -0.105    -73.775     73.776      0.000
  1140         22  gamma               91   796     0     0     0     0     0      0.026     -0.012     -8.998      8.998      0.000
  1141        211  pi+                 91   800     0     0     0     0     0     -0.103      0.025     -5.551      5.554      0.140
  1142       -211  pi-                 91   800     0     0     0     0     0     -0.217      0.320    -58.680     58.682      0.140
  1143        111  (pi0)              -91   800     0  1309  1310     0     0     -0.119     -0.073    -10.594     10.596      0.135
  1144        211  pi+                 91   814     0     0     0     0     0      0.209      0.212    126.897    126.897      0.140
  1145       -211  pi-                 91   814     0     0     0     0     0      0.214      0.073    109.989    109.990      0.140
  1146        111  (pi0)              -91   814     0  1311  1312     0     0      0.023      0.059    135.191    135.191      0.135
  1147        211  pi+                 91   821     0     0     0     0     0     -0.089     -0.003      0.167      0.235      0.140
  1148       -211  pi-                 91   821     0     0     0     0     0      0.398      0.013      0.734      0.847      0.140
  1149        111  (pi0)              -91   821     0  1313  1314     0     0     -0.049     -0.141      0.658      0.688      0.135
  1150        113  (rho0)             -91   822     0  1315  1316     0     0     -0.187     -0.016      0.167      0.712      0.667
  1151         22  gamma               91   822     0     0     0     0     0     -0.222      0.032      0.438      0.492      0.000
  1152        211  pi+                 91   823     0     0     0     0     0      0.149     -0.095      0.059      0.233      0.140
  1153       -211  pi-                 91   823     0     0     0     0     0      0.155      0.011      0.232      0.312      0.140
  1154        111  (pi0)              -91   823     0  1317  1318     0     0     -0.049     -0.078      0.137      0.213      0.135
  1155         22  gamma               91   824     0     0     0     0     0     -0.007      0.009      0.002      0.011      0.000
  1156         22  gamma               91   824     0     0     0     0     0     -0.181      0.254     -0.897      0.950      0.000
  1157        113  (rho0)             -91   825     0  1319  1320     0     0      0.206     -0.467     -1.242      1.594      0.858
  1158         22  gamma               91   825     0     0     0     0     0      0.044      0.045     -0.174      0.185      0.000
  1159         22  gamma               91   826     0     0     0     0     0     -0.110     -0.022     -1.327      1.332      0.000
  1160         22  gamma               91   826     0     0     0     0     0      0.019      0.045     -0.884      0.886      0.000
  1161         22  gamma               91   831     0     0     0     0     0      0.057     -0.239     -1.980      1.995      0.000
  1162         22  gamma               91   831     0     0     0     0     0      0.015     -0.069     -0.206      0.218      0.000
  1163        211  pi+                 91   833     0     0     0     0     0      0.036      0.073     -0.757      0.774      0.140
  1164       -211  pi-                 91   833     0     0     0     0     0     -0.321      0.033     -2.656      2.680      0.140
  1165        111  (pi0)              -91   833     0  1321  1322     0     0     -0.229      0.414     -6.063      6.083      0.135
  1166        211  pi+                 91   840     0     0     0     0     0     -1.564      0.130      0.712      1.729      0.140
  1167       -211  pi-                 91   840     0     0     0     0     0     -3.803      0.510      1.366      4.075      0.140
  1168        111  (pi0)              -91   840     0  1323  1324     0     0     -5.419      0.752      1.572      5.694      0.135
  1169         22  gamma               91   843     0     0     0     0     0     -3.273      0.471      1.477      3.621      0.000
  1170         22  gamma               91   843     0     0     0     0     0     -3.439     -0.039      1.343      3.692      0.000
  1171         22  gamma               91   847     0     0     0     0     0     -7.688      0.823      2.395      8.095      0.000
  1172         22  gamma               91   847     0     0     0     0     0     -8.767      0.968      2.880      9.279      0.000
  1173        211  pi+                 91   850     0     0     0     0     0     -1.353     -0.045      0.548      1.467      0.140
  1174       -211  pi-                 91   850     0     0     0     0     0     -3.315      0.246      0.913      3.450      0.140
  1175        111  (pi0)              -91   850     0  1325  1326     0     0     -7.538      0.328      2.136      7.842      0.135
  1176         22  gamma               91   862     0     0     0     0     0     -0.037      0.032     -0.069      0.084      0.000
  1177         22  gamma               91   862     0     0     0     0     0     -0.109      0.234     -0.016      0.258      0.000
  1178         22  gamma               91   869     0     0     0     0     0     -0.051      0.044      1.372      1.374      0.000
  1179         22  gamma               91   869     0     0     0     0     0     -0.033      0.060      0.244      0.254      0.000
  1180         22  gamma               91   871     0     0     0     0     0     -0.127      0.146     -9.698      9.700      0.000
  1181         22  gamma               91   871     0     0     0     0     0     -0.062     -0.022     -4.977      4.978      0.000
  1182         22  gamma               91   881     0     0     0     0     0     -0.013     -0.028      1.021      1.022      0.000
  1183         22  gamma               91   881     0     0     0     0     0     -0.045      0.032      0.175      0.184      0.000
  1184         22  gamma               91   885     0     0     0     0     0     -0.010     -0.053     -0.110      0.123      0.000
  1185         22  gamma               91   885     0     0     0     0     0      0.109     -0.241     -0.150      0.304      0.000
  1186         22  gamma               91   888     0     0     0     0     0      0.060     -0.024     -0.601      0.605      0.000
  1187         22  gamma               91   888     0     0     0     0     0      1.401     -0.568     -9.157      9.280      0.000
  1188         22  gamma               91   890     0     0     0     0     0      0.243      0.074     -2.949      2.960      0.000
  1189         22  gamma               91   890     0     0     0     0     0      0.264      0.195     -2.755      2.774      0.000
  1190         22  gamma               91   892     0     0     0     0     0     -0.005      0.006     -0.334      0.334      0.000
  1191         22  gamma               91   892     0     0     0     0     0     -0.008      0.344     -1.774      1.807      0.000
  1192         22  gamma               91   894     0     0     0     0     0      0.077      0.016     -0.185      0.201      0.000
  1193         22  gamma               91   894     0     0     0     0     0      0.522      0.295     -2.461      2.533      0.000
  1194         22  gamma               91   896     0     0     0     0     0      0.185     -0.140     -2.018      2.031      0.000
  1195         22  gamma               91   896     0     0     0     0     0      0.082      0.018     -1.172      1.175      0.000
  1196         22  gamma               91   898     0     0     0     0     0     -0.579     -1.087   -123.207    123.213      0.000
  1197         22  gamma               91   898     0     0     0     0     0     -0.264     -0.330    -41.456     41.458      0.000
  1198         22  gamma               91   900     0     0     0     0     0      0.034      0.647     -1.149      1.319      0.000
  1199         22  gamma               91   900     0     0     0     0     0      0.008      0.045     -0.028      0.053      0.000
  1200         22  gamma               91   902     0     0     0     0     0     -0.119      0.048     -0.245      0.277      0.000
  1201         22  gamma               91   902     0     0     0     0     0     -0.182      0.104     -0.137      0.251      0.000
  1202         22  gamma               91   904     0     0     0     0     0     -0.576      0.301     -0.264      0.701      0.000
  1203         22  gamma               91   904     0     0     0     0     0     -0.015      0.003     -0.038      0.041      0.000
  1204         22  gamma               91   906     0     0     0     0     0     -0.047      0.134      5.202      5.204      0.000
  1205         22  gamma               91   906     0     0     0     0     0      0.029     -0.016      0.685      0.686      0.000
  1206         22  gamma               91   908     0     0     0     0     0      0.258     -0.186     30.770     30.772      0.000
  1207         22  gamma               91   908     0     0     0     0     0     -0.004      0.003      4.585      4.585      0.000
  1208         22  gamma               91   913     0     0     0     0     0      0.157      0.385     47.970     47.972      0.000
  1209         22  gamma               91   913     0     0     0     0     0      0.082      0.043      9.655      9.656      0.000
  1210         22  gamma               91   915     0     0     0     0     0     -0.010      0.154      2.516      2.521      0.000
  1211         22  gamma               91   915     0     0     0     0     0      0.113      0.105      2.146      2.152      0.000
  1212         22  gamma               91   917     0     0     0     0     0      0.155     -0.133     -0.325      0.384      0.000
  1213         22  gamma               91   917     0     0     0     0     0      0.134      0.015     -0.181      0.226      0.000
  1214         22  gamma               91   919     0     0     0     0     0     -0.298     -0.121   -125.587    125.587      0.000
  1215         22  gamma               91   919     0     0     0     0     0     -0.005     -0.052    -19.002     19.002      0.000
  1216         22  gamma               91   921     0     0     0     0     0      0.267      0.192     -7.087      7.095      0.000
  1217         22  gamma               91   921     0     0     0     0     0      0.219      0.307     -6.649      6.659      0.000
  1218         22  gamma               91   926     0     0     0     0     0      0.023      0.224     -0.338      0.406      0.000
  1219         22  gamma               91   926     0     0     0     0     0     -0.073      0.336     -0.785      0.857      0.000
  1220         22  gamma               91   930     0     0     0     0     0     -0.185      0.430     -4.255      4.281      0.000
  1221         22  gamma               91   930     0     0     0     0     0      0.019      0.065     -0.436      0.441      0.000
  1222         22  gamma               91   934     0     0     0     0     0     -0.093     -0.081      1.886      1.890      0.000
  1223         22  gamma               91   934     0     0     0     0     0     -0.087     -0.192      1.583      1.597      0.000
  1224         22  gamma               91   939     0     0     0     0     0      0.024     -0.040     -0.026      0.054      0.000
  1225         22  gamma               91   939     0     0     0     0     0      0.094     -0.048     -0.460      0.472      0.000
  1226         22  gamma               91   946     0     0     0     0     0      0.025      0.006      0.053      0.058      0.000
  1227         22  gamma               91   946     0     0     0     0     0      0.223     -0.403      1.342      1.419      0.000
  1228         22  gamma               91   948     0     0     0     0     0      0.542     -0.071      6.589      6.611      0.000
  1229         22  gamma               91   948     0     0     0     0     0      0.280     -0.072      4.782      4.790      0.000
  1230         22  gamma               91   950     0     0     0     0     0      0.738     -0.257      4.083      4.157      0.000
  1231         22  gamma               91   950     0     0     0     0     0      0.003      0.009      0.024      0.025      0.000
  1232         22  gamma               91   958     0     0     0     0     0     -0.554     -0.828      8.913      8.968      0.000
  1233         22  gamma               91   958     0     0     0     0     0     -0.411     -0.483      5.004      5.044      0.000
  1234         22  gamma               91   960     0     0     0     0     0     -0.036     -0.428      2.455      2.492      0.000
  1235         22  gamma               91   960     0     0     0     0     0      0.118     -0.841      4.840      4.914      0.000
  1236         22  gamma               91   962     0     0     0     0     0      0.121      0.017      0.082      0.147      0.000
  1237         22  gamma               91   962     0     0     0     0     0     -0.020      0.029     -0.017      0.039      0.000
  1238         22  gamma               91   964     0     0     0     0     0     -0.148     -0.075      0.012      0.166      0.000
  1239         22  gamma               91   964     0     0     0     0     0     -0.019     -0.031      0.085      0.092      0.000
  1240         22  gamma               91   968     0     0     0     0     0      0.020     -0.067     -0.775      0.778      0.000
  1241         22  gamma               91   968     0     0     0     0     0      0.098      0.036     -0.644      0.652      0.000
  1242         22  gamma               91   970     0     0     0     0     0      0.085      0.534      2.891      2.941      0.000
  1243         22  gamma               91   970     0     0     0     0     0     -0.035      0.218      1.493      1.509      0.000
  1244         22  gamma               91   972     0     0     0     0     0     -0.259     -0.127    -30.804     30.806      0.000
  1245         22  gamma               91   972     0     0     0     0     0     -0.197     -0.038    -35.128     35.128      0.000
  1246         22  gamma               91   974     0     0     0     0     0      0.003      0.108    -69.831     69.831      0.000
  1247         22  gamma               91   974     0     0     0     0     0     -0.103      0.034   -100.398    100.398      0.000
  1248         22  gamma               91   978     0     0     0     0     0      0.056      0.587     -2.918      2.977      0.000
  1249         22  gamma               91   978     0     0     0     0     0     -0.028      0.216     -0.788      0.817      0.000
  1250         22  gamma               91   980     0     0     0     0     0     -0.453      0.226     -0.442      0.672      0.000
  1251         22  gamma               91   980     0     0     0     0     0     -0.510      0.424     -0.610      0.901      0.000
  1252         22  gamma               91   992     0     0     0     0     0      0.401     -0.251     -3.224      3.259      0.000
  1253         22  gamma               91   992     0     0     0     0     0      0.069     -0.009     -0.874      0.877      0.000
  1254         22  gamma               91   998     0     0     0     0     0     -0.085     -0.054     18.735     18.736      0.000
  1255         22  gamma               91   998     0     0     0     0     0     -0.161     -0.278    107.037    107.038      0.000
  1256         22  gamma               91  1001     0     0     0     0     0     -0.025      0.021      6.896      6.896      0.000
  1257         22  gamma               91  1001     0     0     0     0     0      0.024     -0.156     28.548     28.549      0.000
  1258         22  gamma               91  1003     0     0     0     0     0      0.008      0.003      0.001      0.008      0.000
  1259         22  gamma               91  1003     0     0     0     0     0     -0.012     -0.181     -0.863      0.882      0.000
  1260         22  gamma               91  1007     0     0     0     0     0     -0.271      0.272     -0.359      0.526      0.000
  1261         22  gamma               91  1007     0     0     0     0     0     -0.055      0.003     -0.014      0.056      0.000
  1262         22  gamma               91  1010     0     0     0     0     0     -5.094      0.118      1.865      5.426      0.000
  1263         22  gamma               91  1010     0     0     0     0     0     -4.630      0.195      1.597      4.901      0.000
  1264         22  gamma               91  1013     0     0     0     0     0     -0.573     -0.051      0.275      0.637      0.000
  1265         22  gamma               91  1013     0     0     0     0     0      0.004     -0.008     -0.004      0.010      0.000
  1266         22  gamma               91  1017     0     0     0     0     0      0.037      0.025     -0.077      0.089      0.000
  1267         22  gamma               91  1017     0     0     0     0     0      0.183     -0.069     -0.049      0.202      0.000
  1268         22  gamma               91  1033     0     0     0     0     0      0.036     -0.017      0.268      0.271      0.000
  1269         22  gamma               91  1033     0     0     0     0     0     -0.033     -0.022      0.010      0.041      0.000
  1270         22  gamma               91  1040     0     0     0     0     0      0.003     -0.037      1.809      1.809      0.000
  1271         22  gamma               91  1040     0     0     0     0     0      0.100      0.107      5.506      5.508      0.000
  1272         22  gamma               91  1045     0     0     0     0     0      0.002      0.038      0.536      0.537      0.000
  1273         22  gamma               91  1045     0     0     0     0     0      0.085     -0.063      0.473      0.485      0.000
  1274         22  gamma               91  1048     0     0     0     0     0      0.019      0.107     -3.519      3.521      0.000
  1275         22  gamma               91  1048     0     0     0     0     0      0.090     -0.009     -3.210      3.211      0.000
  1276         22  gamma               91  1049     0     0     0     0     0     -0.035      0.011     -0.202      0.205      0.000
  1277         22  gamma               91  1049     0     0     0     0     0     -0.031     -0.108     -2.517      2.519      0.000
  1278         22  gamma               91  1050     0     0     0     0     0     -0.035     -0.040     -2.052      2.053      0.000
  1279         22  gamma               91  1050     0     0     0     0     0      0.065      0.001     -0.676      0.680      0.000
  1280         22  gamma               91  1051     0     0     0     0     0      0.027     -0.193     -4.442      4.446      0.000
  1281         22  gamma               91  1051     0     0     0     0     0     -0.111     -0.287     -5.627      5.635      0.000
  1282         22  gamma               91  1054     0     0     0     0     0     -0.023     -0.095     -8.325      8.326      0.000
  1283         22  gamma               91  1054     0     0     0     0     0      0.041     -0.169     -6.075      6.077      0.000
  1284         22  gamma               91  1057     0     0     0     0     0     -0.078     -0.173      0.181      0.262      0.000
  1285         22  gamma               91  1057     0     0     0     0     0      0.049     -0.113      0.063      0.138      0.000
  1286         22  gamma               91  1062     0     0     0     0     0      0.035     -0.061      0.134      0.152      0.000
  1287         22  gamma               91  1062     0     0     0     0     0      0.136      0.052      0.398      0.424      0.000
  1288         22  gamma               91  1065     0     0     0     0     0     -0.179     -0.032      0.022      0.183      0.000
  1289         22  gamma               91  1065     0     0     0     0     0     -0.009      0.049     -0.002      0.050      0.000
  1290         22  gamma               91  1070     0     0     0     0     0     -0.135     -0.074     -0.611      0.630      0.000
  1291         22  gamma               91  1070     0     0     0     0     0     -0.100     -0.243     -1.121      1.152      0.000
  1292         22  gamma               91  1079     0     0     0     0     0      0.010     -0.053     -0.332      0.336      0.000
  1293         22  gamma               91  1079     0     0     0     0     0      0.157     -0.050     -2.697      2.702      0.000
  1294         22  gamma               91  1086     0     0     0     0     0      0.353     -0.073     -1.724      1.761      0.000
  1295         22  gamma               91  1086     0     0     0     0     0      0.017      0.005     -0.016      0.024      0.000
  1296         22  gamma               91  1089     0     0     0     0     0     -0.009      0.210     -0.882      0.906      0.000
  1297         22  gamma               91  1089     0     0     0     0     0     -0.038      0.111     -0.211      0.241      0.000
  1298        111  (pi0)              -91  1094     0  1327  1328     0     0     -0.043      0.053      6.415      6.417      0.135
  1299        111  (pi0)              -91  1094     0  1329  1330     0     0     -0.044     -0.052      1.321      1.330      0.135
  1300        111  (pi0)              -91  1094     0  1331  1332     0     0      0.001      0.047      1.694      1.700      0.135
  1301         22  gamma               91  1113     0     0     0     0     0     -0.017     -0.027    -13.827     13.827      0.000
  1302         22  gamma               91  1113     0     0     0     0     0     -0.026     -0.010     -0.548      0.549      0.000
  1303         22  gamma               91  1131     0     0     0     0     0      7.048     -0.070     18.805     20.082      0.000
  1304         22  gamma               91  1131     0     0     0     0     0      0.943     -0.053      2.587      2.754      0.000
  1305         22  gamma               91  1134     0     0     0     0     0      0.557     -0.062      1.399      1.507      0.000
  1306         22  gamma               91  1134     0     0     0     0     0      2.235     -0.049      6.085      6.483      0.000
  1307         22  gamma               91  1137     0     0     0     0     0      0.527     -0.045      1.164      1.279      0.000
  1308         22  gamma               91  1137     0     0     0     0     0      2.615     -0.272      6.545      7.054      0.000
  1309         22  gamma               91  1143     0     0     0     0     0      0.026     -0.007     -2.978      2.978      0.000
  1310         22  gamma               91  1143     0     0     0     0     0     -0.144     -0.066     -7.616      7.618      0.000
  1311         22  gamma               91  1146     0     0     0     0     0      0.005      0.094     61.596     61.596      0.000
  1312         22  gamma               91  1146     0     0     0     0     0      0.018     -0.035     73.595     73.595      0.000
  1313         22  gamma               91  1149     0     0     0     0     0     -0.091     -0.099      0.364      0.388      0.000
  1314         22  gamma               91  1149     0     0     0     0     0      0.042     -0.042      0.295      0.300      0.000
  1315        211  pi+                 91  1150     0     0     0     0     0     -0.400     -0.013      0.035      0.425      0.140
  1316       -211  pi-                 91  1150     0     0     0     0     0      0.213     -0.003      0.132      0.287      0.140
  1317         22  gamma               91  1154     0     0     0     0     0     -0.062     -0.057      0.011      0.085      0.000
  1318         22  gamma               91  1154     0     0     0     0     0      0.014     -0.022      0.126      0.129      0.000
  1319        211  pi+                 91  1157     0     0     0     0     0      0.120     -0.680     -1.045      1.260      0.140
  1320       -211  pi-                 91  1157     0     0     0     0     0      0.086      0.213     -0.198      0.334      0.140
  1321         22  gamma               91  1165     0     0     0     0     0     -0.193      0.371     -5.733      5.748      0.000
  1322         22  gamma               91  1165     0     0     0     0     0     -0.036      0.043     -0.330      0.335      0.000
  1323         22  gamma               91  1168     0     0     0     0     0     -1.957      0.302      0.509      2.045      0.000
  1324         22  gamma               91  1168     0     0     0     0     0     -3.462      0.450      1.063      3.650      0.000
  1325         22  gamma               91  1175     0     0     0     0     0     -5.529      0.211      1.620      5.765      0.000
  1326         22  gamma               91  1175     0     0     0     0     0     -2.009      0.117      0.516      2.077      0.000
  1327         22  gamma               91  1298     0     0     0     0     0     -0.026     -0.005      0.234      0.236      0.000
  1328         22  gamma               91  1298     0     0     0     0     0     -0.017      0.058      6.181      6.182      0.000
  1329         22  gamma               91  1299     0     0     0     0     0      0.033      0.010      0.129      0.134      0.000
  1330         22  gamma               91  1299     0     0     0     0     0     -0.077     -0.062      1.192      1.196      0.000
  1331         22  gamma               91  1300     0     0     0     0     0     -0.063      0.014      0.572      0.576      0.000
  1332         22  gamma               91  1300     0     0     0     0     0      0.065      0.033      1.122      1.125      0.000
                                   Charge sum:  2.000           Momentum sum:     -0.000      0.000     -0.000  13600.000  13600.000

 --------  End PYTHIA Event Listing  -----------------------------------------------------------------------------------------------
 PYTHIA Warning in SimpleSpaceShower::pT2nextQCD: small daughter PDF
 PYTHIA Warning in SimpleSpaceShower::pT2nextQCD: weight above unity
 PYTHIA Error in SimpleSpaceShower::pT2nearThreshold: stuck in loop
 PYTHIA Error in BeamRemnants::setKinematics: kinematics construction failed after retrying 10 times
 PYTHIA Error in StringFragmentation::fragment: stuck in joining
 PYTHIA Error in Pythia::next: hadronLevel failed; try again
1% | Elapsed: 0h 0m 20s | Remaining: 0h 33m 0s

 Pythia::next(): 1000 events have been generated 
2% | Elapsed: 0h 1m 0s | Remaining: 0h 49m 0s

 Pythia::next(): 2000 events have been generated 
 PYTHIA Warning in HadronWidths::pickMasses: angular momentum and running widths not used
3% | Elapsed: 0h 1m 19s | Remaining: 0h 42m 34s

 Pythia::next(): 3000 events have been generated 
 PYTHIA Warning in MultipartonInteractions::pTnext: weight above unity
4% | Elapsed: 0h 1m 36s | Remaining: 0h 38m 24s
 PYTHIA Warning in Pythia::check: energy-momentum not quite conserved

 Pythia::next(): 4000 events have been generated 
5% | Elapsed: 0h 2m 23s | Remaining: 0h 45m 17s

 Pythia::next(): 5000 events have been generated 
6% | Elapsed: 0h 2m 50s | Remaining: 0h 44m 23s

 Pythia::next(): 6000 events have been generated 
7% | Elapsed: 0h 3m 8s | Remaining: 0h 41m 37s

 Pythia::next(): 7000 events have been generated 
8% | Elapsed: 0h 3m 34s | Remaining: 0h 41m 1s

 Pythia::next(): 8000 events have been generated 
9% | Elapsed: 0h 4m 5s | Remaining: 0h 41m 17s

 Pythia::next(): 9000 events have been generated 
10% | Elapsed: 0h 4m 54s | Remaining: 0h 44m 6s

 Pythia::next(): 10000 events have been generated 
11% | Elapsed: 0h 5m 39s | Remaining: 0h 45m 42s

 Pythia::next(): 11000 events have been generated 

 Pythia::next(): 12000 events have been generated 

 Pythia::next(): 13000 events have been generated 
12% | Elapsed: 0h 7m 3s | Remaining: 0h 51m 42s

 Pythia::next(): 14000 events have been generated 
13% | Elapsed: 0h 7m 34s | Remaining: 0h 50m 38s

 Pythia::next(): 15000 events have been generated 
14% | Elapsed: 0h 7m 58s | Remaining: 0h 48m 56s

 Pythia::next(): 16000 events have been generated 

 Pythia::next(): 17000 events have been generated 
15% | Elapsed: 0h 8m 39s | Remaining: 0h 49m 1s

 Pythia::next(): 18000 events have been generated 

 Pythia::next(): 19000 events have been generated 
16% | Elapsed: 0h 9m 11s | Remaining: 0h 48m 12s

 Pythia::next(): 20000 events have been generated 

 Pythia::next(): 21000 events have been generated 
17% | Elapsed: 0h 10m 0s | Remaining: 0h 48m 49s

 Pythia::next(): 22000 events have been generated 

 Pythia::next(): 23000 events have been generated 
18% | Elapsed: 0h 11m 7s | Remaining: 0h 50m 38s
 PYTHIA Error in SimpleSpaceShower::pT2nearThreshold: xPDF = 0

 Pythia::next(): 24000 events have been generated 
19% | Elapsed: 0h 11m 29s | Remaining: 0h 48m 57s

 Pythia::next(): 25000 events have been generated 

 Pythia::next(): 26000 events have been generated 
20% | Elapsed: 0h 12m 11s | Remaining: 0h 48m 44s

 Pythia::next(): 27000 events have been generated 
21% | Elapsed: 0h 12m 48s | Remaining: 0h 48m 9s

 Pythia::next(): 28000 events have been generated 

 Pythia::next(): 29000 events have been generated 
22% | Elapsed: 0h 13m 43s | Remaining: 0h 48m 37s

 Pythia::next(): 30000 events have been generated 

 Pythia::next(): 31000 events have been generated 
23% | Elapsed: 0h 14m 23s | Remaining: 0h 48m 9s

 Pythia::next(): 32000 events have been generated 

 Pythia::next(): 33000 events have been generated 

 Pythia::next(): 34000 events have been generated 

 Pythia::next(): 35000 events have been generated 
24% | Elapsed: 0h 15m 35s | Remaining: 0h 49m 20s
 PYTHIA Warning in StringFragmentation::finalRegion: random axis needed to break tie

 Pythia::next(): 36000 events have been generated 
25% | Elapsed: 0h 16m 26s | Remaining: 0h 49m 18s

 Pythia::next(): 37000 events have been generated 

 Pythia::next(): 38000 events have been generated 
26% | Elapsed: 0h 17m 8s | Remaining: 0h 48m 45s

 Pythia::next(): 39000 events have been generated 
27% | Elapsed: 0h 17m 47s | Remaining: 0h 48m 4s

 Pythia::next(): 40000 events have been generated 

 Pythia::next(): 41000 events have been generated 
28% | Elapsed: 0h 18m 42s | Remaining: 0h 48m 5s
29% | Elapsed: 0h 19m 1s | Remaining: 0h 46m 33s

 Pythia::next(): 42000 events have been generated 

 Pythia::next(): 43000 events have been generated 
30% | Elapsed: 0h 19m 46s | Remaining: 0h 46m 7s

 Pythia::next(): 44000 events have been generated 
31% | Elapsed: 0h 20m 0s | Remaining: 0h 44m 30s
32% | Elapsed: 0h 20m 22s | Remaining: 0h 43m 16s

 Pythia::next(): 45000 events have been generated 

 Pythia::next(): 46000 events have been generated 
33% | Elapsed: 0h 20m 56s | Remaining: 0h 42m 30s

 Pythia::next(): 47000 events have been generated 

 Pythia::next(): 48000 events have been generated 
34% | Elapsed: 0h 21m 39s | Remaining: 0h 42m 1s
35% | Elapsed: 0h 22m 5s | Remaining: 0h 41m 0s

 Pythia::next(): 49000 events have been generated 

 Pythia::next(): 50000 events have been generated 
36% | Elapsed: 0h 22m 45s | Remaining: 0h 40m 26s

 Pythia::next(): 51000 events have been generated 
37% | Elapsed: 0h 23m 18s | Remaining: 0h 39m 40s

 Pythia::next(): 52000 events have been generated 

 Pythia::next(): 53000 events have been generated 
38% | Elapsed: 0h 24m 8s | Remaining: 0h 39m 22s

 Pythia::next(): 54000 events have been generated 

 Pythia::next(): 55000 events have been generated 
39% | Elapsed: 0h 24m 47s | Remaining: 0h 38m 45s

 Pythia::next(): 56000 events have been generated 
40% | Elapsed: 0h 25m 25s | Remaining: 0h 38m 7s

 Pythia::next(): 57000 events have been generated 

 Pythia::next(): 58000 events have been generated 
41% | Elapsed: 0h 26m 14s | Remaining: 0h 37m 45s

 Pythia::next(): 59000 events have been generated 
42% | Elapsed: 0h 26m 46s | Remaining: 0h 36m 57s

 Pythia::next(): 60000 events have been generated 

 Pythia::next(): 61000 events have been generated 
43% | Elapsed: 0h 27m 22s | Remaining: 0h 36m 16s

 Pythia::next(): 62000 events have been generated 
44% | Elapsed: 0h 28m 3s | Remaining: 0h 35m 42s

 Pythia::next(): 63000 events have been generated 

 Pythia::next(): 64000 events have been generated 
45% | Elapsed: 0h 28m 38s | Remaining: 0h 34m 59s
46% | Elapsed: 0h 29m 3s | Remaining: 0h 34m 6s

 Pythia::next(): 65000 events have been generated 

 Pythia::next(): 66000 events have been generated 
47% | Elapsed: 0h 29m 55s | Remaining: 0h 33m 44s

 Pythia::next(): 67000 events have been generated 

 Pythia::next(): 68000 events have been generated 
48% | Elapsed: 0h 30m 52s | Remaining: 0h 33m 26s

 Pythia::next(): 69000 events have been generated 
 PYTHIA Warning in TauDecays::decay: unknown correlated tau production, assuming from unpolarized photon

 Pythia::next(): 70000 events have been generated 
49% | Elapsed: 0h 31m 58s | Remaining: 0h 33m 16s

 Pythia::next(): 71000 events have been generated 
50% | Elapsed: 0h 32m 22s | Remaining: 0h 32m 22s

 Pythia::next(): 72000 events have been generated 
51% | Elapsed: 0h 32m 45s | Remaining: 0h 31m 27s

 Pythia::next(): 73000 events have been generated 
52% | Elapsed: 0h 33m 14s | Remaining: 0h 30m 40s

 Pythia::next(): 74000 events have been generated 

 Pythia::next(): 75000 events have been generated 
53% | Elapsed: 0h 34m 25s | Remaining: 0h 30m 23s

 Pythia::next(): 76000 events have been generated 
54% | Elapsed: 0h 34m 50s | Remaining: 0h 29m 40s

 Pythia::next(): 77000 events have been generated 

 Pythia::next(): 78000 events have been generated 
55% | Elapsed: 0h 35m 45s | Remaining: 0h 29m 14s

 Pythia::next(): 79000 events have been generated 
56% | Elapsed: 0h 36m 11s | Remaining: 0h 28m 25s

 Pythia::next(): 80000 events have been generated 
57% | Elapsed: 0h 36m 47s | Remaining: 0h 27m 44s

 Pythia::next(): 81000 events have been generated 

 Pythia::next(): 82000 events have been generated 
58% | Elapsed: 0h 37m 28s | Remaining: 0h 27m 7s

 Pythia::next(): 83000 events have been generated 
59% | Elapsed: 0h 37m 53s | Remaining: 0h 26m 13s

 Pythia::next(): 84000 events have been generated 
60% | Elapsed: 0h 38m 28s | Remaining: 0h 25m 38s

 Pythia::next(): 85000 events have been generated 
61% | Elapsed: 0h 38m 57s | Remaining: 0h 24m 54s

 Pythia::next(): 86000 events have been generated 
62% | Elapsed: 0h 39m 36s | Remaining: 0h 24m 16s

 Pythia::next(): 87000 events have been generated 

 Pythia::next(): 88000 events have been generated 
63% | Elapsed: 0h 40m 25s | Remaining: 0h 23m 44s

 Pythia::next(): 89000 events have been generated 

 Pythia::next(): 90000 events have been generated 
64% | Elapsed: 0h 41m 21s | Remaining: 0h 23m 15s
65% | Elapsed: 0h 41m 45s | Remaining: 0h 22m 28s

 Pythia::next(): 91000 events have been generated 

 Pythia::next(): 92000 events have been generated 

 Pythia::next(): 93000 events have been generated 
66% | Elapsed: 0h 42m 53s | Remaining: 0h 22m 5s

 Pythia::next(): 94000 events have been generated 

 Pythia::next(): 95000 events have been generated 
67% | Elapsed: 0h 43m 45s | Remaining: 0h 21m 32s

 Pythia::next(): 96000 events have been generated 
68% | Elapsed: 0h 44m 9s | Remaining: 0h 20m 46s

 Pythia::next(): 97000 events have been generated 
69% | Elapsed: 0h 44m 33s | Remaining: 0h 20m 0s

 Pythia::next(): 98000 events have been generated 
70% | Elapsed: 0h 45m 7s | Remaining: 0h 19m 20s

 Pythia::next(): 99000 events have been generated 
 PYTHIA Warning in TauDecays::decay: maximum decay weight exceeded in tau decay
71% | Elapsed: 0h 45m 43s | Remaining: 0h 18m 40s

 Pythia::next(): 100000 events have been generated 

 Pythia::next(): 101000 events have been generated 
72% | Elapsed: 0h 46m 7s | Remaining: 0h 17m 56s

 Pythia::next(): 102000 events have been generated 
73% | Elapsed: 0h 46m 40s | Remaining: 0h 17m 15s

 Pythia::next(): 103000 events have been generated 
74% | Elapsed: 0h 46m 57s | Remaining: 0h 16m 29s

 Pythia::next(): 104000 events have been generated 
75% | Elapsed: 0h 47m 21s | Remaining: 0h 15m 47s

 Pythia::next(): 105000 events have been generated 
76% | Elapsed: 0h 47m 48s | Remaining: 0h 15m 5s

 Pythia::next(): 106000 events have been generated 

 Pythia::next(): 107000 events have been generated 
77% | Elapsed: 0h 48m 21s | Remaining: 0h 14m 26s

 Pythia::next(): 108000 events have been generated 
78% | Elapsed: 0h 48m 49s | Remaining: 0h 13m 46s

 Pythia::next(): 109000 events have been generated 
79% | Elapsed: 0h 49m 18s | Remaining: 0h 13m 6s

 Pythia::next(): 110000 events have been generated 

 Pythia::next(): 111000 events have been generated 
80% | Elapsed: 0h 49m 44s | Remaining: 0h 12m 26s
81% | Elapsed: 0h 50m 2s | Remaining: 0h 11m 44s

 Pythia::next(): 112000 events have been generated 
82% | Elapsed: 0h 50m 15s | Remaining: 0h 11m 1s

 Pythia::next(): 113000 events have been generated 

 Pythia::next(): 114000 events have been generated 
83% | Elapsed: 0h 50m 59s | Remaining: 0h 10m 26s

 Pythia::next(): 115000 events have been generated 

 Pythia::next(): 116000 events have been generated 
84% | Elapsed: 0h 51m 30s | Remaining: 0h 9m 48s

 Pythia::next(): 117000 events have been generated 
85% | Elapsed: 0h 51m 56s | Remaining: 0h 9m 9s

 Pythia::next(): 118000 events have been generated 

 Pythia::next(): 119000 events have been generated 

 Pythia::next(): 120000 events have been generated 
86% | Elapsed: 0h 52m 47s | Remaining: 0h 8m 35s

 Pythia::next(): 121000 events have been generated 

 Pythia::next(): 122000 events have been generated 
87% | Elapsed: 0h 53m 45s | Remaining: 0h 8m 1s

 Pythia::next(): 123000 events have been generated 

 Pythia::next(): 124000 events have been generated 
88% | Elapsed: 0h 54m 29s | Remaining: 0h 7m 25s

 Pythia::next(): 125000 events have been generated 
89% | Elapsed: 0h 54m 57s | Remaining: 0h 6m 47s

 Pythia::next(): 126000 events have been generated 

 Pythia::next(): 127000 events have been generated 
90% | Elapsed: 0h 55m 47s | Remaining: 0h 6m 11s

 Pythia::next(): 128000 events have been generated 

 Pythia::next(): 129000 events have been generated 
91% | Elapsed: 0h 56m 35s | Remaining: 0h 5m 35s
92% | Elapsed: 0h 56m 49s | Remaining: 0h 4m 56s

 Pythia::next(): 130000 events have been generated 

 Pythia::next(): 131000 events have been generated 
93% | Elapsed: 0h 57m 22s | Remaining: 0h 4m 19s

 Pythia::next(): 132000 events have been generated 

 Pythia::next(): 133000 events have been generated 
94% | Elapsed: 0h 57m 55s | Remaining: 0h 3m 41s

 Pythia::next(): 134000 events have been generated 
95% | Elapsed: 0h 58m 24s | Remaining: 0h 3m 4s

 Pythia::next(): 135000 events have been generated 

 Pythia::next(): 136000 events have been generated 
96% | Elapsed: 0h 58m 59s | Remaining: 0h 2m 27s

 Pythia::next(): 137000 events have been generated 
97% | Elapsed: 0h 59m 23s | Remaining: 0h 1m 50s

 Pythia::next(): 138000 events have been generated 
98% | Elapsed: 0h 59m 44s | Remaining: 0h 1m 13s

 Pythia::next(): 139000 events have been generated 

 Pythia::next(): 140000 events have been generated 
99% | Elapsed: 1h 0m 19s | Remaining: 0h 0m 36s

 Pythia::next(): 141000 events have been generated 

 Pythia::next(): 142000 events have been generated 
100% | Elapsed: 1h 1m 8s | Remaining: 0h 0m 0s
Events saved to /eos/cms/store/group/phys_smp/ec/shuangyu/Jpsi/HardQCD_Pt15to7000_Oniaoff_CR0_PYTHIA8311/pythia8_jpsi_events_1036.root

Thanks for using LHAPDF 6.4.0. Please make sure to cite the paper:
  Eur.Phys.J. C75 (2015) 3, 132  (http://arxiv.org/abs/1412.7420)
Job finished.
