Setting up CMSSW environment...
/pool/condor/dir_1815802
Compiling pythia.cpp ...

 *------------------------------------------------------------------------------------* 
 |                                                                                    | 
 |  *------------------------------------------------------------------------------*  | 
 |  |                                                                              |  | 
 |  |                                                                              |  | 
 |  |   PPP   Y   Y  TTTTT  H   H  III    A      Welcome to the Lund Monte Carlo!  |  | 
 |  |   P  P   Y Y     T    H   H   I    A A     This is PYTHIA version 8.311      |  | 
 |  |   PPP     Y      T    HHHHH   I   AAAAA    Last date of change:  8 Mar 2024  |  | 
 |  |   P       Y      T    H   H   I   A   A                                      |  | 
 |  |   P       Y      T    H   H  III  A   A    Now is 29 Jul 2026 at 09:43:18    |  | 
 |  |                                                                              |  | 
 |  |   Program documentation and an archive of historic versions is found on:     |  | 
 |  |                                                                              |  | 
 |  |                               https://pythia.org/                            |  | 
 |  |                                                                              |  | 
 |  |   PYTHIA is authored by a collaboration consisting of:                       |  | 
 |  |                                                                              |  | 
 |  |   Javira Altmann, Christian Bierlich, Naomi Cooke, Nishita Desai,            |  | 
 |  |   Leif Gellersen, Ilkka Helenius, Philip Ilten, Leif Lonnblad,               |  | 
 |  |   Stephen Mrenna, Christian Preuss, Torbjorn Sjostrand, Peter Skands,        |  | 
 |  |   Marius Utheim, and Rob Verheyen.                                           |  | 
 |  |                                                                              |  | 
 |  |   The complete list of authors, including contact information and            |  | 
 |  |   affiliations, can be found on https://pythia.org/.                         |  | 
 |  |   Problems or bugs should be reported on email at authors@pythia.org.        |  | 
 |  |                                                                              |  | 
 |  |   The main program reference is C. Bierlich et al,                           |  | 
 |  |   'A comprehensive guide to the physics and usage of Pythia 8.3',            |  | 
 |  |   SciPost Phys. Codebases 8-r8.3 (2022) [arXiv:2203.11601 [hep-ph]]          |  | 
 |  |                                                                              |  | 
 |  |   PYTHIA is released under the GNU General Public Licence version 2 or later.|  | 
 |  |   Please respect the MCnet Guidelines for Event Generator Authors and Users. |  | 
 |  |                                                                              |  | 
 |  |   Disclaimer: this program comes without any guarantees.                     |  | 
 |  |   Beware of errors and use common sense when interpreting results.           |  | 
 |  |                                                                              |  | 
 |  |   Copyright (C) 2024 Torbjorn Sjostrand                                      |  | 
 |  |                                                                              |  | 
 |  |                                                                              |  | 
 |  *------------------------------------------------------------------------------*  | 
 |                                                                                    | 
 *------------------------------------------------------------------------------------* 

LHAPDF 6.4.0 loading /cvmfs/cms.cern.ch/el9_amd64_gcc12/external/lhapdf/6.4.0-4aa384870ea6380250957dc033c78953/share/LHAPDF/NNPDF31_nnlo_as_0118/NNPDF31_nnlo_as_0118_0000.dat
NNPDF31_nnlo_as_0118 PDF set, member #0, version 1; LHAPDF ID = 303600
LHAPDF 6.4.0 loading /cvmfs/cms.cern.ch/el9_amd64_gcc12/external/lhapdf/6.4.0-4aa384870ea6380250957dc033c78953/share/LHAPDF/NNPDF31_nnlo_as_0118/NNPDF31_nnlo_as_0118_0000.dat
NNPDF31_nnlo_as_0118 PDF set, member #0, version 1; LHAPDF ID = 303600

 *-------  PYTHIA Process Initialization  --------------------------*
 |                                                                  |
 | We collide p+ with p+ at a CM energy of 1.360e+04 GeV            |
 |                                                                  |
 |------------------------------------------------------------------|
 |                                                    |             |
 | Subprocess                                    Code |   Estimated |
 |                                                    |    max (mb) |
 |                                                    |             |
 |------------------------------------------------------------------|
 |                                                    |             |
 | g g -> g g                                     111 |   5.088e+02 |
 | g g -> q qbar (uds)                            112 |   2.035e+01 |
 | q g -> q g                                     113 |   1.648e+03 |
 | q q(bar)' -> q q(bar)'                         114 |   5.639e+02 |
 | q qbar -> g g                                  115 |   4.263e+00 |
 | q qbar -> q' qbar' (uds)                       116 |   4.231e+00 |
 | g g -> c cbar                                  121 |   6.778e+00 |
 | q qbar -> c cbar                               122 |   1.409e+00 |
 | g g -> b bbar                                  123 |   6.713e+00 |
 | q qbar -> b bbar                               124 |   1.396e+00 |
 |                                                                  |
 *-------  End PYTHIA Process Initialization -----------------------*
 PYTHIA Warning in SimpleTimeShower::init: pTmin too low , raised to 0.611

 *-------  PYTHIA Multiparton Interactions Initialization  ---------* 
 |                                                                  | 
 |                   sigmaNonDiffractive =    55.96 mb              | 
 |                                                                  | 
 |    pT0 =  1.44 gives sigmaInteraction =   492.68 mb: accepted    | 
 |                                                                  | 
 *-------  End PYTHIA Multiparton Interactions Initialization  -----* 

 *-------  PYTHIA Flag + Mode + Parm + Word + FVec + MVec + PVec + WVec Settings (changes only)  ------------------* 
 |                                                                                                                 | 
 | Name                                          |                      Now |      Default         Min         Max | 
 |                                               |                          |                                      | 
 | Beams:eCM                                     |                13600.000 |    14000.000         0.0             | 
 | Check:epTolErr                                |                0.0100000 |   1.0000e-04                         | 
 | ColourReconnection:range                      |                  5.17600 |      1.80000         0.0    10.00000 | 
 | HardQCD:all                                   |                       on |          off                         | 
 | Main:timesAllowErrors                         |                    10000 |           10           0             | 
 | MultipartonInteractions:alphaSorder           |                        2 |            1           0           3 | 
 | MultipartonInteractions:alphaSvalue           |                  0.11800 |      0.13000   0.0600000     0.25000 | 
 | MultipartonInteractions:bProfile              |                        2 |            3           0           4 | 
 | MultipartonInteractions:coreFraction          |                  0.63000 |      0.50000         0.0     1.00000 | 
 | MultipartonInteractions:coreRadius            |                  0.76340 |      0.40000     0.10000     1.00000 | 
 | MultipartonInteractions:ecmPow                |                0.0334400 |      0.21500         0.0     0.50000 | 
 | MultipartonInteractions:pT0Ref                |                  1.41000 |      2.28000     0.50000    10.00000 | 
 | ParticleDecays:limitTau0                      |                       on |          off                         | 
 | PDF:lepton                                    |                      off |           on                         | 
 | PDF:pSet                                      | LHAPDF6:NNPDF31_nnlo_as_0118 |           13                     | 
 | PhaseSpace:bias2Selection                     |                       on |          off                         | 
 | PhaseSpace:bias2SelectionPow                  |                  4.50000 |      4.00000         0.0    10.00000 | 
 | PhaseSpace:bias2SelectionRef                  |                 15.00000 |     10.00000     1.00000             | 
 | PhaseSpace:pTHatMax                           |                 7000.000 |     -1.00000                         | 
 | PhaseSpace:pTHatMin                           |                 15.00000 |          0.0         0.0             | 
 | Random:seed                                   |                631874145 |           -1               900000000 | 
 | Random:setSeed                                |                       on |          off                         | 
 | SigmaProcess:alphaSorder                      |                        2 |            1           0           3 | 
 | SigmaProcess:alphaSvalue                      |                  0.11800 |      0.13000   0.0600000     0.25000 | 
 | SigmaTotal:mode                               |                        0 |            1           0           4 | 
 | SigmaTotal:sigmaEl                            |                 22.08000 |     25.00000         0.0             | 
 | SigmaTotal:sigmaTot                           |                101.03700 |    100.00000         0.0             | 
 | SigmaTotal:zeroAXB                            |                      off |           on                         | 
 | SLHA:minMassSM                                |                 1000.000 |    100.00000                         | 
 | SpaceShower:alphaSorder                       |                        2 |            1           0           3 | 
 | SpaceShower:alphaSvalue                       |                  0.11800 |      0.13650   0.0600000     0.25000 | 
 | TimeShower:alphaSorder                        |                        2 |            1           0           3 | 
 | TimeShower:alphaSvalue                        |                  0.11800 |      0.13650   0.0600000     0.25000 | 
 |                                                                                                                 | 
 *-------  End PYTHIA Flag + Mode + Parm + Word + FVec + MVec + PVec + WVec Settings  -----------------------------* 

 --------  PYTHIA Particle Data Table (changed only)  ------------------------------------------------------------------------------
 
      id   name            antiName         spn chg col      m0        mWidth      mMin       mMax       tau0    res dec ext vis wid
             no onMode   bRatio   meMode     products 

     443  J/psi                               3   0   0    3.09692    0.00009    3.09602    3.09782  0.00000e+00   0   1   0   1   0
              0     0   0.8023950   43       83      -83 
              1     0   0.0594000    0       11      -11 
              2     1   0.0593000    0       13      -13 
              3     0   0.0130000    0      441       22 
              4     0   0.0056000    0      113      111 
              5     0   0.0056500    0      213     -211 
              6     0   0.0056500    0     -213      211 
              7     0   0.0036000    0      115      113 
              8     0   0.0036000    0     -215      213 
              9     0   0.0036000    0      215     -213 
             10     0   0.0043000    0      225      223 
             11     0   0.0022000    0      313     -315 
             12     0   0.0022000    0      323     -325 
             13     0   0.0022000    0     -323      325 
             14     0   0.0025000    0      321     -323 
             15     0   0.0025000    0     -321      323 
             16     0   0.0021000    0      311     -313 
             17     0   0.0021000    0     -311      313 
             18     0   0.0019000    0    20323     -321 
             19     0   0.0019000    0   -20323      321 
             20     0   0.0015000    0    10213     -211 
             21     0   0.0015000    0   -10213      211 
             22     0   0.0023000    0    10113      111 
             23     0   0.0004800    0    10331      223 
             24     0   0.0007400    0      223      221 
             25     0   0.0003600    0    10331      333 
             26     0   0.0008000    0      333      335 
             27     0   0.0006800    0    20333      223 
             28     0   0.0007400    0      333      221 
             29     0   0.0004500    0      223      111 
             30     0   0.0004000    0      333      331 
             31     0   0.0003200    0      333  9010221 
             32     0   0.0002600    0      333    20223 
             33     0   0.0001930    0      113      221 
             34     0   0.0001820    0      223      331 
             35     0   0.0001400    0      223  9010221 
             36     0   0.0001050    0      113      331 
             37     0   0.0011000    0     2224    -2224 
             38     0   0.0005150    0     3112    -3112 
             39     0   0.0005900    0     3314    -3314 
             40     0   0.0003200    0     3324    -3324 
             41     0   0.0003200    0     3324    -3324 
             42     0   0.0001550    0     3114    -3114 
             43     0   0.0001550    0     3224    -3224 

 --------  End PYTHIA Particle Data Table  -----------------------------------------------------------------------------------------


 --------  PYTHIA Info Listing  ---------------------------------------- 
 
 Beam A: id =   2212, pz =  6.800e+03, e =  6.800e+03, m =  9.383e-01.
 Beam B: id =   2212, pz = -6.800e+03, e =  6.800e+03, m =  9.383e-01.

 In 1: id =   21, x =  4.039e-02, pdf =  2.458e+00 at Q2 =  2.047e+05.
 In 2: id =   21, x =  1.276e-01, pdf =  4.948e-01 at same Q2.

 Subprocess g g -> g g with code 111 is 2 -> 2.
 It has sHat =  9.534e+05,    tHat = -6.559e+05,    uHat = -2.975e+05,
       pTHat =  4.524e+02,   m3Hat =  0.000e+00,   m4Hat =  0.000e+00,
    thetaHat =  1.956e+00,  phiHat =  3.168e-01.
     alphaEM =  7.962e-03,  alphaS =  9.621e-02    at Q2 =  2.047e+05.

 Impact parameter b =  2.624e-01 gives enhancement factor =  3.933e+00.
 Max pT scale for MPI =  4.524e+02, ISR =  4.524e+02, FSR =  4.524e+02.
 Number of MPI =    37, ISR =    29, FSRproc =   105, FSRreson =     0.

 --------  End PYTHIA Info Listing  ------------------------------------

 --------  PYTHIA Event Listing  (hard process)  -----------------------------------------------------------------------------------
 
    no         id  name            status     mothers   daughters     colours      p_x        p_y        p_z         e          m 
     0         90  (system)           -11     0     0     0     0     0     0      0.000      0.000      0.000  13600.000  13600.000
     1       2212  (p+)               -12     0     0     3     0     0     0      0.000      0.000   6800.000   6800.000      0.938
     2       2212  (p+)               -12     0     0     4     0     0     0      0.000      0.000  -6800.000   6800.000      0.938
     3         21  (g)                -21     1     0     5     6   101   102      0.000      0.000    274.685    274.685      0.000
     4         21  (g)                -21     2     0     5     6   103   104      0.000      0.000   -867.733    867.733      0.000
     5         21  g                   23     3     4     0     0   101   104    429.875    140.946   -511.291    682.698      0.000
     6         21  g                   23     3     4     0     0   103   102   -429.875   -140.946    -81.757    459.720      0.000
                                   Charge sum:  0.000           Momentum sum:      0.000      0.000   -593.048   1142.418    976.429

 --------  End PYTHIA Event Listing  -----------------------------------------------------------------------------------------------

 --------  PYTHIA Event Listing  (complete event)  ---------------------------------------------------------------------------------
 
    no         id  name            status     mothers   daughters     colours      p_x        p_y        p_z         e          m 
     0         90  (system)           -11     0     0     0     0     0     0      0.000      0.000      0.000  13600.000  13600.000
     1       2212  (p+)               -12     0     0   713     0     0     0      0.000      0.000   6800.000   6800.000      0.938
     2       2212  (p+)               -12     0     0   714     0     0     0      0.000      0.000  -6800.000   6800.000      0.938
     3         21  (g)                -21     7     0     5     6   101   102      0.000      0.000    274.685    274.685      0.000
     4         21  (g)                -21     8     8     5     6   103   104      0.000      0.000   -867.733    867.733      0.000
     5         21  (g)                -23     3     4     9     9   101   104    429.875    140.946   -511.291    682.698      0.000
     6         21  (g)                -23     3     4    10    10   103   102   -429.875   -140.946    -81.757    459.720      0.000
     7         21  (g)                -41    14    14    11     3   101   105     -0.000      0.000    667.447    667.447      0.000
     8         21  (g)                -42    16     0     4     4   103   104      0.000      0.000   -867.733    867.733      0.000
     9         21  (g)                -44     5     5    17    17   101   104    450.764    107.410   -520.398    696.806      0.000
    10         21  (g)                -44     6     6    18    18   103   102   -383.814   -214.895    -54.217    443.207      0.000
    11         21  (g)                -43     7     0    12    13   102   105    -66.949    107.484    374.329    395.167      0.000
    12         21  (g)                -51    11     0    19    19   102   106    -52.154    128.428    577.313    593.720      0.000
    13         21  (g)                -51    11     0    20    20   106   105    -14.795    -20.944     71.988     76.419      0.000
    14         21  (g)                -53    15    15     7     7   101   105     -0.000      0.000    942.420    942.420      0.000
    15         21  (g)                -42    22    22    14    14   101   105      0.000     -0.000    942.420    942.420      0.000
    16         21  (g)                -41    23     0    21     8   103   107     -0.000      0.000   -917.663    917.663      0.000
    17         21  (g)                -44     9     9    24    24   101   104    439.427    121.037   -525.932    695.953      0.000
    18         21  (g)                -44    10    10    25    25   103   102   -388.447   -209.326    -54.701    444.635      0.000
    19         21  (g)                -44    12    12    26    26   102   106    -52.307    128.612    576.956    593.427      0.000
    20         21  (g)                -44    13    13    27    27   106   105    -14.836    -20.895     71.600     76.048      0.000
    21         21  (g)                -43    16     0    28    28   104   107     16.164    -19.429    -43.166     50.020      0.000
    22         21  (g)                -42    38    38    15    15   101   105     -0.000      0.000    942.420    942.420      0.000
    23         21  (g)                -41    40     0    29    16   108   107      0.000     -0.000   -988.437    988.437      0.000
    24         21  (g)                -44    17    17    30    31   101   104    454.121    115.373   -522.739    701.992      0.000
    25         21  (g)                -44    18    18    35    35   103   102   -382.442   -211.641    -59.387    441.113      0.000
    26         21  (g)                -44    19    19    33    34   102   106    -52.109    128.536    574.356    590.865      0.000
    27         21  (g)                -44    20    20    44    44   106   105    -14.783    -20.915     71.342     75.800      0.000
    28         21  (g)                -44    21    21    32    32   104   107     17.284    -19.861    -42.991     50.412      0.000
    29         21  (g)                -43    23     0    46    46   108   103    -22.071      8.508    -66.598     70.674      0.000
    30         21  (g)                -51    24     0    36    37   101   109    455.437    111.655   -520.006    700.211      0.000
    31         21  (g)                -51    24     0    47    47   109   104      1.176      0.855     -8.930      9.047      0.000
    32         21  (g)                -52    28    28    45    45   104   107     14.793    -16.998    -36.794     43.146      0.000
    33         21  (g)                -51    26     0    43    43   110   106    -23.776     32.632    113.685    120.642      0.000
    34         21  (g)                -51    26     0    48    48   102   110    -29.200     95.423    460.536    471.223      0.000
    35         21  (g)                -52    25    25    42    42   103   102   -381.575   -211.160    -59.252    440.112      0.000
    36         21  (g)                -51    30     0    41    41   111   109    325.955     76.263   -386.228    511.111      0.000
    37         21  (g)                -51    30     0    49    49   101   111    129.482     35.392   -133.537    189.342      0.000
    38         21  (g)                -53    39    39    22    22   101   105     -0.000      0.000    942.661    942.661      0.000
    39         21  (g)                -42    78    78    38    38   101   105      0.000     -0.000    942.661    942.661      0.000
    40         21  (g)                -41    85     0    50    23   108   112     -0.000      0.000  -1281.300   1281.300      0.000
    41         21  (g)                -44    36    36    86    86   111   109    325.681     80.910   -385.983    511.466      0.000
    42         21  (g)                -44    35    35    55    56   103   102   -381.727   -208.575    -60.277    439.149      0.000
    43         21  (g)                -44    33    33    88    88   110   106    -23.779     32.668    113.846    120.804      0.000
    44         21  (g)                -44    27    27    89    89   106   105    -14.784    -20.892     71.229     75.688      0.000
    45         21  (g)                -44    32    32    60    60   104   107     14.769    -16.584    -36.891     43.059      0.000
    46         21  (g)                -44    29    29    91    91   108   103    -22.113      9.219    -66.554     70.734      0.000
    47         21  (g)                -44    31    31    92    92   109   104      1.170      0.948     -8.927      9.053      0.000
    48         21  (g)                -44    34    34    57    57   102   110    -29.203     95.478    460.981    471.670      0.000
    49         21  (g)                -44    37    37    76    77   101   111    129.384     37.064   -133.412    189.507      0.000
    50         21  (g)                -43    40     0    58    59   107   112      0.602    -10.236   -292.651    292.831      0.000
    51         21  (g)                -31    79     0    53    54   113   114      0.000      0.000      4.958      4.958      0.000
    52         21  (g)                -31    80    80    53    54   115   113      0.000      0.000    -18.118     18.118      0.000
    53         21  (g)                -33    51    52    81    81   115   116     -7.352     -5.875     -7.938     12.312      0.000
    54         21  (g)                -33    51    52    82    82   116   114      7.352      5.875     -5.222     10.763      0.000
    55         21  (g)                -51    42     0    87    87   103   117   -368.581   -204.632    -65.216    426.590      0.000
    56         21  (g)                -51    42     0    65    66   117   102    -13.367     -3.221      8.424     16.125      0.000
    57         21  (g)                -52    48    48    67    67   102   110    -28.983     94.757    457.496    468.104      0.000
    58         -4  (cbar)             -51    50     0    95    95     0   112     -1.312     -4.463   -258.225    258.271      1.500
    59          4  (c)                -51    50     0    97    97   107     0      4.273     -8.422    -40.318     41.436      1.500
    60         21  (g)                -52    45    45    90    90   104   107     12.410    -13.936    -31.000     36.183      0.000
    61         21  (g)                -31   238   238    63    64   119   118      0.000      0.000    365.232    365.232      0.000
    62         21  (g)                -31   239     0    63    64   118   120      0.000      0.000     -1.141      1.141      0.000
    63         21  (g)                -33    61    62   110   110   121   120      5.244      4.915     10.588     12.797      0.000
    64         21  (g)                -33    61    62   108   109   119   121     -5.244     -4.915    353.503    353.576      0.000
    65         21  (g)                -51    56     0    96    96   117   122    -11.341     -4.224      6.242     13.617      0.000
    66         21  (g)                -51    56     0    98    98   122   102     -4.372      8.674     39.218     40.403      0.000
    67         21  (g)                -52    57    57    93    93   102   110    -26.636     87.086    420.460    430.209      0.000
    68         -2  (ubar)             -31   129   129    70    71     0   123      0.000      0.000    917.653    917.653      0.000
    69         21  (g)                -31   130     0    70    71   125   124      0.000      0.000     -5.883      5.883      0.000
    70         -2  (ubar)             -33    68    69   131   131     0   124      5.066     -2.832    916.210    916.229      0.330
    71         21  (g)                -33    68    69   132   132   125   123     -5.066      2.832     -4.440      7.307      0.000
    72          3  (s)                -31   162     0    74    75   126     0      0.000      0.000      2.097      2.097      0.000
    73         21  (g)                -31   163   163    74    75   127   128      0.000      0.000   -107.872    107.872      0.000
    74          3  (s)                -33    72    73   164   164   127     0      2.710     -4.767     -1.719      5.768      0.500
    75         21  (g)                -33    72    73   165   165   126   128     -2.710      4.767   -104.056    104.201      0.000
    76         21  (g)                -51    49     0    94    94   129   111    123.896     39.949   -132.321    185.620      0.000
    77         21  (g)                -51    49     0    99    99   101   129      5.488     -2.885      1.372      6.350      0.000
    78         21  (g)                -53    84    84    39    39   101   105      0.000     -0.000    945.125    945.125      0.000
    79         21  (g)                -41   161   161    83    51   130   114     -0.000      0.000      7.872      7.872      0.000
    80         21  (g)                -42   218     0    52    52   115   113     -0.000      0.000    -18.118     18.118      0.000
    81         21  (g)                -44    53    53   219   219   115   116     -7.983     -4.137     -5.074     10.325      0.000
    82         21  (g)                -44    54    54   159   160   116   114      6.553      8.077     -4.807     11.458      0.000
    83         21  (g)                -43    79     0   221   221   130   113      1.430     -3.939     -0.365      4.207      0.000
    84         21  (g)                -42   234   234    78    78   101   105     -0.000      0.000    945.125    945.125      0.000
    85          1  (d)                -41   187   187   100    40   108     0      0.000     -0.000  -2349.096   2349.096      0.000
    86         21  (g)                -44    41    41   103   103   111   109    327.242     80.227   -385.482    511.977      0.000
    87         21  (g)                -44    55    55   111   112   103   117   -367.726   -205.006    -65.705    426.106      0.000
    88         21  (g)                -44    43    43   399   400   110   106    -23.767     32.663    113.779    120.737      0.000
    89         21  (g)                -44    44    44   232   233   106   105    -14.776    -20.896     71.218     75.677      0.000
    90         21  (g)                -44    60    60   284   284   104   107     12.527    -13.987    -30.968     36.215      0.000
    91         21  (g)                -44    46    46   113   113   108   103    -21.874      9.115    -66.600     70.690      0.000
    92         21  (g)                -44    47    47   101   102   109   104      1.201      0.934     -8.925      9.054      0.000
    93         21  (g)                -44    67    67   318   318   102   110    -26.619     87.078    420.342    430.092      0.000
    94         21  (g)                -44    76    76   288   289   129   111    124.449     39.707   -132.137    185.807      0.000
    95         -4  (cbar)             -44    58    58   384   384     0   112     -0.414     -4.856   -258.225    258.276      1.500
    96         21  (g)                -44    65    65   116   116   117   122    -11.328     -4.229      6.225     13.600      0.000
    97          4  (c)                -44    59    59   282   283   107     0      4.415     -8.484    -40.305     41.451      1.500
    98         21  (g)                -44    66    66   114   115   122   102     -4.370      8.673     39.204     40.389      0.000
    99         21  (g)                -44    77    77   290   290   101   129      5.497     -2.889      1.384      6.362      0.000
   100          1  (d)                -43    85     0   382   383   112     0     -4.455      1.950  -1067.777   1067.788      0.330
   101         21  (g)                -51    92     0   285   286   131   104     23.828      8.707    -36.502     44.452      0.000
   102         21  (g)                -51    92     0   117   118   109   131      1.773     -1.790     -1.166      2.776      0.000
   103         21  (g)                -52    86    86   119   119   111   109    302.842     74.245   -356.740    473.803      0.000
   104         21  (g)                -31   124   124   106   107   133   132      0.000      0.000      4.437      4.437      0.000
   105         21  (g)                -31   125     0   106   107   135   134      0.000      0.000    -33.460     33.460      0.000
   106         21  (g)                -33   104   105   126   126   135   132     -2.214     -3.919      3.096      5.463      0.000
   107         21  (g)                -33   104   105   127   127   133   134      2.214      3.919    -32.120     32.434      0.000
   108         21  (g)                -51    64     0   241   241   119   136     -7.754     -5.459    288.643    288.799      0.000
   109         21  (g)                -51    64     0   176   176   136   121      2.868      0.880     65.585     65.653      0.000
   110         21  (g)                -52    63    63   174   175   121   120      4.885      4.578      9.863     11.921      0.000
   111         21  (g)                -51    87     0   134   135   137   117   -365.161   -200.988    -63.996    421.705      0.000
   112         21  (g)                -51    87     0   158   158   103   137     -2.949     -3.857     -2.880      5.645      0.000
   113         21  (g)                -52    91    91   185   186   108   103    -21.489      8.954    -65.428     69.447      0.000
   114         21  (g)                -51    98     0   316   317   138   102      1.701      3.451      7.793      8.691      0.000
   115         21  (g)                -51    98     0   150   151   122   138     -7.452      4.707     32.169     33.355      0.000
   116         21  (g)                -52    96    96   136   136   117   122     -9.948     -3.714      5.467     11.944      0.000
   117         21  (g)                -51   102     0   356   357   139   131      0.510      1.479     -0.205      1.578      0.000
   118         21  (g)                -51   102     0   552   552   109   139     22.124      1.845    -25.535     33.837      0.000
   119         21  (g)                -52   103   103   417   417   111   109    281.980     69.131   -332.165    441.164      0.000
   120         21  (g)                -31   137     0   122   123   140   141      0.000      0.000      6.108      6.108      0.000
   121         -3  (sbar)             -31   138   138   122   123     0   140      0.000      0.000     -1.801      1.801      0.000
   122         21  (g)                -33   120   121   139   139   142   141     -3.194     -0.581      2.832      4.309      0.000
   123         -3  (sbar)             -33   120   121   140   140     0   142      3.194      0.581      1.474      3.601      0.500
   124         21  (g)                -42   333   333   104   104   133   132      0.000      0.000      4.437      4.437      0.000
   125         21  (g)                -41   267   267   128   105   144   134     -0.000     -0.000    -39.432     39.432      0.000
   126         21  (g)                -44   106   106   331   332   135   132     -2.197     -3.853      2.416      5.050      0.000
   127         21  (g)                -44   107   107   265   266   133   134      2.686      5.719    -35.652     36.208      0.000
   128         21  (g)                -43   125     0   434   435   144   135     -0.489     -1.867     -1.759      2.611      0.000
   129         -2  (ubar)             -42   475     0    68    68     0   123     -0.000     -0.000    917.653    917.653      0.000
   130         21  (g)                -41   476   476   133    69   145   124      0.000      0.000     -6.684      6.684      0.000
   131         -2  (ubar)             -44    70    70   477   477     0   124      5.067     -2.827    912.302    912.320      0.330
   132         21  (g)                -44    71    71   153   154   125   123     -4.340      5.845     -3.649      8.143      0.000
   133         21  (g)                -43   130     0   155   155   145   125     -0.727     -3.018      2.316      3.873      0.000
   134         21  (g)                -51   111     0   156   157   137   146   -346.021   -188.800    -62.186    399.053      0.000
   135         21  (g)                -51   111     0   279   280   146   117    -19.705    -12.399     -1.500     23.330      0.000
   136         21  (g)                -52   116   116   152   152   117   122     -9.383     -3.503      5.157     11.265      0.000
   137          2  (u)                -41   831   831   141   120   140     0      0.000      0.000    691.135    691.135      0.000
   138         -3  (sbar)             -42   832   832   121   121     0   140     -0.000     -0.000     -1.801      1.801      0.000
   139         21  (g)                -44   122   122   167   168   142   141     -4.978     -0.917      2.892      5.829      0.000
   140         -3  (sbar)             -44   123   123   834   834     0   142      1.927      0.343      2.770      3.429      0.500
   141          2  (u)                -43   137     0   169   169   141     0      3.050      0.575    683.671    683.679      0.330
   142         21  (g)                -31   188     0   144   145   147   148      0.000      0.000      1.559      1.559      0.000
   143         21  (g)                -31   189   189   144   145   149   150      0.000      0.000    -12.831     12.831      0.000
   144         21  (g)                -33   142   143   190   190   147   150      2.227     -2.045    -10.937     11.348      0.000
   145         21  (g)                -33   142   143   191   191   149   148     -2.227      2.045     -0.335      3.042      0.000
   146          2  (u)                -31   200   200   148   149   151     0      0.000      0.000    470.982    470.982      0.000
   147         21  (g)                -31   201     0   148   149   152   153      0.000      0.000     -0.174      0.174      0.000
   148          2  (u)                -33   146   147   202   202   152     0     -2.391      1.680    458.343    458.353      0.330
   149         21  (g)                -33   146   147   203   203   151   153      2.391     -1.680     12.465     12.803      0.000
   150         -2  (ubar)             -51   115     0   551   551     0   138     -6.300      5.520     21.731     23.292      0.330
   151          2  (u)                -51   115     0   512   512   122     0     -2.152     -1.187     10.988     11.265      0.330
   152         21  (g)                -52   136   136   510   511   117   122     -8.382     -3.130      4.606     10.063      0.000
   153         21  (g)                -51   132     0   478   478   154   123     -1.478     -0.755      0.880      1.879      0.000
   154         21  (g)                -51   132     0   205   206   125   154     -3.090      5.653     -3.802      7.480      0.000
   155         21  (g)                -52   133   133   207   207   145   125     -0.499     -2.070      1.589      2.657      0.000
   156         21  (g)                -51   134     0   281   281   155   146   -152.547    -80.422    -27.667    174.654      0.000
   157         21  (g)                -51   134     0   262   263   137   155   -193.593   -108.533    -34.635    224.627      0.000
   158         21  (g)                -52   112   112   237   237   103   137     -2.830     -3.702     -2.764      5.418      0.000
   159         21  (g)                -51    82     0   220   220   116   156      7.176      6.044     -4.294     10.318      0.000
   160         21  (g)                -51    82     0   222   222   156   114     -0.623      2.033      0.542      2.194      0.000
   161         21  (g)                -53   217   217    79    79   130   114     -0.000      0.000      8.926      8.926      0.000
   162          3  (s)                -41   813   813   166    72   157     0      0.000     -0.000      2.652      2.652      0.000
   163         21  (g)                -42   814   814    73    73   127   128      0.000     -0.000   -107.872    107.872      0.000
   164          3  (s)                -44    74    74   815   815   127     0      4.792     -4.758     -3.430      7.590      0.500
   165         21  (g)                -44    75    75   462   462   126   128     -2.636      4.767    -99.954    100.103      0.000
   166         21  (g)                -43   162     0   460   461   157   126     -2.156     -0.009     -1.836      2.831      0.000
   167         21  (g)                -51   139     0   350   351   142   158     -4.147     -1.537      1.894      4.811      0.000
   168         21  (g)                -51   139     0   327   327   158   141     -0.732      0.638     22.964     22.985      0.000
   169          2  (u)                -52   141   141   325   326   141     0      2.952      0.556    661.705    661.712      0.330
   170          2  (u)                -31   860   860   172   173   159     0      0.000      0.000     46.332     46.332      0.000
   171         -2  (ubar)             -31   861   861   172   173     0   159      0.000      0.000     -0.109      0.109      0.000
   172          2  (u)                -33   170   171   402   403   160     0      0.191      2.150     28.611     28.694      0.330
   173         -2  (ubar)             -33   170   171   404   404     0   160     -0.191     -2.150     17.612     17.747      0.330
   174         21  (g)                -51   110     0   240   240   161   120      2.550      4.635     12.053     13.163      0.000
   175         21  (g)                -51   110     0   243   243   121   161      2.561      0.012      2.963      3.916      0.000
   176         21  (g)                -52   109   109   242   242   136   121      2.643      0.811     60.432     60.495      0.000
   177         21  (g)                -31   340     0   179   180   162   163      0.000      0.000      6.336      6.336      0.000
   178         -2  (ubar)             -31   341   341   179   180     0   162      0.000      0.000     -4.785      4.785      0.000
   179         21  (g)                -33   177   178   342   342   164   163     -1.749     -1.152      5.912      6.272      0.000
   180         -2  (ubar)             -33   177   178   343   343     0   164      1.749      1.152     -4.361      4.849      0.330
   181          2  (u)                -31   872   872   183   184   165     0      0.000      0.000      0.018      0.018      0.000
   182          2  (u)                -31   873   873   183   184   166     0      0.000      0.000   -248.716    248.716      0.000
   183          2  (u)                -33   181   182   874   874   165     0     -1.999      0.498   -143.510    143.525      0.330
   184          2  (u)                -33   181   182   875   875   166     0      1.999     -0.498   -105.188    105.209      0.330
   185         21  (g)                -51   113     0   235   236   167   103    -15.662      8.436    -47.230     50.469      0.000
   186         21  (g)                -51   113     0   291   292   108   167     -5.828      0.518    -21.574     22.353      0.000
   187          1  (d)                -53   293   293    85    85   108     0      0.000     -0.000  -2352.472   2352.472      0.000
   188         21  (g)                -41   842   842   192   142   147   168     -0.000      0.000     50.862     50.862      0.000
   189         21  (g)                -42   843   843   143   143   149   150     -0.000      0.000    -12.831     12.831      0.000
   190         21  (g)                -44   144   144   844   844   147   150      2.459     -2.158    -12.215     12.646      0.000
   191         21  (g)                -44   145   145   195   195   149   148     -0.694      1.298      1.040      1.802      0.000
   192         21  (g)                -43   188     0   193   194   148   168     -1.765      0.861     49.206     49.245      0.000
   193         21  (g)                -51   192     0   846   846   169   168     -1.049      2.325     22.110     22.256      0.000
   194         21  (g)                -51   192     0   385   386   148   169     -0.851     -1.213     27.298     27.338      0.000
   195         21  (g)                -52   191   191   387   387   149   148     -0.559      1.046      0.838      1.453      0.000
   196         21  (g)                -31   212     0   198   199   171   170      0.000      0.000    216.879    216.879      0.000
   197         21  (g)                -31   213   213   198   199   172   171      0.000      0.000    -37.088     37.088      0.000
   198         21  (g)                -33   196   197   214   214   173   170      0.552     -1.731    216.853    216.861      0.000
   199         21  (g)                -33   196   197   215   215   172   173     -0.552      1.731    -37.062     37.107      0.000
   200          2  (u)                -42   249   249   146   146   151     0     -0.000      0.000    470.982    470.982      0.000
   201         21  (g)                -41   250     0   204   147   152   174      0.000     -0.000     -0.597      0.597      0.000
   202          2  (u)                -44   148   148   251   251   152     0     -2.344      1.667    438.349    438.358      0.330
   203         21  (g)                -44   149   149   252   252   151   153      4.062     -2.135     30.576     30.918      0.000
   204         21  (g)                -43   201     0   253   253   153   174     -1.718      0.468      1.461      2.304      0.000
   205         21  (g)                -51   154     0   393   394   175   154     -0.948      0.290      0.793      1.269      0.000
   206         21  (g)                -51   154     0   395   395   125   175     -2.259      4.877     -4.222      6.834      0.000
   207         21  (g)                -52   155   155   466   467   145   125     -0.382     -1.585      1.216      2.034      0.000
   208         21  (g)                -31   345   345   210   211   176   177      0.000      0.000      7.998      7.998      0.000
   209         21  (g)                -31   346     0   210   211   178   179      0.000      0.000    -64.633     64.633      0.000
   210         21  (g)                -33   208   209   347   347   176   179      1.650      0.504      7.894      8.080      0.000
   211         21  (g)                -33   208   209   348   348   178   177     -1.650     -0.504    -64.528     64.551      0.000
   212         21  (g)                -41   876   876   216   196   180   170      0.000     -0.000    220.331    220.331      0.000
   213         21  (g)                -42   877   877   197   197   172   171     -0.000      0.000    -37.088     37.088      0.000
   214         21  (g)                -44   198   198   328   329   173   170     -0.250     -0.625    218.127    218.128      0.000
   215         21  (g)                -44   199   199   330   330   172   173     -0.552      1.731    -36.851     36.896      0.000
   216         21  (g)                -43   212     0   880   880   180   171      0.802     -1.106      1.968      2.396      0.000
   217         21  (g)                -42   336   336   161   161   130   114     -0.000      0.000      8.926      8.926      0.000
   218         21  (g)                -41   775   775   223    80   115   181      0.000     -0.000    -19.454     19.454      0.000
   219         21  (g)                -44    81    81   255   256   115   116     -8.064     -3.920     -5.762     10.658      0.000
   220         21  (g)                -44   159   159   257   257   116   156      7.100      6.251     -4.919     10.662      0.000
   221         21  (g)                -44    83    83   334   335   130   113      1.406     -3.875     -0.695      4.180      0.000
   222         21  (g)                -44   160   160   430   430   156   114     -0.631      2.056      0.432      2.194      0.000
   223         21  (g)                -43   218     0   780   780   113   181      0.189     -0.512      0.415      0.686      0.000
   224         21  (g)                -31   891   891   226   227   183   184      0.000      0.000    196.299    196.299      0.000
   225          1  (d)                -31   892   892   226   227   182     0      0.000      0.000     -0.030      0.030      0.000
   226         21  (g)                -33   224   225   893   893   182   184      1.646     -0.338    167.943    167.952      0.000
   227          1  (d)                -33   224   225   894   894   183     0     -1.646      0.338     28.326     28.378      0.330
   228          1  (d)                -31   895   895   230   231   185     0      0.000      0.000    754.384    754.384      0.000
   229         21  (g)                -31   896   896   230   231   186   187      0.000      0.000     -0.005      0.005      0.000
   230          1  (d)                -33   228   229   897   897   186     0     -1.272     -1.065    579.047    579.050      0.330
   231         21  (g)                -33   228   229   898   898   185   187      1.272      1.065    175.332    175.339      0.000
   232         21  (g)                -51    89     0   537   537   106   188    -11.394    -16.828     52.171     55.989      0.000
   233         21  (g)                -51    89     0   557   557   188   105     -3.383     -4.068     21.532     22.173      0.000
   234         21  (g)                -53   324   324    84    84   101   105     -0.000      0.000    947.610    947.610      0.000
   235         21  (g)                -51   185     0   493   493   167   189     -1.125      1.693     -7.087      7.373      0.000
   236         21  (g)                -51   185     0   463   464   189   103    -14.683      6.552    -40.286     43.376      0.000
   237         21  (g)                -52   158   158   264   264   103   137     -2.684     -3.511     -2.622      5.139      0.000
   238         21  (g)                -42   270   270    61    61   119   118      0.000      0.000    365.232    365.232      0.000
   239         21  (g)                -41   419     0   244    62   190   120     -0.000     -0.000     -1.455      1.455      0.000
   240         21  (g)                -44   174   174   420   420   161   120      1.954      4.253      9.252     10.368      0.000
   241         21  (g)                -44   108   108   268   269   119   136     -7.837     -5.512    292.953    293.110      0.000
   242         21  (g)                -44   176   176   372   373   136   121      2.609      0.789     58.396     58.459      0.000
   243         21  (g)                -44   175   175   374   374   121   161      2.049     -0.316      1.761      2.721      0.000
   244         21  (g)                -43   239     0   424   424   190   118      1.225      0.786      1.415      2.030      0.000
   245         21  (g)                -31   899   899   247   248   191   192      0.000      0.000     65.607     65.607      0.000
   246         -1  (dbar)             -31   900   900   247   248     0   191      0.000      0.000     -0.275      0.275      0.000
   247         21  (g)                -33   245   246   363   364   193   192      0.553      1.357     63.480     63.497      0.000
   248         -1  (dbar)             -33   245   246   365   365     0   193     -0.553     -1.357      1.853      2.385      0.330
   249          2  (u)                -42   305   305   200   200   151     0      0.000      0.000    470.982    470.982      0.000
   250          3  (s)                -41   306     0   254   201   152     0     -0.000     -0.000     -4.556      4.556      0.000
   251          2  (u)                -44   202   202   307   307   152     0     -2.351      1.659    437.942    437.952      0.330
   252         21  (g)                -44   203   203   308   308   151   153      3.795     -2.421     29.354     29.697      0.000
   253         21  (g)                -44   204   204   309   309   153   174     -2.376     -0.236      2.954      3.798      0.000
   254          3  (s)                -43   250     0   310   310   174     0      0.932      0.997     -3.824      4.091      0.500
   255         21  (g)                -51   219     0   776   776   115   194     -7.745     -2.603     -6.004     10.140      0.000
   256         21  (g)                -51   219     0   396   397   194   116      0.017     -1.022      0.010      1.022      0.000
   257         21  (g)                -52   220   220   398   398   116   156      6.764      5.955     -4.686     10.158      0.000
   258          2  (u)                -31   905   905   260   261   195     0      0.000      0.000      0.290      0.290      0.000
   259         21  (g)                -31   906   906   260   261   196   197      0.000      0.000    -17.080     17.080      0.000
   260          2  (u)                -33   258   259   907   907   196     0     -1.356      0.002     -1.616      2.135      0.330
   261         21  (g)                -33   258   259   908   908   195   197      1.356     -0.002    -15.174     15.235      0.000
   262         21  (g)                -51   157     0   294   295   198   155   -178.748    -99.501    -31.088    206.925      0.000
   263         21  (g)                -51   157     0   296   296   137   198    -14.999     -9.233     -3.697     17.997      0.000
   264         21  (g)                -52   237   237   465   465   103   137     -2.530     -3.310     -2.471      4.844      0.000
   265         21  (g)                -51   127     0   375   376   133   199      0.909      3.097    -13.394     13.778      0.000
   266         21  (g)                -51   127     0   686   686   199   134      1.777      2.622    -29.058     29.231      0.000
   267         21  (g)                -53   682   682   125   125   144   134      0.000     -0.000    -46.233     46.233      0.000
   268         21  (g)                -51   241     0   421   421   200   136     -5.578     -2.435    207.151    207.241      0.000
   269         21  (g)                -51   241     0   425   425   119   200     -2.260     -3.077    108.293    108.361      0.000
   270         21  (g)                -53   418   418   238   238   119   118      0.000      0.000    387.724    387.724      0.000
   271         21  (g)                -31   909   909   273   274   203   202      0.000      0.000      2.185      2.185      0.000
   272         -2  (ubar)             -31   910   910   273   274     0   201      0.000      0.000   -150.226    150.226      0.000
   273         21  (g)                -33   271   272   911   911   203   201     -0.839     -0.984      1.991      2.374      0.000
   274         -2  (ubar)             -33   271   272   912   912     0   202      0.839      0.984   -150.031    150.037      0.330
   275         21  (g)                -31   913   913   277   278   206   205      0.000      0.000    112.367    112.367      0.000
   276         -3  (sbar)             -31   914   914   277   278     0   204      0.000      0.000     -0.106      0.106      0.000
   277         21  (g)                -33   275   276   915   915   206   204     -1.087      0.665    107.765    107.773      0.000
   278         -3  (sbar)             -33   275   276   916   916     0   205      1.087     -0.665      4.496      4.700      0.500
   279         21  (g)                -51   135     0   553   553   207   117    -32.661    -19.448     -3.228     38.150      0.000
   280         21  (g)                -51   135     0   560   560   146   207    -12.046     -6.132     -2.807     13.805      0.000
   281         21  (g)                -52   156   156   535   535   155   146   -127.545    -67.241    -23.132    146.028      0.000
   282          4  (c)                -51    97     0   545   545   208     0      5.232     -7.757    -37.995     39.158      1.500
   283         21  (g)                -51    97     0   561   561   107   208     -0.125     -1.500     -4.021      4.293      0.000
   284         21  (g)                -52    90    90   287   287   104   107     11.835    -13.214    -29.257     34.215      0.000
   285         21  (g)                -51   101     0   358   358   131   209     23.926      8.377    -35.502     43.624      0.000
   286         21  (g)                -51   101     0   410   410   209   104      0.456     -0.288     -2.367      2.427      0.000
   287         21  (g)                -52   284   284   499   499   104   107     11.282    -12.597    -27.889     32.616      0.000
   288         21  (g)                -51    94     0   415   416   210   111    120.589     39.265   -128.865    180.803      0.000
   289         21  (g)                -51    94     0   563   563   129   210      3.986      0.375     -3.240      5.150      0.000
   290         21  (g)                -52    99    99   322   323   101   129      5.370     -2.823      1.352      6.216      0.000
   291         21  (g)                -51   186     0   556   556   211   167     -4.532      1.459    -16.004     16.697      0.000
   292         21  (g)                -51   186     0   564   564   108   211     -1.296     -0.941    -14.846     14.932      0.000
   293          1  (d)                -53   533   533   187   187   108     0      0.000     -0.000  -2361.747   2361.747      0.000
   294         21  (g)                -51   262     0   555   555   212   155    -52.271    -27.972     -8.913     59.951      0.000
   295         21  (g)                -51   262     0   565   565   198   212   -130.964    -74.291    -23.281    152.357      0.000
   296         21  (g)                -52   263   263   559   559   137   198    -10.512     -6.471     -2.591     12.613      0.000
   297         21  (g)                -31   917   917   299   300   215   214      0.000      0.000      6.305      6.305      0.000
   298         -2  (ubar)             -31   918   918   299   300     0   213      0.000      0.000    -53.639     53.639      0.000
   299         21  (g)                -33   297   298   919   919   215   213      1.026     -0.552      6.244      6.352      0.000
   300         -2  (ubar)             -33   297   298   920   920     0   214     -1.026      0.552    -53.578     53.592      0.330
   301          2  (u)                -31   921   921   303   304   216     0      0.000      0.000    236.995    236.995      0.000
   302          2  (u)                -31   446   446   303   304   217     0      0.000      0.000    -10.373     10.373      0.000
   303          2  (u)                -33   301   302   444   445   217     0     -0.279     -1.129    236.958    236.961      0.330
   304          2  (u)                -33   301   302   924   924   216     0      0.279      1.129    -10.337     10.407      0.330
   305          2  (u)                -42   850   850   249   249   151     0     -0.000     -0.000    470.982    470.982      0.000
   306         21  (g)                -41   851   851   311   250   152   218      0.000      0.000     -9.947      9.947      0.000
   307          2  (u)                -44   251   251   852   852   152     0     -2.351      1.660    437.916    437.926      0.330
   308         21  (g)                -44   252   252   637   637   151   153      3.808     -2.381     29.215     29.558      0.000
   309         21  (g)                -44   253   253   319   320   153   174     -2.343     -0.138      2.840      3.685      0.000
   310          3  (s)                -44   254   254   321   321   174     0      1.239      1.912     -3.615      4.302      0.500
   311         -3  (sbar)             -43   306     0   856   856     0   218     -0.353     -1.054     -5.321      5.458      0.500
   312         21  (g)                -31   927   927   314   315   219   220      0.000      0.000    545.855    545.855      0.000
   313         -2  (ubar)             -31   928   928   314   315     0   219      0.000      0.000    -21.813     21.813      0.000
   314         21  (g)                -33   312   313   529   530   221   220      0.967      0.605    545.838    545.839      0.000
   315         -2  (ubar)             -33   312   313   531   531     0   221     -0.967     -0.605    -21.796     21.829      0.330
   316         21  (g)                -51   114     0   447   448   138   222      2.090      3.213      8.896      9.686      0.000
   317         21  (g)                -51   114     0   449   449   222   102     -1.726      4.610     20.002     20.598      0.000
   318         21  (g)                -52    93    93   401   401   102   110    -25.283     82.706    399.238    408.498      0.000
   319         21  (g)                -51   309     0   614   615   153   223     -1.285     -1.077      1.011      1.958      0.000
   320         21  (g)                -51   309     0   616   616   223   174     -0.949      1.106      1.512      2.099      0.000
   321          3  (s)                -52   310   310   855   855   174     0      1.129      1.746     -3.297      3.930      0.500
   322         21  (g)                -51   290     0   547   547   224   129      3.842     -1.336      2.114      4.584      0.000
   323         21  (g)                -51   290     0   567   567   101   224      1.528     -1.487     -0.247      2.146      0.000
   324         21  (g)                -53   532     0   234   234   101   105     -0.000      0.000    948.125    948.125      0.000
   325          2  (u)                -51   169     0   835   835   225     0      1.252      0.696    518.787    518.789      0.330
   326         21  (g)                -51   169     0   837   837   141   225      1.572     -0.028    146.940    146.949      0.000
   327         21  (g)                -52   168   168   352   352   158   141     -0.604      0.526     18.942     18.959      0.000
   328         -1  (dbar)             -51   214     0   878   878     0   170      0.851     -0.359      1.807      2.056      0.330
   329          1  (d)                -51   214     0   339   339   173     0     -1.103     -0.260    216.194    216.197      0.330
   330         21  (g)                -52   215   215   337   338   172   173     -0.550      1.725    -36.726     36.770      0.000
   331         21  (g)                -51   126     0   436   436   135   226     -1.698     -0.958      0.878      2.139      0.000
   332         21  (g)                -51   126     0   595   596   226   132     -0.498     -2.894      2.453      3.827      0.000
   333         21  (g)                -53   377   377   124   124   133   132      0.000      0.000      5.352      5.352      0.000
   334         21  (g)                -51   221     0   778   778   227   113      1.994     -2.971     -0.693      3.644      0.000
   335         21  (g)                -51   221     0   782   782   130   227     -0.587     -0.904      0.811      1.349      0.000
   336         21  (g)                -53   439   439   217   217   130   114     -0.000      0.000      9.739      9.739      0.000
   337         21  (g)                -51   330     0   879   879   172   228     -1.191      0.741    -33.065     33.095      0.000
   338         21  (g)                -51   330     0   641   642   228   173      0.640      0.984     -3.574      3.762      0.000
   339          1  (d)                -52   329   329   643   643   173     0     -1.103     -0.260    216.108    216.111      0.330
   340         21  (g)                -41   866   866   344   177   229   163      0.000      0.000     46.578     46.578      0.000
   341         -2  (ubar)             -42   867   867   178   178     0   162     -0.000      0.000     -4.785      4.785      0.000
   342         21  (g)                -44   179   179   525   525   164   163     -2.687     -1.562      5.766      6.551      0.000
   343         -2  (ubar)             -44   180   180   523   524     0   164      1.711      1.135     -4.139      4.632      0.330
   344         21  (g)                -43   340     0   870   870   229   162      0.976      0.427     40.166     40.180      0.000
   345         21  (g)                -42   517   517   208   208   176   177      0.000     -0.000      7.998      7.998      0.000
   346         21  (g)                -41   518     0   349   209   230   179     -0.000      0.000    -95.591     95.591      0.000
   347         21  (g)                -44   210   210   519   519   176   179      1.650      0.503      7.878      8.064      0.000
   348         21  (g)                -44   211   211   520   520   178   177     -1.520     -1.552    -64.629     64.666      0.000
   349         21  (g)                -43   346     0   521   521   230   178     -0.130      1.050    -30.841     30.859      0.000
   350         21  (g)                -51   167     0   833   833   142   231     -2.694     -0.576      0.413      2.785      0.000
   351         21  (g)                -51   167     0   355   355   231   158     -1.488     -0.931      2.549      3.095      0.000
   352         21  (g)                -52   327   327   353   354   158   141     -0.570      0.496     17.875     17.891      0.000
   353         21  (g)                -51   352     0   500   501   232   141      0.326      0.422     12.821     12.832      0.000
   354         21  (g)                -51   352     0   502   502   158   232     -1.270     -0.159      5.695      5.837      0.000
   355         21  (g)                -52   351   351   838   838   231   158     -1.114     -0.697      1.908      2.317      0.000
   356         21  (g)                -51   117     0   366   367   139   233     -0.323     -0.001      0.048      0.327      0.000
   357         21  (g)                -51   117     0   368   368   233   131      2.082      1.917     -2.107      3.529      0.000
   358         21  (g)                -52   285   285   408   409   131   209     22.677      7.939    -33.649     41.346      0.000
   359         21  (g)                -31   932   932   361   362   234   235      0.000      0.000      2.240      2.240      0.000
   360         21  (g)                -31   933   933   361   362   236   234      0.000      0.000    -61.833     61.833      0.000
   361         21  (g)                -33   359   360   371   371   236   237      0.087      0.917    -61.734     61.741      0.000
   362         21  (g)                -33   359   360   369   370   237   235     -0.087     -0.917      2.142      2.332      0.000
   363         -1  (dbar)             -51   247     0   901   901     0   192      0.430     -0.319     25.604     25.612      0.330
   364          1  (d)                -51   247     0   528   528   193     0      0.095      1.608     37.959     37.994      0.330
   365         -1  (dbar)             -52   248   248   526   527     0   193     -0.525     -1.289      1.770      2.276      0.330
   366         21  (g)                -51   356     0   549   549   139   238     -0.065      0.316      0.319      0.453      0.000
   367         21  (g)                -51   356     0   569   569   238   233      1.546      1.345     -2.097      2.932      0.000
   368         21  (g)                -52   357   357   568   568   233   131      0.277      0.255     -0.281      0.470      0.000
   369         21  (g)                -51   362     0   935   935   239   235     -0.298     -0.635      2.170      2.281      0.000
   370         21  (g)                -51   362     0   450   451   237   239      0.215     -0.247     -2.350      2.373      0.000
   371         21  (g)                -52   361   361   452   452   236   237      0.084      0.882    -59.412     59.419      0.000
   372         21  (g)                -51   242     0   422   422   136   240      2.844      0.323     57.260     57.331      0.000
   373         21  (g)                -51   242     0   426   426   240   121     -0.060      0.439      1.286      1.361      0.000
   374         21  (g)                -52   243   243   423   423   121   161      1.874     -0.289      1.611      2.488      0.000
   375         21  (g)                -51   265     0   494   495   241   199      0.267      1.994    -11.588     11.761      0.000
   376         21  (g)                -51   265     0   496   496   133   241      0.642      1.103     -1.698      2.125      0.000
   377         21  (g)                -53   597   597   333   333   133   132      0.000      0.000      5.460      5.460      0.000
   378         21  (g)                -31   388   388   380   381   242   243      0.000      0.000     69.031     69.031      0.000
   379         21  (g)                -31   389     0   380   381   244   245      0.000      0.000     -0.024      0.024      0.000
   380         21  (g)                -33   378   379   390   390   242   245     -0.829     -0.283      9.061      9.103      0.000
   381         21  (g)                -33   378   379   391   391   244   243      0.829      0.283     59.946     59.952      0.000
   382          1  (d)                -51   100     0   487   487   246     0     -4.311      2.168   -908.116    908.129      0.330
   383         21  (g)                -51   100     0   485   486   112   246     -0.156     -0.460   -170.450    170.450      0.000
   384         -4  (cbar)             -52    95    95   543   543     0   112     -0.402     -4.614   -247.436    247.484      1.500
   385         21  (g)                -51   194     0   620   621   247   169     -1.073     -1.429     26.427     26.487      0.000
   386         21  (g)                -51   194     0   622   622   148   247      0.132      0.384      1.006      1.085      0.000
   387         21  (g)                -52   195   195   845   845   149   148     -0.469      0.878      0.703      1.219      0.000
   388         21  (g)                -42   453     0   378   378   242   243     -0.000      0.000     69.031     69.031      0.000
   389         21  (g)                -41   454   454   392   379   244   248     -0.000      0.000    -12.715     12.715      0.000
   390         21  (g)                -44   380   380   405   406   242   245     -0.357     -0.847      8.997      9.044      0.000
   391         21  (g)                -44   381   381   456   456   244   243      0.901      0.198     59.993     60.000      0.000
   392         21  (g)                -43   389     0   407   407   245   248     -0.544      0.649    -12.674     12.702      0.000
   393         21  (g)                -51   205     0   480   480   249   154     -0.798     -0.327     -0.161      0.877      0.000
   394         21  (g)                -51   205     0   482   482   175   249     -0.541      1.459      0.225      1.573      0.000
   395         21  (g)                -52   206   206   468   468   125   175     -1.869      4.035     -3.493      5.654      0.000
   396         21  (g)                -51   256     0   781   781   194   251     -0.392      0.291     -0.457      0.669      0.000
   397         21  (g)                -51   256     0   783   783   251   116      1.030     -0.767      0.037      1.285      0.000
   398         21  (g)                -52   257   257   428   429   116   156      6.144      5.409     -4.256      9.226      0.000
   399         21  (g)                -51    88     0   536   536   252   106    -14.925     20.834     74.807     79.075      0.000
   400         21  (g)                -51    88     0   571   571   110   252     -8.902     12.026     39.925     42.637      0.000
   401         21  (g)                -52   318   318   541   541   102   110    -25.223     82.509    398.286    407.523      0.000
   402          2  (u)                -51   172     0   586   587   253     0     -0.472      1.812     26.846     26.913      0.330
   403         21  (g)                -51   172     0   588   588   160   253      0.627     -0.059      4.908      4.948      0.000
   404         -2  (ubar)             -52   173   173   863   863     0   160     -0.156     -1.754     14.469     14.579      0.330
   405         21  (g)                -51   390     0   455   455   242   255     -1.081     -0.826      8.109      8.223      0.000
   406         21  (g)                -51   390     0   458   458   255   245      0.716     -0.012      0.705      1.005      0.000
   407         21  (g)                -52   392   392   457   457   245   248     -0.536      0.639    -12.491     12.519      0.000
   408         21  (g)                -51   358     0   540   540   131   256     17.106      5.535    -24.172     30.125      0.000
   409         21  (g)                -51   358     0   572   572   256   209      5.626      2.369     -9.763     11.515      0.000
   410         21  (g)                -52   286   286   497   498   209   104      0.401     -0.253     -2.081      2.134      0.000
   411         21  (g)                -31   946   946   413   414   257   258      0.000      0.000     18.582     18.582      0.000
   412         21  (g)                -31   947   947   413   414   259   260      0.000      0.000     -0.034      0.034      0.000
   413         21  (g)                -33   411   412   948   948   257   260      0.149      0.780      8.765      8.801      0.000
   414         21  (g)                -33   411   412   949   949   259   258     -0.149     -0.780      9.783      9.815      0.000
   415         21  (g)                -51   288     0   542   542   210   261    103.977     34.039   -112.314    156.794      0.000
   416         21  (g)                -51   288     0   431   432   261   111     18.864      5.778    -19.203     27.531      0.000
   417         21  (g)                -52   119   119   433   433   111   109    279.729     68.579   -329.514    437.642      0.000
   418         21  (g)                -42   788   788   270   270   119   118      0.000      0.000    387.724    387.724      0.000
   419         21  (g)                -41   789   789   427   239   262   120     -0.000     -0.000    -52.562     52.562      0.000
   420         21  (g)                -44   240   240   790   790   161   120      1.950      3.948      8.124      9.241      0.000
   421         21  (g)                -44   268   268   607   607   200   136     -5.578     -2.460    207.778    207.868      0.000
   422         21  (g)                -44   372   372   605   606   136   240      2.844      0.304     57.148     57.219      0.000
   423         21  (g)                -44   374   374   793   793   121   161      1.871     -0.528      1.715      2.592      0.000
   424         21  (g)                -44   244   244   509   509   190   118      1.223      0.618      1.219      1.834      0.000
   425         21  (g)                -44   269   269   795   795   119   200     -2.260     -3.095    109.111    109.178      0.000
   426         21  (g)                -44   373   373   796   796   240   121     -0.060      0.419      1.169      1.244      0.000
   427         21  (g)                -43   419     0   507   508   262   190      0.010      0.794    -51.103     51.109      0.000
   428         21  (g)                -51   398     0   777   777   116   263      2.589      2.998     -1.251      4.154      0.000
   429         21  (g)                -51   398     0   471   471   263   156      3.497      2.597     -2.966      5.270      0.000
   430         21  (g)                -52   222   222   437   438   156   114     -0.574      1.870      0.393      1.995      0.000
   431          1  (d)                -51   416     0   573   573   261     0     19.903      5.142    -20.877     29.301      0.330
   432         -1  (dbar)             -51   416     0   474   474     0   111      6.204      2.411     -6.858      9.563      0.330
   433         21  (g)                -52   417   417   472   473   111   109    272.486     66.803   -320.982    426.310      0.000
   434         21  (g)                -51   128     0   685   685   144   264     -0.943     -2.371     -1.187      2.814      0.000
   435         21  (g)                -51   128     0   689   689   264   135     -0.026      0.234     -0.324      0.401      0.000
   436         21  (g)                -52   331   331   683   683   135   226     -1.219     -0.688      0.630      1.535      0.000
   437         21  (g)                -51   430     0   469   470   156   265     -0.050      1.683      1.303      2.129      0.000
   438         21  (g)                -51   430     0   785   785   265   114     -0.525      0.187     -0.189      0.588      0.000
   439         21  (g)                -53   774   774   336   336   130   114     -0.000      0.000     10.460     10.460      0.000
   440          1  (d)                -31   950   950   442   443   266     0      0.000      0.000     80.864     80.864      0.000
   441          1  (d)                -31   951   951   442   443   267     0      0.000      0.000     -3.126      3.126      0.000
   442          1  (d)                -33   440   441   952   952   266     0     -0.364     -0.664     -3.069      3.178      0.330
   443          1  (d)                -33   440   441   953   953   267     0      0.364      0.664     80.807     80.811      0.330
   444          2  (u)                -51   303     0   923   923   268     0     -0.894     -1.385    211.664    211.671      0.330
   445         21  (g)                -51   303     0   638   639   217   268      0.615      0.255     25.288     25.296      0.000
   446          2  (u)                -53   640   640   302   302   217     0      0.000      0.000    -10.380     10.380      0.000
   447         21  (g)                -51   316     0   546   546   138   269      1.599      3.925     10.526     11.348      0.000
   448         21  (g)                -51   316     0   575   575   269   222      0.270     -0.122      0.934      0.979      0.000
   449         21  (g)                -52   317   317   566   566   222   102     -1.504      4.019     17.437     17.958      0.000
   450         21  (g)                -51   370     0   936   936   272   239      0.737     -0.173    -15.625     15.643      0.000
   451         21  (g)                -51   370     0   937   937   237   272     -0.464      0.550    -28.731     28.740      0.000
   452         21  (g)                -52   371   371   934   934   236   237      0.025      0.259    -17.407     17.409      0.000
   453         -1  (dbar)             -41   665     0   459   388     0   243      0.000      0.000     72.693     72.693      0.000
   454         21  (g)                -42   666   666   389   389   244   248     -0.000     -0.000    -12.715     12.715      0.000
   455         21  (g)                -44   405   405   667   667   242   255     -1.040     -0.762      8.140      8.242      0.000
   456         21  (g)                -44   391   391   668   668   244   243      1.202      0.664     60.173     60.189      0.000
   457         21  (g)                -44   407   407   669   669   245   248     -0.536      0.640    -12.454     12.482      0.000
   458         21  (g)                -44   406   406   670   670   255   245      0.721     -0.005      0.706      1.009      0.000
   459         -1  (dbar)             -43   453     0   671   671     0   242     -0.347     -0.536      3.412      3.487      0.330
   460         21  (g)                -51   166     0   817   817   157   273     -2.441      0.385     -3.189      4.035      0.000
   461         21  (g)                -51   166     0   818   818   273   126      0.239     -0.310     -0.424      0.577      0.000
   462         21  (g)                -52   165   165   816   816   126   128     -2.589      4.682    -98.177     98.323      0.000
   463         21  (g)                -51   236     0   491   492   189   274     -4.491      1.374    -10.375     11.388      0.000
   464         21  (g)                -51   236     0   576   576   274   103    -10.229      5.129    -29.947     32.059      0.000
   465         21  (g)                -52   264   264   550   550   103   137     -2.493     -3.261     -2.435      4.772      0.000
   466         21  (g)                -51   207     0   479   479   145   275     -0.557     -1.668      1.092      2.070      0.000
   467         21  (g)                -51   207     0   483   483   275   125     -0.049      0.568     -0.295      0.642      0.000
   468         21  (g)                -52   395   395   481   481   125   175     -1.644      3.550     -3.074      4.975      0.000
   469         21  (g)                -51   437     0   779   779   276   265      0.264      1.674      0.074      1.696      0.000
   470         21  (g)                -51   437     0   649   649   156   276      0.041      0.273      0.928      0.968      0.000
   471         21  (g)                -52   429   429   647   648   263   156      3.142      2.333     -2.665      4.735      0.000
   472         21  (g)                -51   433     0   534   534   277   109    234.289     57.606   -276.959    367.310      0.000
   473         21  (g)                -51   433     0   577   577   111   277     38.558      9.351    -44.414     59.555      0.000
   474         -1  (dbar)             -52   432   432   574   574     0   111      5.843      2.257     -6.466      9.008      0.330
   475         -2  (ubar)             -41   801   801   484   129     0   278     -0.000     -0.000    956.529    956.529      0.000
   476         21  (g)                -42   802   802   130   130   145   124      0.000     -0.000     -6.684      6.684      0.000
   477         -2  (ubar)             -44   131   131   803   803     0   124      4.453     -2.461    912.782    912.796      0.330
   478         21  (g)                -44   153   153   488   489   154   123     -1.479     -0.755      0.881      1.880      0.000
   479         21  (g)                -44   466   466   805   805   145   275     -0.558     -1.668      1.093      2.071      0.000
   480         21  (g)                -44   393   393   806   806   249   154     -0.798     -0.327     -0.161      0.877      0.000
   481         21  (g)                -44   468   468   807   807   125   175     -1.645      3.551     -3.072      4.975      0.000
   482         21  (g)                -44   394   394   808   808   175   249     -0.541      1.460      0.225      1.573      0.000
   483         21  (g)                -44   467   467   809   809   275   125     -0.049      0.568     -0.295      0.642      0.000
   484         21  (g)                -43   475     0   490   490   123   278      0.617     -0.368     38.392     38.398      0.000
   485         21  (g)                -51   383     0   570   570   112   279     -1.264      0.162   -451.700    451.702      0.000
   486         21  (g)                -51   383     0   578   578   279   246     -0.324      0.105    -18.333     18.336      0.000
   487          1  (d)                -52   382   382   548   548   246     0     -2.880      1.441   -608.533    608.541      0.330
   488         21  (g)                -51   478     0   804   804   154   280     -1.747     -0.282      1.709      2.460      0.000
   489         21  (g)                -51   478     0   604   604   280   123      0.290     -0.486      0.522      0.770      0.000
   490         21  (g)                -52   484   484   602   603   123   278      0.595     -0.355     37.041     37.048      0.000
   491         21  (g)                -51   463     0   558   558   281   274     -3.898      2.139    -10.541     11.441      0.000
   492         21  (g)                -51   463     0   579   579   189   281     -0.973     -0.193     -2.230      2.441      0.000
   493         21  (g)                -52   235   235   539   539   167   189     -0.744      1.121     -4.691      4.880      0.000
   494         21  (g)                -51   375     0   684   684   282   199      0.976      1.965     -9.691      9.936      0.000
   495         21  (g)                -51   375     0   690   690   241   282     -0.480      0.423     -2.504      2.584      0.000
   496         21  (g)                -52   376   376   688   688   133   241      0.413      0.709     -1.091      1.365      0.000
   497         21  (g)                -51   410     0   562   562   209   283      2.752     -2.393     -5.452      6.559      0.000
   498         21  (g)                -51   410     0   580   580   283   104      1.008     -1.611     -4.933      5.287      0.000
   499         21  (g)                -52   287   287   538   538   104   107      7.922     -8.846    -19.585     22.903      0.000
   500         21  (g)                -51   353     0   652   652   284   141      0.405      0.237      1.911      1.967      0.000
   501         21  (g)                -51   353     0   650   651   232   284     -0.619      0.117     13.334     13.349      0.000
   502         21  (g)                -52   354   354   839   839   158   232     -0.730     -0.092      3.270      3.352      0.000
   503         21  (g)                -31   954   954   505   506   287   286      0.000      0.000      4.926      4.926      0.000
   504         -2  (ubar)             -31   955   955   505   506     0   285      0.000      0.000     -1.238      1.238      0.000
   505         21  (g)                -33   503   504   956   956   287   285     -0.151     -0.683      4.776      4.828      0.000
   506         -2  (ubar)             -33   503   504   957   957     0   286      0.151      0.683     -1.089      1.336      0.330
   507         21  (g)                -51   427     0   797   797   262   288      0.444     -0.401     -8.625      8.646      0.000
   508         21  (g)                -51   427     0   589   590   288   190     -0.420      1.201    -42.465     42.484      0.000
   509         21  (g)                -52   424   424   591   591   190   118      1.209      0.612      1.206      1.814      0.000
   510         21  (g)                -51   152     0   544   544   117   289     -6.944     -3.290      4.182      8.748      0.000
   511         21  (g)                -51   152     0   581   581   289   122     -1.518      0.117      0.838      1.738      0.000
   512          2  (u)                -52   151   151   554   554   122     0     -2.072     -1.143     10.575     10.842      0.330
   513         21  (g)                -31   958   958   515   516   291   290      0.000      0.000     15.451     15.451      0.000
   514         21  (g)                -31   959   959   515   516   293   292      0.000      0.000     -0.616      0.616      0.000
   515         21  (g)                -33   513   514   960   960   293   290     -0.679     -0.174     -0.406      0.810      0.000
   516         21  (g)                -33   513   514   961   961   291   292      0.679      0.174     15.241     15.257      0.000
   517         21  (g)                -42   706   706   345   345   176   177     -0.000     -0.000      7.998      7.998      0.000
   518         21  (g)                -41   707     0   522   346   294   179      0.000      0.000   -121.113    121.113      0.000
   519         21  (g)                -44   347   347   708   708   176   179      1.650      0.503      7.874      8.061      0.000
   520         21  (g)                -44   348   348   709   709   178   177     -1.488     -1.083    -64.683     64.709      0.000
   521         21  (g)                -44   349   349   710   710   230   178     -0.114      1.274    -30.860     30.887      0.000
   522         21  (g)                -43   518     0   711   711   294   230     -0.048     -0.695    -25.445     25.454      0.000
   523         -2  (ubar)             -51   343     0   869   869     0   295      1.474      0.582     -4.085      4.394      0.330
   524         21  (g)                -51   343     0   871   871   295   164      0.115      0.482      0.209      0.538      0.000
   525         21  (g)                -52   342   342   868   868   164   163     -2.565     -1.491      5.503      6.252      0.000
   526         -1  (dbar)             -51   365     0   902   902     0   296      0.184     -0.592      0.468      0.844      0.330
   527         21  (g)                -51   365     0   904   904   296   193     -0.705     -0.615      3.249      3.380      0.000
   528          1  (d)                -52   364   364   903   903   193     0      0.090      1.526     36.012     36.046      0.330
   529         21  (g)                -51   314     0   929   929   297   220      0.314      0.214    512.474    512.474      0.000
   530         21  (g)                -51   314     0   931   931   221   297      0.653      0.391     33.360     33.369      0.000
   531         -2  (ubar)             -52   315   315   930   930     0   221     -0.967     -0.605    -21.793     21.825      0.330
   532         21  (g)                -41   713   713   582   324   298   105      0.000      0.000    974.134    974.134      0.000
   533          1  (d)                -42   714   714   293   293   108     0      0.000     -0.000  -2361.747   2361.747      0.000
   534         21  (g)                -44   472   472   715   715   277   109    234.258     57.618   -276.887    367.237      0.000
   535         21  (g)                -44   281   281   716   716   155   146   -127.586    -67.226    -23.167    146.063      0.000
   536         21  (g)                -44   399   399   592   593   252   106    -14.977     20.854     74.799     79.083      0.000
   537         21  (g)                -44   232   232   594   594   106   188    -11.430    -16.814     52.169     55.991      0.000
   538         21  (g)                -44   499   499   719   719   104   107      7.921     -8.845    -19.581     22.900      0.000
   539         21  (g)                -44   493   493   720   720   167   189     -0.744      1.121     -4.691      4.880      0.000
   540         21  (g)                -44   408   408   721   721   131   256     17.104      5.536    -24.167     30.120      0.000
   541         21  (g)                -44   401   401   623   624   102   110    -25.494     82.610    398.267    407.543      0.000
   542         21  (g)                -44   415   415   632   633   210   261    103.962     34.045   -112.283    156.763      0.000
   543         -4  (cbar)             -44   384   384   724   724     0   112     -0.402     -4.614   -247.435    247.483      1.500
   544         21  (g)                -44   510   510   583   584   117   289     -6.948     -3.289      4.180      8.750      0.000
   545          4  (c)                -44   282   282   726   726   208     0      5.231     -7.757    -37.992     39.156      1.500
   546         21  (g)                -44   447   447   608   609   138   269      1.592      3.928     10.526     11.348      0.000
   547         21  (g)                -44   322   322   728   728   224   129      3.840     -1.335      2.115      4.583      0.000
   548          1  (d)                -44   487   487   729   729   246     0     -2.880      1.441   -608.533    608.541      0.330
   549         21  (g)                -44   366   366   730   730   139   238     -0.065      0.316      0.319      0.453      0.000
   550         21  (g)                -44   465   465   613   613   103   137     -2.494     -3.260     -2.435      4.773      0.000
   551         -2  (ubar)             -44   150   150   610   610     0   138     -6.316      5.526     21.728     23.295      0.330
   552         21  (g)                -44   118   118   733   733   109   139     22.122      1.846    -25.528     33.830      0.000
   553         21  (g)                -44   279   279   585   585   207   117    -32.673    -19.444     -3.236     38.159      0.000
   554          2  (u)                -44   512   512   735   735   122     0     -2.079     -1.140     10.575     10.842      0.330
   555         21  (g)                -44   294   294   736   736   212   155    -52.288    -27.965     -8.927     59.965      0.000
   556         21  (g)                -44   291   291   737   737   211   167     -4.532      1.459    -16.005     16.698      0.000
   557         21  (g)                -44   233   233   738   738   188   105     -3.397     -4.063     21.532     22.173      0.000
   558         21  (g)                -44   491   491   739   739   281   274     -3.899      2.139    -10.543     11.442      0.000
   559         21  (g)                -44   296   296   740   740   137   198    -10.515     -6.470     -2.594     12.616      0.000
   560         21  (g)                -44   280   280   617   618   146   207    -12.049     -6.130     -2.810     13.808      0.000
   561         21  (g)                -44   283   283   742   742   107   208     -0.125     -1.500     -4.021      4.293      0.000
   562         21  (g)                -44   497   497   626   627   209   283      2.751     -2.393     -5.451      6.558      0.000
   563         21  (g)                -44   289   289   744   744   129   210      3.985      0.376     -3.239      5.149      0.000
   564         21  (g)                -44   292   292   745   745   108   211     -1.296     -0.941    -14.846     14.932      0.000
   565         21  (g)                -44   295   295   746   746   198   212   -131.008    -74.275    -23.316    152.392      0.000
   566         21  (g)                -44   449   449   747   747   222   102     -1.516      4.023     17.436     17.959      0.000
   567         21  (g)                -44   323   323   631   631   101   224      1.527     -1.487     -0.246      2.146      0.000
   568         21  (g)                -44   368   368   749   749   233   131      0.277      0.255     -0.281      0.470      0.000
   569         21  (g)                -44   367   367   750   750   238   233      1.546      1.345     -2.097      2.932      0.000
   570         21  (g)                -44   485   485   751   751   112   279     -1.264      0.162   -451.700    451.702      0.000
   571         21  (g)                -44   400   400   625   625   110   252     -8.930     12.037     39.920     42.641      0.000
   572         21  (g)                -44   409   409   628   628   256   209      5.625      2.370     -9.762     11.513      0.000
   573          1  (d)                -44   431   431   634   634   261     0     19.900      5.143    -20.871     29.295      0.330
   574         -1  (dbar)             -44   474   474   755   755     0   111      5.842      2.258     -6.464      9.007      0.330
   575         21  (g)                -44   448   448   756   756   269   222      0.269     -0.121      0.934      0.979      0.000
   576         21  (g)                -44   464   464   611   612   274   103    -10.230      5.130    -29.951     32.063      0.000
   577         21  (g)                -44   473   473   758   758   111   277     38.553      9.353    -44.402     59.543      0.000
   578         21  (g)                -44   486   486   759   759   279   246     -0.324      0.105    -18.333     18.336      0.000
   579         21  (g)                -44   492   492   760   760   189   281     -0.973     -0.193     -2.231      2.441      0.000
   580         21  (g)                -44   498   498   761   761   283   104      1.008     -1.611     -4.933      5.286      0.000
   581         21  (g)                -44   511   511   762   762   289   122     -1.519      0.117      0.837      1.739      0.000
   582         21  (g)                -43   532     0   629   630   298   101      0.639     -0.238     26.003     26.012      0.000
   583         21  (g)                -51   544     0   725   725   299   289     -5.362     -3.033      3.701      7.186      0.000
   584         21  (g)                -51   544     0   646   646   117   299     -2.943     -1.064      0.344      3.149      0.000
   585         21  (g)                -52   553   553   619   619   207   117    -31.316    -18.637     -3.102     36.574      0.000
   586          2  (u)                -51   402     0   862   862   300     0     -0.545      1.723     21.569     21.647      0.330
   587         21  (g)                -51   402     0   865   865   253   300      0.410      0.058      7.917      7.928      0.000
   588         21  (g)                -52   403   403   864   864   160   253      0.290     -0.027      2.268      2.287      0.000
   589         21  (g)                -51   508     0   798   798   288   301     -0.335     -0.428     -3.431      3.473      0.000
   590         21  (g)                -51   508     0   799   799   301   190     -0.061      1.642    -39.011     39.045      0.000
   591         21  (g)                -52   509   509   794   794   190   118      1.186      0.600      1.182      1.779      0.000
   592         21  (g)                -51   536     0   717   717   252   302    -15.213     20.696     75.575     79.820      0.000
   593         21  (g)                -51   536     0   765   765   302   106      0.061     -0.100      0.023      0.120      0.000
   594         21  (g)                -52   537   537   718   718   106   188    -11.255    -16.556     51.370     55.134      0.000
   595         21  (g)                -51   332     0   687   687   226   303     -0.520     -1.370      0.661      1.607      0.000
   596         21  (g)                -51   332     0   691   691   303   132      0.021     -1.525      2.504      2.932      0.000
   597         21  (g)                -53   681     0   377   377   133   132      0.000      0.000      6.173      6.173      0.000
   598         21  (g)                -31   962   962   600   601   304   305      0.000      0.000      0.015      0.015      0.000
   599         21  (g)                -31   963   963   600   601   306   307      0.000      0.000   -198.958    198.958      0.000
   600         21  (g)                -33   598   599   964   964   304   307      0.629     -0.229     -7.543      7.572      0.000
   601         21  (g)                -33   598   599   965   965   306   305     -0.629      0.229   -191.400    191.402      0.000
   602         21  (g)                -51   490     0   810   810   308   278      0.906     -0.383     36.191     36.204      0.000
   603         21  (g)                -51   490     0   812   812   123   308     -0.259     -0.058      0.942      0.979      0.000
   604         21  (g)                -52   489   489   811   811   280   123      0.239     -0.401      0.430      0.635      0.000
   605         21  (g)                -51   422     0   792   792   309   240      1.958      0.770     49.723     49.767      0.000
   606         21  (g)                -51   422     0   800   800   136   309      0.720     -0.539     13.600     13.630      0.000
   607         21  (g)                -52   421   421   791   791   200   136     -5.412     -2.387    201.603    201.690      0.000
   608         21  (g)                -51   546     0   727   727   310   269     -0.478      1.053      4.275      4.429      0.000
   609         21  (g)                -51   546     0   766   766   138   310      1.543      3.335      8.060      8.858      0.000
   610         -2  (ubar)             -52   551   551   732   732     0   138     -5.788      5.067     19.919     21.356      0.330
   611         21  (g)                -51   576     0   757   757   274   311    -10.178      4.511    -29.284     31.328      0.000
   612         21  (g)                -51   576     0   767   767   311   103     -0.148      0.492     -0.762      0.919      0.000
   613         21  (g)                -52   550   550   731   731   103   137     -2.397     -3.134     -2.341      4.588      0.000
   614         21  (g)                -51   319     0   635   636   153   312     -1.101     -0.139      1.588      1.937      0.000
   615         21  (g)                -51   319     0   858   858   312   223     -0.516     -0.551     -0.047      0.756      0.000
   616         21  (g)                -52   320   320   857   857   223   174     -0.616      0.718      0.982      1.364      0.000
   617         21  (g)                -51   560     0   741   741   146   313     -6.597     -2.985     -0.799      7.285      0.000
   618         21  (g)                -51   560     0   768   768   313   207    -11.305     -6.629     -2.591     13.359      0.000
   619         21  (g)                -52   585   585   644   645   207   117    -25.463    -15.153     -2.522     29.738      0.000
   620         21  (g)                -51   385     0   847   847   314   169     -1.252     -0.665     20.408     20.457      0.000
   621         21  (g)                -51   385     0   849   849   247   314      0.221     -0.641      6.339      6.375      0.000
   622         21  (g)                -52   386   386   848   848   148   247      0.090      0.262      0.687      0.741      0.000
   623         21  (g)                -51   541     0   722   722   102   315    -25.154     81.382    393.753    402.862      0.000
   624         21  (g)                -51   541     0   769   769   315   110     -0.578      1.548      5.575      5.814      0.000
   625         21  (g)                -52   571   571   752   752   110   252     -8.693     11.717     38.860     41.508      0.000
   626         -1  (dbar)             -51   562     0   743   743     0   283      2.871     -2.112     -6.160      7.125      0.330
   627          1  (d)                -51   562     0   770   770   209     0      0.501     -0.020     -0.368      0.704      0.330
   628         21  (g)                -52   572   572   753   753   256   209      5.004      2.108     -8.684     10.242      0.000
   629         21  (g)                -51   582     0   763   763   298   316      0.987      0.222     22.294     22.317      0.000
   630         21  (g)                -51   582     0   771   771   316   101     -0.309     -0.497      3.703      3.749      0.000
   631         21  (g)                -52   567   567   748   748   101   224      1.489     -1.449     -0.240      2.092      0.000
   632         21  (g)                -51   542     0   723   723   210   318     88.909     28.435    -95.478    133.527      0.000
   633         21  (g)                -51   542     0   772   772   318   261     18.160      6.381    -20.049     27.794      0.000
   634          1  (d)                -52   573   573   754   754   261     0     16.793      4.372    -17.627     24.737      0.330
   635         21  (g)                -51   614     0   854   854   319   312     -1.204      0.099      2.508      2.784      0.000
   636         21  (g)                -51   614     0   859   859   153   319      0.523     -0.499      2.297      2.408      0.000
   637         21  (g)                -52   308   308   853   853   151   153      3.389     -2.119     25.997     26.303      0.000
   638         21  (g)                -51   445     0   925   925   320   268     -0.001     -0.315     16.710     16.713      0.000
   639         21  (g)                -51   445     0   926   926   217   320      0.616      0.571      8.560      8.601      0.000
   640          2  (u)                -53   922   922   446   446   217     0      0.000      0.000    -10.397     10.397      0.000
   641         21  (g)                -51   338     0   882   882   228   321      0.818      0.606     -3.574      3.716      0.000
   642         21  (g)                -51   338     0   883   883   321   173     -0.187      0.375      1.856      1.902      0.000
   643          1  (d)                -52   339   339   881   881   173     0     -1.093     -0.258    214.251    214.255      0.330
   644         21  (g)                -51   619     0   734   734   207   322    -22.672    -13.872     -2.125     26.664      0.000
   645         21  (g)                -51   619     0   773   773   322   117     -3.654     -1.593     -0.296      3.997      0.000
   646         21  (g)                -52   584   584   764   764   117   299     -2.080     -0.752      0.243      2.225      0.000
   647          2  (u)                -51   471     0   784   784   263     0      0.787      0.174     -0.115      0.878      0.330
   648         -2  (ubar)             -51   471     0   787   787     0   156      2.363      2.208     -2.383      4.031      0.330
   649         21  (g)                -52   470   470   786   786   156   276      0.034      0.224      0.761      0.794      0.000
   650         21  (g)                -51   501     0   840   840   232   324     -0.116      0.524     13.873     13.884      0.000
   651         21  (g)                -51   501     0   841   841   324   284     -0.195     -0.227      0.915      0.963      0.000
   652         21  (g)                -52   500   500   836   836   284   141      0.097      0.057      0.457      0.470      0.000
   653         21  (g)                -31   966   966   655   656   326   325      0.000      0.000     95.238     95.238      0.000
   654         21  (g)                -31   967   967   655   656   325   327      0.000      0.000   -794.791    794.791      0.000
   655         21  (g)                -33   653   654   968   968   328   327     -0.396      0.464   -794.789    794.790      0.000
   656         21  (g)                -33   653   654   969   969   326   328      0.396     -0.464     95.237     95.239      0.000
   657         21  (g)                -31   697   697   659   660   329   330      0.000      0.000      1.434      1.434      0.000
   658         21  (g)                -31   698     0   659   660   331   329      0.000      0.000   -123.104    123.104      0.000
   659         21  (g)                -33   657   658   699   699   331   332     -0.566      0.081   -123.047    123.048      0.000
   660         21  (g)                -33   657   658   700   700   332   330      0.566     -0.081      1.376      1.490      0.000
   661         21  (g)                -31   975   975   663   664   334   333      0.000      0.000     29.337     29.337      0.000
   662         21  (g)                -31   976   976   663   664   335   334      0.000      0.000     -2.095      2.095      0.000
   663         21  (g)                -33   661   662   977   977   336   333     -0.477      0.205     29.302     29.307      0.000
   664         21  (g)                -33   661   662   978   978   335   336      0.477     -0.205     -2.061      2.125      0.000
   665         21  (g)                -41   938   938   672   453   337   243      0.000     -0.000     95.233     95.233      0.000
   666         21  (g)                -42   939   939   454   454   244   248     -0.000     -0.000    -12.715     12.715      0.000
   667         21  (g)                -44   455   455   940   940   242   255     -1.007     -0.761      8.144      8.241      0.000
   668         21  (g)                -44   456   456   941   941   244   243      1.446      0.675     60.182     60.203      0.000
   669         21  (g)                -44   457   457   942   942   245   248     -0.536      0.640    -12.450     12.478      0.000
   670         21  (g)                -44   458   458   943   943   255   245      0.724     -0.005      0.705      1.010      0.000
   671         -1  (dbar)             -44   459   459   944   944     0   242     -0.333     -0.535      3.413      3.487      0.330
   672          1  (d)                -43   665     0   945   945   337     0     -0.295     -0.013     22.525     22.529      0.330
   673         21  (g)                -31   979   979   675   676   338   339      0.000      0.000      9.896      9.896      0.000
   674         -2  (ubar)             -31   980   980   675   676     0   338      0.000      0.000     -0.316      0.316      0.000
   675         21  (g)                -33   673   674   981   981   340   339     -0.386      0.075      9.681      9.689      0.000
   676         -2  (ubar)             -33   673   674   982   982     0   340      0.386     -0.075     -0.101      0.523      0.330
   677          1  (d)                -31   983   983   679   680   341     0      0.000      0.000      2.163      2.163      0.000
   678         21  (g)                -31   984   984   679   680   342   341      0.000      0.000    -45.117     45.117      0.000
   679          1  (d)                -33   677   678   985   985   343     0      0.044      0.379      2.132      2.191      0.330
   680         21  (g)                -33   677   678   986   986   342   343     -0.044     -0.379    -45.087     45.088      0.000
   681         21  (g)                -41   819   819   692   597   344   132      0.000      0.000     13.127     13.127      0.000
   682         21  (g)                -42   820   820   267   267   144   134      0.000      0.000    -46.233     46.233      0.000
   683         21  (g)                -44   436   436   821   821   135   226     -1.234     -0.740      0.604      1.561      0.000
   684         21  (g)                -44   494   494   822   822   282   199      0.974      1.960     -9.635      9.880      0.000
   685         21  (g)                -44   434   434   823   823   144   264     -0.955     -2.410     -1.251      2.878      0.000
   686         21  (g)                -44   266   266   824   824   199   134      1.775      2.618    -28.978     29.150      0.000
   687         21  (g)                -44   595   595   825   825   226   303     -0.536     -1.425      0.624      1.645      0.000
   688         21  (g)                -44   496   496   826   826   133   241      0.411      0.702     -1.071      1.345      0.000
   689         21  (g)                -44   435   435   827   827   264   135     -0.026      0.232     -0.319      0.395      0.000
   690         21  (g)                -44   495   495   828   828   241   282     -0.480      0.421     -2.497      2.577      0.000
   691         21  (g)                -44   596   596   829   829   303   132     -0.018     -1.656      2.467      2.971      0.000
   692         21  (g)                -43   681     0   830   830   344   133      0.089      0.298      6.950      6.957      0.000
   693          3  (s)                -31   987   987   695   696   345     0      0.000      0.000      0.006      0.006      0.000
   694         21  (g)                -31   988   988   695   696   346   345      0.000      0.000   -164.527    164.527      0.000
   695          3  (s)                -33   693   694   989   989   347     0     -0.196      0.132    -12.682     12.695      0.500
   696         21  (g)                -33   693   694   990   990   346   347      0.196     -0.132   -151.838    151.838      0.000
   697         21  (g)                -42   970   970   657   657   329   330      0.000     -0.000      1.434      1.434      0.000
   698         21  (g)                -41   971   971   701   658   331   348     -0.000      0.000   -125.985    125.985      0.000
   699         21  (g)                -44   659   659   972   972   331   332     -0.767      0.167   -123.473    123.476      0.000
   700         21  (g)                -44   660   660   973   973   332   330      0.566     -0.081      1.370      1.485      0.000
   701         21  (g)                -43   698     0   974   974   329   348      0.201     -0.085     -2.449      2.458      0.000
   702         21  (g)                -31   991   991   704   705   350   349      0.000      0.000      0.402      0.402      0.000
   703          1  (d)                -31   992   992   704   705   349     0      0.000      0.000     -6.293      6.293      0.000
   704         21  (g)                -33   702   703   993   993   350   351      0.173     -0.112      0.370      0.423      0.000
   705          1  (d)                -33   702   703   994   994   351     0     -0.173      0.112     -6.260      6.272      0.330
   706         21  (g)                -42   884   884   517   517   176   177     -0.000      0.000      7.998      7.998      0.000
   707         21  (g)                -41   885   885   712   518   294   352      0.000     -0.000   -259.578    259.578      0.000
   708         21  (g)                -44   519   519   886   886   176   179      1.650      0.503      7.874      8.061      0.000
   709         21  (g)                -44   520   520   887   887   178   177     -1.500     -0.975    -64.685     64.710      0.000
   710         21  (g)                -44   521   521   888   888   230   178     -0.120      1.325    -30.860     30.888      0.000
   711         21  (g)                -44   522   522   889   889   294   230     -0.053     -0.653    -25.446     25.454      0.000
   712         21  (g)                -43   707     0   890   890   179   352      0.023     -0.201   -138.463    138.463      0.000
   713         21  (g)                -61     1     0   532   532   192   105     -0.201     -0.574    974.134    974.134      0.000
   714          1  (d)                -61     2     0   533   533   236     0     -3.236     -2.362  -2361.748   2361.752      0.000
   715         21  (g)                -62   534   534  1205  1205   277   109    233.808     57.269   -277.035    367.007      0.000
   716         21  (g)                -62   535   535  1530  1530   155   146   -127.715    -67.347    -23.079    146.217      0.000
   717         21  (g)                -62   592   592  1354  1354   252   302    -15.232     20.648     75.579     79.816      0.000
   718         21  (g)                -62   594   594  1349  1349   106   324    -11.269    -16.590     51.380     55.156      0.000
   719         21  (g)                -62   538   538  1160  1160   104   273      7.892     -8.867    -19.584     22.900      0.000
   720         21  (g)                -62   539   539  1020     0   167   189     -0.751      1.116     -4.691      4.880      0.000
   721         21  (g)                -62   540   540  1118  1118   131   256     17.066      5.507    -24.178     30.102      0.000
   722         21  (g)                -62   623   623  1357  1357   102   315    -25.242     81.143    393.751    402.817      0.000
   723         21  (g)                -62   632   632  1439  1439   210   318     88.748     28.309    -95.536    133.434      0.000
   724         -4  (cbar)             -62   543   543  1057     0     0   294     -0.741     -4.862   -247.434    247.488      1.500
   725         21  (g)                -62   583   583  1537  1537   299   142     -5.365     -3.038      3.705      7.193      0.000
   726          4  (c)                -62   545   545  1157  1157   208     0      5.178     -7.796    -37.993     39.158      1.500
   727         21  (g)                -62   608   608  1039     0   310   269     -0.479      1.051      4.275      4.429      0.000
   728         21  (g)                -62   547   547  1443  1443   224   121      3.838     -1.338      2.113      4.581      0.000
   729          1  (d)                -62   548   548  1174  1174   246     0     -3.713      0.832   -608.532    608.544      0.330
   730         21  (g)                -62   549   549  1043     0   139   149     -0.065      0.316      0.319      0.453      0.000
   731         21  (g)                -62   613   613  1524  1524   103   144     -2.402     -3.139     -2.339      4.593      0.000
   732         -2  (ubar)             -62   610   610  1370  1370     0   161     -5.793      5.054     19.922     21.356      0.330
   733         21  (g)                -62   552   552  1204  1204   109   174     22.080      1.814    -25.541     33.811      0.000
   734         21  (g)                -62   644   644  1533  1533   207   322    -22.694    -13.893     -2.109     26.693      0.000
   735          2  (u)                -62   554   554  1026     0   122     0     -2.082     -1.147     10.576     10.845      0.330
   736         21  (g)                -62   555   555  1529  1529   212   155    -52.340    -28.015     -8.890     60.028      0.000
   737         21  (g)                -62   556   556  1513  1513   211   241     -4.554      1.443    -16.003     16.701      0.000
   738         21  (g)                -62   557   557  1347  1347   188   242     -3.402     -4.076     21.535     22.179      0.000
   739         21  (g)                -62   558   558  1022     0   281   245     -3.914      2.128    -10.541     11.444      0.000
   740         21  (g)                -62   559   559  1527  1527   137   198    -10.527     -6.480     -2.587     12.629      0.000
   741         21  (g)                -62   617   617  1531  1531   146   313     -6.604     -2.990     -0.795      7.293      0.000
   742         21  (g)                -62   561   561  1158  1158   107   208     -0.131     -1.504     -4.020      4.294      0.000
   743         -1  (dbar)             -62   626   626  1163  1163     0   147      2.862     -2.119     -6.162      7.124      0.330
   744         21  (g)                -62   563   563  1440  1440   129   210      3.979      0.371     -3.241      5.145      0.000
   745         21  (g)                -62   564   564  1511  1511   108   288     -1.317     -0.956    -14.845     14.934      0.000
   746         21  (g)                -62   565   565  1528  1528   198   212   -131.141    -74.401    -23.224    152.555      0.000
   747         21  (g)                -62   566   566  1038     0   222   102     -1.520      4.012     17.436     17.957      0.000
   748         21  (g)                -62   631   631  1055     0   101   251      1.487     -1.451     -0.241      2.092      0.000
   749         21  (g)                -62   568   568  1046     0   233   133      0.277      0.255     -0.281      0.470      0.000
   750         21  (g)                -62   569   569  1046     0   238   233      1.542      1.343     -2.098      2.929      0.000
   751         21  (g)                -62   570   570  1177  1177   112   306     -1.883     -0.290   -451.699    451.703      0.000
   752         21  (g)                -62   625   625  1355  1355   110   252     -8.703     11.692     38.862     41.506      0.000
   753         21  (g)                -62   628   628  1117  1117   256   293      4.991      2.098     -8.688     10.237      0.000
   754          1  (d)                -62   634   634  1437  1437   261     0     16.763      4.349    -17.637     24.721      0.330
   755         -1  (dbar)             -62   574   574  1207  1207     0   111      5.831      2.249     -6.468      9.000      0.330
   756         21  (g)                -62   575   575  1033     0   269   153      0.269     -0.122      0.934      0.979      0.000
   757         21  (g)                -62   611   611  1518  1518   274   311    -10.220      4.481    -29.279     31.333      0.000
   758         21  (g)                -62   577   577  1206  1206   111   277     38.480      9.296    -44.427     59.505      0.000
   759         21  (g)                -62   578   578  1056     0   279   246     -0.350      0.087    -18.333     18.336      0.000
   760         21  (g)                -62   579   579  1515  1515   189   157     -0.977     -0.195     -2.230      2.442      0.000
   761         21  (g)                -62   580   580  1059     0   283   104      1.001     -1.616     -4.933      5.287      0.000
   762         21  (g)                -62   581   581  1539  1539   289   154     -1.520      0.116      0.838      1.740      0.000
   763         21  (g)                -62   629   629  1050     0   298   309      0.982      0.209     22.294     22.316      0.000
   764         21  (g)                -62   646   646  1535  1535   117   135     -2.082     -0.753      0.245      2.228      0.000
   765         21  (g)                -62   593   593  1036     0   302   113      0.061     -0.100      0.023      0.120      0.000
   766         21  (g)                -62   609   609  1037     0   138   148      1.541      3.329      8.058      8.854      0.000
   767         21  (g)                -62   612   612  1013     0   311   264     -0.149      0.491     -0.762      0.919      0.000
   768         21  (g)                -62   618   618  1532  1532   313   207    -11.317     -6.640     -2.583     13.374      0.000
   769         21  (g)                -62   624   624  1356  1356   315   110     -0.579      1.544      5.575      5.814      0.000
   770          1  (d)                -62   627   627  1047     0   209     0      0.500     -0.020     -0.368      0.704      0.330
   771         21  (g)                -62   630   630  1054     0   316   227     -0.310     -0.499      3.703      3.750      0.000
   772         21  (g)                -62   633   633  1438  1438   318   261     18.126      6.355    -20.061     27.774      0.000
   773         21  (g)                -62   645   645  1021     0   322   249     -3.657     -1.597     -0.294      4.001      0.000
   774         21  (g)                -61     1     0   439   439   181   181      0.890     -0.757     10.427     10.492      0.000
   775         21  (g)                -61     2     0   218   218   114   114      0.660      0.893    -19.434     19.466      0.000
   776         21  (g)                -62   255   255  1523  1523   115   103     -7.307     -2.382     -5.958      9.725      0.000
   777         21  (g)                -62   428   428  1144  1144   116   263      2.808      3.013     -1.142      4.274      0.000
   778         21  (g)                -62   334   334  1445  1445   227   101      2.195     -2.972     -0.922      3.808      0.000
   779         21  (g)                -62   469   469  1044     0   276   116      0.368      1.645      0.164      1.693      0.000
   780         21  (g)                -62   223   223  1032     0   113   280      0.241     -0.545      0.379      0.706      0.000
   781         21  (g)                -62   396   396  1019     0   194   265     -0.365      0.309     -0.429      0.643      0.000
   782         21  (g)                -62   335   335  1034     0   130   303     -0.487     -0.969      0.769      1.329      0.000
   783         21  (g)                -62   397   397  1049     0   251   332      1.109     -0.784     -0.036      1.359      0.000
   784          2  (u)                -62   647   647  1143  1143   263     0      0.837      0.170     -0.125      0.924      0.330
   785         21  (g)                -62   438   438  1019     0   265   115     -0.495      0.190     -0.164      0.555      0.000
   786         21  (g)                -62   649   649  1030     0   156   240      0.101      0.168      0.771      0.796      0.000
   787         -2  (ubar)             -62   648   648  1120  1120     0   238      2.545      2.293     -2.312      4.147      0.330
   788         21  (g)                -61     1     0   418   418   120   120      3.760     -0.774    387.711    387.730      0.000
   789         21  (g)                -61     2     0   419   419   118   118     -1.657     -2.004    -52.524     52.588      0.000
   790         21  (g)                -62   420   420  1369  1369   161   138      2.016      3.910      8.013      9.141      0.000
   791         21  (g)                -62   607   607  1131  1131   200   193     -3.457     -2.791    201.751    201.800      0.000
   792         21  (g)                -62   605   605  1050     0   309   253      2.439      0.669     49.667     49.731      0.000
   793         21  (g)                -62   423   423  1053     0   121   255      1.878     -0.549      1.686      2.583      0.000
   794         21  (g)                -62   591   591  1441  1441   190   129      1.191      0.585      1.147      1.754      0.000
   795         21  (g)                -62   425   425  1028     0   119   320     -1.202     -3.315    109.210    109.267      0.000
   796         21  (g)                -62   426   426  1039     0   240   310     -0.049      0.415      1.163      1.236      0.000
   797         21  (g)                -62   507   507  1025     0   262   108      0.171     -0.730     -8.621      8.653      0.000
   798         21  (g)                -62   589   589  1512  1512   288   211     -0.444     -0.560     -3.413      3.487      0.000
   799         21  (g)                -62   590   590  1058     0   301   237     -1.292      0.154    -39.011     39.033      0.000
   800         21  (g)                -62   606   606  1447  1447   136   247      0.851     -0.566     13.595     13.633      0.000
   801         -2  (ubar)             -61     1     0   475   475     0   197     -3.711      1.348    957.008    957.016      0.000
   802         21  (g)                -61     2     0   476   476   197   197     -1.404      1.320     -6.545      6.823      0.000
   803         -2  (ubar)             -62   477   477  1318  1318     0   197      0.913     -1.174    912.539    912.540      0.330
   804         21  (g)                -62   488   488  1023     0   154   231     -1.835     -0.204      1.871      2.628      0.000
   805         21  (g)                -62   479   479  1034     0   145   130     -0.666     -1.569      0.998      1.975      0.000
   806         21  (g)                -62   480   480  1021     0   249   117     -0.908     -0.224     -0.100      0.941      0.000
   807         21  (g)                -62   481   481  1521  1521   125   194     -2.496      4.348     -2.470      5.589      0.000
   808         21  (g)                -62   482   482  1146  1146   175   295     -0.687      1.594      0.439      1.791      0.000
   809         21  (g)                -62   483   483  1520  1520   275   125     -0.149      0.661     -0.224      0.714      0.000
   810         21  (g)                -62   602   602  1451  1451   308   221      0.764     -0.330     36.078     36.088      0.000
   811         21  (g)                -62   604   604  1032     0   280   180      0.216     -0.380      0.369      0.572      0.000
   812         21  (g)                -62   603   603  1014     0   123   158     -0.267     -0.053      0.964      1.002      0.000
   813          3  (s)                -61     1     0   162   162   128     0     -1.023      0.753      2.476      2.783      0.000
   814         21  (g)                -61     2     0   163   163   127   128      3.649     -0.126   -108.031    108.092      0.000
   815          3  (s)                -62   164   164  1223  1223   127     0      4.125     -4.168     -1.885      6.180      0.500
   816         21  (g)                -62   462   462  1504  1504   126   329      0.743      4.586    -99.542     99.651      0.000
   817         21  (g)                -62   460   460  1516  1516   157   281     -2.464      0.499     -3.792      4.550      0.000
   818         21  (g)                -62   461   461  1159  1159   273   107      0.223     -0.288     -0.335      0.495      0.000
   819         21  (g)                -61     1     0   681   681   134   134     -0.350     -0.437     13.116     13.128      0.000
   820         21  (g)                -61     2     0   682   682   132   132      1.143     -1.136    -46.242     46.270      0.000
   821         21  (g)                -62   683   683  1536  1536   135   299     -1.251     -0.788      0.568      1.584      0.000
   822         21  (g)                -62   684   684  1024     0   282   228      1.212      1.717     -9.603      9.830      0.000
   823         21  (g)                -62   685   685  1525  1525   144   350     -0.925     -2.489     -1.287      2.951      0.000
   824         21  (g)                -62   686   686  1506  1506   199   282      2.491      1.902    -28.927     29.096      0.000
   825         21  (g)                -62   687   687  1042     0   226   145     -0.553     -1.476      0.603      1.687      0.000
   826         21  (g)                -62   688   688  1048     0   133   131      0.437      0.669     -1.058      1.325      0.000
   827         21  (g)                -62   689   689  1013     0   264   275     -0.018      0.222     -0.319      0.389      0.000
   828         21  (g)                -62   690   690  1020     0   241   167     -0.418      0.357     -2.508      2.568      0.000
   829         21  (g)                -62   691   691  1350  1350   303   106     -0.084     -1.753      2.456      3.019      0.000
   830         21  (g)                -62   692   692  1027     0   344   229     -0.096      0.067      6.948      6.949      0.000
   831          2  (u)                -61     1     0   137   137   140     0      1.589      1.228    691.236    691.239      0.000
   832         -3  (sbar)             -61     2     0   138   138     0   140     -0.311      2.957     -0.578      3.029      0.000
   833         21  (g)                -62   350   350  1538  1538   142   289     -2.895      1.373      0.985      3.352      0.000
   834         -3  (sbar)             -62   140   140  1193  1193     0   225      1.878      0.889      3.105      3.769      0.500
   835          2  (u)                -62   325   325  1192  1192   225     0      2.445      1.620    519.323    519.331      0.330
   836         21  (g)                -62   652   652  1030     0   284   156      0.097      0.069      0.499      0.513      0.000
   837         21  (g)                -62   326   326  1051     0   141   182      1.909      0.240    146.803    146.816      0.000
   838         21  (g)                -62   355   355  1023     0   231   164     -1.145     -0.359      1.574      1.979      0.000
   839         21  (g)                -62   502   502  1014     0   158   122     -0.729     -0.019      3.288      3.368      0.000
   840         21  (g)                -62   650   650  1246  1246   232   206     -0.084      0.558     14.318     14.329      0.000
   841         21  (g)                -62   651   651  1029     0   324   296     -0.197     -0.186      0.763      0.810      0.000
   842         21  (g)                -61     1     0   188   188   150   150     -1.738      0.794     50.614     50.650      0.000
   843         21  (g)                -61     2     0   189   189   168   168      3.614     -0.707    -12.557     13.086      0.000
   844         21  (g)                -62   190   190  1162  1162   147   335      5.939     -2.835    -11.487     13.238      0.000
   845         21  (g)                -62   387   387  1043     0   149   175     -0.426      0.877      0.599      1.144      0.000
   846         21  (g)                -62   193   193  1035     0   169   321     -1.778      2.665     21.756     21.990      0.000
   847         21  (g)                -62   620   620  1345  1345   314   336     -1.939     -0.350     20.134     20.231      0.000
   848         21  (g)                -62   622   622  1037     0   148   284      0.073      0.272      0.689      0.744      0.000
   849         21  (g)                -62   621   621  1054     0   247   316      0.007     -0.542      6.365      6.388      0.000
   850          2  (u)                -61     1     0   305   305   218     0      0.233     -1.638    470.958    470.960      0.000
   851         21  (g)                -61     2     0   306   306   152   218      0.228      1.071     -9.915      9.976      0.000
   852          2  (u)                -62   307   307  1080  1080   152     0     -2.134      0.137    437.959    437.964      0.330
   853         21  (g)                -62   637   637  1363  1363   151   291      3.405     -2.193     25.916     26.231      0.000
   854         21  (g)                -62   635   635  1018     0   319   239     -1.200      0.104      2.500      2.775      0.000
   855          3  (s)                -62   321   321  1203  1203   174     0      1.212      2.133     -3.176      4.044      0.500
   856         -3  (sbar)             -62   311   311  1148  1148     0   223     -0.229     -0.473     -5.366      5.415      0.500
   857         21  (g)                -62   616   616  1045     0   223   139     -0.611      0.735      1.015      1.394      0.000
   858         21  (g)                -62   615   615  1015     0   312   137     -0.507     -0.509     -0.082      0.723      0.000
   859         21  (g)                -62   636   636  1033     0   153   215      0.525     -0.502      2.276      2.389      0.000
   860          2  (u)                -61     1     0   170   170   159     0      0.709     -0.474     46.666     46.674      0.000
   861         -2  (ubar)             -61     2     0   171   171     0   159      1.758      0.021      6.272      6.514      0.000
   862          2  (u)                -62   586   586  1094  1096   300     0      0.355      1.543     20.475     20.538      0.330
   863         -2  (ubar)             -62   404   404  1094  1096     0   300      0.936     -1.873     15.960     16.100      0.330
   864         21  (g)                -62   588   588  1052     0   160   136      0.509     -0.070      5.043      5.069      0.000
   865         21  (g)                -62   587   587  1052     0   253   160      0.667     -0.053     11.461     11.480      0.000
   866         21  (g)                -61     1     0   340   340   162   163     -1.666     -0.584     46.659     46.693      0.000
   867         -2  (ubar)             -61     2     0   341   341     0   162     -2.300      0.861     -4.497      5.124      0.000
   868         21  (g)                -62   525   525  1541  1541   164   319     -2.974     -1.499      5.961      6.829      0.000
   869         -2  (ubar)             -62   523   523  1287  1287     0   163     -0.558      1.344     -4.100      4.363      0.330
   870         21  (g)                -62   344   344  1027     0   229   326     -0.456     -0.074     40.061     40.064      0.000
   871         21  (g)                -62   524   524  1044     0   295   276      0.022      0.506      0.240      0.561      0.000
   872          2  (u)                -61     1     0   181   181   165     0      0.445     -0.388     -4.815      4.852      0.000
   873          2  (u)                -61     2     0   182   182   166     0      0.529      0.286   -250.486    250.486      0.000
   874          2  (u)                -62   183   183  1097  1097   165     0     -1.568      0.465   -116.638    116.650      0.330
   875          2  (u)                -62   184   184  1545  1545   166     0      2.543     -0.567   -138.663    138.688      0.330
   876         21  (g)                -61     1     0   212   212   171   171     -0.998     -1.803    220.305    220.315      0.000
   877         21  (g)                -61     2     0   213   213   170   170     -1.523      2.002    -37.044     37.130      0.000
   878         -1  (dbar)             -62   328   328  1090  1090     0   337      0.837     -0.368      1.780      2.028      0.330
   879         21  (g)                -62   337   337  1508  1508   172   272     -2.550      2.527    -32.981     33.176      0.000
   880         21  (g)                -62   216   216  1352  1352   180   226      0.784     -1.112      1.919      2.352      0.000
   881          1  (d)                -62   643   643  1343  1343   173     0     -2.064     -2.011    214.238    214.258      0.330
   882         21  (g)                -62   641   641  1024     0   228   172      0.668      0.803     -3.565      3.715      0.000
   883         21  (g)                -62   642   642  1038     0   321   222     -0.197      0.361      1.871      1.915      0.000
   884         21  (g)                -61     1     0   706   706   352   352     -1.993     -0.740      7.857      8.139      0.000
   885         21  (g)                -61     2     0   707   707   177   177      1.108     -1.725   -259.540    259.548      0.000
   886         21  (g)                -62   708   708  1031     0   176   173     -0.335     -0.233      7.963      7.974      0.000
   887         21  (g)                -62   709   709  1178  1178   178   112     -1.226     -1.408    -64.908     64.935      0.000
   888         21  (g)                -62   710   710  1503  1503   230   126      0.008      1.119    -30.814     30.834      0.000
   889         21  (g)                -62   711   711  1057     0   294   178      0.054     -0.822    -25.477     25.490      0.000
   890         21  (g)                -62   712   712  1501  1501   179   342      0.614     -1.121   -138.448    138.454      0.000
   891         21  (g)                -61     1     0   224   224   183   162      1.021      0.446    204.528    204.531      0.000
   892          1  (d)                -61     2     0   225   225   162     0      0.737     -0.134      4.567      4.628      0.000
   893         21  (g)                -62   226   226  1051     0   182   308      2.728      0.070    196.834    196.853      0.000
   894          1  (d)                -62   227   227  1072  1072   183     0     -0.970      0.241     12.261     12.306      0.330
   895          1  (d)                -61     1     0   228   228   187     0      0.193      0.425    759.228    759.228      0.000
   896         21  (g)                -61     2     0   229   229   163   187     -0.202      0.147      3.029      3.039      0.000
   897          1  (d)                -62   230   230  1286  1286   163     0     -1.170     -0.698    593.582    593.583      0.330
   898         21  (g)                -62   231   231  1454  1454   185   244      1.160      1.270    168.675    168.684      0.000
   899         21  (g)                -61     1     0   245   245   191   192      0.056      0.079     65.476     65.476      0.000
   900         -1  (dbar)             -61     2     0   246   246     0   191      0.523      0.379      0.104      0.655      0.000
   901         -1  (dbar)             -62   363   363  1247  1247     0   232      0.459     -0.283     25.747     25.755      0.330
   902         -1  (dbar)             -62   526   526  1456  1456     0   192      0.543     -0.332      0.494      0.870      0.330
   903          1  (d)                -62   528   528  1130  1130   193     0      0.155      1.594     37.099     37.135      0.330
   904         21  (g)                -62   527   527  1029     0   296   188     -0.577     -0.521      2.240      2.371      0.000
   905          2  (u)                -61     1     0   258   258   197     0      1.858      0.694     -3.229      3.790      0.000
   906         21  (g)                -61     2     0   259   259   140   197     -0.581     -0.953    -14.266     14.310      0.000
   907          2  (u)                -62   260   260  1225  1225   140     0      0.405      0.757     -0.491      1.042      0.330
   908         21  (g)                -62   261   261  1025     0   195   262      0.872     -1.016    -17.004     17.057      0.000
   909         21  (g)                -61     1     0   271   271   163   165      0.722      1.263      1.945      2.429      0.000
   910         -2  (ubar)             -61     2     0   272   272     0   163      1.779      0.066   -150.436    150.447      0.000
   911         21  (g)                -62   273   273  1035     0   203   169     -0.121      0.276      2.168      2.189      0.000
   912         -2  (ubar)             -62   274   274  1098  1098     0   165      2.621      1.052   -150.660    150.687      0.330
   913         21  (g)                -61     1     0   275   275   204   128     -1.383      1.138    115.628    115.642      0.000
   914         -3  (sbar)             -61     2     0   276   276     0   204     -0.629     -0.582      1.672      1.878      0.000
   915         21  (g)                -62   277   277  1245  1245   206   344     -2.453      1.747    112.229    112.269      0.000
   916         -3  (sbar)             -62   278   278  1298  1298     0   128      0.440     -1.191      5.070      5.251      0.500
   917         21  (g)                -61     1     0   297   297   162   162     -0.471     -1.121      6.244      6.361      0.000
   918         -2  (ubar)             -61     2     0   298   298     0   162     -1.632      0.521    -53.661     53.688      0.000
   919         21  (g)                -62   299   299  1364  1364   215   151      0.554     -1.671      6.154      6.401      0.000
   920         -2  (ubar)             -62   300   300  1085  1085     0   162     -2.657      1.071    -53.571     53.649      0.330
   921          2  (u)                -61     1     0   301   301   216     0     -1.120     -0.170    236.963    236.965      0.000
   922          2  (u)                -61     2     0   640   640   218     0     -1.325     -2.420    -10.220     10.586      0.000
   923          2  (u)                -62   444   444  1235  1235   218     0     -1.896     -1.537    211.851    211.865      0.330
   924          2  (u)                -62   304   304  1263  1263   216     0     -1.042     -1.285    -10.308     10.445      0.330
   925         21  (g)                -62   638   638  1028     0   320   200     -0.080     -0.328     16.744     16.748      0.000
   926         21  (g)                -62   639   639  1361  1361   217   257      0.573      0.560      8.455      8.493      0.000
   927         21  (g)                -61     1     0   312   312   219   159      1.427      0.321    545.838    545.840      0.000
   928         -2  (ubar)             -61     2     0   313   313     0   219     -1.177     -0.157    -21.796     21.828      0.000
   929         21  (g)                -62   529   529  1455  1455   192   185      1.653      0.515    512.449    512.452      0.000
   930         -2  (ubar)             -62   531   531  1103  1103     0   159     -2.144     -0.762    -21.746     21.867      0.330
   931         21  (g)                -62   530   530  1450  1450   221   298      0.740      0.410     33.339     33.350      0.000
   932         21  (g)                -61     1     0   359   359   234   234     -0.506      0.847      2.129      2.346      0.000
   933         21  (g)                -61     2     0   360   360   235   235     -0.195     -0.916    -61.748     61.755      0.000
   934         21  (g)                -62   452   452  1016     0   236   346     -0.031      0.000    -17.431     17.431      0.000
   935         21  (g)                -62   369   369  1018     0   239   123     -0.801      0.207      2.151      2.305      0.000
   936         21  (g)                -62   450   450  1509  1509   272   195      0.686     -0.399    -15.488     15.508      0.000
   937         21  (g)                -62   451   451  1056     0   237   279     -0.556      0.123    -28.851     28.857      0.000
   938         21  (g)                -61     1     0   665   665   248   248     -1.833      0.308     95.239     95.257      0.000
   939         21  (g)                -61     2     0   666   666   243   243     -3.554      1.886    -12.433     13.068      0.000
   940         21  (g)                -62   667   667  1346  1346   242   314     -1.180     -0.727      8.221      8.337      0.000
   941         21  (g)                -62   668   668  1453  1453   244   141      0.288      0.870     60.047     60.054      0.000
   942         21  (g)                -62   669   669  1022     0   245   274     -4.023      2.489    -12.058     12.952      0.000
   943         21  (g)                -62   670   670  1053     0   255   190      0.667      0.020      0.614      0.906      0.000
   944         -1  (dbar)             -62   671   671  1134  1134     0   259     -0.410     -0.519      3.419      3.498      0.330
   945          1  (d)                -62   672   672  1089  1089   337     0     -0.730      0.060     22.563     22.578      0.330
   946         21  (g)                -61     1     0   411   411   260   260      0.140      0.542     20.293     20.300      0.000
   947         21  (g)                -61     2     0   412   412   258   258     -0.150      0.378      1.129      1.200      0.000
   948         21  (g)                -62   413   413  1041     0   257   287      0.161      1.342     14.150     14.214      0.000
   949         21  (g)                -62   414   414  1133  1133   259   119     -0.170     -0.423      7.272      7.286      0.000
   950          1  (d)                -61     1     0   440   440   266     0      0.322      0.863     80.472     80.477      0.000
   951          1  (d)                -61     2     0   441   441   267     0      1.250     -2.389     -2.550      3.711      0.000
   952          1  (d)                -62   442   442  1076  1076   266     0      0.886     -3.049     -2.309      3.939      0.330
   953          1  (d)                -62   443   443  1544  1544   267     0      0.687      1.522     80.231     80.249      0.330
   954         21  (g)                -61     1     0   503   503   152   218      0.346      1.469      5.077      5.297      0.000
   955         -2  (ubar)             -61     2     0   504   504     0   152     -0.969      1.493     -0.752      1.932      0.000
   956         21  (g)                -62   505   505  1041     0   287   203      0.178      0.677      4.704      4.756      0.000
   957         -2  (ubar)             -62   506   506  1236  1236     0   218     -0.801      2.285     -0.379      2.473      0.330
   958         21  (g)                -61     1     0   513   513   292   292      2.011     -0.074     16.724     16.845      0.000
   959         21  (g)                -61     2     0   514   514   290   290      1.013      0.193     -0.201      1.051      0.000
   960         21  (g)                -62   515   515  1047     0   293   209      0.276      0.015     -0.543      0.609      0.000
   961         21  (g)                -62   516   516  1362  1362   291   217      2.748      0.104     17.066     17.287      0.000
   962         21  (g)                -61     1     0   598   598   307   307      0.008      0.310     -1.535      1.566      0.000
   963         21  (g)                -61     2     0   599   599   305   305      0.051      0.552   -203.368    203.368      0.000
   964         21  (g)                -62   600   600  1017     0   304   199      0.638      0.084     -7.029      7.058      0.000
   965         21  (g)                -62   601   601  1176  1176   306   301     -0.579      0.777   -197.873    197.876      0.000
   966         21  (g)                -61     1     0   653   653   327   327     -0.768      1.192     95.232     95.243      0.000
   967         21  (g)                -61     2     0   654   654   325   325      2.121      0.286   -794.789    794.792      0.000
   968         21  (g)                -62   655   655  1499  1499   328   331      1.724      0.750   -794.793    794.795      0.000
   969         21  (g)                -62   656   656  1243  1243   326   105     -0.371      0.728     95.236     95.240      0.000
   970         21  (g)                -61     1     0   697   697   348   348      1.695     -1.593      0.501      2.380      0.000
   971         21  (g)                -61     2     0   698   698   330   330      1.231      0.299   -125.933    125.939      0.000
   972         21  (g)                -62   699   699  1500  1500   331   179      0.436      0.458   -122.882    122.884      0.000
   973         21  (g)                -62   700   700  1049     0   332   224      2.258     -1.667      0.067      2.807      0.000
   974         21  (g)                -62   701   701  1017     0   329   304      0.232     -0.085     -2.616      2.627      0.000
   975         21  (g)                -61     1     0   661   661   334   334     -1.385     -1.297     29.542     29.603      0.000
   976         21  (g)                -61     2     0   662   662   333   333      0.141     -0.346     -2.066      2.100      0.000
   977         21  (g)                -62   663   663  1040     0   336   340     -1.860     -1.090     29.467     29.546      0.000
   978         21  (g)                -62   664   664  1059     0   335   283      0.615     -0.552     -1.992      2.156      0.000
   979         21  (g)                -61     1     0   673   673   127   266     -0.090     -0.391      9.797      9.806      0.000
   980         -2  (ubar)             -61     2     0   674   674     0   127     -0.211      0.346     -0.182      0.444      0.000
   981         21  (g)                -62   675   675  1031     0   340   176     -0.478     -0.309      9.755      9.771      0.000
   982         -2  (ubar)             -62   676   676  1077  1077     0   266      0.177      0.263     -0.139      0.478      0.330
   983          1  (d)                -61     1     0   677   677   197     0      1.549     -0.645      1.842      2.492      0.000
   984         21  (g)                -61     2     0   678   678   191   197      0.845      1.217    -45.129     45.153      0.000
   985          1  (d)                -62   679   679  1109  1109   191     0      1.594     -0.265      1.859      2.485      0.330
   986         21  (g)                -62   680   680  1502  1502   342   230      0.801      0.838    -45.146     45.161      0.000
   987          3  (s)                -61     1     0   693   693   105     0      0.243      0.241     -4.804      4.816      0.000
   988         21  (g)                -61     2     0   694   694   219   105     -0.101     -0.171   -160.228    160.228      0.000
   989          3  (s)                -62   695   695  1274  1274   219     0      0.036      0.357    -15.827     15.839      0.500
   990         21  (g)                -62   696   696  1016     0   346   328      0.106     -0.287   -149.205    149.205      0.000
   991         21  (g)                -61     1     0   702   702   351   197     -0.648     -0.551     -0.170      0.868      0.000
   992          1  (d)                -61     2     0   703   703   197     0      0.577      1.011     -5.782      5.898      0.000
   993         21  (g)                -62   704   704  1015     0   350   312     -0.467     -0.659     -0.134      0.818      0.000
   994          1  (d)                -62   705   705  1064  1064   351     0      0.395      1.119     -5.819      5.948      0.330
   995         -3  (sbar)             -63     1     0  1073  1073     0   183      0.796      0.101      5.499      5.579      0.500
   996         -2  (ubar)             -63     1     0  1081  1081     0   152      0.525     -0.260    149.643    149.645      0.330
   997         -2  (ubar)             -63     1     0  1264  1264     0   216     -0.468     -0.421     57.124     57.128      0.330
   998         -2  (ubar)             -63     1     0  1275  1275     0   219     -0.194     -0.165     55.132     55.133      0.330
   999         -1  (dbar)             -63     1     0  1329  1329     0   204     -0.747      0.371    312.969    312.971      0.330
  1000         -1  (dbar)             -63     1     0  1110  1110     0   191      0.407      0.049     22.746     22.752      0.330
  1001         -3  (sbar)             -63     1     0  1065  1065     0   351      0.349      0.075     -0.899      1.089      0.500
  1002          2  (u)                -63     2     0  1068  1068   360     0     -0.348      0.078   -279.889    279.889      0.330
  1003          3  (s)                -63     2     0  1084  1084   162     0     -0.621     -0.830    -10.135     10.200      0.500
  1004          2  (u)                -63     2     0  1242  1242   105     0      0.163      0.254     -1.948      1.999      0.330
  1005          2  (u)                -63     2     0  1224  1224   187     0     -0.279     -0.629    -91.432     91.435      0.330
  1006          2  (u)                -63     2     0  1297  1297   128     0      0.016      0.134   -576.094    576.094      0.330
  1007          3  (s)                -63     2     0  1060  1060   365     0     -0.215      0.110   -643.185    643.185      0.500
  1008          2  (u)                -63     2     0  1102  1102   159     0     -0.198      0.121   -107.531    107.532      0.330
  1009          2  (u)                -63     2     0  1317  1317   197     0      0.147     -0.216     -8.084      8.095      0.330
  1010         -1  (dbar)             -63     2     0  1061  1061     0   365     -0.207     -0.392   -155.207    155.208      0.330
  1011          2  (u)                -63     2     0  1328  1328   204     0     -0.061     -0.294    -32.843     32.846      0.330
  1012         -1  (dbar)             -63     2     0  1069  1069     0   360     -0.199     -0.392    -35.269     35.273      0.330
  1013         21  (g)                -73   767   827  1519  1519   311   275     -0.168      0.713     -1.081      1.308      0.073
  1014         21  (g)                -73   812   839  1026     0   123   122     -0.996     -0.072      4.252      4.370      0.129
  1015         21  (g)                -73   858   993  1526  1526   350   137     -0.974     -1.167     -0.216      1.541      0.133
  1016         21  (g)                -73   934   990  1498  1498   236   328      0.075     -0.287   -166.636    166.636      0.160
  1017         21  (g)                -73   964   974  1505  1505   329   199      0.870     -0.001     -9.645      9.686      0.190
  1018         21  (g)                -73   854   935  1542  1542   319   123     -2.001      0.311      4.652      5.080      0.265
  1019         21  (g)                -73   781   785  1522  1522   194   115     -0.860      0.499     -0.594      1.198      0.306
  1020         21  (g)                -73   720   828  1514  1514   241   189     -1.169      1.473     -7.199      7.448      0.323
  1021         21  (g)                -73   773   806  1534  1534   322   117     -4.566     -1.820     -0.394      4.942      0.334
  1022         21  (g)                -73   739   942  1517  1517   281   274     -7.936      4.617    -22.598     24.396      0.408
  1023         21  (g)                -73   804   838  1540  1540   154   164     -2.980     -0.563      3.444      4.607      0.408
  1024         21  (g)                -73   822   882  1507  1507   282   172      1.879      2.519    -13.169     13.546      0.436
  1025         21  (g)                -73   797   908  1510  1510   195   108      1.043     -1.747    -25.625     25.710      0.485
  1026          2  (u)                -73   735  1014  1543  1543   123     0     -3.078     -1.218     14.828     15.215      0.806
  1027         21  (g)                -73   830   870  1244  1244   344   326     -0.553     -0.008     47.009     47.012      0.195
  1028         21  (g)                -73   795   925  1132  1132   119   200     -1.282     -3.642    125.954    126.015      0.532
  1029         21  (g)                -73   841   904  1348  1348   324   188     -0.774     -0.707      3.003      3.181      0.015
  1030         21  (g)                -73   786   836  1367  1367   284   240      0.197      0.237      1.271      1.309      0.063
  1031         21  (g)                -73   886   981  1040     0   340   173     -0.813     -0.542     17.718     17.745      0.065
  1032         21  (g)                -73   780   811  1036     0   113   180      0.457     -0.925      0.747      1.277      0.100
  1033         21  (g)                -73   756   859  1365  1365   269   215      0.794     -0.624      3.209      3.368      0.155
  1034         21  (g)                -73   782   805  1042     0   145   303     -1.154     -2.538      1.767      3.305      0.166
  1035         21  (g)                -73   846   911  1359  1359   203   321     -1.899      2.941     23.924     24.179      0.181
  1036         21  (g)                -73   765  1032  1353  1353   302   180      0.518     -1.025      0.771      1.397      0.200
  1037         21  (g)                -73   766   848  1368  1368   138   284      1.614      3.601      8.747      9.598      0.200
  1038         21  (g)                -73   747   883  1358  1358   321   102     -1.717      4.374     19.307     19.872      0.233
  1039         21  (g)                -73   727   796  1366  1366   240   269     -0.529      1.465      5.439      5.664      0.286
  1040         21  (g)                -73   977  1031  1344  1344   336   173     -2.673     -1.632     47.185     47.291      0.432
  1041         21  (g)                -73   948   956  1360  1360   257   203      0.338      2.019     18.854     18.970      0.451
  1042         21  (g)                -73   825  1034  1351  1351   226   303     -1.707     -4.013      2.370      4.992      0.532
  1043         21  (g)                -73   730   845  1045     0   139   175     -0.491      1.193      0.918      1.597      0.216
  1044         21  (g)                -73   779   871  1145  1145   295   116      0.390      2.151      0.404      2.254      0.372
  1045         21  (g)                -73   857  1043  1147  1147   223   175     -1.102      1.927      1.933      2.992      0.534
  1046         21  (g)                -73   749   750  1048     0   238   133      1.819      1.598     -2.379      3.399      0.186
  1047          1  (d)                -73   770   960  1116  1116   293     0      0.776     -0.005     -0.911      1.313      0.539
  1048         21  (g)                -73   826  1046  1119  1119   238   131      2.256      2.266     -3.437      4.725      0.536
  1049         21  (g)                -73   783   973  1055     0   251   224      3.367     -2.451      0.031      4.166      0.107
  1050         21  (g)                -73   763   792  1449  1449   298   253      3.421      0.878     71.961     72.048      0.216
  1051         21  (g)                -73   837   893  1452  1452   141   308      4.637      0.310    343.637    343.669      0.261
  1052         21  (g)                -73   864   865  1448  1448   253   136      1.176     -0.123     16.504     16.549      0.331
  1053         21  (g)                -73   793   943  1442  1442   121   190      2.545     -0.529      2.300      3.489      0.361
  1054         21  (g)                -73   771   849  1446  1446   247   227     -0.303     -1.042     10.069     10.138      0.475
  1055         21  (g)                -73   748  1049  1444  1444   101   224      4.854     -3.902     -0.210      6.258      0.571
  1056         21  (g)                -73   759   937  1058     0   237   246     -0.905      0.210    -47.184     47.193      0.012
  1057         -4  (cbar)             -73   724   889  1179  1179     0   178     -0.687     -5.684   -272.911    272.978      1.911
  1058         21  (g)                -73   799  1056  1175  1175   301   246     -2.197      0.364    -86.195     86.226      0.598
  1059         21  (g)                -73   761   978  1161  1161   335   104      1.616     -2.168     -6.925      7.443      0.366
  1060          3  (s)                -71  1007  1007  1062  1063   365     0     -0.215      0.110   -643.185    643.185      0.500
  1061         -1  (dbar)             -71  1010  1010  1062  1063     0   365     -0.207     -0.392   -155.207    155.208      0.330
  1062       -311  (Kbar0)            -82  1060  1061  1643  1643     0     0     -0.160     -0.035   -345.780    345.780      0.498
  1063        223  (omega)            -82  1060  1061  1882  1884     0     0     -0.262     -0.247   -452.613    452.614      0.786
  1064          1  (d)                -71   994   994  1066  1067   351     0      0.395      1.119     -5.819      5.948      0.330
  1065         -3  (sbar)             -71  1001  1001  1066  1067     0   351      0.349      0.075     -0.899      1.089      0.500
  1066       -213  (rho-)             -82  1064  1065  1644  1645     0     0      0.860      0.808     -5.352      5.530      0.735
  1067        321  K+                  82  1064  1065     0     0     0     0     -0.115      0.386     -1.366      1.507      0.494
  1068          2  (u)                -71  1002  1002  1070  1071   360     0     -0.348      0.078   -279.889    279.889      0.330
  1069         -1  (dbar)             -71  1012  1012  1070  1071     0   360     -0.199     -0.392    -35.269     35.273      0.330
  1070        111  (pi0)              -82  1068  1069  1885  1886     0     0      0.162      0.223    -66.495     66.496      0.135
  1071        213  (rho+)             -82  1068  1069  1646  1647     0     0     -0.709     -0.537   -248.663    248.667      1.095
  1072          1  (d)                -71   894   894  1074  1075   183     0     -0.970      0.241     12.261     12.306      0.330
  1073         -3  (sbar)             -71   995   995  1074  1075     0   183      0.796      0.101      5.499      5.579      0.500
  1074       -213  (rho-)             -83  1072  1073  1648  1649     0     0     -0.901      0.239     11.190     11.257      0.791
  1075        321  K+                  84  1072  1073     0     0     0     0      0.726      0.104      6.570      6.629      0.494
  1076          1  (d)                -71   952   952  1078  1079   266     0      0.886     -3.049     -2.309      3.939      0.330
  1077         -2  (ubar)             -71   982   982  1078  1079     0   266      0.177      0.263     -0.139      0.478      0.330
  1078       -211  pi-                 83  1076  1077     0     0     0     0      1.043     -3.132     -2.217      3.979      0.140
  1079        111  (pi0)              -84  1076  1077  1887  1888     0     0      0.020      0.347     -0.231      0.438      0.135
  1080          2  (u)                -71   852   852  1082  1083   152     0     -2.134      0.137    437.959    437.964      0.330
  1081         -2  (ubar)             -71   996   996  1082  1083     0   152      0.525     -0.260    149.643    149.645      0.330
  1082        213  (rho+)             -83  1080  1081  1650  1651     0     0     -1.893      0.169    462.478    462.484      1.429
  1083       -211  pi-                 84  1080  1081     0     0     0     0      0.284     -0.292    125.124    125.125      0.140
  1084          3  (s)                -71  1003  1003  1086  1088   162     0     -0.621     -0.830    -10.135     10.200      0.500
  1085         -2  (ubar)             -71   920   920  1086  1088     0   162     -2.657      1.071    -53.571     53.649      0.330
  1086       -321  K-                  83  1084  1085     0     0     0     0     -0.522      0.143     -7.245      7.282      0.494
  1087        111  (pi0)              -83  1084  1085  1889  1890     0     0     -0.130     -0.501     -4.673      4.704      0.135
  1088        113  (rho0)             -84  1084  1085  1652  1653     0     0     -2.627      0.599    -51.788     51.864      0.740
  1089          1  (d)                -71   945   945  1091  1093   337     0     -0.730      0.060     22.563     22.578      0.330
  1090         -1  (dbar)             -71   878   878  1091  1093     0   337      0.837     -0.368      1.780      2.028      0.330
  1091       -211  pi-                 83  1089  1090     0     0     0     0      0.063     -0.186      1.086      1.112      0.140
  1092        323  (K*+)              -84  1089  1090  1654  1655     0     0     -0.914     -0.062     20.363     20.404      0.899
  1093       -311  (Kbar0)            -84  1089  1090  1656  1656     0     0      0.959     -0.060      2.894      3.090      0.498
  1094        213  (rho+)             -83   862   863  1657  1658     0     0      0.354      0.573     10.319     10.368      0.751
  1095       3212  (Sigma0)           -84   862   863  1891  1892     0     0      0.802     -0.178     13.438     13.516      1.193
  1096      -3222  Sigmabar-           84   862   863     0     0     0     0      0.136     -0.725     12.678     12.755      1.189
  1097          2  (u)                -71   874   874  1099  1101   165     0     -1.568      0.465   -116.638    116.650      0.330
  1098         -2  (ubar)             -71   912   912  1099  1101     0   165      2.621      1.052   -150.660    150.687      0.330
  1099        213  (rho+)             -83  1097  1098  1659  1660     0     0     -1.304      0.417   -111.054    111.065      0.767
  1100       -211  pi-                 83  1097  1098     0     0     0     0      0.270      0.560    -43.379     43.384      0.140
  1101        113  (rho0)             -84  1097  1098  1661  1662     0     0      2.087      0.541   -112.865    112.888      0.738
  1102          2  (u)                -71  1008  1008  1104  1108   159     0     -0.198      0.121   -107.531    107.532      0.330
  1103         -2  (ubar)             -71   930   930  1104  1108     0   159     -2.144     -0.762    -21.746     21.867      0.330
  1104        211  pi+                 83  1102  1103     0     0     0     0      0.015     -0.467    -32.119     32.123      0.140
  1105        111  (pi0)              -83  1102  1103  1893  1894     0     0     -0.078      0.698    -39.833     39.840      0.135
  1106        313  (K*0)              -84  1102  1103  1663  1664     0     0     -0.823     -0.127    -35.920     35.940      0.888
  1107       -321  K-                  84  1102  1103     0     0     0     0     -0.947     -0.364    -11.144     11.201      0.494
  1108        221  (eta)              -84  1102  1103  1895  1896     0     0     -0.508     -0.380    -10.262     10.296      0.548
  1109          1  (d)                -71   985   985  1111  1115   191     0      1.594     -0.265      1.859      2.485      0.330
  1110         -1  (dbar)             -71  1000  1000  1111  1115     0   191      0.407      0.049     22.746     22.752      0.330
  1111       -211  pi-                 83  1109  1110     0     0     0     0      0.961     -0.590      1.421      1.819      0.140
  1112        111  (pi0)              -83  1109  1110  1897  1898     0     0     -0.156      0.224      0.744      0.804      0.135
  1113        321  K+                  83  1109  1110     0     0     0     0      0.885      0.225     14.046     14.084      0.494
  1114       -311  (Kbar0)            -84  1109  1110  1665  1665     0     0     -0.165     -0.279      1.479      1.594      0.498
  1115        111  (pi0)              -84  1109  1110  1899  1900     0     0      0.476      0.205      6.915      6.936      0.135
  1116          1  (d)                -71  1047  1047  1121  1129   293     0      0.776     -0.005     -0.911      1.313      0.539
  1117         21  (g)                -71   753   753  1121  1129   256   293      4.991      2.098     -8.688     10.237      0.000
  1118         21  (g)                -71   721   721  1121  1129   131   256     17.066      5.507    -24.178     30.102      0.000
  1119         21  (g)                -71  1048  1048  1121  1129   238   131      2.256      2.266     -3.437      4.725      0.536
  1120         -2  (ubar)             -71   787   787  1121  1129     0   238      2.545      2.293     -2.312      4.147      0.330
  1121        223  (omega)            -83  1116  1120  1901  1903     0     0      1.831      0.692     -2.496      3.267      0.783
  1122        311  (K0)               -83  1116  1120  1666  1666     0     0      3.324      0.757     -5.614      6.587      0.498
  1123       -321  K-                  83  1116  1120     0     0     0     0      5.685      1.986     -7.819      9.882      0.494
  1124        211  pi+                 83  1116  1120     0     0     0     0      2.241      1.143     -2.969      3.894      0.140
  1125        111  (pi0)              -83  1116  1120  1904  1905     0     0      4.554      1.553     -7.616      9.010      0.135
  1126       -211  pi-                 83  1116  1120     0     0     0     0      3.558      1.175     -5.217      6.425      0.140
  1127        221  (eta)              -84  1116  1120  1906  1907     0     0      1.138      0.897     -1.504      2.159      0.548
  1128        223  (omega)            -84  1116  1120  1908  1910     0     0      2.694      1.685     -3.440      4.748      0.778
  1129        223  (omega)            -84  1116  1120  1911  1913     0     0      2.608      2.272     -2.850      4.552      0.794
  1130          1  (d)                -71   903   903  1135  1142   193     0      0.155      1.594     37.099     37.135      0.330
  1131         21  (g)                -71   791   791  1135  1142   200   193     -3.457     -2.791    201.751    201.800      0.000
  1132         21  (g)                -71  1028  1028  1135  1142   119   200     -1.282     -3.642    125.954    126.015      0.532
  1133         21  (g)                -71   949   949  1135  1142   259   119     -0.170     -0.423      7.272      7.286      0.000
  1134         -1  (dbar)             -71   944   944  1135  1142     0   259     -0.410     -0.519      3.419      3.498      0.330
  1135        313  (K*0)              -83  1130  1134  1667  1668     0     0     -0.048      0.720     26.625     26.650      0.912
  1136       -323  (K*-)              -83  1130  1134  1669  1670     0     0     -0.144      0.431     41.809     41.820      0.841
  1137        111  (pi0)              -83  1130  1134  1914  1915     0     0     -0.887     -0.320     34.514     34.527      0.135
  1138        321  K+                  83  1130  1134     0     0     0     0     -1.948     -1.906    135.195    135.223      0.494
  1139       -321  K-                  84  1130  1134     0     0     0     0     -1.091     -2.247     56.354     56.412      0.494
  1140        221  (eta)              -84  1130  1134  1916  1918     0     0     -0.276     -0.371     25.328     25.338      0.548
  1141        213  (rho+)             -84  1130  1134  1671  1672     0     0     -0.529     -1.620     53.145     53.180      0.903
  1142        111  (pi0)              -84  1130  1134  1919  1920     0     0     -0.243     -0.468      2.525      2.583      0.135
  1143          2  (u)                -71   784   784  1149  1156   263     0      0.837      0.170     -0.125      0.924      0.330
  1144         21  (g)                -71   777   777  1149  1156   116   263      2.808      3.013     -1.142      4.274      0.000
  1145         21  (g)                -71  1044  1044  1149  1156   295   116      0.390      2.151      0.404      2.254      0.372
  1146         21  (g)                -71   808   808  1149  1156   175   295     -0.687      1.594      0.439      1.791      0.000
  1147         21  (g)                -71  1045  1045  1149  1156   223   175     -1.102      1.927      1.933      2.992      0.534
  1148         -3  (sbar)             -71   856   856  1149  1156     0   223     -0.229     -0.473     -5.366      5.415      0.500
  1149        321  K+                  83  1143  1148     0     0     0     0      1.140      0.849     -0.557      1.605      0.494
  1150       -321  K-                  83  1143  1148     0     0     0     0      1.866      1.597     -0.379      2.534      0.494
  1151        323  (K*+)              -84  1143  1148  1673  1674     0     0     -0.008      2.359      0.096      2.492      0.797
  1152       3112  Sigma-              84  1143  1148     0     0     0     0      0.619      1.471      0.495      2.056      1.197
  1153      -1114  (Deltabar+)        -84  1143  1148  1675  1676     0     0     -1.506      2.123      1.250      3.145      1.247
  1154       -213  (rho-)             -84  1143  1148  1677  1678     0     0     -0.012      0.024      0.091      0.800      0.795
  1155        211  pi+                 84  1143  1148     0     0     0     0     -0.317      0.120     -0.465      0.592      0.140
  1156        311  (K0)               -84  1143  1148  1679  1679     0     0      0.235     -0.160     -4.389      4.427      0.498
  1157          4  (c)                -71   726   726  1164  1173   208     0      5.178     -7.796    -37.993     39.158      1.500
  1158         21  (g)                -71   742   742  1164  1173   107   208     -0.131     -1.504     -4.020      4.294      0.000
  1159         21  (g)                -71   818   818  1164  1173   273   107      0.223     -0.288     -0.335      0.495      0.000
  1160         21  (g)                -71   719   719  1164  1173   104   273      7.892     -8.867    -19.584     22.900      0.000
  1161         21  (g)                -71  1059  1059  1164  1173   335   104      1.616     -2.168     -6.925      7.443      0.366
  1162         21  (g)                -71   844   844  1164  1173   147   335      5.939     -2.835    -11.487     13.238      0.000
  1163         -1  (dbar)             -71   743   743  1164  1173     0   147      2.862     -2.119     -6.162      7.124      0.330
  1164        423  (D*0)              -83  1157  1163  1921  1922     0     0      3.738     -6.029    -27.161     28.144      2.007
  1165        213  (rho+)             -83  1157  1163  1680  1681     0     0      0.495     -1.247     -5.888      6.083      0.728
  1166        113  (rho0)             -83  1157  1163  1682  1683     0     0      1.221     -1.828     -4.631      5.155      0.540
  1167        223  (omega)            -83  1157  1163  1923  1925     0     0      1.237     -1.003     -7.001      7.222      0.782
  1168        113  (rho0)             -83  1157  1163  1684  1685     0     0      3.402     -5.416    -10.940     12.702      0.857
  1169        111  (pi0)              -83  1157  1163  1926  1927     0     0      2.361     -1.197     -4.904      5.574      0.135
  1170        223  (omega)            -84  1157  1163  1928  1930     0     0      3.676     -3.868     -8.804     10.324      0.781
  1171       -211  pi-                 84  1157  1163     0     0     0     0      1.177     -1.082     -3.259      3.633      0.140
  1172        223  (omega)            -84  1157  1163  1931  1932     0     0      4.175     -2.797    -10.317     11.502      0.777
  1173        211  pi+                 84  1157  1163     0     0     0     0      2.099     -1.110     -3.599      4.314      0.140
  1174          1  (d)                -71   729   729  1180  1191   246     0     -3.713      0.832   -608.532    608.544      0.330
  1175         21  (g)                -71  1058  1058  1180  1191   301   246     -2.197      0.364    -86.195     86.226      0.598
  1176         21  (g)                -71   965   965  1180  1191   306   301     -0.579      0.777   -197.873    197.876      0.000
  1177         21  (g)                -71   751   751  1180  1191   112   306     -1.883     -0.290   -451.699    451.703      0.000
  1178         21  (g)                -71   887   887  1180  1191   178   112     -1.226     -1.408    -64.908     64.935      0.000
  1179         -4  (cbar)             -71  1057  1057  1180  1191     0   178     -0.687     -5.684   -272.911    272.978      1.911
  1180        113  (rho0)             -83  1174  1179  1686  1687     0     0     -2.443      0.364   -430.069    430.076      0.558
  1181        111  (pi0)              -83  1174  1179  1933  1934     0     0     -0.873      0.458    -89.264     89.269      0.135
  1182        111  (pi0)              -83  1174  1179  1935  1936     0     0     -0.550     -0.082    -50.295     50.298      0.135
  1183       -211  pi-                 83  1174  1179     0     0     0     0     -0.825      0.489    -64.294     64.301      0.140
  1184        211  pi+                 83  1174  1179     0     0     0     0      0.108     -0.100     -6.344      6.348      0.140
  1185        111  (pi0)              -83  1174  1179  1937  1938     0     0     -1.061     -0.074   -237.061    237.063      0.135
  1186        111  (pi0)              -84  1174  1179  1939  1940     0     0     -1.279      0.431    -79.679     79.691      0.135
  1187       -213  (rho-)             -84  1174  1179  1688  1689     0     0     -0.053     -0.391    -65.234     65.241      0.876
  1188        211  pi+                 84  1174  1179     0     0     0     0     -0.465      0.311    -27.459     27.465      0.140
  1189       -213  (rho-)             -84  1174  1179  1690  1691     0     0     -0.811     -0.561   -200.257    200.262      1.134
  1190        211  pi+                 84  1174  1179     0     0     0     0     -0.487      0.297   -134.610    134.612      0.140
  1191       -411  (D-)               -84  1174  1179  1941  1943     0     0     -1.547     -6.550   -297.552    297.634      1.870
  1192          2  (u)                -71   835   835  1194  1202   225     0      2.445      1.620    519.323    519.331      0.330
  1193         -3  (sbar)             -71   834   834  1194  1202     0   225      1.878      0.889      3.105      3.769      0.500
  1194        211  pi+                 83  1192  1193     0     0     0     0      0.416      0.308     72.089     72.091      0.140
  1195        221  (eta)              -83  1192  1193  1944  1946     0     0      0.845      0.524    266.844    266.846      0.548
  1196       -211  pi-                 83  1192  1193     0     0     0     0      0.649      0.772    108.500    108.505      0.140
  1197        211  pi+                 83  1192  1193     0     0     0     0      0.522      0.033     50.877     50.880      0.140
  1198        221  (eta)              -84  1192  1193  1947  1949     0     0      0.209      0.086      3.921      3.965      0.548
  1199        223  (omega)            -84  1192  1193  1950  1952     0     0      0.340     -0.011      7.702      7.749      0.783
  1200       2112  n0                  84  1192  1193     0     0     0     0     -0.193     -0.282      6.057      6.139      0.940
  1201        111  (pi0)              -84  1192  1193  1953  1954     0     0      0.420      0.838      2.150      2.349      0.135
  1202      -3122  Lambdabar0          84  1192  1193     0     0     0     0      1.115      0.243      4.288      4.575      1.116
  1203          3  (s)                -71   855   855  1208  1222   174     0      1.212      2.133     -3.176      4.044      0.500
  1204         21  (g)                -71   733   733  1208  1222   109   174     22.080      1.814    -25.541     33.811      0.000
  1205         21  (g)                -71   715   715  1208  1222   277   109    233.808     57.269   -277.035    367.007      0.000
  1206         21  (g)                -71   758   758  1208  1222   111   277     38.480      9.296    -44.427     59.505      0.000
  1207         -1  (dbar)             -71   755   755  1208  1222     0   111      5.831      2.249     -6.468      9.000      0.330
  1208       -311  (Kbar0)            -83  1203  1207  1692  1692     0     0      0.475      0.803     -1.140      1.555      0.498
  1209        223  (omega)            -83  1203  1207  1955  1957     0     0      2.539      1.458     -3.905      4.945      0.794
  1210       -211  pi-                 83  1203  1207     0     0     0     0      0.647      0.005     -0.319      0.734      0.140
  1211        111  (pi0)              -83  1203  1207  1958  1960     0     0      1.453      0.414     -2.121      2.607      0.135
  1212        211  pi+                 83  1203  1207     0     0     0     0      4.480     -0.092     -4.749      6.531      0.140
  1213       -211  pi-                 83  1203  1207     0     0     0     0      4.403      0.612     -6.095      7.545      0.140
  1214        223  (omega)            -83  1203  1207  1961  1963     0     0     15.709      2.861    -18.099     24.148      0.783
  1215        213  (rho+)             -83  1203  1207  1693  1694     0     0     24.801      5.937    -28.990     38.622      0.942
  1216       -211  pi-                 83  1203  1207     0     0     0     0      6.261      1.657     -7.969     10.270      0.140
  1217        223  (omega)            -84  1203  1207  1964  1966     0     0     68.974     16.400    -81.465    107.998      0.788
  1218        223  (omega)            -84  1203  1207  1967  1969     0     0     99.851     24.219   -117.791    156.308      0.779
  1219        211  pi+                 84  1203  1207     0     0     0     0     37.521      9.675    -44.238     58.809      0.140
  1220       -211  pi-                 84  1203  1207     0     0     0     0      0.647      0.058     -0.793      1.035      0.140
  1221        223  (omega)            -84  1203  1207  1970  1972     0     0     27.900      7.544    -33.154     43.990      0.787
  1222        211  pi+                 84  1203  1207     0     0     0     0      5.751      1.210     -5.818      8.271      0.140
  1223          3  (s)                -71   815   815  1226  1234   127     0      4.125     -4.168     -1.885      6.180      0.500
  1224          2  (u)                -71  1005  1005  1226  1234   187     0     -0.279     -0.629    -91.432     91.435      0.330
  1225          2  (u)                -71   907   907  1226  1234   140     0      0.405      0.757     -0.491      1.042      0.330
  1226        321  K+                  85  1223  1225     0     0     0     0      0.796     -0.418     -1.566      1.872      0.494
  1227       -311  (Kbar0)            -86  1223  1225  1695  1695     0     0      1.210     -1.411     -0.587      2.012      0.498
  1228        213  (rho+)             -83  1223  1225  1696  1697     0     0     -0.038     -0.381    -68.315     68.321      0.828
  1229        113  (rho0)             -83  1223  1225  1698  1699     0     0     -0.308     -0.370    -12.463     12.507      0.920
  1230       -213  (rho-)             -83  1223  1225  1700  1701     0     0     -0.034     -0.118     -6.999      7.045      0.793
  1231        223  (omega)            -83  1223  1225  1973  1975     0     0      0.492     -0.559     -1.527      1.864      0.768
  1232        211  pi+                 84  1223  1225     0     0     0     0     -0.150      0.559     -1.236      1.372      0.140
  1233       3112  Sigma-              87  1223  1225     0     0     0     0      0.784     -0.221     -0.596      1.566      1.197
  1234        223  (omega)            -84  1223  1225  1976  1978     0     0      1.499     -1.122     -0.519      2.100      0.797
  1235          2  (u)                -71   923   923  1237  1241   218     0     -1.896     -1.537    211.851    211.865      0.330
  1236         -2  (ubar)             -71   957   957  1237  1241     0   218     -0.801      2.285     -0.379      2.473      0.330
  1237        321  K+                  83  1235  1236     0     0     0     0     -0.615     -0.946    107.713    107.720      0.494
  1238       -323  (K*-)              -83  1235  1236  1702  1703     0     0     -1.128     -0.255     68.667     68.683      0.928
  1239        223  (omega)            -84  1235  1236  1979  1981     0     0     -0.014     -0.423     34.698     34.709      0.782
  1240        321  K+                  84  1235  1236     0     0     0     0     -0.182      0.344      0.750      0.979      0.494
  1241       -321  K-                  84  1235  1236     0     0     0     0     -0.757      2.027     -0.355      2.248      0.494
  1242          2  (u)                -71  1004  1004  1248  1262   105     0      0.163      0.254     -1.948      1.999      0.330
  1243         21  (g)                -71   969   969  1248  1262   326   105     -0.371      0.728     95.236     95.240      0.000
  1244         21  (g)                -71  1027  1027  1248  1262   344   326     -0.553     -0.008     47.009     47.012      0.195
  1245         21  (g)                -71   915   915  1248  1262   206   344     -2.453      1.747    112.229    112.269      0.000
  1246         21  (g)                -71   840   840  1248  1262   232   206     -0.084      0.558     14.318     14.329      0.000
  1247         -1  (dbar)             -71   901   901  1248  1262     0   232      0.459     -0.283     25.747     25.755      0.330
  1248        223  (omega)            -83  1242  1247  1982  1984     0     0     -0.384     -0.475     -0.983      1.391      0.773
  1249        211  pi+                 83  1242  1247     0     0     0     0      0.672      0.452      0.221      0.851      0.140
  1250        111  (pi0)              -83  1242  1247  1985  1986     0     0      0.010      0.383      0.162      0.438      0.135
  1251       -211  pi-                 83  1242  1247     0     0     0     0     -0.309     -0.607      1.053      1.262      0.140
  1252        111  (pi0)              -83  1242  1247  1987  1988     0     0      0.233      0.923      1.931      2.157      0.135
  1253        211  pi+                 84  1242  1247     0     0     0     0     -0.158     -0.311      4.682      4.697      0.140
  1254       -211  pi-                 84  1242  1247     0     0     0     0      0.213      0.055      3.895      3.904      0.140
  1255       2212  p+                  84  1242  1247     0     0     0     0     -0.037     -0.054      5.191      5.276      0.938
  1256      -2112  nbar0               84  1242  1247     0     0     0     0     -0.135     -0.014      8.228      8.283      0.940
  1257       2112  n0                  84  1242  1247     0     0     0     0     -0.075      0.466     11.588     11.635      0.940
  1258      -2212  pbar-               84  1242  1247     0     0     0     0      0.018     -0.152     35.156     35.168      0.938
  1259        211  pi+                 84  1242  1247     0     0     0     0     -0.666      0.342     32.313     32.322      0.140
  1260       -213  (rho-)             -84  1242  1247  1704  1705     0     0     -0.983      1.203     43.811     43.846      0.792
  1261        323  (K*+)              -84  1242  1247  1706  1707     0     0     -0.801      0.063    114.795    114.803      1.005
  1262       -313  (K*bar0)           -84  1242  1247  1708  1709     0     0     -0.437      0.722     30.546     30.571      0.889
  1263          2  (u)                -71   924   924  1265  1273   216     0     -1.042     -1.285    -10.308     10.445      0.330
  1264         -2  (ubar)             -71   997   997  1265  1273     0   216     -0.468     -0.421     57.124     57.128      0.330
  1265       2212  p+                  83  1263  1264     0     0     0     0     -0.630     -0.650     -5.679      5.827      0.938
  1266      -2112  nbar0               83  1263  1264     0     0     0     0     -0.520     -0.493     -2.962      3.189      0.940
  1267       -213  (rho-)             -83  1263  1264  1710  1711     0     0      0.234     -0.362     -0.772      1.343      1.011
  1268        223  (omega)            -83  1263  1264  1989  1991     0     0     -0.061      0.562      0.672      1.175      0.780
  1269        213  (rho+)             -83  1263  1264  1712  1713     0     0      0.288     -0.757      2.075      2.428      0.967
  1270        311  (K0)               -84  1263  1264  1714  1714     0     0     -0.689      0.286      4.661      4.747      0.498
  1271       -323  (K*-)              -84  1263  1264  1715  1716     0     0     -0.083      0.051     18.194     18.216      0.880
  1272        113  (rho0)             -84  1263  1264  1717  1718     0     0      0.169     -0.184     24.889     24.902      0.791
  1273        111  (pi0)              -84  1263  1264  1992  1993     0     0     -0.216     -0.158      5.738      5.746      0.135
  1274          3  (s)                -71   989   989  1276  1285   219     0      0.036      0.357    -15.827     15.839      0.500
  1275         -2  (ubar)             -71   998   998  1276  1285     0   219     -0.194     -0.165     55.132     55.133      0.330
  1276       -311  (Kbar0)            -83  1274  1275  1719  1719     0     0     -0.198      0.179     -8.956      8.974      0.498
  1277        311  (K0)               -83  1274  1275  1720  1720     0     0      0.002     -0.171     -2.547      2.601      0.498
  1278       -313  (K*bar0)           -83  1274  1275  1721  1722     0     0      0.318      0.204     -1.484      1.794      0.934
  1279       -211  pi-                 84  1274  1275     0     0     0     0      0.070     -0.113     -2.093      2.102      0.140
  1280        211  pi+                 84  1274  1275     0     0     0     0      0.030      0.387      0.148      0.439      0.140
  1281        221  (eta)              -84  1274  1275  1994  1996     0     0     -0.321      0.138      0.421      0.774      0.548
  1282        313  (K*0)              -84  1274  1275  1723  1724     0     0      0.291     -0.452      1.362      1.730      0.921
  1283        333  (phi)              -84  1274  1275  1997  1998     0     0     -0.326      0.061      7.826      7.900      1.023
  1284       -313  (K*bar0)           -84  1274  1275  1725  1726     0     0      0.108     -0.296     21.945     21.974      1.090
  1285       -211  pi-                 84  1274  1275     0     0     0     0     -0.132      0.256     22.683     22.685      0.140
  1286          1  (d)                -71   897   897  1288  1296   163     0     -1.170     -0.698    593.582    593.583      0.330
  1287         -2  (ubar)             -71   869   869  1288  1296     0   163     -0.558      1.344     -4.100      4.363      0.330
  1288       -213  (rho-)             -83  1286  1287  1727  1728     0     0     -1.060     -0.864    492.364    492.367      0.971
  1289       2212  p+                  83  1286  1287     0     0     0     0      0.060      0.328     36.401     36.414      0.938
  1290      -2114  (Deltabar0)        -83  1286  1287  1729  1730     0     0     -0.381     -0.332     33.191     33.233      1.604
  1291        223  (omega)            -83  1286  1287  1999  2001     0     0      0.137      0.254     28.287     28.299      0.781
  1292        111  (pi0)              -83  1286  1287  2002  2003     0     0      0.348     -0.403      1.085      1.216      0.135
  1293        111  (pi0)              -83  1286  1287  2004  2005     0     0     -0.361      0.293      1.146      1.244      0.135
  1294       -213  (rho-)             -83  1286  1287  1731  1732     0     0     -0.062      0.150      0.811      1.061      0.665
  1295        211  pi+                 84  1286  1287     0     0     0     0      0.090      0.739     -1.240      1.453      0.140
  1296       -211  pi-                 84  1286  1287     0     0     0     0     -0.497      0.482     -2.563      2.659      0.140
  1297          2  (u)                -71  1006  1006  1299  1316   128     0      0.016      0.134   -576.094    576.094      0.330
  1298         -3  (sbar)             -71   916   916  1299  1316     0   128      0.440     -1.191      5.070      5.251      0.500
  1299        111  (pi0)              -83  1297  1298  2006  2007     0     0      0.073     -0.054    -69.092     69.092      0.135
  1300        211  pi+                 83  1297  1298     0     0     0     0      0.179      0.040   -180.868    180.868      0.140
  1301        223  (omega)            -83  1297  1298  2008  2010     0     0     -0.170      0.104   -172.043    172.045      0.786
  1302       -213  (rho-)             -83  1297  1298  1733  1734     0     0     -0.324      0.133    -84.925     84.929      0.724
  1303        211  pi+                 83  1297  1298     0     0     0     0      0.178      0.084     -5.009      5.015      0.140
  1304        111  (pi0)              -83  1297  1298  2011  2012     0     0      0.081      0.529    -16.635     16.644      0.135
  1305       -211  pi-                 83  1297  1298     0     0     0     0     -0.090     -0.396     -6.707      6.721      0.140
  1306        111  (pi0)              -83  1297  1298  2013  2014     0     0      0.090     -0.648    -24.557     24.566      0.135
  1307        213  (rho+)             -83  1297  1298  1735  1736     0     0      0.194     -0.023    -13.472     13.495      0.768
  1308        111  (pi0)              -84  1297  1298  2015  2016     0     0     -0.156      0.049     -0.173      0.274      0.135
  1309       -211  pi-                 84  1297  1298     0     0     0     0      0.358      0.087     -0.392      0.555      0.140
  1310        221  (eta)              -84  1297  1298  2017  2019     0     0     -0.320      0.285     -0.645      0.949      0.548
  1311        211  pi+                 84  1297  1298     0     0     0     0     -0.116     -0.216     -0.236      0.368      0.140
  1312       -211  pi-                 84  1297  1298     0     0     0     0     -0.002      0.394      0.182      0.456      0.140
  1313        211  pi+                 84  1297  1298     0     0     0     0      0.183     -0.601     -0.444      0.782      0.140
  1314        113  (rho0)             -84  1297  1298  1737  1738     0     0      0.493     -0.147      1.875      2.180      0.986
  1315       -211  pi-                 84  1297  1298     0     0     0     0     -0.261     -0.123      0.283      0.427      0.140
  1316        321  K+                  84  1297  1298     0     0     0     0      0.065     -0.554      1.834      1.980      0.494
  1317          2  (u)                -71  1009  1009  1319  1327   197     0      0.147     -0.216     -8.084      8.095      0.330
  1318         -2  (ubar)             -71   803   803  1319  1327     0   197      0.913     -1.174    912.539    912.540      0.330
  1319        213  (rho+)             -83  1317  1318  1739  1740     0     0      0.200     -0.046     -4.873      4.940      0.788
  1320       -213  (rho-)             -83  1317  1318  1741  1742     0     0     -0.265      0.048     -0.681      1.057      0.763
  1321        213  (rho+)             -83  1317  1318  1743  1744     0     0      0.240     -0.320     -2.056      2.206      0.693
  1322        113  (rho0)             -83  1317  1318  1745  1746     0     0      0.145     -0.183      1.725      2.032      1.047
  1323        113  (rho0)             -83  1317  1318  1747  1748     0     0     -0.249      0.594     11.955     12.001      0.823
  1324       -211  pi-                 83  1317  1318     0     0     0     0      0.340     -0.437     15.150     15.161      0.140
  1325        211  pi+                 84  1317  1318     0     0     0     0     -0.211      0.156    106.008    106.009      0.140
  1326        113  (rho0)             -84  1317  1318  1749  1750     0     0      0.854     -1.465    630.669    630.672      0.906
  1327       -211  pi-                 84  1317  1318     0     0     0     0      0.006      0.262    146.557    146.557      0.140
  1328          2  (u)                -71  1011  1011  1330  1342   204     0     -0.061     -0.294    -32.843     32.846      0.330
  1329         -1  (dbar)             -71   999   999  1330  1342     0   204     -0.747      0.371    312.969    312.971      0.330
  1330        113  (rho0)             -83  1328  1329  1751  1752     0     0      0.140     -0.310    -14.753     14.778      0.791
  1331        221  (eta)              -83  1328  1329  2020  2022     0     0     -0.029      0.071     -6.096      6.121      0.548
  1332        223  (omega)            -83  1328  1329  2023  2025     0     0     -0.330      0.099     -7.180      7.229      0.770
  1333        213  (rho+)             -83  1328  1329  1753  1754     0     0     -0.121      0.035     -1.551      1.989      1.239
  1334        311  (K0)               -83  1328  1329  1755  1755     0     0      0.180      0.002     -0.219      0.573      0.498
  1335       -323  (K*-)              -83  1328  1329  1756  1757     0     0      0.271      0.291     -2.271      2.475      0.901
  1336        111  (pi0)              -83  1328  1329  2026  2027     0     0     -0.436     -0.178      0.323      0.587      0.135
  1337        211  pi+                 84  1328  1329     0     0     0     0      0.259     -0.593      2.982      3.055      0.140
  1338       -213  (rho-)             -84  1328  1329  1758  1759     0     0      0.082      0.256      4.605      4.673      0.750
  1339        211  pi+                 84  1328  1329     0     0     0     0     -0.681     -0.100      5.390      5.435      0.140
  1340       -211  pi-                 84  1328  1329     0     0     0     0      0.221      0.486    207.732    207.732      0.140
  1341        211  pi+                 84  1328  1329     0     0     0     0     -0.146     -0.224     18.082     18.085      0.140
  1342        111  (pi0)              -84  1328  1329  2028  2029     0     0     -0.217      0.243     73.083     73.083      0.135
  1343          1  (d)                -71   881   881  1371  1436   173     0     -2.064     -2.011    214.238    214.258      0.330
  1344         21  (g)                -71  1040  1040  1371  1436   336   173     -2.673     -1.632     47.185     47.291      0.432
  1345         21  (g)                -71   847   847  1371  1436   314   336     -1.939     -0.350     20.134     20.231      0.000
  1346         21  (g)                -71   940   940  1371  1436   242   314     -1.180     -0.727      8.221      8.337      0.000
  1347         21  (g)                -71   738   738  1371  1436   188   242     -3.402     -4.076     21.535     22.179      0.000
  1348         21  (g)                -71  1029  1029  1371  1436   324   188     -0.774     -0.707      3.003      3.181      0.015
  1349         21  (g)                -71   718   718  1371  1436   106   324    -11.269    -16.590     51.380     55.156      0.000
  1350         21  (g)                -71   829   829  1371  1436   303   106     -0.084     -1.753      2.456      3.019      0.000
  1351         21  (g)                -71  1042  1042  1371  1436   226   303     -1.707     -4.013      2.370      4.992      0.532
  1352         21  (g)                -71   880   880  1371  1436   180   226      0.784     -1.112      1.919      2.352      0.000
  1353         21  (g)                -71  1036  1036  1371  1436   302   180      0.518     -1.025      0.771      1.397      0.200
  1354         21  (g)                -71   717   717  1371  1436   252   302    -15.232     20.648     75.579     79.816      0.000
  1355         21  (g)                -71   752   752  1371  1436   110   252     -8.703     11.692     38.862     41.506      0.000
  1356         21  (g)                -71   769   769  1371  1436   315   110     -0.579      1.544      5.575      5.814      0.000
  1357         21  (g)                -71   722   722  1371  1436   102   315    -25.242     81.143    393.751    402.817      0.000
  1358         21  (g)                -71  1038  1038  1371  1436   321   102     -1.717      4.374     19.307     19.872      0.233
  1359         21  (g)                -71  1035  1035  1371  1436   203   321     -1.899      2.941     23.924     24.179      0.181
  1360         21  (g)                -71  1041  1041  1371  1436   257   203      0.338      2.019     18.854     18.970      0.451
  1361         21  (g)                -71   926   926  1371  1436   217   257      0.573      0.560      8.455      8.493      0.000
  1362         21  (g)                -71   961   961  1371  1436   291   217      2.748      0.104     17.066     17.287      0.000
  1363         21  (g)                -71   853   853  1371  1436   151   291      3.405     -2.193     25.916     26.231      0.000
  1364         21  (g)                -71   919   919  1371  1436   215   151      0.554     -1.671      6.154      6.401      0.000
  1365         21  (g)                -71  1033  1033  1371  1436   269   215      0.794     -0.624      3.209      3.368      0.155
  1366         21  (g)                -71  1039  1039  1371  1436   240   269     -0.529      1.465      5.439      5.664      0.286
  1367         21  (g)                -71  1030  1030  1371  1436   284   240      0.197      0.237      1.271      1.309      0.063
  1368         21  (g)                -71  1037  1037  1371  1436   138   284      1.614      3.601      8.747      9.598      0.200
  1369         21  (g)                -71   790   790  1371  1436   161   138      2.016      3.910      8.013      9.141      0.000
  1370         -2  (ubar)             -71   732   732  1371  1436     0   161     -5.793      5.054     19.922     21.356      0.330
  1371        111  (pi0)              -83  1343  1370  2030  2031     0     0     -0.278      0.039      8.715      8.720      0.135
  1372       3112  Sigma-              83  1343  1370     0     0     0     0     -1.517     -1.543    146.149    146.170      1.197
  1373      -3212  (Sigmabar0)        -83  1343  1370  2032  2033     0     0     -1.386     -1.082     52.411     52.454      1.193
  1374        211  pi+                 83  1343  1370     0     0     0     0     -0.073      0.017      1.676      1.683      0.140
  1375        111  (pi0)              -83  1343  1370  2034  2035     0     0     -0.732      0.303      8.274      8.313      0.135
  1376       -211  pi-                 83  1343  1370     0     0     0     0     -0.845     -1.061     17.642     17.694      0.140
  1377        321  K+                  83  1343  1370     0     0     0     0      0.099     -0.270     11.533     11.547      0.494
  1378        221  (eta)              -83  1343  1370  2036  2038     0     0     -0.910      0.244     10.351     10.409      0.548
  1379       -313  (K*bar0)           -83  1343  1370  1760  1761     0     0     -1.389     -1.800     24.970     25.092      0.954
  1380       2112  n0                  83  1343  1370     0     0     0     0     -1.575     -1.408     10.536     10.787      0.940
  1381      -2112  nbar0               83  1343  1370     0     0     0     0     -0.835     -0.926      5.936      6.138      0.940
  1382        221  (eta)              -83  1343  1370  2039  2041     0     0     -1.371     -0.878      7.300      7.500      0.548
  1383       -213  (rho-)             -83  1343  1370  1762  1763     0     0     -1.401     -1.925     10.482     10.779      0.809
  1384        211  pi+                 83  1343  1370     0     0     0     0     -0.272     -0.378      1.208      1.302      0.140
  1385        111  (pi0)              -83  1343  1370  2042  2043     0     0     -4.696     -6.384     20.320     21.811      0.135
  1386        111  (pi0)              -83  1343  1370  2044  2045     0     0     -0.024     -0.272      0.488      0.575      0.135
  1387       -211  pi-                 83  1343  1370     0     0     0     0     -3.891     -5.391     17.135     18.380      0.140
  1388        221  (eta)              -83  1343  1370  2046  2048     0     0     -1.540     -3.076      7.817      8.558      0.548
  1389        211  pi+                 83  1343  1370     0     0     0     0     -0.279     -1.073      1.841      2.154      0.140
  1390       -211  pi-                 83  1343  1370     0     0     0     0      0.082     -0.448      1.226      1.315      0.140
  1391        323  (K*+)              -83  1343  1370  1764  1765     0     0     -0.954     -0.483      0.912      1.564      0.688
  1392       -313  (K*bar0)           -83  1343  1370  1766  1767     0     0      0.159     -2.995      3.500      4.691      0.870
  1393        223  (omega)            -83  1343  1370  2049  2051     0     0     -0.196     -0.343      0.633      1.087      0.791
  1394       -211  pi-                 83  1343  1370     0     0     0     0     -0.087     -1.193      0.967      1.545      0.140
  1395        111  (pi0)              -83  1343  1370  2052  2053     0     0     -0.135     -0.143      0.504      0.558      0.135
  1396        211  pi+                 83  1343  1370     0     0     0     0     -0.603     -0.137      0.100      0.642      0.140
  1397        111  (pi0)              -83  1343  1370  2054  2055     0     0     -0.029     -0.237      1.149      1.181      0.135
  1398        331  (eta')             -83  1343  1370  2056  2057     0     0      0.157     -0.664      1.550      1.946      0.958
  1399       -213  (rho-)             -83  1343  1370  1768  1769     0     0     -1.443      1.977      6.825      7.299      0.837
  1400       2212  p+                  83  1343  1370     0     0     0     0     -5.859      9.081     31.498     33.314      0.938
  1401      -2212  pbar-               83  1343  1370     0     0     0     0    -10.770     13.501     50.520     53.398      0.938
  1402        321  K+                  83  1343  1370     0     0     0     0     -3.160      5.329     15.974     17.141      0.494
  1403       -321  K-                  83  1343  1370     0     0     0     0     -1.331      1.589      8.916      9.167      0.494
  1404        211  pi+                 83  1343  1370     0     0     0     0     -1.477      2.620      9.390      9.861      0.140
  1405       -211  pi-                 84  1343  1370     0     0     0     0     -1.609      4.824     21.641     22.231      0.140
  1406        211  pi+                 84  1343  1370     0     0     0     0     -8.336     27.437    135.246    138.253      0.140
  1407        111  (pi0)              -84  1343  1370  2058  2059     0     0     -0.735      3.187     14.284     14.654      0.135
  1408       -211  pi-                 84  1343  1370     0     0     0     0     -2.436      7.732     34.002     34.956      0.140
  1409        111  (pi0)              -84  1343  1370  2060  2061     0     0     -5.059     14.192     69.714     71.324      0.135
  1410        111  (pi0)              -84  1343  1370  2062  2063     0     0     -4.009     14.694     71.047     72.662      0.135
  1411        213  (rho+)             -84  1343  1370  1770  1771     0     0     -3.252      8.619     47.398     48.294      0.972
  1412        111  (pi0)              -84  1343  1370  2064  2065     0     0     -1.545      3.226     13.699     14.159      0.135
  1413       -211  pi-                 84  1343  1370     0     0     0     0     -0.391      3.013     19.946     20.177      0.140
  1414        223  (omega)            -84  1343  1370  2066  2068     0     0     -0.839      1.925     11.901     12.108      0.751
  1415        211  pi+                 84  1343  1370     0     0     0     0      0.457      0.323      4.790      4.825      0.140
  1416       -211  pi-                 84  1343  1370     0     0     0     0      0.129      0.115      5.561      5.565      0.140
  1417        211  pi+                 84  1343  1370     0     0     0     0      0.682      0.175      7.876      7.908      0.140
  1418       -213  (rho-)             -84  1343  1370  1772  1773     0     0      0.582     -0.066      5.025      5.105      0.687
  1419        111  (pi0)              -84  1343  1370  2069  2070     0     0      0.097      0.108      0.663      0.692      0.135
  1420        113  (rho0)             -84  1343  1370  1774  1775     0     0      0.455     -0.004      7.934      7.980      0.732
  1421        113  (rho0)             -84  1343  1370  1776  1777     0     0      1.756      0.000     13.726     13.861      0.799
  1422        211  pi+                 84  1343  1370     0     0     0     0      0.493     -0.102      1.345      1.443      0.140
  1423        113  (rho0)             -84  1343  1370  1778  1779     0     0      2.121     -2.094     18.437     18.717      1.231
  1424       -213  (rho-)             -84  1343  1370  1780  1781     0     0      0.383     -0.361      3.240      3.361      0.720
  1425        211  pi+                 84  1343  1370     0     0     0     0      0.117      0.114      0.377      0.434      0.140
  1426       -211  pi-                 84  1343  1370     0     0     0     0      0.305     -0.501      4.875      4.912      0.140
  1427        321  K+                  84  1343  1370     0     0     0     0      0.287      0.416      1.065      1.278      0.494
  1428       -311  (Kbar0)            -84  1343  1370  1782  1782     0     0      0.356      0.281      1.825      1.945      0.498
  1429        111  (pi0)              -84  1343  1370  2071  2072     0     0      0.756      1.028      4.156      4.349      0.135
  1430        113  (rho0)             -84  1343  1370  1783  1784     0     0      0.544      3.108      6.202      7.008      0.826
  1431       -211  pi-                 84  1343  1370     0     0     0     0      0.391      0.239      1.239      1.329      0.140
  1432        111  (pi0)              -84  1343  1370  2073  2074     0     0      0.090      0.576      1.236      1.373      0.135
  1433        223  (omega)            -84  1343  1370  2075  2077     0     0      0.346      2.169      4.513      5.079      0.776
  1434       2214  (Delta+)           -84  1343  1370  1785  1786     0     0     -0.552      1.769      5.979      6.404      1.351
  1435       -213  (rho-)             -84  1343  1370  1787  1788     0     0     -1.368      1.408      5.190      5.607      0.804
  1436      -2114  (Deltabar0)        -84  1343  1370  1789  1790     0     0     -2.899      2.665     10.673     11.442      1.231
  1437          1  (d)                -71   754   754  1457  1497   261     0     16.763      4.349    -17.637     24.721      0.330
  1438         21  (g)                -71   772   772  1457  1497   318   261     18.126      6.355    -20.061     27.774      0.000
  1439         21  (g)                -71   723   723  1457  1497   210   318     88.748     28.309    -95.536    133.434      0.000
  1440         21  (g)                -71   744   744  1457  1497   129   210      3.979      0.371     -3.241      5.145      0.000
  1441         21  (g)                -71   794   794  1457  1497   190   129      1.191      0.585      1.147      1.754      0.000
  1442         21  (g)                -71  1053  1053  1457  1497   121   190      2.545     -0.529      2.300      3.489      0.361
  1443         21  (g)                -71   728   728  1457  1497   224   121      3.838     -1.338      2.113      4.581      0.000
  1444         21  (g)                -71  1055  1055  1457  1497   101   224      4.854     -3.902     -0.210      6.258      0.571
  1445         21  (g)                -71   778   778  1457  1497   227   101      2.195     -2.972     -0.922      3.808      0.000
  1446         21  (g)                -71  1054  1054  1457  1497   247   227     -0.303     -1.042     10.069     10.138      0.475
  1447         21  (g)                -71   800   800  1457  1497   136   247      0.851     -0.566     13.595     13.633      0.000
  1448         21  (g)                -71  1052  1052  1457  1497   253   136      1.176     -0.123     16.504     16.549      0.331
  1449         21  (g)                -71  1050  1050  1457  1497   298   253      3.421      0.878     71.961     72.048      0.216
  1450         21  (g)                -71   931   931  1457  1497   221   298      0.740      0.410     33.339     33.350      0.000
  1451         21  (g)                -71   810   810  1457  1497   308   221      0.764     -0.330     36.078     36.088      0.000
  1452         21  (g)                -71  1051  1051  1457  1497   141   308      4.637      0.310    343.637    343.669      0.261
  1453         21  (g)                -71   941   941  1457  1497   244   141      0.288      0.870     60.047     60.054      0.000
  1454         21  (g)                -71   898   898  1457  1497   185   244      1.160      1.270    168.675    168.684      0.000
  1455         21  (g)                -71   929   929  1457  1497   192   185      1.653      0.515    512.449    512.452      0.000
  1456         -1  (dbar)             -71   902   902  1457  1497     0   192      0.543     -0.332      0.494      0.870      0.330
  1457        113  (rho0)             -83  1437  1456  1791  1792     0     0     39.534     12.886    -42.340     59.348      0.744
  1458       -213  (rho-)             -83  1437  1456  1793  1794     0     0     28.753      8.170    -31.189     43.206      0.731
  1459        223  (omega)            -83  1437  1456  2078  2080     0     0     30.622     10.561    -32.785     46.095      0.789
  1460        111  (pi0)              -83  1437  1456  2081  2082     0     0     19.707      5.378    -21.646     29.763      0.135
  1461        111  (pi0)              -83  1437  1456  2083  2084     0     0      2.609      0.613     -1.634      3.141      0.135
  1462        211  pi+                 83  1437  1456     0     0     0     0      2.903      1.287     -2.549      4.075      0.140
  1463        113  (rho0)             -83  1437  1456  1795  1796     0     0      1.403      0.053     -1.907      2.514      0.845
  1464        223  (omega)            -83  1437  1456  2085  2087     0     0      1.147      0.887     -0.607      1.756      0.783
  1465        111  (pi0)              -83  1437  1456  2088  2089     0     0      1.524     -0.457     -0.945      1.856      0.135
  1466       2112  n0                  83  1437  1456     0     0     0     0      1.895     -0.292      1.848      2.824      0.940
  1467        223  (omega)            -83  1437  1456  2090  2092     0     0      2.208     -0.753      0.199      2.469      0.785
  1468      -2112  nbar0               83  1437  1456     0     0     0     0      1.724     -0.438      0.731      2.141      0.940
  1469        223  (omega)            -83  1437  1456  2093  2095     0     0      0.352     -0.625      0.443      1.159      0.795
  1470        221  (eta)              -83  1437  1456  2096  2098     0     0      2.832     -0.873      0.900      3.145      0.548
  1471       -213  (rho-)             -83  1437  1456  1797  1798     0     0      1.415     -1.867     -0.086      2.476      0.796
  1472        211  pi+                 83  1437  1456     0     0     0     0      1.004     -0.574     -0.244      1.191      0.140
  1473       -211  pi-                 83  1437  1456     0     0     0     0      1.150     -1.175      0.018      1.650      0.140
  1474        111  (pi0)              -83  1437  1456  2099  2100     0     0      0.727     -0.223      0.231      0.806      0.135
  1475        113  (rho0)             -83  1437  1456  1799  1800     0     0      0.609     -0.852      0.414      1.317      0.684
  1476       2212  p+                  83  1437  1456     0     0     0     0     -0.113      0.217      0.472      1.079      0.938
  1477      -2112  nbar0               84  1437  1456     0     0     0     0     -0.112     -1.142      4.577      4.811      0.940
  1478       -213  (rho-)             -84  1437  1456  1801  1802     0     0      0.711     -0.111      4.881      4.989      0.738
  1479        221  (eta)              -84  1437  1456  2101  2103     0     0      0.447     -0.512      9.230      9.271      0.548
  1480        211  pi+                 84  1437  1456     0     0     0     0      0.354      0.208      2.475      2.513      0.140
  1481       -211  pi-                 84  1437  1456     0     0     0     0      0.163     -0.041      6.874      6.877      0.140
  1482        223  (omega)            -84  1437  1456  2104  2106     0     0      1.074      0.146     30.498     30.527      0.780
  1483        211  pi+                 84  1437  1456     0     0     0     0      0.022      0.154      2.083      2.094      0.140
  1484       -213  (rho-)             -84  1437  1456  1803  1804     0     0      1.452     -1.160     37.082     37.140      0.953
  1485        211  pi+                 84  1437  1456     0     0     0     0      1.488      1.270     70.406     70.433      0.140
  1486        221  (eta)              -84  1437  1456  2107  2108     0     0      1.089     -0.595     44.518     44.539      0.548
  1487        111  (pi0)              -84  1437  1456  2109  2110     0     0      4.593      2.104    363.179    363.214      0.135
  1488       -211  pi-                 84  1437  1456     0     0     0     0     -0.487     -0.271     34.440     34.444      0.140
  1489        111  (pi0)              -84  1437  1456  2111  2112     0     0      0.001      0.107      4.427      4.431      0.135
  1490        211  pi+                 84  1437  1456     0     0     0     0      2.434      0.665    201.519    201.535      0.140
  1491        221  (eta)              -84  1437  1456  2113  2115     0     0      1.119      0.324    266.111    266.115      0.548
  1492        311  (K0)               -84  1437  1456  1805  1805     0     0      0.289      0.291     91.964     91.966      0.498
  1493       -311  (Kbar0)            -84  1437  1456  1806  1806     0     0      0.023     -0.125     20.133     20.140      0.498
  1494        111  (pi0)              -84  1437  1456  2116  2117     0     0      0.203      0.680     28.996     29.005      0.135
  1495       -213  (rho-)             -84  1437  1456  1807  1808     0     0     -0.189     -0.320     25.745     25.759      0.743
  1496        111  (pi0)              -84  1437  1456  2118  2119     0     0      0.216      0.323     14.385     14.391      0.135
  1497        213  (rho+)             -84  1437  1456  1809  1810     0     0      0.274     -0.832      1.954      2.294      0.822
  1498         21  (g)                -71  1016  1016  1546  1642   236   328      0.075     -0.287   -166.636    166.636      0.160
  1499         21  (g)                -71   968   968  1546  1642   328   331      1.724      0.750   -794.793    794.795      0.000
  1500         21  (g)                -71   972   972  1546  1642   331   179      0.436      0.458   -122.882    122.884      0.000
  1501         21  (g)                -71   890   890  1546  1642   179   342      0.614     -1.121   -138.448    138.454      0.000
  1502         21  (g)                -71   986   986  1546  1642   342   230      0.801      0.838    -45.146     45.161      0.000
  1503         21  (g)                -71   888   888  1546  1642   230   126      0.008      1.119    -30.814     30.834      0.000
  1504         21  (g)                -71   816   816  1546  1642   126   329      0.743      4.586    -99.542     99.651      0.000
  1505         21  (g)                -71  1017  1017  1546  1642   329   199      0.870     -0.001     -9.645      9.686      0.190
  1506         21  (g)                -71   824   824  1546  1642   199   282      2.491      1.902    -28.927     29.096      0.000
  1507         21  (g)                -71  1024  1024  1546  1642   282   172      1.879      2.519    -13.169     13.546      0.436
  1508         21  (g)                -71   879   879  1546  1642   172   272     -2.550      2.527    -32.981     33.176      0.000
  1509         21  (g)                -71   936   936  1546  1642   272   195      0.686     -0.399    -15.488     15.508      0.000
  1510         21  (g)                -71  1025  1025  1546  1642   195   108      1.043     -1.747    -25.625     25.710      0.485
  1511         21  (g)                -71   745   745  1546  1642   108   288     -1.317     -0.956    -14.845     14.934      0.000
  1512         21  (g)                -71   798   798  1546  1642   288   211     -0.444     -0.560     -3.413      3.487      0.000
  1513         21  (g)                -71   737   737  1546  1642   211   241     -4.554      1.443    -16.003     16.701      0.000
  1514         21  (g)                -71  1020  1020  1546  1642   241   189     -1.169      1.473     -7.199      7.448      0.323
  1515         21  (g)                -71   760   760  1546  1642   189   157     -0.977     -0.195     -2.230      2.442      0.000
  1516         21  (g)                -71   817   817  1546  1642   157   281     -2.464      0.499     -3.792      4.550      0.000
  1517         21  (g)                -71  1022  1022  1546  1642   281   274     -7.936      4.617    -22.598     24.396      0.408
  1518         21  (g)                -71   757   757  1546  1642   274   311    -10.220      4.481    -29.279     31.333      0.000
  1519         21  (g)                -71  1013  1013  1546  1642   311   275     -0.168      0.713     -1.081      1.308      0.073
  1520         21  (g)                -71   809   809  1546  1642   275   125     -0.149      0.661     -0.224      0.714      0.000
  1521         21  (g)                -71   807   807  1546  1642   125   194     -2.496      4.348     -2.470      5.589      0.000
  1522         21  (g)                -71  1019  1019  1546  1642   194   115     -0.860      0.499     -0.594      1.198      0.306
  1523         21  (g)                -71   776   776  1546  1642   115   103     -7.307     -2.382     -5.958      9.725      0.000
  1524         21  (g)                -71   731   731  1546  1642   103   144     -2.402     -3.139     -2.339      4.593      0.000
  1525         21  (g)                -71   823   823  1546  1642   144   350     -0.925     -2.489     -1.287      2.951      0.000
  1526         21  (g)                -71  1015  1015  1546  1642   350   137     -0.974     -1.167     -0.216      1.541      0.133
  1527         21  (g)                -71   740   740  1546  1642   137   198    -10.527     -6.480     -2.587     12.629      0.000
  1528         21  (g)                -71   746   746  1546  1642   198   212   -131.141    -74.401    -23.224    152.555      0.000
  1529         21  (g)                -71   736   736  1546  1642   212   155    -52.340    -28.015     -8.890     60.028      0.000
  1530         21  (g)                -71   716   716  1546  1642   155   146   -127.715    -67.347    -23.079    146.217      0.000
  1531         21  (g)                -71   741   741  1546  1642   146   313     -6.604     -2.990     -0.795      7.293      0.000
  1532         21  (g)                -71   768   768  1546  1642   313   207    -11.317     -6.640     -2.583     13.374      0.000
  1533         21  (g)                -71   734   734  1546  1642   207   322    -22.694    -13.893     -2.109     26.693      0.000
  1534         21  (g)                -71  1021  1021  1546  1642   322   117     -4.566     -1.820     -0.394      4.942      0.334
  1535         21  (g)                -71   764   764  1546  1642   117   135     -2.082     -0.753      0.245      2.228      0.000
  1536         21  (g)                -71   821   821  1546  1642   135   299     -1.251     -0.788      0.568      1.584      0.000
  1537         21  (g)                -71   725   725  1546  1642   299   142     -5.365     -3.038      3.705      7.193      0.000
  1538         21  (g)                -71   833   833  1546  1642   142   289     -2.895      1.373      0.985      3.352      0.000
  1539         21  (g)                -71   762   762  1546  1642   289   154     -1.520      0.116      0.838      1.740      0.000
  1540         21  (g)                -71  1023  1023  1546  1642   154   164     -2.980     -0.563      3.444      4.607      0.408
  1541         21  (g)                -71   868   868  1546  1642   164   319     -2.974     -1.499      5.961      6.829      0.000
  1542         21  (g)                -71  1018  1018  1546  1642   319   123     -2.001      0.311      4.652      5.080      0.265
  1543          2  (u)                -71  1026  1026  1546  1642   123     0     -3.078     -1.218     14.828     15.215      0.806
  1544          1  (d)                -71   953   953  1546  1642   267     0      0.687      1.522     80.231     80.249      0.330
  1545          2  (u)                -71   875   875  1546  1642   166     0      2.543     -0.567   -138.663    138.688      0.330
  1546        221  (eta)              -85  1498  1545  2120  2122     0     0      1.325     -0.655    -82.260     82.275      0.548
  1547       -213  (rho-)             -86  1498  1545  1811  1812     0     0      0.813      1.085     68.601     68.619      0.754
  1548        211  pi+                 86  1498  1545     0     0     0     0      0.026      0.446      5.289      5.310      0.140
  1549        111  (pi0)              -86  1498  1545  2123  2124     0     0     -0.340     -0.024      4.617      4.632      0.135
  1550        311  (K0)               -86  1498  1545  1813  1813     0     0      0.151     -0.141      0.131      0.555      0.498
  1551       -323  (K*-)              -86  1498  1545  1814  1815     0     0      0.141     -0.164     -0.044      0.909      0.882
  1552        111  (pi0)              -86  1498  1545  2125  2126     0     0     -0.196      0.167     -0.103      0.309      0.135
  1553        321  K+                  86  1498  1545     0     0     0     0     -0.107      0.183     -0.174      0.565      0.494
  1554       -313  (K*bar0)           -86  1498  1545  1816  1817     0     0      0.166      0.285     -0.300      1.002      0.897
  1555       -211  pi-                 86  1498  1545     0     0     0     0      0.423     -0.398     -0.174      0.621      0.140
  1556        211  pi+                 86  1498  1545     0     0     0     0     -0.061      0.308     -1.170      1.219      0.140
  1557       -211  pi-                 86  1498  1545     0     0     0     0     -0.365     -0.179     -2.099      2.143      0.140
  1558        211  pi+                 86  1498  1545     0     0     0     0      0.206     -0.284     -5.204      5.218      0.140
  1559       2212  p+                  83  1498  1545     0     0     0     0     -1.914     -0.319      6.574      6.918      0.938
  1560      -2212  pbar-               83  1498  1545     0     0     0     0     -0.991     -0.190      4.257      4.474      0.938
  1561        213  (rho+)             -83  1498  1545  1818  1819     0     0     -3.138     -1.317      7.764      8.559      1.183
  1562       -211  pi-                 83  1498  1545     0     0     0     0     -0.959     -0.198      3.199      3.349      0.140
  1563        211  pi+                 83  1498  1545     0     0     0     0     -0.175     -0.151      0.400      0.483      0.140
  1564       -211  pi-                 83  1498  1545     0     0     0     0     -0.236      0.256      0.300      0.481      0.140
  1565        331  (eta')             -83  1498  1545  2127  2128     0     0     -1.370     -0.072      1.840      2.487      0.958
  1566        111  (pi0)              -83  1498  1545  2129  2130     0     0     -0.455     -0.351      0.804      0.997      0.135
  1567        223  (omega)            -83  1498  1545  2131  2133     0     0     -1.826      0.281      2.976      3.591      0.792
  1568        211  pi+                 83  1498  1545     0     0     0     0     -0.555     -0.012     -0.082      0.578      0.140
  1569        111  (pi0)              -83  1498  1545  2134  2135     0     0     -4.226     -0.883      3.379      5.484      0.135
  1570       -211  pi-                 83  1498  1545     0     0     0     0     -0.214      0.447      0.194      0.550      0.140
  1571        221  (eta)              -83  1498  1545  2136  2138     0     0     -2.087     -0.553      0.938      2.417      0.548
  1572       2212  p+                  83  1498  1545     0     0     0     0     -1.838     -0.807      0.474      2.266      0.938
  1573      -2212  pbar-               83  1498  1545     0     0     0     0     -5.310     -2.346      1.002      5.965      0.938
  1574        221  (eta)              -83  1498  1545  2139  2140     0     0     -0.503     -0.433     -0.165      0.876      0.548
  1575        211  pi+                 83  1498  1545     0     0     0     0     -2.108     -1.533      0.340      2.632      0.140
  1576        223  (omega)            -83  1498  1545  2141  2142     0     0     -3.274     -1.934     -0.099      3.883      0.784
  1577       -213  (rho-)             -83  1498  1545  1820  1821     0     0     -5.738     -3.234     -0.081      6.619      0.654
  1578        211  pi+                 83  1498  1545     0     0     0     0     -1.488     -0.925     -0.373      1.797      0.140
  1579       -213  (rho-)             -83  1498  1545  1822  1823     0     0    -11.147     -5.309     -1.851     12.526      1.027
  1580        113  (rho0)             -83  1498  1545  1824  1825     0     0    -29.673    -17.456     -4.198     34.694      0.941
  1581        211  pi+                 83  1498  1545     0     0     0     0    -39.184    -20.905     -7.009     44.962      0.140
  1582       -211  pi-                 83  1498  1545     0     0     0     0    -43.570    -22.840     -7.894     49.823      0.140
  1583        211  pi+                 83  1498  1545     0     0     0     0     -7.044     -4.582     -1.258      8.498      0.140
  1584       -211  pi-                 83  1498  1545     0     0     0     0    -83.317    -44.951    -14.610     95.790      0.140
  1585        211  pi+                 83  1498  1545     0     0     0     0     -3.164     -1.622     -0.615      3.611      0.140
  1586        311  (K0)               -83  1498  1545  1826  1826     0     0    -51.882    -28.366     -9.723     59.927      0.498
  1587       -323  (K*-)              -83  1498  1545  1827  1828     0     0    -30.502    -16.775     -4.926     35.168      0.896
  1588       2212  p+                  83  1498  1545     0     0     0     0    -16.155     -9.035     -2.824     18.747      0.938
  1589      -2212  pbar-               83  1498  1545     0     0     0     0    -19.184    -11.158     -3.551     22.495      0.938
  1590        113  (rho0)             -83  1498  1545  1829  1830     0     0     -7.369     -4.649     -1.722      8.932      0.948
  1591        213  (rho+)             -83  1498  1545  1831  1832     0     0    -10.143     -6.375     -1.679     12.122      0.781
  1592       -211  pi-                 83  1498  1545     0     0     0     0     -0.167     -0.070     -0.248      0.337      0.140
  1593        113  (rho0)             -83  1498  1545  1833  1834     0     0     -3.386     -3.921     -2.929      6.013      0.859
  1594        211  pi+                 83  1498  1545     0     0     0     0     -0.440     -0.355      0.195      0.614      0.140
  1595        311  (K0)               -83  1498  1545  1835  1835     0     0     -2.648     -1.886     -3.017      4.463      0.498
  1596       -313  (K*bar0)           -83  1498  1545  1836  1837     0     0     -1.705     -0.228     -0.670      2.033      0.852
  1597       2112  n0                  84  1498  1545     0     0     0     0     -0.975     -0.552     -1.017      1.781      0.940
  1598      -2212  pbar-               84  1498  1545     0     0     0     0     -2.557     -0.783     -2.233      3.608      0.938
  1599        111  (pi0)              -84  1498  1545  2143  2144     0     0     -1.334      0.742     -1.558      2.185      0.135
  1600        213  (rho+)             -84  1498  1545  1838  1839     0     0     -0.928      1.903     -1.167      2.599      0.955
  1601       -211  pi-                 84  1498  1545     0     0     0     0      0.082      0.292     -0.166      0.372      0.140
  1602        113  (rho0)             -84  1498  1545  1840  1841     0     0     -1.376      1.753     -1.827      2.996      0.822
  1603        211  pi+                 84  1498  1545     0     0     0     0     -0.104     -0.161     -0.071      0.248      0.140
  1604       -213  (rho-)             -84  1498  1545  1842  1843     0     0     -1.307      0.973     -1.841      2.501      0.462
  1605       2212  p+                  84  1498  1545     0     0     0     0     -5.514      2.527    -16.354     17.468      0.938
  1606      -2112  nbar0               84  1498  1545     0     0     0     0     -1.389      1.150     -4.898      5.303      0.940
  1607        221  (eta)              -84  1498  1545  2145  2146     0     0     -1.905      1.302     -4.432      5.027      0.548
  1608       -211  pi-                 84  1498  1545     0     0     0     0     -3.967      1.541    -10.916     11.717      0.140
  1609       2212  p+                  84  1498  1545     0     0     0     0     -3.076      1.454     -8.858      9.535      0.938
  1610      -2112  nbar0               84  1498  1545     0     0     0     0     -3.039      1.361     -8.820      9.474      0.940
  1611       -211  pi-                 84  1498  1545     0     0     0     0     -1.244      0.706     -1.912      2.392      0.140
  1612       3212  (Sigma0)           -84  1498  1545  2147  2148     0     0     -4.241      1.236    -15.681     16.335      1.193
  1613        213  (rho+)             -84  1498  1545  1844  1845     0     0     -1.776      0.909    -10.737     10.964      0.978
  1614      -3224  (Sigma*bar-)       -84  1498  1545  1846  1847     0     0     -0.680     -1.165    -14.631     14.758      1.385
  1615        111  (pi0)              -84  1498  1545  2149  2150     0     0      0.596     -0.391     -3.071      3.156      0.135
  1616        321  K+                  84  1498  1545     0     0     0     0     -0.180     -0.653    -14.119     14.144      0.494
  1617       -313  (K*bar0)           -84  1498  1545  1848  1849     0     0     -0.683     -0.752    -10.793     10.879      0.909
  1618        223  (omega)            -84  1498  1545  2151  2153     0     0      0.275      0.387    -16.768     16.793      0.787
  1619       -211  pi-                 84  1498  1545     0     0     0     0     -0.659      1.009    -12.086     12.147      0.140
  1620        213  (rho+)             -84  1498  1545  1850  1851     0     0     -0.259      0.047     -5.326      5.443      1.093
  1621        313  (K*0)              -84  1498  1545  1852  1853     0     0      0.629      0.817    -11.128     11.212      0.913
  1622       -321  K-                  84  1498  1545     0     0     0     0      0.440      0.467     -6.455      6.506      0.494
  1623        113  (rho0)             -84  1498  1545  1854  1855     0     0      0.105      0.722     -8.070      8.145      0.835
  1624        221  (eta)              -84  1498  1545  2154  2156     0     0      0.323      0.520     -8.874      8.912      0.548
  1625        221  (eta)              -84  1498  1545  2157  2159     0     0      1.136      1.226     -8.905      9.077      0.548
  1626        211  pi+                 84  1498  1545     0     0     0     0      0.294      0.330     -2.966      3.002      0.140
  1627        311  (K0)               -84  1498  1545  1856  1856     0     0      0.360      0.031     -5.761      5.794      0.498
  1628       -313  (K*bar0)           -84  1498  1545  1857  1858     0     0      0.538      2.651    -41.723     41.821      0.962
  1629        111  (pi0)              -84  1498  1545  2160  2161     0     0      0.435      0.889    -30.288     30.304      0.135
  1630       2112  n0                  84  1498  1545     0     0     0     0      0.484      0.698    -24.870     24.902      0.940
  1631      -2212  pbar-               84  1498  1545     0     0     0     0      0.397      1.966    -46.748     46.800      0.938
  1632        211  pi+                 84  1498  1545     0     0     0     0      0.307      0.118    -10.855     10.861      0.140
  1633        111  (pi0)              -84  1498  1545  2162  2163     0     0      0.240     -0.301    -16.731     16.736      0.135
  1634        313  (K*0)              -84  1498  1545  1859  1860     0     0      0.241      0.558    -88.160     88.166      0.906
  1635       -323  (K*-)              -84  1498  1545  1861  1862     0     0      0.075      0.518   -160.393    160.396      0.825
  1636        223  (omega)            -84  1498  1545  2164  2166     0     0      0.800      0.595   -169.986    169.991      0.774
  1637        213  (rho+)             -84  1498  1545  1863  1864     0     0      0.952     -0.942   -321.300    321.305      1.146
  1638       -211  pi-                 84  1498  1545     0     0     0     0     -0.005     -0.004     -9.170      9.171      0.140
  1639        113  (rho0)             -84  1498  1545  1865  1866     0     0      0.713      0.341   -206.195    206.198      0.780
  1640        111  (pi0)              -84  1498  1545  2167  2168     0     0      0.335     -0.143   -128.370    128.371      0.135
  1641       2214  (Delta+)           -87  1498  1545  1867  1868     0     0      0.651      0.434   -193.349    193.354      1.246
  1642        111  (pi0)              -84  1498  1545  2169  2170     0     0      0.331      0.099     -7.141      7.151      0.135
  1643        310  K_S0                91  1062  1062     0     0     0     0     -0.160     -0.035   -345.780    345.780      0.498
  1644       -211  pi-                 91  1066     0     0     0     0     0      0.130      0.583     -2.477      2.552      0.140
  1645        111  (pi0)              -91  1066     0  2171  2172     0     0      0.730      0.225     -2.875      2.978      0.135
  1646        211  pi+                 91  1071     0     0     0     0     0     -0.308     -0.794   -187.930    187.932      0.140
  1647        111  (pi0)              -91  1071     0  2173  2174     0     0     -0.401      0.257    -60.733     60.735      0.135
  1648       -211  pi-                 91  1074     0     0     0     0     0     -0.642      0.473      8.836      8.873      0.140
  1649        111  (pi0)              -91  1074     0  2175  2176     0     0     -0.259     -0.234      2.354      2.384      0.135
  1650        211  pi+                 91  1082     0     0     0     0     0     -1.611      0.578    272.139    272.144      0.140
  1651        111  (pi0)              -91  1082     0  2177  2178     0     0     -0.282     -0.409    190.339    190.340      0.135
  1652        211  pi+                 91  1088     0     0     0     0     0     -2.488      0.666    -48.734     48.802      0.140
  1653       -211  pi-                 91  1088     0     0     0     0     0     -0.139     -0.068     -3.054      3.061      0.140
  1654        311  (K0)               -91  1092     0  1869  1869     0     0     -0.507      0.249     12.066     12.089      0.498
  1655        211  pi+                 91  1092     0     0     0     0     0     -0.407     -0.311      8.297      8.314      0.140
  1656        310  K_S0                91  1093  1093     0     0     0     0      0.959     -0.060      2.894      3.090      0.498
  1657        211  pi+                 91  1094     0     0     0     0     0     -0.164      0.160      4.872      4.879      0.140
  1658        111  (pi0)              -91  1094     0  2179  2180     0     0      0.518      0.413      5.447      5.489      0.135
  1659        211  pi+                 91  1099     0     0     0     0     0     -0.330      0.362    -55.733     55.735      0.140
  1660        111  (pi0)              -91  1099     0  2181  2182     0     0     -0.974      0.055    -55.321     55.330      0.135
  1661        211  pi+                 91  1101     0     0     0     0     0      1.096     -0.064    -57.503     57.513      0.140
  1662       -211  pi-                 91  1101     0     0     0     0     0      0.991      0.605    -55.362     55.375      0.140
  1663        321  K+                  91  1106     0     0     0     0     0     -0.520      0.189    -19.180     19.195      0.494
  1664       -211  pi-                 91  1106     0     0     0     0     0     -0.302     -0.316    -16.739     16.746      0.140
  1665        130  K_L0                91  1114  1114     0     0     0     0     -0.165     -0.279      1.479      1.594      0.498
  1666        310  K_S0                91  1122  1122     0     0     0     0      3.324      0.757     -5.614      6.587      0.498
  1667        311  (K0)               -91  1135     0  1870  1870     0     0     -0.012      0.820     24.354     24.373      0.498
  1668        111  (pi0)              -91  1135     0  2183  2184     0     0     -0.036     -0.100      2.271      2.277      0.135
  1669       -311  (Kbar0)            -91  1136     0  1871  1871     0     0     -0.048      0.120     32.691     32.695      0.498
  1670       -211  pi-                 91  1136     0     0     0     0     0     -0.095      0.312      9.118      9.125      0.140
  1671        211  pi+                 91  1141     0     0     0     0     0     -0.409     -0.442     10.389     10.408      0.140
  1672        111  (pi0)              -91  1141     0  2185  2186     0     0     -0.120     -1.178     42.756     42.773      0.135
  1673        311  (K0)               -91  1151     0  1872  1872     0     0     -0.068      1.501     -0.141      1.589      0.498
  1674        211  pi+                 91  1151     0     0     0     0     0      0.060      0.858      0.237      0.903      0.140
  1675      -2112  nbar0               91  1153     0     0     0     0     0     -1.466      2.031      1.288      2.969      0.940
  1676        211  pi+                 91  1153     0     0     0     0     0     -0.041      0.092     -0.038      0.176      0.140
  1677       -211  pi-                 91  1154     0     0     0     0     0     -0.237      0.305      0.043      0.413      0.140
  1678        111  (pi0)              -91  1154     0  2187  2188     0     0      0.225     -0.281      0.048      0.387      0.135
  1679        310  K_S0                91  1156  1156     0     0     0     0      0.235     -0.160     -4.389      4.427      0.498
  1680        211  pi+                 91  1165     0     0     0     0     0      0.458     -1.095     -3.774      3.958      0.140
  1681        111  (pi0)              -91  1165     0  2189  2190     0     0      0.037     -0.153     -2.114      2.124      0.135
  1682        211  pi+                 91  1166     0     0     0     0     0      0.066     -0.119     -0.452      0.492      0.140
  1683       -211  pi-                 91  1166     0     0     0     0     0      1.155     -1.709     -4.180      4.663      0.140
  1684        211  pi+                 91  1168     0     0     0     0     0      2.968     -4.988     -9.535     11.164      0.140
  1685       -211  pi-                 91  1168     0     0     0     0     0      0.435     -0.428     -1.405      1.538      0.140
  1686        211  pi+                 91  1180     0     0     0     0     0     -1.263      0.400   -247.509    247.512      0.140
  1687       -211  pi-                 91  1180     0     0     0     0     0     -1.180     -0.035   -182.560    182.564      0.140
  1688       -211  pi-                 91  1187     0     0     0     0     0      0.145      0.172    -34.395     34.396      0.140
  1689        111  (pi0)              -91  1187     0  2191  2192     0     0     -0.198     -0.562    -30.839     30.845      0.135
  1690       -211  pi-                 91  1189     0     0     0     0     0     -0.293     -0.779    -84.821     84.826      0.140
  1691        111  (pi0)              -91  1189     0  2193  2194     0     0     -0.518      0.218   -115.435    115.437      0.135
  1692        130  K_L0                91  1208  1208     0     0     0     0      0.475      0.803     -1.140      1.555      0.498
  1693        211  pi+                 91  1215     0     0     0     0     0     13.239      2.852    -14.894     20.131      0.140
  1694        111  (pi0)              -91  1215     0  2195  2196     0     0     11.562      3.085    -14.096     18.491      0.135
  1695        310  K_S0                91  1227  1227     0     0     0     0      1.210     -1.411     -0.587      2.012      0.498
  1696        211  pi+                 91  1228     0     0     0     0     0      0.187     -0.405    -20.303     20.309      0.140
  1697        111  (pi0)              -91  1228     0  2197  2198     0     0     -0.224      0.024    -48.011     48.012      0.135
  1698        211  pi+                 91  1229     0     0     0     0     0      0.032     -0.173     -0.688      0.723      0.140
  1699       -211  pi-                 91  1229     0     0     0     0     0     -0.340     -0.197    -11.776     11.783      0.140
  1700       -211  pi-                 91  1230     0     0     0     0     0     -0.123      0.007     -6.536      6.539      0.140
  1701        111  (pi0)              -91  1230     0  2199  2200     0     0      0.089     -0.125     -0.462      0.506      0.135
  1702       -311  (Kbar0)            -91  1238     0  1873  1873     0     0     -1.171     -0.144     63.163     63.175      0.498
  1703       -211  pi-                 91  1238     0     0     0     0     0      0.042     -0.111      5.504      5.507      0.140
  1704       -211  pi-                 91  1260     0     0     0     0     0     -0.114      0.192      2.685      2.698      0.140
  1705        111  (pi0)              -91  1260     0  2201  2202     0     0     -0.868      1.011     41.126     41.147      0.135
  1706        311  (K0)               -91  1261     0  1874  1874     0     0     -0.195      0.039     78.926     78.928      0.498
  1707        211  pi+                 91  1261     0     0     0     0     0     -0.606      0.025     35.869     35.874      0.140
  1708       -321  K-                  91  1262     0     0     0     0     0     -0.438      0.220     19.278     19.291      0.494
  1709        211  pi+                 91  1262     0     0     0     0     0      0.001      0.502     11.268     11.280      0.140
  1710       -211  pi-                 91  1267     0     0     0     0     0      0.545     -0.481     -0.510      0.899      0.140
  1711        111  (pi0)              -91  1267     0  2203  2204     0     0     -0.311      0.119     -0.262      0.444      0.135
  1712        211  pi+                 91  1269     0     0     0     0     0      0.160      0.069      1.161      1.183      0.140
  1713        111  (pi0)              -91  1269     0  2205  2206     0     0      0.128     -0.826      0.914      1.246      0.135
  1714        130  K_L0                91  1270  1270     0     0     0     0     -0.689      0.286      4.661      4.747      0.498
  1715       -311  (Kbar0)            -91  1271     0  1875  1875     0     0      0.127      0.156     15.076     15.085      0.498
  1716       -211  pi-                 91  1271     0     0     0     0     0     -0.211     -0.105      3.118      3.130      0.140
  1717        211  pi+                 91  1272     0     0     0     0     0     -0.272     -0.169     13.306     13.311      0.140
  1718       -211  pi-                 91  1272     0     0     0     0     0      0.441     -0.015     11.583     11.592      0.140
  1719        130  K_L0                91  1276  1276     0     0     0     0     -0.198      0.179     -8.956      8.974      0.498
  1720        130  K_L0                91  1277  1277     0     0     0     0      0.002     -0.171     -2.547      2.601      0.498
  1721       -321  K-                  91  1278     0     0     0     0     0      0.458     -0.026     -1.213      1.388      0.494
  1722        211  pi+                 91  1278     0     0     0     0     0     -0.139      0.230     -0.271      0.407      0.140
  1723        321  K+                  91  1282     0     0     0     0     0      0.507     -0.319      1.002      1.267      0.494
  1724       -211  pi-                 91  1282     0     0     0     0     0     -0.217     -0.133      0.360      0.463      0.140
  1725       -311  (Kbar0)            -91  1284     0  1876  1876     0     0     -0.129      0.198     12.846     12.858      0.498
  1726        111  (pi0)              -91  1284     0  2207  2208     0     0      0.237     -0.494      9.099      9.117      0.135
  1727       -211  pi-                 91  1288     0     0     0     0     0     -0.478     -0.396    367.493    367.494      0.140
  1728        111  (pi0)              -91  1288     0  2209  2210     0     0     -0.582     -0.468    124.871    124.873      0.135
  1729      -2212  pbar-               91  1290     0     0     0     0     0     -0.660     -0.059     28.858     28.880      0.938
  1730        211  pi+                 91  1290     0     0     0     0     0      0.278     -0.273      4.333      4.353      0.140
  1731       -211  pi-                 91  1294     0     0     0     0     0     -0.232     -0.143      0.478      0.567      0.140
  1732        111  (pi0)              -91  1294     0  2211  2212     0     0      0.169      0.293      0.333      0.494      0.135
  1733       -211  pi-                 91  1302     0     0     0     0     0      0.089     -0.125    -10.234     10.236      0.140
  1734        111  (pi0)              -91  1302     0  2213  2214     0     0     -0.412      0.258    -74.691     74.692      0.135
  1735        211  pi+                 91  1307     0     0     0     0     0     -0.160     -0.224     -3.339      3.353      0.140
  1736        111  (pi0)              -91  1307     0  2215  2216     0     0      0.354      0.201    -10.133     10.142      0.135
  1737        211  pi+                 91  1314     0     0     0     0     0      0.252     -0.019      0.009      0.288      0.140
  1738       -211  pi-                 91  1314     0     0     0     0     0      0.242     -0.128      1.866      1.891      0.140
  1739        211  pi+                 91  1319     0     0     0     0     0     -0.120     -0.136     -3.846      3.852      0.140
  1740        111  (pi0)              -91  1319     0  2217  2218     0     0      0.320      0.090     -1.027      1.088      0.135
  1741       -211  pi-                 91  1320     0     0     0     0     0     -0.416      0.162     -0.173      0.499      0.140
  1742        111  (pi0)              -91  1320     0  2219  2220     0     0      0.151     -0.114     -0.508      0.559      0.135
  1743        211  pi+                 91  1321     0     0     0     0     0      0.362     -0.027     -1.522      1.571      0.140
  1744        111  (pi0)              -91  1321     0  2221  2222     0     0     -0.122     -0.292     -0.534      0.635      0.135
  1745        211  pi+                 91  1322     0     0     0     0     0      0.569     -0.218      1.022      1.198      0.140
  1746       -211  pi-                 91  1322     0     0     0     0     0     -0.424      0.035      0.703      0.833      0.140
  1747        211  pi+                 91  1323     0     0     0     0     0     -0.167      0.676     11.262     11.285      0.140
  1748       -211  pi-                 91  1323     0     0     0     0     0     -0.082     -0.081      0.693      0.716      0.140
  1749        211  pi+                 91  1326     0     0     0     0     0      0.772     -1.473    490.968    490.971      0.140
  1750       -211  pi-                 91  1326     0     0     0     0     0      0.083      0.008    139.701    139.701      0.140
  1751        211  pi+                 91  1330     0     0     0     0     0      0.330     -0.419     -7.396      7.416      0.140
  1752       -211  pi-                 91  1330     0     0     0     0     0     -0.190      0.109     -7.357      7.362      0.140
  1753        211  pi+                 91  1333     0     0     0     0     0      0.276      0.070      0.062      0.323      0.140
  1754        111  (pi0)              -91  1333     0  2223  2224     0     0     -0.397     -0.035     -1.612      1.666      0.135
  1755        310  K_S0                91  1334  1334     0     0     0     0      0.180      0.002     -0.219      0.573      0.498
  1756       -311  (Kbar0)            -91  1335     0  1877  1877     0     0      0.170      0.357     -0.959      1.151      0.498
  1757       -211  pi-                 91  1335     0     0     0     0     0      0.101     -0.066     -1.312      1.325      0.140
  1758       -211  pi-                 91  1338     0     0     0     0     0      0.141      0.286      0.894      0.960      0.140
  1759        111  (pi0)              -91  1338     0  2225  2226     0     0     -0.060     -0.030      3.711      3.714      0.135
  1760       -311  (Kbar0)            -91  1379     0  1878  1878     0     0     -1.196     -1.325     21.679     21.758      0.498
  1761        111  (pi0)              -91  1379     0  2227  2228     0     0     -0.193     -0.475      3.291      3.333      0.135
  1762       -211  pi-                 91  1383     0     0     0     0     0     -0.629     -0.502      4.828      4.896      0.140
  1763        111  (pi0)              -91  1383     0  2229  2230     0     0     -0.772     -1.423      5.654      5.883      0.135
  1764        311  (K0)               -91  1391     0  1879  1879     0     0     -0.584     -0.387      0.552      1.021      0.498
  1765        211  pi+                 91  1391     0     0     0     0     0     -0.370     -0.096      0.360      0.543      0.140
  1766       -321  K-                  91  1392     0     0     0     0     0     -0.067     -2.376      2.955      3.824      0.494
  1767        211  pi+                 91  1392     0     0     0     0     0      0.226     -0.619      0.545      0.867      0.140
  1768       -211  pi-                 91  1399     0     0     0     0     0     -0.043     -0.011      0.289      0.324      0.140
  1769        111  (pi0)              -91  1399     0  2231  2232     0     0     -1.401      1.987      6.536      6.975      0.135
  1770        211  pi+                 91  1411     0     0     0     0     0     -2.316      7.140     38.541     39.265      0.140
  1771        111  (pi0)              -91  1411     0  2233  2234     0     0     -0.936      1.479      8.857      9.029      0.135
  1772       -211  pi-                 91  1418     0     0     0     0     0      0.361      0.002      1.010      1.081      0.140
  1773        111  (pi0)              -91  1418     0  2235  2236     0     0      0.221     -0.068      4.015      4.024      0.135
  1774        211  pi+                 91  1420     0     0     0     0     0      0.434      0.132      2.593      2.636      0.140
  1775       -211  pi-                 91  1420     0     0     0     0     0      0.021     -0.136      5.340      5.344      0.140
  1776        211  pi+                 91  1421     0     0     0     0     0      0.253      0.267      2.532      2.562      0.140
  1777       -211  pi-                 91  1421     0     0     0     0     0      1.502     -0.267     11.194     11.298      0.140
  1778        211  pi+                 91  1423     0     0     0     0     0      0.826     -1.147      5.516      5.696      0.140
  1779       -211  pi-                 91  1423     0     0     0     0     0      1.295     -0.947     12.921     13.021      0.140
  1780       -211  pi-                 91  1424     0     0     0     0     0      0.401     -0.397      1.406      1.521      0.140
  1781        111  (pi0)              -91  1424     0  2237  2238     0     0     -0.018      0.035      1.834      1.840      0.135
  1782        130  K_L0                91  1428  1428     0     0     0     0      0.356      0.281      1.825      1.945      0.498
  1783        211  pi+                 91  1430     0     0     0     0     0      0.104      1.064      2.927      3.119      0.140
  1784       -211  pi-                 91  1430     0     0     0     0     0      0.441      2.044      3.275      3.888      0.140
  1785       2112  n0                  91  1434     0     0     0     0     0     -0.097      1.024      3.283      3.567      0.940
  1786        211  pi+                 91  1434     0     0     0     0     0     -0.456      0.745      2.696      2.837      0.140
  1787       -211  pi-                 91  1435     0     0     0     0     0     -0.948      1.005      2.586      2.935      0.140
  1788        111  (pi0)              -91  1435     0  2239  2240     0     0     -0.421      0.403      2.604      2.672      0.135
  1789      -2212  pbar-               91  1436     0     0     0     0     0     -2.538      2.512      9.235      9.945      0.938
  1790        211  pi+                 91  1436     0     0     0     0     0     -0.362      0.153      1.438      1.497      0.140
  1791        211  pi+                 91  1457     0     0     0     0     0      8.717      3.116     -9.300     13.123      0.140
  1792       -211  pi-                 91  1457     0     0     0     0     0     30.817      9.770    -33.040     46.225      0.140
  1793       -211  pi-                 91  1458     0     0     0     0     0      6.627      1.655     -7.365     10.045      0.140
  1794        111  (pi0)              -91  1458     0  2241  2242     0     0     22.126      6.515    -23.825     33.161      0.135
  1795        211  pi+                 91  1463     0     0     0     0     0      1.076      0.347     -1.093      1.578      0.140
  1796       -211  pi-                 91  1463     0     0     0     0     0      0.327     -0.294     -0.814      0.936      0.140
  1797       -211  pi-                 91  1471     0     0     0     0     0      1.399     -1.506     -0.208      2.071      0.140
  1798        111  (pi0)              -91  1471     0  2243  2244     0     0      0.016     -0.361      0.123      0.405      0.135
  1799        211  pi+                 91  1475     0     0     0     0     0      0.544     -0.428      0.002      0.707      0.140
  1800       -211  pi-                 91  1475     0     0     0     0     0      0.065     -0.423      0.412      0.611      0.140
  1801       -211  pi-                 91  1478     0     0     0     0     0      0.104      0.254      1.316      1.352      0.140
  1802        111  (pi0)              -91  1478     0  2245  2246     0     0      0.607     -0.364      3.565      3.637      0.135
  1803       -211  pi-                 91  1484     0     0     0     0     0      0.407     -0.875     20.198     20.222      0.140
  1804        111  (pi0)              -91  1484     0  2247  2248     0     0      1.046     -0.286     16.883     16.919      0.135
  1805        130  K_L0                91  1492  1492     0     0     0     0      0.289      0.291     91.964     91.966      0.498
  1806        310  K_S0                91  1493  1493     0     0     0     0      0.023     -0.125     20.133     20.140      0.498
  1807       -211  pi-                 91  1495     0     0     0     0     0     -0.231     -0.128      3.677      3.689      0.140
  1808        111  (pi0)              -91  1495     0  2249  2250     0     0      0.041     -0.191     22.068     22.069      0.135
  1809        211  pi+                 91  1497     0     0     0     0     0      0.089      0.082      0.707      0.730      0.140
  1810        111  (pi0)              -91  1497     0  2251  2252     0     0      0.186     -0.914      1.247      1.563      0.135
  1811       -211  pi-                 91  1547     0     0     0     0     0      0.072      0.296     30.783     30.784      0.140
  1812        111  (pi0)              -91  1547     0  2253  2254     0     0      0.740      0.789     37.819     37.834      0.135
  1813        130  K_L0                91  1550  1550     0     0     0     0      0.151     -0.141      0.131      0.555      0.498
  1814       -311  (Kbar0)            -91  1551     0  1880  1880     0     0      0.061     -0.118      0.248      0.572      0.498
  1815       -211  pi-                 91  1551     0     0     0     0     0      0.080     -0.046     -0.293      0.337      0.140
  1816       -321  K-                  91  1554     0     0     0     0     0      0.037     -0.082     -0.019      0.502      0.494
  1817        211  pi+                 91  1554     0     0     0     0     0      0.130      0.367     -0.281      0.500      0.140
  1818        211  pi+                 91  1561     0     0     0     0     0     -2.328     -0.883      4.279      4.952      0.140
  1819        111  (pi0)              -91  1561     0  2255  2256     0     0     -0.810     -0.434      3.486      3.607      0.135
  1820       -211  pi-                 91  1577     0     0     0     0     0     -1.265     -0.853      0.187      1.543      0.140
  1821        111  (pi0)              -91  1577     0  2257  2258     0     0     -4.473     -2.381     -0.268      5.076      0.135
  1822       -211  pi-                 91  1579     0     0     0     0     0     -7.775     -4.168     -1.466      8.944      0.140
  1823        111  (pi0)              -91  1579     0  2259  2260     0     0     -3.371     -1.141     -0.385      3.582      0.135
  1824        211  pi+                 91  1580     0     0     0     0     0     -1.342     -0.924     -0.285      1.660      0.140
  1825       -211  pi-                 91  1580     0     0     0     0     0    -28.331    -16.532     -3.913     33.035      0.140
  1826        310  K_S0                91  1586  1586     0     0     0     0    -51.882    -28.366     -9.723     59.927      0.498
  1827       -311  (Kbar0)            -91  1587     0  1881  1881     0     0    -24.683    -13.852     -4.031     28.594      0.498
  1828       -211  pi-                 91  1587     0     0     0     0     0     -5.819     -2.923     -0.896      6.575      0.140
  1829        211  pi+                 91  1590     0     0     0     0     0     -0.538     -0.490      0.038      0.742      0.140
  1830       -211  pi-                 91  1590     0     0     0     0     0     -6.832     -4.159     -1.759      8.190      0.140
  1831        211  pi+                 91  1591     0     0     0     0     0     -9.329     -5.773     -1.380     11.058      0.140
  1832        111  (pi0)              -91  1591     0  2261  2262     0     0     -0.814     -0.602     -0.298      1.064      0.135
  1833        211  pi+                 91  1593     0     0     0     0     0     -2.437     -3.223     -2.488      4.748      0.140
  1834       -211  pi-                 91  1593     0     0     0     0     0     -0.949     -0.697     -0.440      1.265      0.140
  1835        130  K_L0                91  1595  1595     0     0     0     0     -2.648     -1.886     -3.017      4.463      0.498
  1836       -321  K-                  91  1596     0     0     0     0     0     -1.204      0.092     -0.521      1.405      0.494
  1837        211  pi+                 91  1596     0     0     0     0     0     -0.500     -0.320     -0.149      0.628      0.140
  1838        211  pi+                 91  1600     0     0     0     0     0     -0.491      1.196     -0.198      1.315      0.140
  1839        111  (pi0)              -91  1600     0  2263  2264     0     0     -0.437      0.707     -0.969      1.284      0.135
  1840        211  pi+                 91  1602     0     0     0     0     0     -0.203      0.776     -0.859      1.184      0.140
  1841       -211  pi-                 91  1602     0     0     0     0     0     -1.173      0.976     -0.968      1.813      0.140
  1842       -211  pi-                 91  1604     0     0     0     0     0     -0.444      0.286     -0.863      1.021      0.140
  1843        111  (pi0)              -91  1604     0  2265  2266     0     0     -0.863      0.686     -0.978      1.480      0.135
  1844        211  pi+                 91  1613     0     0     0     0     0     -1.306      0.847     -9.582      9.709      0.140
  1845        111  (pi0)              -91  1613     0  2267  2268     0     0     -0.470      0.062     -1.154      1.255      0.135
  1846      -3122  Lambdabar0          91  1614     0     0     0     0     0     -0.550     -0.714    -10.242     10.342      1.116
  1847       -211  pi-                 91  1614     0     0     0     0     0     -0.130     -0.452     -4.389      4.416      0.140
  1848       -321  K-                  91  1617     0     0     0     0     0     -0.524     -0.258     -7.840      7.878      0.494
  1849        211  pi+                 91  1617     0     0     0     0     0     -0.159     -0.494     -2.953      3.001      0.140
  1850        211  pi+                 91  1620     0     0     0     0     0     -0.483      0.231     -1.410      1.515      0.140
  1851        111  (pi0)              -91  1620     0  2269  2270     0     0      0.223     -0.184     -3.916      3.929      0.135
  1852        321  K+                  91  1621     0     0     0     0     0      0.364      0.544     -9.496      9.532      0.494
  1853       -211  pi-                 91  1621     0     0     0     0     0      0.265      0.273     -1.631      1.681      0.140
  1854        211  pi+                 91  1623     0     0     0     0     0      0.391      0.240     -2.464      2.510      0.140
  1855       -211  pi-                 91  1623     0     0     0     0     0     -0.285      0.482     -5.606      5.635      0.140
  1856        130  K_L0                91  1627  1627     0     0     0     0      0.360      0.031     -5.761      5.794      0.498
  1857       -321  K-                  91  1628     0     0     0     0     0     -0.031      1.098    -16.153     16.198      0.494
  1858        211  pi+                 91  1628     0     0     0     0     0      0.569      1.553    -25.569     25.623      0.140
  1859        321  K+                  91  1634     0     0     0     0     0      0.353      0.151    -42.773     42.777      0.494
  1860       -211  pi-                 91  1634     0     0     0     0     0     -0.112      0.407    -45.387     45.389      0.140
  1861       -321  K-                  91  1635     0     0     0     0     0      0.122      0.221    -63.620     63.623      0.494
  1862        111  (pi0)              -91  1635     0  2271  2272     0     0     -0.047      0.297    -96.773     96.774      0.135
  1863        211  pi+                 91  1637     0     0     0     0     0      1.029     -0.417   -259.428    259.430      0.140
  1864        111  (pi0)              -91  1637     0  2273  2274     0     0     -0.077     -0.525    -61.872     61.874      0.135
  1865        211  pi+                 91  1639     0     0     0     0     0      0.197      0.498   -101.661    101.662      0.140
  1866       -211  pi-                 91  1639     0     0     0     0     0      0.516     -0.156   -104.534    104.535      0.140
  1867       2212  p+                  91  1641     0     0     0     0     0      0.529      0.581   -151.299    151.304      0.938
  1868        111  (pi0)              -91  1641     0  2275  2277     0     0      0.122     -0.147    -42.050     42.051      0.135
  1869        130  K_L0                91  1654  1654     0     0     0     0     -0.507      0.249     12.066     12.089      0.498
  1870        310  K_S0                91  1667  1667     0     0     0     0     -0.012      0.820     24.354     24.373      0.498
  1871        310  K_S0                91  1669  1669     0     0     0     0     -0.048      0.120     32.691     32.695      0.498
  1872        130  K_L0                91  1673  1673     0     0     0     0     -0.068      1.501     -0.141      1.589      0.498
  1873        130  K_L0                91  1702  1702     0     0     0     0     -1.171     -0.144     63.163     63.175      0.498
  1874        130  K_L0                91  1706  1706     0     0     0     0     -0.195      0.039     78.926     78.928      0.498
  1875        130  K_L0                91  1715  1715     0     0     0     0      0.127      0.156     15.076     15.085      0.498
  1876        130  K_L0                91  1725  1725     0     0     0     0     -0.129      0.198     12.846     12.858      0.498
  1877        130  K_L0                91  1756  1756     0     0     0     0      0.170      0.357     -0.959      1.151      0.498
  1878        310  K_S0                91  1760  1760     0     0     0     0     -1.196     -1.325     21.679     21.758      0.498
  1879        130  K_L0                91  1764  1764     0     0     0     0     -0.584     -0.387      0.552      1.021      0.498
  1880        310  K_S0                91  1814  1814     0     0     0     0      0.061     -0.118      0.248      0.572      0.498
  1881        130  K_L0                91  1827  1827     0     0     0     0    -24.683    -13.852     -4.031     28.594      0.498
  1882        211  pi+                 91  1063     0     0     0     0     0      0.040     -0.314   -176.858    176.858      0.140
  1883       -211  pi-                 91  1063     0     0     0     0     0     -0.053      0.062   -178.851    178.851      0.140
  1884        111  (pi0)              -91  1063     0  2278  2279     0     0     -0.249      0.005    -96.904     96.904      0.135
  1885         22  gamma               91  1070     0     0     0     0     0      0.131      0.083    -26.801     26.802      0.000
  1886         22  gamma               91  1070     0     0     0     0     0      0.031      0.139    -39.694     39.694      0.000
  1887         22  gamma               91  1079     0     0     0     0     0      0.078      0.217     -0.141      0.270      0.000
  1888         22  gamma               91  1079     0     0     0     0     0     -0.058      0.130     -0.090      0.168      0.000
  1889         22  gamma               91  1087     0     0     0     0     0     -0.007     -0.178     -2.069      2.076      0.000
  1890         22  gamma               91  1087     0     0     0     0     0     -0.124     -0.323     -2.605      2.628      0.000
  1891       3122  Lambda0             91  1095     0     0     0     0     0      0.739     -0.160     11.842     11.918      1.116
  1892         22  gamma               91  1095     0     0     0     0     0      0.062     -0.018      1.596      1.597      0.000
  1893         22  gamma               91  1105     0     0     0     0     0     -0.020      0.007     -1.000      1.000      0.000
  1894         22  gamma               91  1105     0     0     0     0     0     -0.058      0.691    -38.833     38.840      0.000
  1895         22  gamma               91  1108     0     0     0     0     0      0.012      0.100     -0.608      0.616      0.000
  1896         22  gamma               91  1108     0     0     0     0     0     -0.521     -0.480     -9.654      9.680      0.000
  1897         22  gamma               91  1112     0     0     0     0     0     -0.161      0.232      0.742      0.794      0.000
  1898         22  gamma               91  1112     0     0     0     0     0      0.005     -0.008      0.002      0.010      0.000
  1899         22  gamma               91  1115     0     0     0     0     0      0.122     -0.008      1.552      1.557      0.000
  1900         22  gamma               91  1115     0     0     0     0     0      0.354      0.213      5.363      5.379      0.000
  1901        211  pi+                 91  1121     0     0     0     0     0      0.491      0.188     -1.068      1.199      0.140
  1902       -211  pi-                 91  1121     0     0     0     0     0      0.745      0.432     -0.956      1.294      0.140
  1903        111  (pi0)              -91  1121     0  2280  2281     0     0      0.594      0.072     -0.472      0.774      0.135
  1904         22  gamma               91  1125     0     0     0     0     0      1.162      0.371     -2.032      2.370      0.000
  1905         22  gamma               91  1125     0     0     0     0     0      3.392      1.182     -5.584      6.640      0.000
  1906         22  gamma               91  1127     0     0     0     0     0      0.199      0.341     -0.700      0.804      0.000
  1907         22  gamma               91  1127     0     0     0     0     0      0.939      0.555     -0.804      1.355      0.000
  1908        211  pi+                 91  1128     0     0     0     0     0      0.594      0.261     -0.625      0.912      0.140
  1909       -211  pi-                 91  1128     0     0     0     0     0      0.427      0.493     -0.939      1.152      0.140
  1910        111  (pi0)              -91  1128     0  2282  2283     0     0      1.673      0.931     -1.876      2.684      0.135
  1911        211  pi+                 91  1129     0     0     0     0     0      0.593      0.443     -0.952      1.214      0.140
  1912       -211  pi-                 91  1129     0     0     0     0     0      0.819      0.869     -0.913      1.509      0.140
  1913        111  (pi0)              -91  1129     0  2284  2285     0     0      1.197      0.960     -0.985      1.828      0.135
  1914         22  gamma               91  1137     0     0     0     0     0     -0.836     -0.292     30.948     30.961      0.000
  1915         22  gamma               91  1137     0     0     0     0     0     -0.051     -0.027      3.566      3.566      0.000
  1916        211  pi+                 91  1140     0     0     0     0     0     -0.106      0.015      8.647      8.649      0.140
  1917       -211  pi-                 91  1140     0     0     0     0     0     -0.138     -0.302     10.294     10.301      0.140
  1918        111  (pi0)              -91  1140     0  2286  2287     0     0     -0.033     -0.084      6.386      6.388      0.135
  1919         22  gamma               91  1142     0     0     0     0     0     -0.043     -0.227      1.028      1.054      0.000
  1920         22  gamma               91  1142     0     0     0     0     0     -0.199     -0.241      1.497      1.530      0.000
  1921        421  (D0)               -91  1164     0  2288  2290     0     0      3.439     -5.532    -25.102     26.000      1.865
  1922        111  (pi0)              -91  1164     0  2291  2292     0     0      0.299     -0.497     -2.060      2.144      0.135
  1923        211  pi+                 91  1167     0     0     0     0     0      0.382     -0.048     -1.491      1.546      0.140
  1924       -211  pi-                 91  1167     0     0     0     0     0      0.103     -0.251     -0.897      0.947      0.140
  1925        111  (pi0)              -91  1167     0  2293  2294     0     0      0.751     -0.703     -4.613      4.728      0.135
  1926         22  gamma               91  1169     0     0     0     0     0      0.433     -0.244     -0.823      0.961      0.000
  1927         22  gamma               91  1169     0     0     0     0     0      1.928     -0.953     -4.082      4.613      0.000
  1928        211  pi+                 91  1170     0     0     0     0     0      0.556     -0.716     -1.601      1.845      0.140
  1929       -211  pi-                 91  1170     0     0     0     0     0      2.064     -1.726     -4.307      5.081      0.140
  1930        111  (pi0)              -91  1170     0  2295  2296     0     0      1.055     -1.426     -2.896      3.399      0.135
  1931        111  (pi0)              -91  1172     0  2297  2298     0     0      3.698     -2.715     -9.541     10.587      0.135
  1932         22  gamma               91  1172     0     0     0     0     0      0.477     -0.082     -0.777      0.915      0.000
  1933         22  gamma               91  1181     0     0     0     0     0     -0.060      0.061     -5.609      5.609      0.000
  1934         22  gamma               91  1181     0     0     0     0     0     -0.813      0.397    -83.655     83.660      0.000
  1935         22  gamma               91  1182     0     0     0     0     0     -0.278     -0.010    -19.724     19.726      0.000
  1936         22  gamma               91  1182     0     0     0     0     0     -0.272     -0.072    -30.571     30.572      0.000
  1937         22  gamma               91  1185     0     0     0     0     0     -0.859     -0.041   -179.390    179.392      0.000
  1938         22  gamma               91  1185     0     0     0     0     0     -0.203     -0.034    -57.671     57.671      0.000
  1939         22  gamma               91  1186     0     0     0     0     0     -0.782      0.259    -52.361     52.367      0.000
  1940         22  gamma               91  1186     0     0     0     0     0     -0.498      0.172    -27.318     27.324      0.000
  1941         13  mu-                 91  1191     0     0     0     0     0     -0.410     -0.818    -51.475     51.483      0.106
  1942        -14  nu_mubar            91  1191     0     0     0     0     0      0.193     -1.228    -47.983     47.999      0.000
  1943        313  (K*0)              -91  1191     0  2299  2300     0     0     -1.329     -4.504   -198.094    198.152      0.886
  1944        211  pi+                 91  1195     0     0     0     0     0      0.311      0.240    121.992    121.993      0.140
  1945       -211  pi-                 91  1195     0     0     0     0     0      0.383      0.048     72.684     72.685      0.140
  1946         22  gamma               91  1195     0     0     0     0     0      0.150      0.236     72.167     72.168      0.000
  1947        111  (pi0)              -91  1198     0  2301  2302     0     0      0.172     -0.068      2.205      2.217      0.135
  1948        111  (pi0)              -91  1198     0  2303  2304     0     0      0.005      0.033      0.504      0.523      0.135
  1949        111  (pi0)              -91  1198     0  2305  2306     0     0      0.032      0.121      1.212      1.225      0.135
  1950        211  pi+                 91  1199     0     0     0     0     0     -0.018     -0.083      0.546      0.570      0.140
  1951       -211  pi-                 91  1199     0     0     0     0     0      0.302      0.194      4.579      4.595      0.140
  1952        111  (pi0)              -91  1199     0  2307  2308     0     0      0.055     -0.123      2.577      2.584      0.135
  1953         22  gamma               91  1201     0     0     0     0     0      0.140      0.250      0.817      0.866      0.000
  1954         22  gamma               91  1201     0     0     0     0     0      0.281      0.588      1.333      1.484      0.000
  1955        211  pi+                 91  1209     0     0     0     0     0      0.630      0.418     -0.760      1.081      0.140
  1956       -211  pi-                 91  1209     0     0     0     0     0      0.348      0.023     -0.490      0.617      0.140
  1957        111  (pi0)              -91  1209     0  2309  2310     0     0      1.560      1.017     -2.656      3.247      0.135
  1958         22  gamma               91  1211     0     0     0     0     0      0.899      0.257     -1.198      1.519      0.000
  1959         11  e-                  91  1211     0     0     0     0     0      0.045      0.015     -0.075      0.089      0.001
  1960        -11  e+                  91  1211     0     0     0     0     0      0.510      0.142     -0.848      0.999      0.001
  1961        211  pi+                 91  1214     0     0     0     0     0      9.551      1.726    -10.576     14.356      0.140
  1962       -211  pi-                 91  1214     0     0     0     0     0      3.815      0.645     -4.577      5.995      0.140
  1963        111  (pi0)              -91  1214     0  2311  2312     0     0      2.342      0.489     -2.946      3.798      0.135
  1964        211  pi+                 91  1217     0     0     0     0     0     35.582      8.324    -41.574     55.351      0.140
  1965       -211  pi-                 91  1217     0     0     0     0     0     15.442      3.707    -18.561     24.428      0.140
  1966        111  (pi0)              -91  1217     0  2313  2314     0     0     17.950      4.369    -21.331     28.219      0.135
  1967        211  pi+                 91  1218     0     0     0     0     0     13.601      3.192    -16.171     21.371      0.140
  1968       -211  pi-                 91  1218     0     0     0     0     0     18.515      4.608    -22.020     29.137      0.140
  1969        111  (pi0)              -91  1218     0  2315  2316     0     0     67.734     16.420    -79.600    105.800      0.135
  1970        211  pi+                 91  1221     0     0     0     0     0     16.010      4.336    -18.878     25.130      0.140
  1971       -211  pi-                 91  1221     0     0     0     0     0      2.493      0.533     -2.910      3.871      0.140
  1972        111  (pi0)              -91  1221     0  2317  2318     0     0      9.398      2.675    -11.366     14.990      0.135
  1973        211  pi+                 91  1231     0     0     0     0     0      0.280     -0.422     -0.502      0.726      0.140
  1974       -211  pi-                 91  1231     0     0     0     0     0      0.138     -0.153     -0.914      0.947      0.140
  1975        111  (pi0)              -91  1231     0  2319  2320     0     0      0.075      0.016     -0.111      0.191      0.135
  1976        211  pi+                 91  1234     0     0     0     0     0      1.001     -0.634     -0.263      1.221      0.140
  1977       -211  pi-                 91  1234     0     0     0     0     0      0.400     -0.488     -0.108      0.655      0.140
  1978        111  (pi0)              -91  1234     0  2321  2322     0     0      0.098      0.000     -0.148      0.223      0.135
  1979        211  pi+                 91  1239     0     0     0     0     0     -0.192     -0.120      7.770      7.774      0.140
  1980       -211  pi-                 91  1239     0     0     0     0     0      0.025      0.081      9.524      9.525      0.140
  1981        111  (pi0)              -91  1239     0  2323  2324     0     0      0.152     -0.384     17.404     17.410      0.135
  1982        211  pi+                 91  1248     0     0     0     0     0     -0.010     -0.088     -0.149      0.223      0.140
  1983       -211  pi-                 91  1248     0     0     0     0     0     -0.410     -0.320     -0.857      1.012      0.140
  1984        111  (pi0)              -91  1248     0  2325  2326     0     0      0.036     -0.067      0.024      0.157      0.135
  1985         22  gamma               91  1250     0     0     0     0     0      0.044      0.365      0.149      0.397      0.000
  1986         22  gamma               91  1250     0     0     0     0     0     -0.034      0.018      0.013      0.040      0.000
  1987         22  gamma               91  1252     0     0     0     0     0      0.230      0.888      1.901      2.111      0.000
  1988         22  gamma               91  1252     0     0     0     0     0      0.004      0.035      0.030      0.046      0.000
  1989        211  pi+                 91  1268     0     0     0     0     0     -0.273      0.295      0.382      0.572      0.140
  1990       -211  pi-                 91  1268     0     0     0     0     0      0.084      0.272      0.269      0.416      0.140
  1991        111  (pi0)              -91  1268     0  2327  2328     0     0      0.127     -0.005      0.021      0.187      0.135
  1992         22  gamma               91  1273     0     0     0     0     0     -0.108     -0.158      3.701      3.706      0.000
  1993         22  gamma               91  1273     0     0     0     0     0     -0.108      0.001      2.038      2.040      0.000
  1994        111  (pi0)              -91  1281     0  2329  2330     0     0     -0.200      0.091      0.332      0.421      0.135
  1995        111  (pi0)              -91  1281     0  2331  2332     0     0     -0.041      0.010     -0.040      0.147      0.135
  1996        111  (pi0)              -91  1281     0  2333  2334     0     0     -0.079      0.036      0.129      0.206      0.135
  1997        213  (rho+)             -91  1283     0  2335  2336     0     0     -0.214      0.032      7.155      7.205      0.816
  1998       -211  pi-                 91  1283     0     0     0     0     0     -0.111      0.029      0.671      0.695      0.140
  1999        211  pi+                 91  1291     0     0     0     0     0     -0.068     -0.104      6.766      6.769      0.140
  2000       -211  pi-                 91  1291     0     0     0     0     0      0.073      0.352      9.036      9.044      0.140
  2001        111  (pi0)              -91  1291     0  2337  2338     0     0      0.132      0.005     12.485     12.487      0.135
  2002         22  gamma               91  1292     0     0     0     0     0      0.178     -0.262      0.512      0.602      0.000
  2003         22  gamma               91  1292     0     0     0     0     0      0.169     -0.141      0.573      0.614      0.000
  2004         22  gamma               91  1293     0     0     0     0     0     -0.159      0.195      0.715      0.758      0.000
  2005         22  gamma               91  1293     0     0     0     0     0     -0.203      0.098      0.431      0.486      0.000
  2006         22  gamma               91  1299     0     0     0     0     0      0.109     -0.015    -46.895     46.895      0.000
  2007         22  gamma               91  1299     0     0     0     0     0     -0.036     -0.039    -22.197     22.197      0.000
  2008        211  pi+                 91  1301     0     0     0     0     0      0.076     -0.153    -44.565     44.566      0.140
  2009       -211  pi-                 91  1301     0     0     0     0     0     -0.337      0.149    -82.216     82.217      0.140
  2010        111  (pi0)              -91  1301     0  2339  2340     0     0      0.091      0.108    -45.262     45.262      0.135
  2011         22  gamma               91  1304     0     0     0     0     0      0.035      0.344     -8.704      8.711      0.000
  2012         22  gamma               91  1304     0     0     0     0     0      0.046      0.185     -7.931      7.933      0.000
  2013         22  gamma               91  1306     0     0     0     0     0     -0.010     -0.044     -3.179      3.179      0.000
  2014         22  gamma               91  1306     0     0     0     0     0      0.100     -0.604    -21.378     21.387      0.000
  2015         22  gamma               91  1308     0     0     0     0     0      0.021      0.000     -0.044      0.049      0.000
  2016         22  gamma               91  1308     0     0     0     0     0     -0.177      0.049     -0.129      0.224      0.000
  2017        211  pi+                 91  1310     0     0     0     0     0     -0.149      0.131     -0.403      0.470      0.140
  2018       -211  pi-                 91  1310     0     0     0     0     0     -0.043      0.029     -0.201      0.250      0.140
  2019        111  (pi0)              -91  1310     0  2341  2342     0     0     -0.129      0.126     -0.041      0.229      0.135
  2020        111  (pi0)              -91  1331     0  2343  2344     0     0     -0.040      0.177     -1.942      1.955      0.135
  2021        111  (pi0)              -91  1331     0  2345  2346     0     0      0.065     -0.034     -2.043      2.049      0.135
  2022        111  (pi0)              -91  1331     0  2347  2348     0     0     -0.053     -0.072     -2.111      2.117      0.135
  2023        211  pi+                 91  1332     0     0     0     0     0     -0.315      0.068     -1.778      1.813      0.140
  2024       -211  pi-                 91  1332     0     0     0     0     0      0.001     -0.130     -2.768      2.775      0.140
  2025        111  (pi0)              -91  1332     0  2349  2350     0     0     -0.016      0.161     -2.633      2.641      0.135
  2026         22  gamma               91  1336     0     0     0     0     0     -0.072     -0.039      0.126      0.150      0.000
  2027         22  gamma               91  1336     0     0     0     0     0     -0.364     -0.139      0.197      0.436      0.000
  2028         22  gamma               91  1342     0     0     0     0     0     -0.054      0.138     40.684     40.684      0.000
  2029         22  gamma               91  1342     0     0     0     0     0     -0.163      0.104     32.399     32.400      0.000
  2030         22  gamma               91  1371     0     0     0     0     0     -0.027      0.008      0.227      0.229      0.000
  2031         22  gamma               91  1371     0     0     0     0     0     -0.251      0.030      8.488      8.492      0.000
  2032      -3122  Lambdabar0          91  1373     0     0     0     0     0     -1.366     -1.051     49.174     49.217      1.116
  2033         22  gamma               91  1373     0     0     0     0     0     -0.020     -0.031      3.237      3.237      0.000
  2034         22  gamma               91  1375     0     0     0     0     0     -0.241      0.092      2.086      2.102      0.000
  2035         22  gamma               91  1375     0     0     0     0     0     -0.490      0.212      6.189      6.212      0.000
  2036        111  (pi0)              -91  1378     0  2351  2352     0     0     -0.286     -0.021      2.365      2.386      0.135
  2037        111  (pi0)              -91  1378     0  2353  2354     0     0     -0.438      0.245      6.079      6.101      0.135
  2038        111  (pi0)              -91  1378     0  2355  2356     0     0     -0.187      0.020      1.908      1.922      0.135
  2039        111  (pi0)              -91  1382     0  2357  2358     0     0     -0.737     -0.319      3.016      3.124      0.135
  2040        111  (pi0)              -91  1382     0  2359  2360     0     0     -0.252     -0.210      1.730      1.766      0.135
  2041        111  (pi0)              -91  1382     0  2361  2362     0     0     -0.382     -0.348      2.554      2.609      0.135
  2042         22  gamma               91  1385     0     0     0     0     0     -0.522     -0.772      2.454      2.625      0.000
  2043         22  gamma               91  1385     0     0     0     0     0     -4.174     -5.612     17.866     19.186      0.000
  2044         22  gamma               91  1386     0     0     0     0     0      0.046     -0.193      0.333      0.388      0.000
  2045         22  gamma               91  1386     0     0     0     0     0     -0.070     -0.079      0.155      0.187      0.000
  2046         22  gamma               91  1388     0     0     0     0     0     -0.917     -1.417      3.694      4.061      0.000
  2047         11  e-                  91  1388     0     0     0     0     0     -0.251     -0.333      0.989      1.074      0.001
  2048        -11  e+                  91  1388     0     0     0     0     0     -0.372     -1.327      3.134      3.424      0.001
  2049        211  pi+                 91  1393     0     0     0     0     0     -0.257     -0.189      0.212      0.407      0.140
  2050       -211  pi-                 91  1393     0     0     0     0     0      0.054     -0.164      0.483      0.531      0.140
  2051        111  (pi0)              -91  1393     0  2363  2364     0     0      0.007      0.010     -0.061      0.149      0.135
  2052         22  gamma               91  1395     0     0     0     0     0     -0.089     -0.052      0.396      0.409      0.000
  2053         22  gamma               91  1395     0     0     0     0     0     -0.046     -0.091      0.108      0.149      0.000
  2054         22  gamma               91  1397     0     0     0     0     0      0.001     -0.231      0.853      0.884      0.000
  2055         22  gamma               91  1397     0     0     0     0     0     -0.030     -0.006      0.296      0.297      0.000
  2056        113  (rho0)             -91  1398     0  2365  2366     0     0      0.285     -0.671      1.483      1.801      0.717
  2057         22  gamma               91  1398     0     0     0     0     0     -0.128      0.007      0.068      0.145      0.000
  2058         22  gamma               91  1407     0     0     0     0     0     -0.738      3.113     13.980     14.342      0.000
  2059         22  gamma               91  1407     0     0     0     0     0      0.003      0.074      0.304      0.312      0.000
  2060         22  gamma               91  1409     0     0     0     0     0     -0.426      1.146      5.503      5.637      0.000
  2061         22  gamma               91  1409     0     0     0     0     0     -4.634     13.046     64.211     65.687      0.000
  2062         22  gamma               91  1410     0     0     0     0     0     -1.578      6.025     28.966     29.628      0.000
  2063         22  gamma               91  1410     0     0     0     0     0     -2.432      8.669     42.081     43.034      0.000
  2064         22  gamma               91  1412     0     0     0     0     0     -0.801      1.524      6.664      6.883      0.000
  2065         22  gamma               91  1412     0     0     0     0     0     -0.743      1.702      7.035      7.276      0.000
  2066        211  pi+                 91  1414     0     0     0     0     0     -0.344      0.987      4.815      4.929      0.140
  2067       -211  pi-                 91  1414     0     0     0     0     0     -0.176      0.555      4.685      4.723      0.140
  2068        111  (pi0)              -91  1414     0  2367  2368     0     0     -0.320      0.383      2.402      2.457      0.135
  2069         22  gamma               91  1419     0     0     0     0     0      0.031      0.066      0.550      0.555      0.000
  2070         22  gamma               91  1419     0     0     0     0     0      0.065      0.042      0.112      0.137      0.000
  2071         22  gamma               91  1429     0     0     0     0     0      0.296      0.326      1.589      1.649      0.000
  2072         22  gamma               91  1429     0     0     0     0     0      0.460      0.702      2.567      2.700      0.000
  2073         22  gamma               91  1432     0     0     0     0     0     -0.026      0.031      0.071      0.082      0.000
  2074         22  gamma               91  1432     0     0     0     0     0      0.117      0.545      1.165      1.291      0.000
  2075        211  pi+                 91  1433     0     0     0     0     0      0.063      0.412      0.558      0.710      0.140
  2076       -211  pi-                 91  1433     0     0     0     0     0      0.148      0.206      0.535      0.609      0.140
  2077        111  (pi0)              -91  1433     0  2369  2370     0     0      0.135      1.551      3.419      3.760      0.135
  2078        211  pi+                 91  1459     0     0     0     0     0      8.251      2.618     -8.758     12.315      0.140
  2079       -211  pi-                 91  1459     0     0     0     0     0     11.495      4.075    -12.623     17.553      0.140
  2080        111  (pi0)              -91  1459     0  2371  2372     0     0     10.876      3.868    -11.405     16.227      0.135
  2081         22  gamma               91  1460     0     0     0     0     0      0.082      0.031     -0.089      0.125      0.000
  2082         22  gamma               91  1460     0     0     0     0     0     19.625      5.347    -21.557     29.638      0.000
  2083         22  gamma               91  1461     0     0     0     0     0      2.547      0.578     -1.581      3.053      0.000
  2084         22  gamma               91  1461     0     0     0     0     0      0.062      0.035     -0.053      0.088      0.000
  2085        211  pi+                 91  1464     0     0     0     0     0      0.089      0.080      0.067      0.196      0.140
  2086       -211  pi-                 91  1464     0     0     0     0     0      0.596      0.377     -0.545      0.902      0.140
  2087        111  (pi0)              -91  1464     0  2373  2374     0     0      0.462      0.429     -0.129      0.658      0.135
  2088         22  gamma               91  1465     0     0     0     0     0      0.877     -0.322     -0.513      1.066      0.000
  2089         22  gamma               91  1465     0     0     0     0     0      0.647     -0.135     -0.433      0.790      0.000
  2090        211  pi+                 91  1467     0     0     0     0     0      1.115     -0.497      0.030      1.229      0.140
  2091       -211  pi-                 91  1467     0     0     0     0     0      0.239      0.077     -0.042      0.290      0.140
  2092        111  (pi0)              -91  1467     0  2375  2376     0     0      0.854     -0.333      0.211      0.950      0.135
  2093        211  pi+                 91  1469     0     0     0     0     0      0.174     -0.015      0.306      0.379      0.140
  2094       -211  pi-                 91  1469     0     0     0     0     0     -0.062     -0.372      0.050      0.405      0.140
  2095        111  (pi0)              -91  1469     0  2377  2378     0     0      0.240     -0.239      0.087      0.375      0.135
  2096        111  (pi0)              -91  1470     0  2379  2380     0     0      0.494     -0.206      0.174      0.579      0.135
  2097        111  (pi0)              -91  1470     0  2381  2382     0     0      0.821     -0.346      0.336      0.962      0.135
  2098        111  (pi0)              -91  1470     0  2383  2384     0     0      1.517     -0.320      0.389      1.604      0.135
  2099         22  gamma               91  1474     0     0     0     0     0      0.371     -0.158      0.067      0.409      0.000
  2100         22  gamma               91  1474     0     0     0     0     0      0.357     -0.065      0.164      0.398      0.000
  2101        111  (pi0)              -91  1479     0  2385  2386     0     0      0.263     -0.241      4.341      4.358      0.135
  2102        111  (pi0)              -91  1479     0  2387  2388     0     0      0.057     -0.014      2.376      2.381      0.135
  2103        111  (pi0)              -91  1479     0  2389  2390     0     0      0.128     -0.257      2.512      2.532      0.135
  2104        211  pi+                 91  1482     0     0     0     0     0      0.449     -0.099      8.408      8.422      0.140
  2105       -211  pi-                 91  1482     0     0     0     0     0      0.254      0.117      4.610      4.621      0.140
  2106        111  (pi0)              -91  1482     0  2391  2392     0     0      0.371      0.128     17.480     17.485      0.135
  2107         22  gamma               91  1486     0     0     0     0     0      0.444      0.024     11.527     11.535      0.000
  2108         22  gamma               91  1486     0     0     0     0     0      0.646     -0.618     32.991     33.004      0.000
  2109         22  gamma               91  1487     0     0     0     0     0      1.409      0.589    112.309    112.319      0.000
  2110         22  gamma               91  1487     0     0     0     0     0      3.184      1.515    250.870    250.895      0.000
  2111         22  gamma               91  1489     0     0     0     0     0      0.022      0.125      2.571      2.574      0.000
  2112         22  gamma               91  1489     0     0     0     0     0     -0.022     -0.018      1.857      1.857      0.000
  2113        111  (pi0)              -91  1491     0  2393  2394     0     0      0.443      0.172     86.511     86.513      0.135
  2114        111  (pi0)              -91  1491     0  2395  2396     0     0      0.514      0.017    122.518    122.519      0.135
  2115        111  (pi0)              -91  1491     0  2397  2398     0     0      0.162      0.135     57.082     57.083      0.135
  2116         22  gamma               91  1494     0     0     0     0     0      0.085      0.424     19.599     19.603      0.000
  2117         22  gamma               91  1494     0     0     0     0     0      0.118      0.256      9.397      9.402      0.000
  2118         22  gamma               91  1496     0     0     0     0     0      0.171      0.142      7.030      7.034      0.000
  2119         22  gamma               91  1496     0     0     0     0     0      0.045      0.180      7.355      7.357      0.000
  2120        211  pi+                 91  1546     0     0     0     0     0      0.561     -0.336    -32.745     32.751      0.140
  2121       -211  pi-                 91  1546     0     0     0     0     0      0.229     -0.023    -11.702     11.705      0.140
  2122        111  (pi0)              -91  1546     0  2399  2400     0     0      0.535     -0.296    -37.814     37.819      0.135
  2123         22  gamma               91  1549     0     0     0     0     0     -0.314     -0.008      3.477      3.491      0.000
  2124         22  gamma               91  1549     0     0     0     0     0     -0.027     -0.016      1.140      1.140      0.000
  2125         22  gamma               91  1552     0     0     0     0     0     -0.155      0.181     -0.056      0.245      0.000
  2126         22  gamma               91  1552     0     0     0     0     0     -0.041     -0.014     -0.047      0.064      0.000
  2127        113  (rho0)             -91  1565     0  2401  2402     0     0     -0.926      0.078      1.230      1.718      0.758
  2128         22  gamma               91  1565     0     0     0     0     0     -0.443     -0.150      0.611      0.769      0.000
  2129         22  gamma               91  1566     0     0     0     0     0     -0.263     -0.209      0.354      0.488      0.000
  2130         22  gamma               91  1566     0     0     0     0     0     -0.192     -0.142      0.450      0.509      0.000
  2131        211  pi+                 91  1567     0     0     0     0     0     -0.646      0.231      0.843      1.096      0.140
  2132       -211  pi-                 91  1567     0     0     0     0     0     -0.181      0.114      0.675      0.722      0.140
  2133        111  (pi0)              -91  1567     0  2403  2404     0     0     -0.999     -0.064      1.458      1.773      0.135
  2134         22  gamma               91  1569     0     0     0     0     0     -1.861     -0.437      1.435      2.390      0.000
  2135         22  gamma               91  1569     0     0     0     0     0     -2.366     -0.446      1.944      3.094      0.000
  2136        211  pi+                 91  1571     0     0     0     0     0     -0.508     -0.245      0.193      0.612      0.140
  2137       -211  pi-                 91  1571     0     0     0     0     0     -0.602     -0.206      0.322      0.727      0.140
  2138        111  (pi0)              -91  1571     0  2405  2406     0     0     -0.977     -0.102      0.423      1.078      0.135
  2139         22  gamma               91  1574     0     0     0     0     0     -0.452     -0.456      0.059      0.645      0.000
  2140         22  gamma               91  1574     0     0     0     0     0     -0.050      0.023     -0.224      0.231      0.000
  2141        111  (pi0)              -91  1576     0  2407  2408     0     0     -1.255     -1.109      0.158      1.687      0.135
  2142         22  gamma               91  1576     0     0     0     0     0     -2.019     -0.825     -0.257      2.196      0.000
  2143         22  gamma               91  1599     0     0     0     0     0     -0.029      0.042     -0.060      0.079      0.000
  2144         22  gamma               91  1599     0     0     0     0     0     -1.305      0.700     -1.497      2.106      0.000
  2145         22  gamma               91  1607     0     0     0     0     0     -1.193      0.615     -2.995      3.282      0.000
  2146         22  gamma               91  1607     0     0     0     0     0     -0.712      0.687     -1.437      1.745      0.000
  2147       3122  Lambda0             91  1612     0     0     0     0     0     -3.874      1.139    -14.602     15.191      1.116
  2148         22  gamma               91  1612     0     0     0     0     0     -0.368      0.097     -1.079      1.144      0.000
  2149         22  gamma               91  1615     0     0     0     0     0      0.309     -0.164     -1.758      1.792      0.000
  2150         22  gamma               91  1615     0     0     0     0     0      0.287     -0.227     -1.313      1.363      0.000
  2151        211  pi+                 91  1618     0     0     0     0     0      0.092      0.355    -10.879     10.886      0.140
  2152       -211  pi-                 91  1618     0     0     0     0     0     -0.078      0.045     -2.347      2.353      0.140
  2153        111  (pi0)              -91  1618     0  2409  2410     0     0      0.261     -0.013     -3.542      3.555      0.135
  2154        111  (pi0)              -91  1624     0  2411  2412     0     0      0.083     -0.007     -1.156      1.167      0.135
  2155        111  (pi0)              -91  1624     0  2413  2414     0     0      0.088      0.228     -3.949      3.959      0.135
  2156        111  (pi0)              -91  1624     0  2415  2416     0     0      0.152      0.299     -3.769      3.786      0.135
  2157        211  pi+                 91  1625     0     0     0     0     0      0.286      0.383     -3.094      3.134      0.140
  2158       -211  pi-                 91  1625     0     0     0     0     0      0.249      0.296     -1.570      1.623      0.140
  2159        111  (pi0)              -91  1625     0  2417  2418     0     0      0.600      0.546     -4.241      4.320      0.135
  2160         22  gamma               91  1629     0     0     0     0     0      0.116      0.388    -12.263     12.270      0.000
  2161         22  gamma               91  1629     0     0     0     0     0      0.319      0.501    -18.024     18.034      0.000
  2162         22  gamma               91  1633     0     0     0     0     0      0.025     -0.024     -0.509      0.510      0.000
  2163         22  gamma               91  1633     0     0     0     0     0      0.216     -0.277    -16.222     16.226      0.000
  2164        211  pi+                 91  1636     0     0     0     0     0      0.003     -0.004    -33.691     33.691      0.140
  2165       -211  pi-                 91  1636     0     0     0     0     0      0.222      0.213    -65.812     65.813      0.140
  2166        111  (pi0)              -91  1636     0  2419  2420     0     0      0.575      0.385    -70.483     70.487      0.135
  2167         22  gamma               91  1640     0     0     0     0     0      0.236     -0.161    -88.416     88.416      0.000
  2168         22  gamma               91  1640     0     0     0     0     0      0.099      0.018    -39.954     39.954      0.000
  2169         22  gamma               91  1642     0     0     0     0     0      0.165      0.035     -2.209      2.215      0.000
  2170         22  gamma               91  1642     0     0     0     0     0      0.166      0.064     -4.932      4.935      0.000
  2171         22  gamma               91  1645     0     0     0     0     0      0.225      0.009     -0.764      0.796      0.000
  2172         22  gamma               91  1645     0     0     0     0     0      0.505      0.216     -2.111      2.181      0.000
  2173         22  gamma               91  1647     0     0     0     0     0     -0.225      0.221    -39.152     39.153      0.000
  2174         22  gamma               91  1647     0     0     0     0     0     -0.176      0.036    -21.581     21.582      0.000
  2175         22  gamma               91  1649     0     0     0     0     0     -0.072     -0.021      0.830      0.833      0.000
  2176         22  gamma               91  1649     0     0     0     0     0     -0.187     -0.213      1.525      1.551      0.000
  2177         22  gamma               91  1651     0     0     0     0     0     -0.098     -0.053     50.018     50.019      0.000
  2178         22  gamma               91  1651     0     0     0     0     0     -0.184     -0.355    140.321    140.321      0.000
  2179         22  gamma               91  1658     0     0     0     0     0      0.179      0.226      2.441      2.458      0.000
  2180         22  gamma               91  1658     0     0     0     0     0      0.339      0.187      3.006      3.031      0.000
  2181         22  gamma               91  1660     0     0     0     0     0     -0.025      0.017     -0.964      0.964      0.000
  2182         22  gamma               91  1660     0     0     0     0     0     -0.949      0.038    -54.357     54.366      0.000
  2183         22  gamma               91  1668     0     0     0     0     0      0.047     -0.054      0.717      0.720      0.000
  2184         22  gamma               91  1668     0     0     0     0     0     -0.083     -0.046      1.554      1.557      0.000
  2185         22  gamma               91  1672     0     0     0     0     0     -0.123     -0.885     33.822     33.834      0.000
  2186         22  gamma               91  1672     0     0     0     0     0      0.004     -0.293      8.934      8.939      0.000
  2187         22  gamma               91  1678     0     0     0     0     0      0.202     -0.293      0.054      0.361      0.000
  2188         22  gamma               91  1678     0     0     0     0     0      0.023      0.013     -0.006      0.027      0.000
  2189         22  gamma               91  1681     0     0     0     0     0      0.064     -0.165     -1.821      1.830      0.000
  2190         22  gamma               91  1681     0     0     0     0     0     -0.027      0.013     -0.293      0.294      0.000
  2191         22  gamma               91  1689     0     0     0     0     0      0.006     -0.067     -5.376      5.377      0.000
  2192         22  gamma               91  1689     0     0     0     0     0     -0.205     -0.495    -25.463     25.468      0.000
  2193         22  gamma               91  1691     0     0     0     0     0     -0.042      0.012    -19.100     19.100      0.000
  2194         22  gamma               91  1691     0     0     0     0     0     -0.476      0.206    -96.335     96.337      0.000
  2195         22  gamma               91  1694     0     0     0     0     0      1.449      0.429     -1.751      2.313      0.000
  2196         22  gamma               91  1694     0     0     0     0     0     10.113      2.656    -12.345     16.178      0.000
  2197         22  gamma               91  1697     0     0     0     0     0     -0.058      0.062    -11.158     11.159      0.000
  2198         22  gamma               91  1697     0     0     0     0     0     -0.167     -0.038    -36.853     36.854      0.000
  2199         22  gamma               91  1701     0     0     0     0     0      0.027     -0.123     -0.203      0.239      0.000
  2200         22  gamma               91  1701     0     0     0     0     0      0.062     -0.002     -0.260      0.267      0.000
  2201         22  gamma               91  1705     0     0     0     0     0     -0.203      0.294     12.477     12.482      0.000
  2202         22  gamma               91  1705     0     0     0     0     0     -0.666      0.718     28.649     28.665      0.000
  2203         22  gamma               91  1711     0     0     0     0     0     -0.126      0.119     -0.112      0.206      0.000
  2204         22  gamma               91  1711     0     0     0     0     0     -0.185     -0.000     -0.149      0.238      0.000
  2205         22  gamma               91  1713     0     0     0     0     0      0.098     -0.547      0.695      0.890      0.000
  2206         22  gamma               91  1713     0     0     0     0     0      0.030     -0.279      0.218      0.355      0.000
  2207         22  gamma               91  1726     0     0     0     0     0      0.008     -0.127      2.601      2.604      0.000
  2208         22  gamma               91  1726     0     0     0     0     0      0.229     -0.367      6.498      6.512      0.000
  2209         22  gamma               91  1728     0     0     0     0     0     -0.021      0.004      2.001      2.001      0.000
  2210         22  gamma               91  1728     0     0     0     0     0     -0.561     -0.472    122.870    122.872      0.000
  2211         22  gamma               91  1732     0     0     0     0     0      0.116      0.279      0.313      0.435      0.000
  2212         22  gamma               91  1732     0     0     0     0     0      0.053      0.014      0.020      0.058      0.000
  2213         22  gamma               91  1734     0     0     0     0     0     -0.399      0.249    -65.319     65.320      0.000
  2214         22  gamma               91  1734     0     0     0     0     0     -0.014      0.009     -9.372      9.372      0.000
  2215         22  gamma               91  1736     0     0     0     0     0      0.035     -0.009     -0.413      0.415      0.000
  2216         22  gamma               91  1736     0     0     0     0     0      0.319      0.209     -9.720      9.728      0.000
  2217         22  gamma               91  1740     0     0     0     0     0      0.056      0.070     -0.196      0.216      0.000
  2218         22  gamma               91  1740     0     0     0     0     0      0.264      0.019     -0.831      0.872      0.000
  2219         22  gamma               91  1742     0     0     0     0     0      0.136     -0.134     -0.495      0.531      0.000
  2220         22  gamma               91  1742     0     0     0     0     0      0.015      0.020     -0.013      0.028      0.000
  2221         22  gamma               91  1744     0     0     0     0     0     -0.096     -0.154     -0.408      0.447      0.000
  2222         22  gamma               91  1744     0     0     0     0     0     -0.025     -0.138     -0.126      0.188      0.000
  2223         22  gamma               91  1754     0     0     0     0     0     -0.207      0.032     -1.002      1.024      0.000
  2224         22  gamma               91  1754     0     0     0     0     0     -0.189     -0.067     -0.610      0.642      0.000
  2225         22  gamma               91  1759     0     0     0     0     0     -0.052      0.048      1.456      1.458      0.000
  2226         22  gamma               91  1759     0     0     0     0     0     -0.008     -0.078      2.255      2.256      0.000
  2227         22  gamma               91  1761     0     0     0     0     0     -0.024     -0.207      1.093      1.113      0.000
  2228         22  gamma               91  1761     0     0     0     0     0     -0.169     -0.267      2.198      2.221      0.000
  2229         22  gamma               91  1763     0     0     0     0     0     -0.136     -0.176      0.886      0.914      0.000
  2230         22  gamma               91  1763     0     0     0     0     0     -0.636     -1.247      4.768      4.970      0.000
  2231         22  gamma               91  1769     0     0     0     0     0     -0.989      1.395      4.416      4.736      0.000
  2232         22  gamma               91  1769     0     0     0     0     0     -0.412      0.592      2.120      2.239      0.000
  2233         22  gamma               91  1771     0     0     0     0     0     -0.799      1.277      7.366      7.519      0.000
  2234         22  gamma               91  1771     0     0     0     0     0     -0.137      0.202      1.491      1.511      0.000
  2235         22  gamma               91  1773     0     0     0     0     0      0.226     -0.038      3.116      3.124      0.000
  2236         22  gamma               91  1773     0     0     0     0     0     -0.005     -0.029      0.899      0.900      0.000
  2237         22  gamma               91  1781     0     0     0     0     0     -0.013      0.084      0.888      0.892      0.000
  2238         22  gamma               91  1781     0     0     0     0     0     -0.004     -0.049      0.946      0.947      0.000
  2239         22  gamma               91  1788     0     0     0     0     0     -0.365      0.400      2.326      2.389      0.000
  2240         22  gamma               91  1788     0     0     0     0     0     -0.055      0.003      0.278      0.283      0.000
  2241         22  gamma               91  1794     0     0     0     0     0     14.333      4.244    -15.353     21.428      0.000
  2242         22  gamma               91  1794     0     0     0     0     0      7.793      2.271     -8.472     11.733      0.000
  2243         22  gamma               91  1798     0     0     0     0     0     -0.029     -0.071     -0.019      0.079      0.000
  2244         22  gamma               91  1798     0     0     0     0     0      0.045     -0.290      0.141      0.326      0.000
  2245         22  gamma               91  1802     0     0     0     0     0      0.024     -0.038      0.125      0.133      0.000
  2246         22  gamma               91  1802     0     0     0     0     0      0.583     -0.326      3.440      3.504      0.000
  2247         22  gamma               91  1804     0     0     0     0     0      0.892     -0.281     14.931     14.960      0.000
  2248         22  gamma               91  1804     0     0     0     0     0      0.154     -0.005      1.953      1.959      0.000
  2249         22  gamma               91  1808     0     0     0     0     0      0.047     -0.102     17.706     17.706      0.000
  2250         22  gamma               91  1808     0     0     0     0     0     -0.006     -0.090      4.362      4.363      0.000
  2251         22  gamma               91  1810     0     0     0     0     0      0.011     -0.292      0.324      0.436      0.000
  2252         22  gamma               91  1810     0     0     0     0     0      0.175     -0.622      0.923      1.127      0.000
  2253         22  gamma               91  1812     0     0     0     0     0      0.092      0.043      3.848      3.849      0.000
  2254         22  gamma               91  1812     0     0     0     0     0      0.649      0.746     33.971     33.985      0.000
  2255         22  gamma               91  1819     0     0     0     0     0     -0.219     -0.176      1.192      1.225      0.000
  2256         22  gamma               91  1819     0     0     0     0     0     -0.592     -0.258      2.294      2.383      0.000
  2257         22  gamma               91  1821     0     0     0     0     0     -0.978     -0.573     -0.091      1.137      0.000
  2258         22  gamma               91  1821     0     0     0     0     0     -3.495     -1.808     -0.176      3.939      0.000
  2259         22  gamma               91  1823     0     0     0     0     0     -1.600     -0.540     -0.251      1.707      0.000
  2260         22  gamma               91  1823     0     0     0     0     0     -1.771     -0.601     -0.135      1.875      0.000
  2261         22  gamma               91  1832     0     0     0     0     0     -0.149     -0.181     -0.066      0.244      0.000
  2262         22  gamma               91  1832     0     0     0     0     0     -0.664     -0.422     -0.232      0.820      0.000
  2263         22  gamma               91  1839     0     0     0     0     0     -0.049      0.036     -0.118      0.133      0.000
  2264         22  gamma               91  1839     0     0     0     0     0     -0.388      0.671     -0.851      1.151      0.000
  2265         22  gamma               91  1843     0     0     0     0     0     -0.762      0.654     -0.870      1.328      0.000
  2266         22  gamma               91  1843     0     0     0     0     0     -0.101      0.032     -0.108      0.152      0.000
  2267         22  gamma               91  1845     0     0     0     0     0     -0.074     -0.023     -0.299      0.308      0.000
  2268         22  gamma               91  1845     0     0     0     0     0     -0.396      0.085     -0.856      0.947      0.000
  2269         22  gamma               91  1851     0     0     0     0     0      0.193     -0.203     -3.592      3.603      0.000
  2270         22  gamma               91  1851     0     0     0     0     0      0.031      0.020     -0.323      0.325      0.000
  2271         22  gamma               91  1862     0     0     0     0     0     -0.050      0.277    -95.346     95.346      0.000
  2272         22  gamma               91  1862     0     0     0     0     0      0.003      0.020     -1.427      1.428      0.000
  2273         22  gamma               91  1864     0     0     0     0     0      0.037     -0.121    -12.671     12.672      0.000
  2274         22  gamma               91  1864     0     0     0     0     0     -0.114     -0.404    -49.201     49.203      0.000
  2275         22  gamma               91  1868     0     0     0     0     0      0.020     -0.125    -19.920     19.921      0.000
  2276         11  e-                  91  1868     0     0     0     0     0      0.088     -0.019    -18.595     18.595      0.001
  2277        -11  e+                  91  1868     0     0     0     0     0      0.015     -0.003     -3.535      3.535      0.001
  2278         22  gamma               91  1884     0     0     0     0     0     -0.028     -0.001     -2.603      2.603      0.000
  2279         22  gamma               91  1884     0     0     0     0     0     -0.221      0.007    -94.301     94.301      0.000
  2280         22  gamma               91  1903     0     0     0     0     0      0.426     -0.007     -0.351      0.552      0.000
  2281         22  gamma               91  1903     0     0     0     0     0      0.168      0.080     -0.120      0.222      0.000
  2282         22  gamma               91  1910     0     0     0     0     0      0.680      0.333     -0.816      1.113      0.000
  2283         22  gamma               91  1910     0     0     0     0     0      0.993      0.598     -1.061      1.571      0.000
  2284         22  gamma               91  1913     0     0     0     0     0      0.580      0.431     -0.390      0.821      0.000
  2285         22  gamma               91  1913     0     0     0     0     0      0.618      0.529     -0.595      1.007      0.000
  2286         22  gamma               91  1918     0     0     0     0     0      0.051     -0.020      2.740      2.740      0.000
  2287         22  gamma               91  1918     0     0     0     0     0     -0.083     -0.064      3.646      3.648      0.000
  2288       -313  (K*bar0)           -91  1921     0  2421  2422     0     0      2.898     -4.425    -20.777     21.458      0.885
  2289        211  pi+                 91  1921     0     0     0     0     0      0.383     -1.099     -3.792      3.969      0.140
  2290       -211  pi-                 91  1921     0     0     0     0     0      0.158     -0.008     -0.533      0.573      0.140
  2291         22  gamma               91  1922     0     0     0     0     0      0.016     -0.135     -0.478      0.497      0.000
  2292         22  gamma               91  1922     0     0     0     0     0      0.283     -0.362     -1.582      1.647      0.000
  2293         22  gamma               91  1925     0     0     0     0     0      0.654     -0.650     -4.242      4.341      0.000
  2294         22  gamma               91  1925     0     0     0     0     0      0.098     -0.054     -0.371      0.387      0.000
  2295         22  gamma               91  1930     0     0     0     0     0      0.351     -0.472     -0.841      1.026      0.000
  2296         22  gamma               91  1930     0     0     0     0     0      0.704     -0.954     -2.055      2.372      0.000
  2297         22  gamma               91  1931     0     0     0     0     0      2.324     -1.728     -5.877      6.552      0.000
  2298         22  gamma               91  1931     0     0     0     0     0      1.373     -0.988     -3.664      4.036      0.000
  2299        321  K+                  91  1943     0     0     0     0     0     -0.789     -2.123   -104.340    104.366      0.494
  2300       -211  pi-                 91  1943     0     0     0     0     0     -0.540     -2.380    -93.754     93.786      0.140
  2301         22  gamma               91  1947     0     0     0     0     0      0.132     -0.104      1.417      1.427      0.000
  2302         22  gamma               91  1947     0     0     0     0     0      0.040      0.037      0.788      0.790      0.000
  2303         22  gamma               91  1948     0     0     0     0     0     -0.028      0.028      0.035      0.053      0.000
  2304         22  gamma               91  1948     0     0     0     0     0      0.033      0.005      0.469      0.470      0.000
  2305         22  gamma               91  1949     0     0     0     0     0      0.053     -0.001      0.227      0.233      0.000
  2306         22  gamma               91  1949     0     0     0     0     0     -0.021      0.122      0.985      0.993      0.000
  2307         22  gamma               91  1952     0     0     0     0     0      0.067     -0.072      2.299      2.302      0.000
  2308         22  gamma               91  1952     0     0     0     0     0     -0.012     -0.051      0.277      0.282      0.000
  2309         22  gamma               91  1957     0     0     0     0     0      1.251      0.865     -2.220      2.691      0.000
  2310         22  gamma               91  1957     0     0     0     0     0      0.309      0.152     -0.436      0.556      0.000
  2311         22  gamma               91  1963     0     0     0     0     0      0.109      0.048     -0.123      0.171      0.000
  2312         22  gamma               91  1963     0     0     0     0     0      2.234      0.441     -2.823      3.627      0.000
  2313         22  gamma               91  1966     0     0     0     0     0      1.391      0.303     -1.627      2.162      0.000
  2314         22  gamma               91  1966     0     0     0     0     0     16.560      4.066    -19.704     26.058      0.000
  2315         22  gamma               91  1969     0     0     0     0     0      5.279      1.275     -6.149      8.204      0.000
  2316         22  gamma               91  1969     0     0     0     0     0     62.455     15.145    -73.451     97.596      0.000
  2317         22  gamma               91  1972     0     0     0     0     0      2.456      0.638     -2.947      3.889      0.000
  2318         22  gamma               91  1972     0     0     0     0     0      6.942      2.038     -8.419     11.101      0.000
  2319         22  gamma               91  1975     0     0     0     0     0      0.068      0.070     -0.091      0.133      0.000
  2320         22  gamma               91  1975     0     0     0     0     0      0.006     -0.053     -0.021      0.058      0.000
  2321         22  gamma               91  1978     0     0     0     0     0      0.053      0.003     -0.166      0.174      0.000
  2322         22  gamma               91  1978     0     0     0     0     0      0.045     -0.003      0.018      0.049      0.000
  2323         22  gamma               91  1981     0     0     0     0     0      0.146     -0.317     12.202     12.207      0.000
  2324         22  gamma               91  1981     0     0     0     0     0      0.006     -0.067      5.203      5.203      0.000
  2325         22  gamma               91  1984     0     0     0     0     0     -0.011      0.006      0.061      0.063      0.000
  2326         22  gamma               91  1984     0     0     0     0     0      0.046     -0.073     -0.038      0.094      0.000
  2327         22  gamma               91  1991     0     0     0     0     0      0.040      0.020      0.070      0.083      0.000
  2328         22  gamma               91  1991     0     0     0     0     0      0.088     -0.025     -0.049      0.104      0.000
  2329         22  gamma               91  1994     0     0     0     0     0     -0.006      0.021     -0.008      0.023      0.000
  2330         22  gamma               91  1994     0     0     0     0     0     -0.195      0.070      0.340      0.398      0.000
  2331         22  gamma               91  1995     0     0     0     0     0     -0.024     -0.042     -0.070      0.085      0.000
  2332         22  gamma               91  1995     0     0     0     0     0     -0.018      0.052      0.030      0.062      0.000
  2333         22  gamma               91  1996     0     0     0     0     0      0.017     -0.016      0.084      0.087      0.000
  2334         22  gamma               91  1996     0     0     0     0     0     -0.096      0.053      0.045      0.119      0.000
  2335        211  pi+                 91  1997     0     0     0     0     0     -0.387      0.125      6.363      6.377      0.140
  2336        111  (pi0)              -91  1997     0  2423  2424     0     0      0.173     -0.093      0.792      0.828      0.135
  2337         22  gamma               91  2001     0     0     0     0     0     -0.026      0.005      0.985      0.985      0.000
  2338         22  gamma               91  2001     0     0     0     0     0      0.157      0.000     11.500     11.502      0.000
  2339         22  gamma               91  2010     0     0     0     0     0     -0.024      0.022     -2.865      2.865      0.000
  2340         22  gamma               91  2010     0     0     0     0     0      0.114      0.086    -42.396     42.397      0.000
  2341         22  gamma               91  2019     0     0     0     0     0     -0.028      0.087      0.034      0.097      0.000
  2342         22  gamma               91  2019     0     0     0     0     0     -0.101      0.039     -0.075      0.131      0.000
  2343         22  gamma               91  2020     0     0     0     0     0     -0.043      0.003     -0.204      0.208      0.000
  2344         22  gamma               91  2020     0     0     0     0     0      0.002      0.173     -1.739      1.747      0.000
  2345         22  gamma               91  2021     0     0     0     0     0     -0.018      0.017     -0.090      0.093      0.000
  2346         22  gamma               91  2021     0     0     0     0     0      0.083     -0.050     -1.953      1.956      0.000
  2347         22  gamma               91  2022     0     0     0     0     0     -0.012     -0.102     -1.709      1.713      0.000
  2348         22  gamma               91  2022     0     0     0     0     0     -0.041      0.030     -0.401      0.405      0.000
  2349         22  gamma               91  2025     0     0     0     0     0     -0.061      0.023     -0.749      0.752      0.000
  2350         22  gamma               91  2025     0     0     0     0     0      0.045      0.138     -1.884      1.890      0.000
  2351         22  gamma               91  2036     0     0     0     0     0     -0.119      0.015      0.544      0.557      0.000
  2352         22  gamma               91  2036     0     0     0     0     0     -0.166     -0.036      1.821      1.829      0.000
  2353         22  gamma               91  2037     0     0     0     0     0     -0.256      0.066      3.022      3.033      0.000
  2354         22  gamma               91  2037     0     0     0     0     0     -0.182      0.179      3.057      3.068      0.000
  2355         22  gamma               91  2038     0     0     0     0     0     -0.033     -0.030      0.149      0.156      0.000
  2356         22  gamma               91  2038     0     0     0     0     0     -0.154      0.050      1.758      1.766      0.000
  2357         22  gamma               91  2039     0     0     0     0     0     -0.554     -0.273      2.482      2.557      0.000
  2358         22  gamma               91  2039     0     0     0     0     0     -0.183     -0.046      0.535      0.567      0.000
  2359         22  gamma               91  2040     0     0     0     0     0     -0.124     -0.187      1.128      1.150      0.000
  2360         22  gamma               91  2040     0     0     0     0     0     -0.128     -0.023      0.602      0.616      0.000
  2361         22  gamma               91  2041     0     0     0     0     0     -0.088     -0.165      0.825      0.846      0.000
  2362         22  gamma               91  2041     0     0     0     0     0     -0.294     -0.183      1.729      1.763      0.000
  2363         22  gamma               91  2051     0     0     0     0     0      0.015     -0.027     -0.094      0.099      0.000
  2364         22  gamma               91  2051     0     0     0     0     0     -0.008      0.037      0.033      0.050      0.000
  2365        211  pi+                 91  2056     0     0     0     0     0      0.145     -0.725      1.381      1.572      0.140
  2366       -211  pi-                 91  2056     0     0     0     0     0      0.140      0.053      0.102      0.229      0.140
  2367         22  gamma               91  2068     0     0     0     0     0     -0.002      0.043      0.109      0.117      0.000
  2368         22  gamma               91  2068     0     0     0     0     0     -0.318      0.340      2.293      2.340      0.000
  2369         22  gamma               91  2077     0     0     0     0     0      0.156      1.173      2.535      2.798      0.000
  2370         22  gamma               91  2077     0     0     0     0     0     -0.020      0.378      0.885      0.962      0.000
  2371         22  gamma               91  2080     0     0     0     0     0      4.218      1.570     -4.451      6.330      0.000
  2372         22  gamma               91  2080     0     0     0     0     0      6.658      2.298     -6.953      9.897      0.000
  2373         22  gamma               91  2087     0     0     0     0     0      0.456      0.391     -0.098      0.608      0.000
  2374         22  gamma               91  2087     0     0     0     0     0      0.006      0.038     -0.030      0.049      0.000
  2375         22  gamma               91  2092     0     0     0     0     0      0.534     -0.261      0.093      0.601      0.000
  2376         22  gamma               91  2092     0     0     0     0     0      0.321     -0.072      0.118      0.349      0.000
  2377         22  gamma               91  2095     0     0     0     0     0      0.217     -0.249      0.056      0.335      0.000
  2378         22  gamma               91  2095     0     0     0     0     0      0.023      0.010      0.031      0.040      0.000
  2379         22  gamma               91  2096     0     0     0     0     0      0.253     -0.168      0.133      0.331      0.000
  2380         22  gamma               91  2096     0     0     0     0     0      0.242     -0.039      0.042      0.248      0.000
  2381         22  gamma               91  2097     0     0     0     0     0      0.046     -0.052      0.047      0.084      0.000
  2382         22  gamma               91  2097     0     0     0     0     0      0.775     -0.294      0.289      0.878      0.000
  2383         22  gamma               91  2098     0     0     0     0     0      1.103     -0.219      0.221      1.146      0.000
  2384         22  gamma               91  2098     0     0     0     0     0      0.414     -0.101      0.168      0.458      0.000
  2385         22  gamma               91  2101     0     0     0     0     0      0.036      0.009      0.750      0.751      0.000
  2386         22  gamma               91  2101     0     0     0     0     0      0.227     -0.250      3.591      3.607      0.000
  2387         22  gamma               91  2102     0     0     0     0     0     -0.039      0.013      0.418      0.420      0.000
  2388         22  gamma               91  2102     0     0     0     0     0      0.096     -0.027      1.959      1.961      0.000
  2389         22  gamma               91  2103     0     0     0     0     0     -0.013     -0.067      0.317      0.324      0.000
  2390         22  gamma               91  2103     0     0     0     0     0      0.140     -0.190      2.196      2.208      0.000
  2391         22  gamma               91  2106     0     0     0     0     0      0.221      0.011      8.310      8.313      0.000
  2392         22  gamma               91  2106     0     0     0     0     0      0.150      0.117      9.170      9.172      0.000
  2393         22  gamma               91  2113     0     0     0     0     0      0.011      0.005     10.166     10.166      0.000
  2394         22  gamma               91  2113     0     0     0     0     0      0.432      0.168     76.345     76.347      0.000
  2395         22  gamma               91  2114     0     0     0     0     0      0.141     -0.051     29.312     29.313      0.000
  2396         22  gamma               91  2114     0     0     0     0     0      0.373      0.067     93.206     93.206      0.000
  2397         22  gamma               91  2115     0     0     0     0     0      0.113      0.091     50.685     50.685      0.000
  2398         22  gamma               91  2115     0     0     0     0     0      0.049      0.044      6.397      6.397      0.000
  2399         22  gamma               91  2122     0     0     0     0     0      0.518     -0.245    -34.527     34.532      0.000
  2400         22  gamma               91  2122     0     0     0     0     0      0.017     -0.050     -3.287      3.287      0.000
  2401        211  pi+                 91  2127     0     0     0     0     0     -0.152     -0.039      0.772      0.800      0.140
  2402       -211  pi-                 91  2127     0     0     0     0     0     -0.774      0.117      0.457      0.917      0.140
  2403         22  gamma               91  2133     0     0     0     0     0     -0.267     -0.055      0.481      0.553      0.000
  2404         22  gamma               91  2133     0     0     0     0     0     -0.732     -0.009      0.977      1.220      0.000
  2405         22  gamma               91  2138     0     0     0     0     0     -0.059      0.002      0.063      0.086      0.000
  2406         22  gamma               91  2138     0     0     0     0     0     -0.918     -0.104      0.360      0.992      0.000
  2407         22  gamma               91  2141     0     0     0     0     0     -0.226     -0.273      0.027      0.355      0.000
  2408         22  gamma               91  2141     0     0     0     0     0     -1.028     -0.836      0.131      1.332      0.000
  2409         22  gamma               91  2153     0     0     0     0     0      0.027     -0.043     -0.994      0.995      0.000
  2410         22  gamma               91  2153     0     0     0     0     0      0.234      0.030     -2.548      2.559      0.000
  2411         22  gamma               91  2154     0     0     0     0     0      0.067     -0.067     -0.611      0.619      0.000
  2412         22  gamma               91  2154     0     0     0     0     0      0.016      0.060     -0.545      0.548      0.000
  2413         22  gamma               91  2155     0     0     0     0     0      0.056      0.239     -3.508      3.517      0.000
  2414         22  gamma               91  2155     0     0     0     0     0      0.032     -0.011     -0.440      0.442      0.000
  2415         22  gamma               91  2156     0     0     0     0     0      0.160      0.290     -3.180      3.197      0.000
  2416         22  gamma               91  2156     0     0     0     0     0     -0.008      0.009     -0.589      0.589      0.000
  2417         22  gamma               91  2159     0     0     0     0     0      0.434      0.425     -2.859      2.923      0.000
  2418         22  gamma               91  2159     0     0     0     0     0      0.165      0.121     -1.382      1.397      0.000
  2419         22  gamma               91  2166     0     0     0     0     0      0.237      0.082    -26.279     26.280      0.000
  2420         22  gamma               91  2166     0     0     0     0     0      0.338      0.303    -44.205     44.207      0.000
  2421       -321  K-                  91  2288     0     0     0     0     0      2.073     -2.715    -12.830     13.287      0.494
  2422        211  pi+                 91  2288     0     0     0     0     0      0.825     -1.710     -7.947      8.171      0.140
  2423         22  gamma               91  2336     0     0     0     0     0      0.140     -0.046      0.720      0.735      0.000
  2424         22  gamma               91  2336     0     0     0     0     0      0.033     -0.047      0.073      0.093      0.000
                                   Charge sum:  2.000           Momentum sum:     -0.000      0.000     -0.000  13600.000  13600.000

 --------  End PYTHIA Event Listing  -----------------------------------------------------------------------------------------------
 PYTHIA Warning in SimpleSpaceShower::pT2nextQCD: weight above unity
 PYTHIA Warning in SimpleSpaceShower::pT2nextQCD: small daughter PDF
 PYTHIA Error in BeamRemnants::setKinematics: kinematics construction failed after retrying 10 times
 PYTHIA Error in SimpleSpaceShower::pT2nearThreshold: stuck in loop

 Pythia::next(): 1000 events have been generated 
1% | Elapsed: 0h 0m 50s | Remaining: 1h 22m 30s

 Pythia::next(): 2000 events have been generated 
 PYTHIA Error in StringFragmentation::fragment: stuck in joining
 PYTHIA Error in Pythia::next: hadronLevel failed; try again
 PYTHIA Error in SimpleSpaceShower::pT2nearThreshold: xPDF = 0
 PYTHIA Warning in MultipartonInteractions::pTnext: weight above unity

 Pythia::next(): 3000 events have been generated 

 Pythia::next(): 4000 events have been generated 
2% | Elapsed: 0h 2m 1s | Remaining: 1h 38m 49s

 Pythia::next(): 5000 events have been generated 
3% | Elapsed: 0h 2m 38s | Remaining: 1h 25m 8s

 Pythia::next(): 6000 events have been generated 

 Pythia::next(): 7000 events have been generated 
4% | Elapsed: 0h 3m 29s | Remaining: 1h 23m 36s

 Pythia::next(): 8000 events have been generated 
 PYTHIA Warning in Pythia::check: energy-momentum not quite conserved
5% | Elapsed: 0h 4m 8s | Remaining: 1h 18m 32s

 Pythia::next(): 9000 events have been generated 
6% | Elapsed: 0h 4m 42s | Remaining: 1h 13m 38s

 Pythia::next(): 10000 events have been generated 

 Pythia::next(): 11000 events have been generated 
7% | Elapsed: 0h 6m 59s | Remaining: 1h 32m 46s

 Pythia::next(): 12000 events have been generated 
8% | Elapsed: 0h 9m 16s | Remaining: 1h 46m 34s

 Pythia::next(): 13000 events have been generated 
9% | Elapsed: 0h 12m 41s | Remaining: 2h 8m 14s

 Pythia::next(): 14000 events have been generated 

 Pythia::next(): 15000 events have been generated 
10% | Elapsed: 0h 15m 32s | Remaining: 2h 19m 48s

 Pythia::next(): 16000 events have been generated 
11% | Elapsed: 0h 20m 40s | Remaining: 2h 47m 12s

 Pythia::next(): 17000 events have been generated 

 Pythia::next(): 18000 events have been generated 
12% | Elapsed: 0h 25m 17s | Remaining: 3h 5m 24s

 Pythia::next(): 19000 events have been generated 

 Pythia::next(): 20000 events have been generated 

 Pythia::next(): 21000 events have been generated 
13% | Elapsed: 0h 32m 24s | Remaining: 3h 36m 49s

 Pythia::next(): 22000 events have been generated 
14% | Elapsed: 0h 36m 25s | Remaining: 3h 43m 42s

 Pythia::next(): 23000 events have been generated 

 Pythia::next(): 24000 events have been generated 
15% | Elapsed: 0h 40m 4s | Remaining: 3h 47m 2s

 Pythia::next(): 25000 events have been generated 
16% | Elapsed: 0h 42m 35s | Remaining: 3h 43m 33s

 Pythia::next(): 26000 events have been generated 

 Pythia::next(): 27000 events have been generated 
17% | Elapsed: 0h 45m 13s | Remaining: 3h 40m 45s

 Pythia::next(): 28000 events have been generated 
18% | Elapsed: 0h 45m 51s | Remaining: 3h 28m 52s

 Pythia::next(): 29000 events have been generated 

 Pythia::next(): 30000 events have been generated 
19% | Elapsed: 0h 46m 44s | Remaining: 3h 19m 13s

 Pythia::next(): 31000 events have been generated 
 PYTHIA Warning in HadronWidths::pickMasses: angular momentum and running widths not used
20% | Elapsed: 0h 47m 20s | Remaining: 3h 9m 20s

 Pythia::next(): 32000 events have been generated 
21% | Elapsed: 0h 47m 56s | Remaining: 3h 0m 19s

 Pythia::next(): 33000 events have been generated 
22% | Elapsed: 0h 48m 33s | Remaining: 2h 52m 7s

 Pythia::next(): 34000 events have been generated 
23% | Elapsed: 0h 49m 33s | Remaining: 2h 45m 53s

 Pythia::next(): 35000 events have been generated 

 Pythia::next(): 36000 events have been generated 
24% | Elapsed: 0h 50m 29s | Remaining: 2h 39m 51s

 Pythia::next(): 37000 events have been generated 
25% | Elapsed: 0h 51m 1s | Remaining: 2h 33m 3s

 Pythia::next(): 38000 events have been generated 

 Pythia::next(): 39000 events have been generated 
26% | Elapsed: 0h 52m 24s | Remaining: 2h 29m 8s

 Pythia::next(): 40000 events have been generated 
27% | Elapsed: 0h 52m 39s | Remaining: 2h 22m 21s
28% | Elapsed: 0h 52m 59s | Remaining: 2h 16m 14s

 Pythia::next(): 41000 events have been generated 
29% | Elapsed: 0h 53m 30s | Remaining: 2h 10m 58s

 Pythia::next(): 42000 events have been generated 

 Pythia::next(): 43000 events have been generated 
30% | Elapsed: 0h 54m 21s | Remaining: 2h 6m 49s

 Pythia::next(): 44000 events have been generated 
31% | Elapsed: 0h 55m 19s | Remaining: 2h 3m 7s

 Pythia::next(): 45000 events have been generated 

 Pythia::next(): 46000 events have been generated 
32% | Elapsed: 0h 57m 51s | Remaining: 2h 2m 55s

 Pythia::next(): 47000 events have been generated 
33% | Elapsed: 1h 0m 33s | Remaining: 2h 2m 56s

 Pythia::next(): 48000 events have been generated 
34% | Elapsed: 1h 3m 52s | Remaining: 2h 3m 58s

 Pythia::next(): 49000 events have been generated 

 Pythia::next(): 50000 events have been generated 
35% | Elapsed: 1h 6m 11s | Remaining: 2h 2m 54s

 Pythia::next(): 51000 events have been generated 

 Pythia::next(): 52000 events have been generated 
36% | Elapsed: 1h 10m 54s | Remaining: 2h 6m 2s

 Pythia::next(): 53000 events have been generated 
37% | Elapsed: 1h 14m 20s | Remaining: 2h 6m 34s

 Pythia::next(): 54000 events have been generated 

 Pythia::next(): 55000 events have been generated 
38% | Elapsed: 1h 16m 29s | Remaining: 2h 4m 47s

 Pythia::next(): 56000 events have been generated 

 Pythia::next(): 57000 events have been generated 
39% | Elapsed: 1h 20m 9s | Remaining: 2h 5m 21s

 Pythia::next(): 58000 events have been generated 

 Pythia::next(): 59000 events have been generated 
40% | Elapsed: 1h 22m 50s | Remaining: 2h 4m 15s

 Pythia::next(): 60000 events have been generated 
 PYTHIA Warning in TauDecays::decay: unknown correlated tau production, assuming from unpolarized photon
41% | Elapsed: 1h 24m 17s | Remaining: 2h 1m 17s

 Pythia::next(): 61000 events have been generated 

 Pythia::next(): 62000 events have been generated 
42% | Elapsed: 1h 27m 58s | Remaining: 2h 1m 28s

 Pythia::next(): 63000 events have been generated 

 Pythia::next(): 64000 events have been generated 
43% | Elapsed: 1h 32m 51s | Remaining: 2h 3m 4s

 Pythia::next(): 65000 events have been generated 

 Pythia::next(): 66000 events have been generated 
44% | Elapsed: 1h 36m 37s | Remaining: 2h 2m 58s

 Pythia::next(): 67000 events have been generated 

 Pythia::next(): 68000 events have been generated 
45% | Elapsed: 1h 40m 27s | Remaining: 2h 2m 46s

 Pythia::next(): 69000 events have been generated 

 Pythia::next(): 70000 events have been generated 
46% | Elapsed: 1h 43m 43s | Remaining: 2h 1m 45s

 Pythia::next(): 71000 events have been generated 
47% | Elapsed: 1h 45m 46s | Remaining: 1h 59m 16s

 Pythia::next(): 72000 events have been generated 
48% | Elapsed: 1h 47m 43s | Remaining: 1h 56m 41s

 Pythia::next(): 73000 events have been generated 
49% | Elapsed: 1h 50m 28s | Remaining: 1h 54m 58s

 Pythia::next(): 74000 events have been generated 

 Pythia::next(): 75000 events have been generated 
50% | Elapsed: 1h 55m 5s | Remaining: 1h 55m 5s

 Pythia::next(): 76000 events have been generated 

 Pythia::next(): 77000 events have been generated 
51% | Elapsed: 2h 0m 20s | Remaining: 1h 55m 36s

 Pythia::next(): 78000 events have been generated 
52% | Elapsed: 2h 4m 5s | Remaining: 1h 54m 32s

 Pythia::next(): 79000 events have been generated 

 Pythia::next(): 80000 events have been generated 
53% | Elapsed: 2h 7m 43s | Remaining: 1h 52m 48s

 Pythia::next(): 81000 events have been generated 

 Pythia::next(): 82000 events have been generated 
54% | Elapsed: 2h 11m 36s | Remaining: 1h 52m 6s

 Pythia::next(): 83000 events have been generated 
55% | Elapsed: 2h 14m 34s | Remaining: 1h 50m 5s

 Pythia::next(): 84000 events have been generated 
56% | Elapsed: 2h 17m 38s | Remaining: 1h 48m 8s

 Pythia::next(): 85000 events have been generated 

 Pythia::next(): 86000 events have been generated 
57% | Elapsed: 2h 21m 14s | Remaining: 1h 46m 32s

 Pythia::next(): 87000 events have been generated 
58% | Elapsed: 2h 23m 32s | Remaining: 1h 43m 56s

 Pythia::next(): 88000 events have been generated 
59% | Elapsed: 2h 25m 6s | Remaining: 1h 40m 24s

 Pythia::next(): 89000 events have been generated 

 Pythia::next(): 90000 events have been generated 
60% | Elapsed: 2h 30m 24s | Remaining: 1h 40m 16s

 Pythia::next(): 91000 events have been generated 

 Pythia::next(): 92000 events have been generated 
61% | Elapsed: 2h 34m 37s | Remaining: 1h 38m 51s

 Pythia::next(): 93000 events have been generated 

 Pythia::next(): 94000 events have been generated 

 Pythia::next(): 95000 events have been generated 
62% | Elapsed: 2h 40m 38s | Remaining: 1h 38m 27s

 Pythia::next(): 96000 events have been generated 
63% | Elapsed: 2h 42m 52s | Remaining: 1h 35m 39s

 Pythia::next(): 97000 events have been generated 
64% | Elapsed: 2h 45m 48s | Remaining: 1h 33m 15s

 Pythia::next(): 98000 events have been generated 

 Pythia::next(): 99000 events have been generated 
65% | Elapsed: 2h 50m 40s | Remaining: 1h 31m 53s

 Pythia::next(): 100000 events have been generated 
66% | Elapsed: 2h 54m 59s | Remaining: 1h 30m 8s

 Pythia::next(): 101000 events have been generated 

 Pythia::next(): 102000 events have been generated 

 Pythia::next(): 103000 events have been generated 
67% | Elapsed: 3h 1m 39s | Remaining: 1h 29m 28s

 Pythia::next(): 104000 events have been generated 

 Pythia::next(): 105000 events have been generated 
68% | Elapsed: 3h 5m 48s | Remaining: 1h 27m 26s
69% | Elapsed: 3h 7m 46s | Remaining: 1h 24m 21s

 Pythia::next(): 106000 events have been generated 

 Pythia::next(): 107000 events have been generated 
70% | Elapsed: 3h 11m 21s | Remaining: 1h 22m 0s

 Pythia::next(): 108000 events have been generated 
71% | Elapsed: 3h 14m 44s | Remaining: 1h 19m 32s

 Pythia::next(): 109000 events have been generated 

 Pythia::next(): 110000 events have been generated 
72% | Elapsed: 3h 18m 21s | Remaining: 1h 17m 8s

 Pythia::next(): 111000 events have been generated 

 Pythia::next(): 112000 events have been generated 
73% | Elapsed: 3h 23m 7s | Remaining: 1h 15m 7s

 Pythia::next(): 113000 events have been generated 

 Pythia::next(): 114000 events have been generated 

 Pythia::next(): 115000 events have been generated 
74% | Elapsed: 3h 29m 58s | Remaining: 1h 13m 46s

 Pythia::next(): 116000 events have been generated 
75% | Elapsed: 3h 33m 33s | Remaining: 1h 11m 11s

 Pythia::next(): 117000 events have been generated 
76% | Elapsed: 3h 35m 34s | Remaining: 1h 8m 4s

 Pythia::next(): 118000 events have been generated 
77% | Elapsed: 3h 38m 53s | Remaining: 1h 5m 22s

 Pythia::next(): 119000 events have been generated 

 Pythia::next(): 120000 events have been generated 

 Pythia::next(): 121000 events have been generated 
78% | Elapsed: 3h 43m 15s | Remaining: 1h 2m 58s

 Pythia::next(): 122000 events have been generated 
79% | Elapsed: 3h 46m 31s | Remaining: 1h 0m 12s

 Pythia::next(): 123000 events have been generated 
80% | Elapsed: 3h 48m 56s | Remaining: 0h 57m 14s

 Pythia::next(): 124000 events have been generated 

 Pythia::next(): 125000 events have been generated 
81% | Elapsed: 3h 51m 26s | Remaining: 0h 54m 17s

 Pythia::next(): 126000 events have been generated 

 Pythia::next(): 127000 events have been generated 
82% | Elapsed: 3h 55m 43s | Remaining: 0h 51m 44s

 Pythia::next(): 128000 events have been generated 
83% | Elapsed: 3h 58m 4s | Remaining: 0h 48m 45s

 Pythia::next(): 129000 events have been generated 
84% | Elapsed: 4h 0m 37s | Remaining: 0h 45m 49s

 Pythia::next(): 130000 events have been generated 
85% | Elapsed: 4h 3m 27s | Remaining: 0h 42m 57s

 Pythia::next(): 131000 events have been generated 
86% | Elapsed: 4h 4m 27s | Remaining: 0h 39m 47s

 Pythia::next(): 132000 events have been generated 

 Pythia::next(): 133000 events have been generated 
87% | Elapsed: 4h 8m 31s | Remaining: 0h 37m 8s

 Pythia::next(): 134000 events have been generated 
88% | Elapsed: 4h 11m 42s | Remaining: 0h 34m 19s

 Pythia::next(): 135000 events have been generated 

 Pythia::next(): 136000 events have been generated 
89% | Elapsed: 4h 16m 16s | Remaining: 0h 31m 40s

 Pythia::next(): 137000 events have been generated 

 Pythia::next(): 138000 events have been generated 
90% | Elapsed: 4h 19m 19s | Remaining: 0h 28m 48s

 Pythia::next(): 139000 events have been generated 

 Pythia::next(): 140000 events have been generated 
91% | Elapsed: 4h 24m 22s | Remaining: 0h 26m 8s

 Pythia::next(): 141000 events have been generated 
92% | Elapsed: 4h 28m 15s | Remaining: 0h 23m 19s

 Pythia::next(): 142000 events have been generated 

 Pythia::next(): 143000 events have been generated 
93% | Elapsed: 4h 30m 22s | Remaining: 0h 20m 21s
94% | Elapsed: 4h 31m 38s | Remaining: 0h 17m 20s

 Pythia::next(): 144000 events have been generated 

 Pythia::next(): 145000 events have been generated 
95% | Elapsed: 4h 36m 21s | Remaining: 0h 14m 32s

 Pythia::next(): 146000 events have been generated 

 Pythia::next(): 147000 events have been generated 
96% | Elapsed: 4h 42m 24s | Remaining: 0h 11m 46s

 Pythia::next(): 148000 events have been generated 
97% | Elapsed: 4h 47m 49s | Remaining: 0h 8m 54s

 Pythia::next(): 149000 events have been generated 

 Pythia::next(): 150000 events have been generated 
98% | Elapsed: 4h 53m 55s | Remaining: 0h 5m 59s

 Pythia::next(): 151000 events have been generated 
99% | Elapsed: 4h 57m 24s | Remaining: 0h 3m 0s

 Pythia::next(): 152000 events have been generated 

 Pythia::next(): 153000 events have been generated 
100% | Elapsed: 5h 4m 45s | Remaining: 0h 0m 0s
Events saved to /eos/cms/store/group/phys_smp/ec/shuangyu/Jpsi/HardQCD_Pt15to7000_Oniaoff_CR0_PYTHIA8311/pythia8_jpsi_events_2751.root

Thanks for using LHAPDF 6.4.0. Please make sure to cite the paper:
  Eur.Phys.J. C75 (2015) 3, 132  (http://arxiv.org/abs/1412.7420)
Job finished.
