Setting up CMSSW environment...
/pool/condor/dir_676379
Compiling pythia.cpp ...

 *------------------------------------------------------------------------------------* 
 |                                                                                    | 
 |  *------------------------------------------------------------------------------*  | 
 |  |                                                                              |  | 
 |  |                                                                              |  | 
 |  |   PPP   Y   Y  TTTTT  H   H  III    A      Welcome to the Lund Monte Carlo!  |  | 
 |  |   P  P   Y Y     T    H   H   I    A A     This is PYTHIA version 8.311      |  | 
 |  |   PPP     Y      T    HHHHH   I   AAAAA    Last date of change:  8 Mar 2024  |  | 
 |  |   P       Y      T    H   H   I   A   A                                      |  | 
 |  |   P       Y      T    H   H  III  A   A    Now is 29 Jul 2026 at 11:25:31    |  | 
 |  |                                                                              |  | 
 |  |   Program documentation and an archive of historic versions is found on:     |  | 
 |  |                                                                              |  | 
 |  |                               https://pythia.org/                            |  | 
 |  |                                                                              |  | 
 |  |   PYTHIA is authored by a collaboration consisting of:                       |  | 
 |  |                                                                              |  | 
 |  |   Javira Altmann, Christian Bierlich, Naomi Cooke, Nishita Desai,            |  | 
 |  |   Leif Gellersen, Ilkka Helenius, Philip Ilten, Leif Lonnblad,               |  | 
 |  |   Stephen Mrenna, Christian Preuss, Torbjorn Sjostrand, Peter Skands,        |  | 
 |  |   Marius Utheim, and Rob Verheyen.                                           |  | 
 |  |                                                                              |  | 
 |  |   The complete list of authors, including contact information and            |  | 
 |  |   affiliations, can be found on https://pythia.org/.                         |  | 
 |  |   Problems or bugs should be reported on email at authors@pythia.org.        |  | 
 |  |                                                                              |  | 
 |  |   The main program reference is C. Bierlich et al,                           |  | 
 |  |   'A comprehensive guide to the physics and usage of Pythia 8.3',            |  | 
 |  |   SciPost Phys. Codebases 8-r8.3 (2022) [arXiv:2203.11601 [hep-ph]]          |  | 
 |  |                                                                              |  | 
 |  |   PYTHIA is released under the GNU General Public Licence version 2 or later.|  | 
 |  |   Please respect the MCnet Guidelines for Event Generator Authors and Users. |  | 
 |  |                                                                              |  | 
 |  |   Disclaimer: this program comes without any guarantees.                     |  | 
 |  |   Beware of errors and use common sense when interpreting results.           |  | 
 |  |                                                                              |  | 
 |  |   Copyright (C) 2024 Torbjorn Sjostrand                                      |  | 
 |  |                                                                              |  | 
 |  |                                                                              |  | 
 |  *------------------------------------------------------------------------------*  | 
 |                                                                                    | 
 *------------------------------------------------------------------------------------* 

LHAPDF 6.4.0 loading /cvmfs/cms.cern.ch/el9_amd64_gcc12/external/lhapdf/6.4.0-4aa384870ea6380250957dc033c78953/share/LHAPDF/NNPDF31_nnlo_as_0118/NNPDF31_nnlo_as_0118_0000.dat
NNPDF31_nnlo_as_0118 PDF set, member #0, version 1; LHAPDF ID = 303600
LHAPDF 6.4.0 loading /cvmfs/cms.cern.ch/el9_amd64_gcc12/external/lhapdf/6.4.0-4aa384870ea6380250957dc033c78953/share/LHAPDF/NNPDF31_nnlo_as_0118/NNPDF31_nnlo_as_0118_0000.dat
NNPDF31_nnlo_as_0118 PDF set, member #0, version 1; LHAPDF ID = 303600

 *-------  PYTHIA Process Initialization  --------------------------*
 |                                                                  |
 | We collide p+ with p+ at a CM energy of 1.360e+04 GeV            |
 |                                                                  |
 |------------------------------------------------------------------|
 |                                                    |             |
 | Subprocess                                    Code |   Estimated |
 |                                                    |    max (mb) |
 |                                                    |             |
 |------------------------------------------------------------------|
 |                                                    |             |
 | g g -> g g                                     111 |   5.088e+02 |
 | g g -> q qbar (uds)                            112 |   2.035e+01 |
 | q g -> q g                                     113 |   1.648e+03 |
 | q q(bar)' -> q q(bar)'                         114 |   5.639e+02 |
 | q qbar -> g g                                  115 |   4.263e+00 |
 | q qbar -> q' qbar' (uds)                       116 |   4.231e+00 |
 | g g -> c cbar                                  121 |   6.778e+00 |
 | q qbar -> c cbar                               122 |   1.409e+00 |
 | g g -> b bbar                                  123 |   6.713e+00 |
 | q qbar -> b bbar                               124 |   1.396e+00 |
 |                                                                  |
 *-------  End PYTHIA Process Initialization -----------------------*
 PYTHIA Warning in SimpleTimeShower::init: pTmin too low , raised to 0.611

 *-------  PYTHIA Multiparton Interactions Initialization  ---------* 
 |                                                                  | 
 |                   sigmaNonDiffractive =    55.96 mb              | 
 |                                                                  | 
 |    pT0 =  1.44 gives sigmaInteraction =   495.85 mb: accepted    | 
 |                                                                  | 
 *-------  End PYTHIA Multiparton Interactions Initialization  -----* 

 *-------  PYTHIA Flag + Mode + Parm + Word + FVec + MVec + PVec + WVec Settings (changes only)  ------------------* 
 |                                                                                                                 | 
 | Name                                          |                      Now |      Default         Min         Max | 
 |                                               |                          |                                      | 
 | Beams:eCM                                     |                13600.000 |    14000.000         0.0             | 
 | Check:epTolErr                                |                0.0100000 |   1.0000e-04                         | 
 | ColourReconnection:range                      |                  5.17600 |      1.80000         0.0    10.00000 | 
 | HardQCD:all                                   |                       on |          off                         | 
 | Main:timesAllowErrors                         |                    10000 |           10           0             | 
 | MultipartonInteractions:alphaSorder           |                        2 |            1           0           3 | 
 | MultipartonInteractions:alphaSvalue           |                  0.11800 |      0.13000   0.0600000     0.25000 | 
 | MultipartonInteractions:bProfile              |                        2 |            3           0           4 | 
 | MultipartonInteractions:coreFraction          |                  0.63000 |      0.50000         0.0     1.00000 | 
 | MultipartonInteractions:coreRadius            |                  0.76340 |      0.40000     0.10000     1.00000 | 
 | MultipartonInteractions:ecmPow                |                0.0334400 |      0.21500         0.0     0.50000 | 
 | MultipartonInteractions:pT0Ref                |                  1.41000 |      2.28000     0.50000    10.00000 | 
 | ParticleDecays:limitTau0                      |                       on |          off                         | 
 | PDF:lepton                                    |                      off |           on                         | 
 | PDF:pSet                                      | LHAPDF6:NNPDF31_nnlo_as_0118 |           13                     | 
 | PhaseSpace:bias2Selection                     |                       on |          off                         | 
 | PhaseSpace:bias2SelectionPow                  |                  4.50000 |      4.00000         0.0    10.00000 | 
 | PhaseSpace:bias2SelectionRef                  |                 15.00000 |     10.00000     1.00000             | 
 | PhaseSpace:pTHatMax                           |                 7000.000 |     -1.00000                         | 
 | PhaseSpace:pTHatMin                           |                 15.00000 |          0.0         0.0             | 
 | Random:seed                                   |                633228201 |           -1               900000000 | 
 | Random:setSeed                                |                       on |          off                         | 
 | SigmaProcess:alphaSorder                      |                        2 |            1           0           3 | 
 | SigmaProcess:alphaSvalue                      |                  0.11800 |      0.13000   0.0600000     0.25000 | 
 | SigmaTotal:mode                               |                        0 |            1           0           4 | 
 | SigmaTotal:sigmaEl                            |                 22.08000 |     25.00000         0.0             | 
 | SigmaTotal:sigmaTot                           |                101.03700 |    100.00000         0.0             | 
 | SigmaTotal:zeroAXB                            |                      off |           on                         | 
 | SLHA:minMassSM                                |                 1000.000 |    100.00000                         | 
 | SpaceShower:alphaSorder                       |                        2 |            1           0           3 | 
 | SpaceShower:alphaSvalue                       |                  0.11800 |      0.13650   0.0600000     0.25000 | 
 | TimeShower:alphaSorder                        |                        2 |            1           0           3 | 
 | TimeShower:alphaSvalue                        |                  0.11800 |      0.13650   0.0600000     0.25000 | 
 |                                                                                                                 | 
 *-------  End PYTHIA Flag + Mode + Parm + Word + FVec + MVec + PVec + WVec Settings  -----------------------------* 

 --------  PYTHIA Particle Data Table (changed only)  ------------------------------------------------------------------------------
 
      id   name            antiName         spn chg col      m0        mWidth      mMin       mMax       tau0    res dec ext vis wid
             no onMode   bRatio   meMode     products 

     443  J/psi                               3   0   0    3.09692    0.00009    3.09602    3.09782  0.00000e+00   0   1   0   1   0
              0     0   0.8023950   43       83      -83 
              1     0   0.0594000    0       11      -11 
              2     1   0.0593000    0       13      -13 
              3     0   0.0130000    0      441       22 
              4     0   0.0056000    0      113      111 
              5     0   0.0056500    0      213     -211 
              6     0   0.0056500    0     -213      211 
              7     0   0.0036000    0      115      113 
              8     0   0.0036000    0     -215      213 
              9     0   0.0036000    0      215     -213 
             10     0   0.0043000    0      225      223 
             11     0   0.0022000    0      313     -315 
             12     0   0.0022000    0      323     -325 
             13     0   0.0022000    0     -323      325 
             14     0   0.0025000    0      321     -323 
             15     0   0.0025000    0     -321      323 
             16     0   0.0021000    0      311     -313 
             17     0   0.0021000    0     -311      313 
             18     0   0.0019000    0    20323     -321 
             19     0   0.0019000    0   -20323      321 
             20     0   0.0015000    0    10213     -211 
             21     0   0.0015000    0   -10213      211 
             22     0   0.0023000    0    10113      111 
             23     0   0.0004800    0    10331      223 
             24     0   0.0007400    0      223      221 
             25     0   0.0003600    0    10331      333 
             26     0   0.0008000    0      333      335 
             27     0   0.0006800    0    20333      223 
             28     0   0.0007400    0      333      221 
             29     0   0.0004500    0      223      111 
             30     0   0.0004000    0      333      331 
             31     0   0.0003200    0      333  9010221 
             32     0   0.0002600    0      333    20223 
             33     0   0.0001930    0      113      221 
             34     0   0.0001820    0      223      331 
             35     0   0.0001400    0      223  9010221 
             36     0   0.0001050    0      113      331 
             37     0   0.0011000    0     2224    -2224 
             38     0   0.0005150    0     3112    -3112 
             39     0   0.0005900    0     3314    -3314 
             40     0   0.0003200    0     3324    -3324 
             41     0   0.0003200    0     3324    -3324 
             42     0   0.0001550    0     3114    -3114 
             43     0   0.0001550    0     3224    -3224 

 --------  End PYTHIA Particle Data Table  -----------------------------------------------------------------------------------------


 --------  PYTHIA Info Listing  ---------------------------------------- 
 
 Beam A: id =   2212, pz =  6.800e+03, e =  6.800e+03, m =  9.383e-01.
 Beam B: id =   2212, pz = -6.800e+03, e =  6.800e+03, m =  9.383e-01.

 In 1: id =    1, x =  3.455e-01, pdf =  8.161e-02 at Q2 =  1.211e+05.
 In 2: id =   21, x =  7.970e-03, pdf =  9.930e+00 at same Q2.

 Subprocess q g -> q g with code 113 is 2 -> 2.
 It has sHat =  5.092e+05,    tHat = -1.982e+05,    uHat = -3.110e+05,
       pTHat =  3.479e+02,   m3Hat =  3.300e-01,   m4Hat =  0.000e+00,
    thetaHat =  1.347e+00,  phiHat =  1.617e+00.
     alphaEM =  7.938e-03,  alphaS =  9.908e-02    at Q2 =  1.211e+05.

 Impact parameter b =  1.835e-01 gives enhancement factor =  4.258e+00.
 Max pT scale for MPI =  3.479e+02, ISR =  3.479e+02, FSR =  3.479e+02.
 Number of MPI =    31, ISR =    31, FSRproc =    98, FSRreson =     0.

 --------  End PYTHIA Info Listing  ------------------------------------

 --------  PYTHIA Event Listing  (hard process)  -----------------------------------------------------------------------------------
 
    no         id  name            status     mothers   daughters     colours      p_x        p_y        p_z         e          m 
     0         90  (system)           -11     0     0     0     0     0     0      0.000      0.000      0.000  13600.000  13600.000
     1       2212  (p+)               -12     0     0     3     0     0     0      0.000      0.000   6800.000   6800.000      0.938
     2       2212  (p+)               -12     0     0     4     0     0     0      0.000      0.000  -6800.000   6800.000      0.938
     3          1  (d)                -21     1     0     5     6   101     0      0.000      0.000   2349.066   2349.066      0.000
     4         21  (g)                -21     2     0     5     6   102   103      0.000      0.000    -54.197     54.197      0.000
     5          1  d                   23     3     4     0     0   102     0    -16.212    347.565   1413.639   1455.830      0.330
     6         21  g                   23     3     4     0     0   101   103     16.212   -347.565    881.229    947.433      0.000
                                   Charge sum: -0.333           Momentum sum:      0.000      0.000   2294.868   2403.263    713.617

 --------  End PYTHIA Event Listing  -----------------------------------------------------------------------------------------------

 --------  PYTHIA Event Listing  (complete event)  ---------------------------------------------------------------------------------
 
    no         id  name            status     mothers   daughters     colours      p_x        p_y        p_z         e          m 
     0         90  (system)           -11     0     0     0     0     0     0      0.000      0.000      0.000  13600.000  13600.000
     1       2212  (p+)               -12     0     0   626     0     0     0      0.000      0.000   6800.000   6800.000      0.938
     2       2212  (p+)               -12     0     0   627     0     0     0      0.000      0.000  -6800.000   6800.000      0.938
     3          1  (d)                -21     9     9     5     6   101     0      0.000      0.000   2349.066   2349.066      0.000
     4         21  (g)                -21    11     0     5     6   102   103      0.000      0.000    -54.197     54.197      0.000
     5          1  (d)                -23     3     4    12    12   102     0    -16.212    347.565   1413.639   1455.830      0.330
     6         21  (g)                -23     3     4     7     8   101   103     16.212   -347.565    881.229    947.433      0.000
     7         21  (g)                -51     6     0    13    13   104   103     -4.223   -328.708    829.512    892.276      0.000
     8         21  (g)                -51     6     0    14    14   101   104     20.434    -18.857    110.675    114.114      0.000
     9          1  (d)                -53    10    10     3     3   101     0      0.000     -0.000   2408.024   2408.024      0.000
    10          1  (d)                -42    16     0     9     9   101     0     -0.000     -0.000   2408.024   2408.024      0.000
    11         21  (g)                -41    17    17    15     4   105   103      0.000      0.000   -154.929    154.929      0.000
    12          1  (d)                -44     5     5    18    18   102     0    -21.458    342.636   1374.234   1416.467      0.330
    13         21  (g)                -44     7     7    19    19   104   103    -12.027   -336.041    868.416    931.243      0.000
    14         21  (g)                -44     8     8    20    20   101   104     20.007    -19.259    110.273    113.715      0.000
    15         21  (g)                -43    11     0    21    21   105   102     13.479     12.664    -99.828    101.527      0.000
    16          1  (d)                -41    53     0    22    10   106     0      0.000      0.000   2514.544   2514.544      0.000
    17         21  (g)                -42    28    28    11    11   105   103      0.000     -0.000   -154.929    154.929      0.000
    18          1  (d)                -44    12    12    25    25   102     0    -27.705    348.056   1378.467   1422.000      0.330
    19         21  (g)                -44    13    13    26    27   104   103    -16.056   -332.546    872.290    933.667      0.000
    20         21  (g)                -44    14    14    57    57   101   104     19.505    -18.824    110.751    114.020      0.000
    21         21  (g)                -44    15    15    23    24   105   102     13.475     12.667    -99.468    101.173      0.000
    22         21  (g)                -43    16     0    59    59   106   101     10.780     -9.354     97.575     98.613      0.000
    23         21  (g)                -51    21     0    58    58   105   107     24.707     16.459    -93.167     97.782      0.000
    24         21  (g)                -51    21     0    60    60   107   102    -11.393     -1.769      1.711     11.656      0.000
    25          1  (d)                -52    18    18    55    55   102     0    -27.544    346.033   1370.455   1413.735      0.330
    26         21  (g)                -51    19     0    56    56   104   108    -17.396   -332.903    855.567    918.217      0.000
    27         21  (g)                -51    19     0    61    61   108   103      1.340      0.357     16.056     16.116      0.000
    28         21  (g)                -53    54    54    17    17   105   103      0.000     -0.000   -155.595    155.595      0.000
    29         21  (g)                -31    75    75    31    32   110   109      0.000      0.000      2.526      2.526      0.000
    30         21  (g)                -31    76     0    31    32   111   110      0.000      0.000    -14.926     14.926      0.000
    31         21  (g)                -33    29    30    77    77   112   109      1.310     -5.843     -4.268      7.354      0.000
    32         21  (g)                -33    29    30    78    78   111   112     -1.310      5.843     -8.131     10.098      0.000
    33         21  (g)                -31    66    66    35    36   113   114      0.000      0.000     26.747     26.747      0.000
    34         21  (g)                -31    67     0    35    36   115   116      0.000      0.000     -1.641      1.641      0.000
    35         21  (g)                -33    33    34    68    68   113   116     -5.869     -0.821     18.897     19.804      0.000
    36         21  (g)                -33    33    34    69    69   115   114      5.869      0.821      6.209      8.583      0.000
    37         21  (g)                -31   288   288    39    40   118   117      0.000      0.000    181.805    181.805      0.000
    38         21  (g)                -31   289     0    39    40   119   118      0.000      0.000     -0.146      0.146      0.000
    39         21  (g)                -33    37    38   290   290   120   117     -2.310     -4.537    103.883    104.008      0.000
    40         21  (g)                -33    37    38   291   291   119   120      2.310      4.537     77.776     77.943      0.000
    41          1  (d)                -31   121   121    43    44   121     0      0.000      0.000     38.207     38.207      0.000
    42         21  (g)                -31   122     0    43    44   122   123      0.000      0.000     -1.223      1.223      0.000
    43          1  (d)                -33    41    42   123   123   122     0     -2.351      4.406     31.949     32.338      0.330
    44         21  (g)                -33    41    42   124   124   121   123      2.351     -4.406      5.035      7.092      0.000
    45         21  (g)                -31    95    95    47    48   125   124      0.000      0.000      0.845      0.845      0.000
    46         21  (g)                -31    96     0    47    48   127   126      0.000      0.000    -59.421     59.421      0.000
    47         21  (g)                -33    45    46    97    97   127   124     -3.476      3.481     -7.600      9.053      0.000
    48         21  (g)                -33    45    46    98    98   125   126      3.476     -3.481    -50.976     51.213      0.000
    49         21  (g)                -31   110   110    51    52   128   129      0.000      0.000   1340.883   1340.883      0.000
    50         21  (g)                -31   111     0    51    52   129   130      0.000      0.000     -0.041      0.041      0.000
    51         21  (g)                -33    49    50   112   112   128   131      3.792      2.600   1195.656   1195.665      0.000
    52         21  (g)                -33    49    50   113   113   131   130     -3.792     -2.600    145.187    145.260      0.000
    53          1  (d)                -41   263   263    62    16   132     0     -0.000      0.000   2644.255   2644.255      0.000
    54         21  (g)                -42   174   174    28    28   105   103      0.000     -0.000   -155.595    155.595      0.000
    55          1  (d)                -44    25    25   265   265   102     0    -29.258    347.899   1370.593   1414.361      0.330
    56         21  (g)                -44    26    26   160   161   104   108    -18.488   -331.714    856.031    918.240      0.000
    57         21  (g)                -44    20    20   162   162   101   104     19.367    -18.673    110.807    114.026      0.000
    58         21  (g)                -44    23    23    63    64   105   107     24.704     16.462    -93.136     97.753      0.000
    59         21  (g)                -44    22    22   134   134   106   101     10.659     -9.222     97.615     98.627      0.000
    60         21  (g)                -44    24    24    65    65   107   102    -11.401     -1.760      1.708     11.662      0.000
    61         21  (g)                -44    27    27   271   271   108   103      1.321      0.379     16.061     16.120      0.000
    62         21  (g)                -43    53     0   132   133   132   106      3.096     -3.371    128.981    129.062      0.000
    63         21  (g)                -51    58     0   172   173   105   133     16.259      5.538    -49.636     52.524      0.000
    64         21  (g)                -51    58     0   177   177   133   107      8.149     10.879    -43.456     45.532      0.000
    65         21  (g)                -52    60    60   175   176   107   102    -11.105     -1.714      1.664     11.359      0.000
    66         21  (g)                -42   126     0    33    33   113   114     -0.000      0.000     26.747     26.747      0.000
    67         21  (g)                -41   127   127    70    34   134   116      0.000     -0.000    -57.974     57.974      0.000
    68         21  (g)                -44    35    35   128   128   113   116     -5.881      0.405     16.654     17.666      0.000
    69         21  (g)                -44    36    36   129   129   115   114      5.839      4.029      8.175     10.824      0.000
    70         21  (g)                -43    67     0   130   130   134   115      0.042     -4.434    -56.056     56.231      0.000
    71         21  (g)                -31    90     0    73    74   136   135      0.000      0.000      0.179      0.179      0.000
    72         21  (g)                -31    91    91    73    74   135   137      0.000      0.000   -174.102    174.102      0.000
    73         21  (g)                -33    71    72    92    92   138   137      3.713      0.948   -150.314    150.363      0.000
    74         21  (g)                -33    71    72    93    93   136   138     -3.713     -0.948    -23.609     23.918      0.000
    75         21  (g)                -42    80     0    29    29   110   109      0.000     -0.000      2.526      2.526      0.000
    76         21  (g)                -41    81    81    79    30   139   110     -0.000      0.000    -22.471     22.471      0.000
    77         21  (g)                -44    31    31    82    82   112   109      2.044     -6.486     -5.942      9.031      0.000
    78         21  (g)                -44    32    32    83    83   111   112     -0.160      4.835    -11.245     12.241      0.000
    79         21  (g)                -43    76     0    84    84   139   111     -1.883      1.651     -2.758      3.726      0.000
    80         21  (g)                -41   186   186    85    75   110   140      0.000      0.000     12.006     12.006      0.000
    81         21  (g)                -42   171   171    76    76   139   110      0.000      0.000    -22.471     22.471      0.000
    82         21  (g)                -44    77    77   188   188   112   109      3.643     -5.013     -4.145      7.455      0.000
    83         21  (g)                -44    78    78   189   189   111   112      0.356      5.310    -12.724     13.792      0.000
    84         21  (g)                -44    79    79   169   170   139   111     -1.382      2.112     -2.554      3.591      0.000
    85         21  (g)                -43    80     0   191   191   109   140     -2.616     -2.409      8.958      9.638      0.000
    86          2  (u)                -31   745   745    88    89   141     0      0.000      0.000      0.626      0.626      0.000
    87          1  (d)                -31   460   460    88    89   142     0      0.000      0.000   -427.879    427.879      0.000
    88          2  (u)                -33    86    87   458   459   142     0     -0.242     -3.494     -4.383      5.620      0.330
    89          1  (d)                -33    86    87   748   748   141     0      0.242      3.494   -422.870    422.885      0.330
    90         21  (g)                -41   115   115    94    71   136   143      0.000      0.000      8.186      8.186      0.000
    91         21  (g)                -42   116     0    72    72   135   137     -0.000      0.000   -174.102    174.102      0.000
    92         21  (g)                -44    73    73   117   117   138   137      3.358      1.265   -119.799    119.853      0.000
    93         21  (g)                -44    74    74   118   118   136   138     -5.961      1.054    -53.726     54.066      0.000
    94         21  (g)                -43    90     0   119   119   135   143      2.603     -2.319      7.609      8.369      0.000
    95         21  (g)                -42   135     0    45    45   125   124     -0.000      0.000      0.845      0.845      0.000
    96         21  (g)                -41   136   136    99    46   127   144     -0.000      0.000   -731.155    731.155      0.000
    97         21  (g)                -44    47    47   137   137   127   124     -2.993      3.461     -8.277      9.457      0.000
    98         21  (g)                -44    48    48   102   102   125   126      6.441     -3.604    -54.163     54.663      0.000
    99         21  (g)                -43    96     0   100   101   126   144     -3.448      0.144   -667.870    667.879      0.000
   100         21  (g)                -51    99     0   139   139   145   144      0.287     -2.911   -303.942    303.956      0.000
   101         21  (g)                -51    99     0   107   108   126   145     -3.334      2.830   -367.303    367.329      0.000
   102         21  (g)                -52    98    98   109   109   125   126      6.040     -3.380    -50.788     51.258      0.000
   103         21  (g)                -31   210   210   105   106   146   147      0.000      0.000      0.251      0.251      0.000
   104         21  (g)                -31   211     0   105   106   148   149      0.000      0.000   -111.376    111.376      0.000
   105         21  (g)                -33   103   104   212   212   146   149      1.025     -3.002   -100.207    100.257      0.000
   106         21  (g)                -33   103   104   213   213   148   147     -1.025      3.002    -10.918     11.369      0.000
   107         21  (g)                -51   101     0   140   140   150   145     -1.011      4.288   -314.727    314.758      0.000
   108         21  (g)                -51   101     0   141   141   126   150     -1.600     -1.862    -58.653     58.705      0.000
   109         21  (g)                -52   102   102   138   138   125   126      5.317     -2.975    -44.711     45.124      0.000
   110         21  (g)                -42   719   719    49    49   128   129     -0.000     -0.000   1340.883   1340.883      0.000
   111         21  (g)                -41   720   720   114    50   129   151      0.000      0.000     -0.077      0.077      0.000
   112         21  (g)                -44    51    51   155   155   128   131      3.847      2.894   1211.428   1211.438      0.000
   113         21  (g)                -44    52    52   153   154   131   130     -3.339     -0.175     70.952     71.031      0.000
   114         21  (g)                -43   111     0   432   432   130   151     -0.508     -2.719     58.426     58.492      0.000
   115         21  (g)                -42   229   229    90    90   136   143      0.000      0.000      8.186      8.186      0.000
   116          1  (d)                -41   320   320   120    91   135     0     -0.000     -0.000   -724.031    724.031      0.000
   117         21  (g)                -44    92    92   146   147   138   137      1.472      0.791   -120.042    120.053      0.000
   118         21  (g)                -44    93    93   148   148   136   138     -6.809      0.841    -53.777     54.213      0.000
   119         21  (g)                -44    94    94   323   323   135   143      2.597     -2.321      7.578      8.339      0.000
   120          1  (d)                -43   116     0   324   324   137     0      2.741      0.689   -549.604    549.611      0.330
   121          1  (d)                -42   693   693    41    41   121     0      0.000     -0.000     38.207     38.207      0.000
   122         -3  (sbar)             -41   694   694   125    42     0   123     -0.000      0.000    -27.059     27.059      0.000
   123          1  (d)                -44    43    43   145   145   122     0     -2.444      4.821     35.974     36.379      0.330
   124         21  (g)                -44    44    44   696   696   121   123      1.858     -2.220      0.890      3.029      0.000
   125         -3  (sbar)             -43   122     0   143   144     0   122      0.585     -2.601    -25.716     25.859      0.500
   126         -2  (ubar)             -41   342   342   131    66     0   114     -0.000      0.000     73.665     73.665      0.000
   127         21  (g)                -42   373   373    67    67   134   116      0.000     -0.000    -57.974     57.974      0.000
   128         21  (g)                -44    68    68   199   199   113   116     -4.598     -0.710     16.876     17.506      0.000
   129         21  (g)                -44    69    69   340   341   115   114      6.549      3.412      8.084     10.949      0.000
   130         21  (g)                -44    70    70   356   357   134   115      0.049     -4.440    -56.101     56.276      0.000
   131         -2  (ubar)             -43   126     0   197   198     0   113     -2.000      1.738     46.833     46.909      0.330
   132         21  (g)                -51    62     0   272   272   132   152      0.930     -0.090     69.088     69.095      0.000
   133         21  (g)                -51    62     0   274   274   152   106      4.525     -5.323     81.493     81.792      0.000
   134         21  (g)                -52    59    59   269   269   106   101      8.301     -7.182     76.014     76.803      0.000
   135         21  (g)                -41   236     0   142    95   153   124     -0.000     -0.000      0.891      0.891      0.000
   136         21  (g)                -42   237   237    96    96   127   144      0.000      0.000   -731.155    731.155      0.000
   137         21  (g)                -44    97    97   238   238   127   124     -2.755      3.737     -8.060      9.301      0.000
   138         21  (g)                -44   109   109   239   239   125   126      5.400     -2.879    -42.852     43.287      0.000
   139         21  (g)                -44   100   100   165   165   145   144      0.290     -2.908   -288.316    288.330      0.000
   140         21  (g)                -44   107   107   163   164   150   145     -1.005      4.295   -299.923    299.956      0.000
   141         21  (g)                -44   108   108   242   242   126   150     -1.590     -1.850    -55.031     55.085      0.000
   142         21  (g)                -43   135     0   243   243   153   125     -0.340     -0.396    -36.082     36.086      0.000
   143         -3  (sbar)             -51   125     0   209   209     0   154     -1.658     -0.363    -18.187     18.273      0.500
   144         21  (g)                -51   125     0   204   205   154   122      2.223     -2.198     -7.236      7.882      0.000
   145          1  (d)                -52   123   123   206   206   122     0     -2.424      4.781     35.680     36.082      0.330
   146         21  (g)                -51   117     0   321   321   155   137      1.616      2.150   -106.526    106.560      0.000
   147         21  (g)                -51   117     0   325   325   138   155     -1.880     -1.145    -27.229     27.318      0.000
   148         21  (g)                -52   118   118   227   228   136   138     -5.073      0.626    -40.064     40.389      0.000
   149         21  (g)                -31   221     0   151   152   156   157      0.000      0.000     40.089     40.089      0.000
   150         21  (g)                -31   222   222   151   152   157   158      0.000      0.000    -35.120     35.120      0.000
   151         21  (g)                -33   149   150   166   167   156   159     -1.332      2.026     40.010     40.083      0.000
   152         21  (g)                -33   149   150   168   168   159   158      1.332     -2.026    -35.041     35.125      0.000
   153         21  (g)                -51   113     0   430   431   160   130     -3.736     -1.374    116.456    116.524      0.000
   154         21  (g)                -51   113     0   418   419   131   160      1.048      1.688    159.634    159.646      0.000
   155         21  (g)                -52   112   112   420   420   128   131      3.195      2.404   1006.291   1006.299      0.000
   156         21  (g)                -31   230   230   158   159   162   161      0.000      0.000     10.676     10.676      0.000
   157         21  (g)                -31   231     0   158   159   161   163      0.000      0.000   -630.535    630.535      0.000
   158         21  (g)                -33   156   157   217   217   164   163     -0.335     -2.099   -630.427    630.431      0.000
   159         21  (g)                -33   156   157   215   216   162   164      0.335      2.099     10.568     10.780      0.000
   160         21  (g)                -51    56     0   196   196   165   108    -16.361   -320.845    824.732    885.094      0.000
   161         21  (g)                -51    56     0   194   195   104   165     -1.891    -11.096     32.648     34.534      0.000
   162         21  (g)                -52    57    57   267   267   101   104     19.131    -18.445    109.458    112.638      0.000
   163         21  (g)                -51   140     0   241   241   150   166      1.588      2.125   -179.425    179.445      0.000
   164         21  (g)                -51   140     0   244   244   166   145     -2.497      1.204   -216.357    216.375      0.000
   165         21  (g)                -52   139   139   240   240   145   144      0.193     -1.941   -192.457    192.467      0.000
   166         21  (g)                -51   151     0   223   223   156   167      0.674      2.295     36.947     37.025      0.000
   167         21  (g)                -51   151     0   225   225   167   159     -1.993     -0.288      2.730      3.392      0.000
   168         21  (g)                -52   152   152   224   224   159   158      1.319     -2.007    -34.709     34.792      0.000
   169         -1  (dbar)             -51    84     0   190   190     0   111      1.066      1.990     -4.295      4.863      0.330
   170          1  (d)                -51    84     0   192   192   139     0     -2.448      0.123     -6.289      6.758      0.330
   171         21  (g)                -53   187     0    81    81   139   110      0.000      0.000    -30.501     30.501      0.000
   172         -2  (ubar)             -51    63     0   268   268     0   133     16.263      5.651    -55.819     58.415      0.330
   173          2  (u)                -51    63     0   276   276   105     0     -0.003     -0.113     -0.062      0.354      0.330
   174         21  (g)                -53   264     0    54    54   105   103     -0.000     -0.000   -161.841    161.841      0.000
   175         21  (g)                -51    65     0   270   270   168   102     -8.456     -0.552      2.864      8.945      0.000
   176         21  (g)                -51    65     0   277   277   107   168     -2.473     -0.927     -2.140      3.399      0.000
   177         21  (g)                -52    64    64   273   273   133   107      7.973     10.643    -42.516     44.547      0.000
   178         21  (g)                -31   331     0   180   181   170   169      0.000      0.000     55.028     55.028      0.000
   179         21  (g)                -31   332   332   180   181   172   171      0.000      0.000   -187.354    187.354      0.000
   180         21  (g)                -33   178   179   333   333   172   169      1.596     -0.980     55.007     55.039      0.000
   181         21  (g)                -33   178   179   334   334   170   171     -1.596      0.980   -187.333    187.342      0.000
   182         -1  (dbar)             -31   791   791   184   185     0   173      0.000      0.000    112.180    112.180      0.000
   183         21  (g)                -31   361   361   184   185   175   174      0.000      0.000     -0.064      0.064      0.000
   184         -1  (dbar)             -33   182   183   793   793     0   174     -0.942      1.582     15.710     15.821      0.330
   185         21  (g)                -33   182   183   359   360   175   173      0.942     -1.582     96.405     96.423      0.000
   186         21  (g)                -42   397     0    80    80   110   140     -0.000     -0.000     12.006     12.006      0.000
   187         21  (g)                -41   398   398   193   171   176   110      0.000      0.000    -39.562     39.562      0.000
   188         21  (g)                -44    82    82   399   399   112   109      3.763     -4.692     -4.315      7.402      0.000
   189         21  (g)                -44    83    83   400   400   111   112      0.632      6.045    -12.702     14.081      0.000
   190         -1  (dbar)             -44   169   169   401   401     0   111      1.161      2.244     -4.274      4.976      0.330
   191         21  (g)                -44    85    85   402   402   109   140     -2.609     -2.390      8.770      9.456      0.000
   192          1  (d)                -44   170   170   403   403   139     0     -2.312      0.484     -6.373      6.805      0.330
   193         21  (g)                -43   187     0   404   404   176   139     -0.636     -1.691     -8.660      8.847      0.000
   194         21  (g)                -51   161     0   218   219   104   177     -3.722    -29.407     75.123     80.760      0.000
   195         21  (g)                -51   161     0   220   220   177   165     -0.445    -26.324     72.258     76.906      0.000
   196         21  (g)                -52   160   160   266   266   165   108    -14.085   -276.210    709.998    761.963      0.000
   197         -2  (ubar)             -51   131     0   673   673     0   178      0.733      0.233     11.212     11.243      0.330
   198         21  (g)                -51   131     0   472   473   178   113     -4.016      1.308     40.330     40.551      0.000
   199         21  (g)                -52   128   128   377   378   113   116     -3.315     -0.512     12.167     12.621      0.000
   200         -3  (sbar)             -31   797   797   202   203     0   179      0.000      0.000     17.763     17.763      0.000
   201          3  (s)                -31   798   798   202   203   179     0      0.000      0.000     -0.192      0.192      0.000
   202         -3  (sbar)             -33   200   201   799   799     0   180      0.550      1.623     11.040     11.183      0.500
   203          3  (s)                -33   200   201   800   800   180     0     -0.550     -1.623      6.531      6.771      0.500
   204         21  (g)                -51   144     0   207   208   154   181      3.120     -2.482     -4.920      6.333      0.000
   205         21  (g)                -51   144     0   586   586   181   122     -0.931      0.352     -1.807      2.063      0.000
   206          1  (d)                -52   145   145   695   695   122     0     -2.389      4.713     35.172     35.568      0.330
   207         21  (g)                -51   204     0   584   585   182   181      1.965     -2.597     -3.122      4.512      0.000
   208         21  (g)                -51   204     0   700   700   154   182      0.728      0.029     -6.385      6.426      0.000
   209         -3  (sbar)             -52   143   143   697   697     0   154     -1.231     -0.277    -13.600     13.668      0.500
   210         21  (g)                -42   249     0   103   103   146   147      0.000      0.000      0.251      0.251      0.000
   211          1  (d)                -41   250   250   214   104   148     0     -0.000     -0.000   -973.438    973.438      0.000
   212         21  (g)                -44   105   105   251   251   146   149      1.439     -1.573   -103.014    103.036      0.000
   213         21  (g)                -44   106   106   252   252   148   147     -0.979      3.161    -11.215     11.693      0.000
   214          1  (d)                -43   211     0   253   253   149     0     -0.461     -1.588   -858.958    858.960      0.330
   215         21  (g)                -51   159     0   233   233   162   183      1.515      0.678      8.871      9.025      0.000
   216         21  (g)                -51   159     0   234   234   183   164     -1.181      1.419      1.232      2.220      0.000
   217         21  (g)                -52   158   158   232   232   164   163     -0.334     -2.098   -629.962    629.966      0.000
   218         21  (g)                -51   194     0   275   275   104   184     -3.565    -26.380     71.643     76.429      0.000
   219         21  (g)                -51   194     0   279   279   184   177     -0.462    -21.065     52.996     57.031      0.000
   220         21  (g)                -52   195   195   278   278   177   165     -0.140     -8.285     22.743     24.205      0.000
   221         21  (g)                -41   761   761   226   149   185   157     -0.000     -0.000     50.369     50.369      0.000
   222         21  (g)                -42   762   762   150   150   157   158      0.000      0.000    -35.120     35.120      0.000
   223         21  (g)                -44   166   166   295   295   156   167      2.020      2.326     36.991     37.119      0.000
   224         21  (g)                -44   168   168   353   354   159   158      1.321     -2.007    -34.667     34.750      0.000
   225         21  (g)                -44   167   167   293   294   167   159     -1.882     -0.285      2.771      3.362      0.000
   226         21  (g)                -43   221     0   550   550   185   156     -1.459     -0.034     10.153     10.257      0.000
   227         21  (g)                -51   148     0   322   322   186   138     -1.022     -0.402    -18.202     18.235      0.000
   228         21  (g)                -51   148     0   326   326   136   186     -4.050      1.028    -21.810     22.207      0.000
   229         21  (g)                -53   319     0   115   115   136   143      0.000      0.000      8.239      8.239      0.000
   230         21  (g)                -42   771   771   156   156   162   161     -0.000     -0.000     10.676     10.676      0.000
   231         21  (g)                -41   772   772   235   157   187   163      0.000      0.000   -645.572    645.572      0.000
   232         21  (g)                -44   217   217   514   514   164   163     -1.273     -3.020   -631.971    631.979      0.000
   233         21  (g)                -44   215   215   330   330   162   183      1.515      0.678      8.841      8.995      0.000
   234         21  (g)                -44   216   216   328   329   183   164     -1.182      1.419      1.225      2.216      0.000
   235         21  (g)                -43   231     0   776   776   187   161      0.940      0.923    -12.991     13.058      0.000
   236         -2  (ubar)             -41   702   702   245   135     0   124      0.000      0.000      1.884      1.884      0.000
   237         21  (g)                -42   544   544   136   136   127   144      0.000      0.000   -731.155    731.155      0.000
   238         21  (g)                -44   137   137   704   704   127   124     -2.221      4.541     -9.653     10.896      0.000
   239         21  (g)                -44   138   138   246   247   125   126      5.587     -2.597    -43.379     43.815      0.000
   240         21  (g)                -44   165   165   542   543   145   144      0.198     -1.934   -191.013    191.023      0.000
   241         21  (g)                -44   163   163   707   707   150   166      1.597      2.137   -181.229    181.249      0.000
   242         21  (g)                -44   141   141   318   318   126   150     -1.567     -1.815    -53.090     53.144      0.000
   243         21  (g)                -44   142   142   248   248   153   125     -0.339     -0.394    -35.630     35.633      0.000
   244         21  (g)                -44   164   164   710   710   166   145     -2.489      1.216   -215.758    215.776      0.000
   245         -2  (ubar)             -43   236     0   382   382     0   153     -0.766     -1.153      0.481      1.502      0.330
   246         21  (g)                -51   239     0   316   317   188   126      4.975     -1.588    -46.608     46.900      0.000
   247         21  (g)                -51   239     0   345   345   125   188      0.533     -1.101     -5.100      5.245      0.000
   248         21  (g)                -52   243   243   343   344   153   125     -0.259     -0.302    -27.300     27.303      0.000
   249         21  (g)                -41   750   750   254   210   146   189      0.000     -0.000    288.685    288.685      0.000
   250          1  (d)                -42   751   751   211   211   148     0      0.000     -0.000   -973.438    973.438      0.000
   251         21  (g)                -44   212   212   506   507   146   149      1.484     -1.611   -108.494    108.516      0.000
   252         21  (g)                -44   213   213   287   287   148   147     -0.015      2.342     -5.486      5.965      0.000
   253          1  (d)                -44   214   214   508   508   149     0     -0.457     -1.591   -859.205    859.207      0.330
   254         21  (g)                -43   249     0   285   286   147   189     -1.012      0.860    288.433    288.436      0.000
   255         21  (g)                -31   801   801   257   258   190   191      0.000      0.000      0.002      0.002      0.000
   256         21  (g)                -31   802   802   257   258   192   190      0.000      0.000   -888.439    888.439      0.000
   257          1  (d)                -33   255   256   803   803   192     0     -0.380      1.209   -587.899    587.901      0.330
   258         -1  (dbar)             -33   255   256   804   804     0   191      0.380     -1.209   -300.537    300.540      0.330
   259         21  (g)                -31   311     0   261   262   194   193      0.000      0.000      5.697      5.697      0.000
   260         21  (g)                -31   312   312   261   262   196   195      0.000      0.000     -0.441      0.441      0.000
   261         21  (g)                -33   259   260   313   313   196   193      0.353      1.194      0.731      1.444      0.000
   262         21  (g)                -33   259   260   314   314   194   195     -0.353     -1.194      4.526      4.694      0.000
   263          1  (d)                -42   626   626    53    53   132     0     -0.000      0.000   2644.255   2644.255      0.000
   264         -1  (dbar)             -41   529   529   280   174     0   103      0.000     -0.000   -577.005    577.005      0.000
   265          1  (d)                -44    55    55   374   375   102     0    -29.347    348.039   1371.762   1415.529      0.330
   266         21  (g)                -44   196   196   500   501   165   108    -14.191   -276.044    709.145    761.110      0.000
   267         21  (g)                -44   162   162   539   540   101   104     19.125    -18.435    109.360    112.540      0.000
   268         -2  (ubar)             -44   172   172   475   476     0   133     16.029      6.015    -55.834     58.401      0.330
   269         21  (g)                -44   134   134   439   440   106   101      8.299     -7.179     75.974     76.763      0.000
   270         21  (g)                -44   175   175   376   376   168   102     -8.468     -0.533      2.879      8.960      0.000
   271         21  (g)                -44    61    61   502   502   108   103      1.320      0.379     16.060     16.118      0.000
   272         21  (g)                -44   132   132   433   434   132   152      0.930     -0.090     69.086     69.092      0.000
   273         21  (g)                -44   177   177   452   453   133   107      7.795     10.921    -42.498     44.565      0.000
   274         21  (g)                -44   133   133   435   435   152   106      4.524     -5.322     81.467     81.766      0.000
   275         21  (g)                -44   218   218   541   541   104   184     -3.575    -26.365     71.566     76.352      0.000
   276          2  (u)                -44   173   173   496   496   105     0     -0.004     -0.112     -0.062      0.354      0.330
   277         21  (g)                -44   176   176   454   454   107   168     -2.484     -0.909     -2.138      3.401      0.000
   278         21  (g)                -44   220   220   641   641   177   165     -0.143     -8.281     22.717     24.179      0.000
   279         21  (g)                -44   219   219   642   642   184   177     -0.471    -21.053     52.930     56.965      0.000
   280         -1  (dbar)             -43   264     0   494   495     0   105      0.661     -1.033   -415.163    415.165      0.330
   281         21  (g)                -31   813   813   283   284   198   199      0.000      0.000    161.952    161.952      0.000
   282          1  (d)                -31   814   814   283   284   197     0      0.000      0.000     -5.873      5.873      0.000
   283         21  (g)                -33   281   282   815   815   197   199      0.455      1.139    161.881    161.885      0.000
   284          1  (d)                -33   281   282   816   816   198     0     -0.455     -1.139     -5.802      5.939      0.330
   285         21  (g)                -51   254     0   755   755   200   189      0.139      1.270    269.061    269.064      0.000
   286         21  (g)                -51   254     0   421   422   147   200     -1.151     -0.402     19.354     19.392      0.000
   287         21  (g)                -52   252   252   423   423   148   147     -0.015      2.334     -5.467      5.945      0.000
   288         21  (g)                -42   442     0    37    37   118   117      0.000     -0.000    181.805    181.805      0.000
   289         21  (g)                -41   443   443   292    38   119   202     -0.000      0.000     -0.629      0.629      0.000
   290         21  (g)                -44    39    39   304   305   120   117     -2.802     -4.446    108.851    108.978      0.000
   291         21  (g)                -44    40    40   306   306   119   120      1.653      4.658     72.096     72.265      0.000
   292         21  (g)                -43   289     0   446   446   118   202      1.149     -0.213      0.229      1.191      0.000
   293         21  (g)                -51   225     0   355   355   203   159     -1.461     -1.113      4.629      4.980      0.000
   294         21  (g)                -51   225     0   346   347   167   203     -0.195      1.087      2.276      2.530      0.000
   295         21  (g)                -52   223   223   348   348   156   167      1.794      2.066     32.857     32.971      0.000
   296          2  (u)                -31   817   817   298   299   204     0      0.000      0.000      1.873      1.873      0.000
   297         21  (g)                -31   818   818   298   299   205   204      0.000      0.000     -1.557      1.557      0.000
   298          2  (u)                -33   296   297   488   489   206     0      1.074      0.334      1.428      1.847      0.330
   299         21  (g)                -33   296   297   490   490   205   206     -1.074     -0.334     -1.112      1.582      0.000
   300          3  (s)                -31   822   822   302   303   207     0      0.000      0.000      0.216      0.216      0.000
   301         21  (g)                -31   823   823   302   303   208   207      0.000      0.000    -40.474     40.474      0.000
   302          3  (s)                -33   300   301   429   429   209     0     -0.692     -0.876     -1.587      2.004      0.500
   303         21  (g)                -33   300   301   427   428   208   209      0.692      0.876    -38.671     38.687      0.000
   304         21  (g)                -51   290     0   444   444   210   117     -2.180     -2.441     49.820     49.928      0.000
   305         21  (g)                -51   290     0   447   447   120   210     -0.542     -1.778     62.535     62.562      0.000
   306         21  (g)                -52   291   291   445   445   119   120      1.573      4.432     68.592     68.753      0.000
   307         21  (g)                -31   600     0   309   310   212   211      0.000      0.000      3.329      3.329      0.000
   308         21  (g)                -31   601   601   309   310   214   213      0.000      0.000     -1.070      1.070      0.000
   309         21  (g)                -33   307   308   602   602   214   211     -1.105      0.031      2.912      3.114      0.000
   310         21  (g)                -33   307   308   603   603   212   213      1.105     -0.031     -0.653      1.284      0.000
   311         21  (g)                -41   406   406   315   259   194   215      0.000      0.000      8.536      8.536      0.000
   312         21  (g)                -42   407     0   260   260   196   195      0.000      0.000     -0.441      0.441      0.000
   313         21  (g)                -44   261   261   408   408   196   193      0.349      1.082      1.251      1.691      0.000
   314         21  (g)                -44   262   262   409   409   194   195     -0.372     -1.668      6.120      6.354      0.000
   315         21  (g)                -43   311     0   410   410   193   215      0.023      0.586      0.724      0.931      0.000
   316         21  (g)                -51   246     0   563   564   188   216      4.482     -2.284    -43.577     43.867      0.000
   317         21  (g)                -51   246     0   713   713   216   126      0.253      0.417    -11.176     11.187      0.000
   318         21  (g)                -52   242   242   708   708   126   150     -1.326     -1.537    -44.944     44.990      0.000
   319         21  (g)                -41   438   438   327   229   217   143     -0.000      0.000     70.229     70.229      0.000
   320          1  (d)                -42   483   483   116   116   135     0      0.000     -0.000   -724.031    724.031      0.000
   321         21  (g)                -44   146   146   412   413   155   137      1.618      2.150   -106.608    106.642      0.000
   322         21  (g)                -44   227   227   730   730   186   138     -1.020     -0.402    -18.138     18.171      0.000
   323         21  (g)                -44   119   119   436   437   135   143      3.612     -2.434      7.363      8.555      0.000
   324          1  (d)                -44   120   120   551   552   137     0      2.741      0.689   -549.744    549.752      0.330
   325         21  (g)                -44   147   147   414   414   138   155     -1.874     -1.146    -27.116     27.205      0.000
   326         21  (g)                -44   228   228   365   366   136   186     -4.025      1.025    -21.544     21.940      0.000
   327         21  (g)                -43   319     0   367   367   217   136     -1.051      0.118     61.986     61.995      0.000
   328         21  (g)                -51   234     0   512   513   218   164     -1.403      0.576      2.404      2.842      0.000
   329         21  (g)                -51   234     0   777   777   183   218      0.564      0.996      0.822      1.409      0.000
   330         21  (g)                -52   233   233   774   774   162   183      1.172      0.525      6.840      6.959      0.000
   331         21  (g)                -41   383   383   335   178   219   169     -0.000      0.000     56.576     56.576      0.000
   332         21  (g)                -42   384     0   179   179   172   171      0.000     -0.000   -187.354    187.354      0.000
   333         21  (g)                -44   180   180   385   385   172   169      2.608     -1.136     55.040     55.113      0.000
   334         21  (g)                -44   181   181   386   386   170   171     -1.596      0.980   -187.137    187.146      0.000
   335         21  (g)                -43   331     0   387   387   219   170     -1.012      0.155      1.319      1.670      0.000
   336         21  (g)                -31   621     0   338   339   220   221      0.000      0.000     40.223     40.223      0.000
   337         21  (g)                -31   622   622   338   339   222   223      0.000      0.000     -4.566      4.566      0.000
   338         21  (g)                -33   336   337   623   623   220   223     -0.252     -0.991     40.159     40.172      0.000
   339         21  (g)                -33   336   337   624   624   222   221      0.252      0.991     -4.502      4.617      0.000
   340         21  (g)                -51   129     0   358   358   115   224      2.079      0.208      1.673      2.677      0.000
   341         21  (g)                -51   129     0   415   416   224   114      4.470      3.203      7.194      9.055      0.000
   342         -2  (ubar)             -53   668   668   126   126     0   114     -0.000      0.000     74.449     74.449      0.000
   343         21  (g)                -51   248     0   380   381   153   225     -0.653      0.374     -8.958      8.990      0.000
   344         21  (g)                -51   248     0   714   714   225   125      0.680     -1.267    -21.083     21.132      0.000
   345         21  (g)                -52   247   247   565   565   125   188      0.247     -0.509     -2.360      2.427      0.000
   346         21  (g)                -51   294     0   767   767   226   203      0.716      0.310      1.488      1.680      0.000
   347         21  (g)                -51   294     0   768   768   167   226     -0.357      1.416     10.945     11.042      0.000
   348         21  (g)                -52   295   295   548   549   156   167      1.239      1.427     22.700     22.779      0.000
   349          1  (d)                -31   838   838   351   352   227     0      0.000      0.000      0.327      0.327      0.000
   350         -1  (dbar)             -31   839   839   351   352     0   227      0.000      0.000   -495.001    495.001      0.000
   351          1  (d)                -33   349   350   364   364   228     0     -0.794      0.596     -0.510      1.164      0.330
   352         -1  (dbar)             -33   349   350   362   363     0   228      0.794     -0.596   -494.164    494.165      0.330
   353         21  (g)                -51   224     0   764   764   229   158      1.357     -0.525    -24.305     24.348      0.000
   354         21  (g)                -51   224     0   769   769   159   229     -0.047     -1.490    -10.330     10.437      0.000
   355         21  (g)                -52   293   293   765   765   203   159     -1.450     -1.105      4.597      4.945      0.000
   356         21  (g)                -51   130     0   371   372   134   230     -0.162     -1.664     -9.382      9.530      0.000
   357         21  (g)                -51   130     0   505   505   230   115      0.237     -2.774    -46.698     46.781      0.000
   358         21  (g)                -52   340   340   417   417   115   224      2.053      0.205      1.651      2.643      0.000
   359         21  (g)                -51   185     0   572   573   231   173      1.268     -1.174     91.827     91.843      0.000
   360         21  (g)                -51   185     0   574   574   175   231     -0.326     -0.407      4.564      4.594      0.000
   361         21  (g)                -53   792   792   183   183   175   174      0.000     -0.000     -0.078      0.078      0.000
   362         -1  (dbar)             -51   352     0   841   841     0   232      1.182      0.125   -468.398    468.400      0.330
   363         21  (g)                -51   352     0   842   842   232   228     -0.404     -0.709    -25.772     25.785      0.000
   364          1  (d)                -52   351   351   840   840   228     0     -0.778      0.583     -0.503      1.144      0.330
   365         21  (g)                -51   326     0   368   369   233   186     -3.207      0.716    -21.212     21.465      0.000
   366         21  (g)                -51   326     0   370   370   136   233     -0.825      0.310      0.078      0.885      0.000
   367         21  (g)                -52   327   327   560   561   217   136     -1.044      0.117     61.577     61.586      0.000
   368         21  (g)                -51   365     0   734   734   234   186     -1.401      0.428    -14.925     14.997      0.000
   369         21  (g)                -51   365     0   583   583   233   234     -1.898      0.322     -6.278      6.566      0.000
   370         21  (g)                -52   366   366   562   562   136   233     -0.733      0.276      0.069      0.786      0.000
   371         21  (g)                -51   356     0   672   672   235   230      0.039     -0.584     -1.374      1.493      0.000
   372         21  (g)                -51   356     0   677   677   134   235     -0.202     -1.080    -21.230     21.258      0.000
   373         21  (g)                -53   379   379   127   127   134   116      0.000     -0.000    -71.195     71.195      0.000
   374          1  (d)                -51   265     0   628   628   236     0    -26.932    327.843   1289.685   1330.974      0.330
   375         21  (g)                -51   265     0   464   465   102   236     -2.422     20.195     82.080     84.562      0.000
   376         21  (g)                -52   270   270   466   466   168   102     -8.461     -0.532      2.877      8.953      0.000
   377         21  (g)                -51   199     0   474   474   113   237     -2.702     -1.328     10.070     10.511      0.000
   378         21  (g)                -51   199     0   678   678   237   116     -0.612      0.816      1.980      2.227      0.000
   379         21  (g)                -53   669   669   373   373   134   116      0.000     -0.000    -71.313     71.313      0.000
   380         21  (g)                -51   343     0   578   579   238   225      0.527      0.333     -4.417      4.461      0.000
   381         21  (g)                -51   343     0   580   580   153   238     -1.250     -0.066     -4.491      4.662      0.000
   382         -2  (ubar)             -52   245   245   711   711     0   153     -0.696     -1.046      0.431      1.369      0.330
   383         21  (g)                -42   523   523   331   331   219   169     -0.000     -0.000     56.576     56.576      0.000
   384         21  (g)                -41   780   780   388   332   239   171      0.000      0.000   -360.192    360.192      0.000
   385         21  (g)                -44   333   333   426   426   172   169      2.608     -1.136     55.036     55.109      0.000
   386         21  (g)                -44   334   334   557   558   170   171     -1.421      1.860   -187.142    187.156      0.000
   387         21  (g)                -44   335   335   521   522   219   170     -1.012      0.156      1.319      1.670      0.000
   388         21  (g)                -43   384     0   424   425   239   172     -0.175     -0.881   -172.830    172.832      0.000
   389          2  (u)                -31   467     0   391   392   240     0      0.000      0.000     24.615     24.615      0.000
   390         21  (g)                -31   468   468   391   392   241   242      0.000      0.000    -49.635     49.635      0.000
   391          2  (u)                -33   389   390   469   469   241     0     -0.732     -0.477     24.602     24.620      0.330
   392         21  (g)                -33   389   390   470   470   240   242      0.732      0.477    -49.623     49.630      0.000
   393         21  (g)                -31   849   849   395   396   244   243      0.000      0.000    398.782    398.782      0.000
   394         21  (g)                -31   850   850   395   396   245   244      0.000      0.000     -2.765      2.765      0.000
   395         21  (g)                -33   393   394   455   456   246   243     -0.708      0.502    398.714    398.715      0.000
   396         21  (g)                -33   393   394   457   457   245   246      0.708     -0.502     -2.696      2.832      0.000
   397          3  (s)                -41   656   656   405   186   110     0     -0.000     -0.000     31.747     31.747      0.000
   398         21  (g)                -42   657   657   187   187   176   110      0.000      0.000    -39.562     39.562      0.000
   399         21  (g)                -44   188   188   547   547   112   109      3.865     -4.669     -4.400      7.490      0.000
   400         21  (g)                -44   189   189   554   555   111   112      0.677      6.055    -12.759     14.139      0.000
   401         -1  (dbar)             -44   190   190   556   556     0   111      1.184      2.249     -4.326      5.028      0.330
   402         21  (g)                -44   191   191   545   546   109   140     -2.012     -2.256      8.868      9.369      0.000
   403          1  (d)                -44   192   192   662   662   139     0     -2.298      0.488     -6.297      6.729      0.330
   404         21  (g)                -44   193   193   663   663   176   139     -0.630     -1.690     -8.622      8.808      0.000
   405          3  (s)                -43   397     0   664   664   140     0     -0.786     -0.177     19.722     19.745      0.500
   406         21  (g)                -42   805   805   311   311   194   215     -0.000      0.000      8.536      8.536      0.000
   407         21  (g)                -41   589   589   411   312   196   247      0.000     -0.000     -0.669      0.669      0.000
   408         21  (g)                -44   313   313   807   807   196   193      0.548      0.777      0.647      1.150      0.000
   409         21  (g)                -44   314   314   571   571   194   195     -0.266     -1.830      6.254      6.522      0.000
   410         21  (g)                -44   315   315   809   809   193   215      0.117      0.441      0.320      0.558      0.000
   411         21  (g)                -43   407     0   569   570   195   247     -0.400      0.613      0.645      0.975      0.000
   412         21  (g)                -51   321     0   553   553   248   137      0.273      0.405     -4.250      4.278      0.000
   413         21  (g)                -51   321     0   515   516   155   248      1.097      1.594   -105.932    105.950      0.000
   414         21  (g)                -52   325   325   517   517   138   155     -1.627     -0.995    -23.541     23.619      0.000
   415         21  (g)                -51   341     0   533   534   249   114      4.980      3.208      6.363      8.694      0.000
   416         21  (g)                -51   341     0   535   535   224   249      0.825      0.129      1.906      2.081      0.000
   417         21  (g)                -52   358   358   503   504   115   224      0.717      0.072      0.577      0.923      0.000
   418         -2  (ubar)             -51   154     0   724   724     0   160      0.675      0.917     74.546     74.555      0.330
   419          2  (u)                -51   154     0   725   725   131     0      1.306      1.473    378.878    378.884      0.330
   420         21  (g)                -52   155   155   721   721   128   131      2.262      1.702    712.500    712.506      0.000
   421         21  (g)                -51   286     0   461   462   250   200     -1.762     -0.692     17.656     17.757      0.000
   422         21  (g)                -51   286     0   451   451   147   250      0.611      0.333      1.598      1.743      0.000
   423         21  (g)                -52   287   287   449   450   148   147     -0.014      2.291     -5.368      5.837      0.000
   424         21  (g)                -51   388     0   784   784   239   251      0.590     -1.184   -156.663    156.668      0.000
   425         21  (g)                -51   388     0   530   531   251   172     -0.764      0.303    -16.155     16.176      0.000
   426         21  (g)                -52   385   385   532   532   172   169      2.607     -1.135     55.024     55.097      0.000
   427         21  (g)                -51   303     0   825   825   208   252     -0.211      0.145    -27.126     27.127      0.000
   428         21  (g)                -51   303     0   518   519   252   209      0.844      0.658    -11.628     11.677      0.000
   429          3  (s)                -52   302   302   520   520   209     0     -0.634     -0.803     -1.504      1.887      0.500
   430         21  (g)                -51   153     0   722   722   160   253     -2.534     -1.198    104.039    104.076      0.000
   431         21  (g)                -51   153     0   726   726   253   130     -1.325     -0.834     26.566     26.612      0.000
   432         21  (g)                -52   114   114   723   723   130   151     -0.385     -2.060     44.278     44.327      0.000
   433         21  (g)                -51   272     0   635   635   132   254      0.564     -0.231     65.618     65.621      0.000
   434         21  (g)                -51   272     0   645   645   254   152      1.062     -0.677     15.998     16.048      0.000
   435         21  (g)                -52   274   274   441   441   152   106      3.829     -4.503     68.936     69.189      0.000
   436         21  (g)                -51   323     0   481   482   135   255      3.971     -2.046      8.686      9.768      0.000
   437         21  (g)                -51   323     0   739   739   255   143     -0.359     -0.388      1.206      1.317      0.000
   438         21  (g)                -53   727   727   319   319   217   143     -0.000      0.000     72.759     72.759      0.000
   439         21  (g)                -51   269     0   632   632   256   101      7.362     -6.804     67.937     68.672      0.000
   440         21  (g)                -51   269     0   646   646   106   256      1.726     -1.303     22.236     22.341      0.000
   441         21  (g)                -52   435   435   637   637   152   106      3.040     -3.576     54.738     54.939      0.000
   442         21  (g)                -41   684   684   448   288   118   257      0.000      0.000    254.148    254.148      0.000
   443         21  (g)                -42   685   685   289   289   119   202     -0.000     -0.000     -0.629      0.629      0.000
   444         21  (g)                -44   304   304   511   511   210   117     -2.018     -2.297     50.069     50.162      0.000
   445         21  (g)                -44   306   306   577   577   119   120      1.796      4.630     68.917     69.095      0.000
   446         21  (g)                -44   292   292   688   688   118   202      1.151     -0.211      0.233      1.193      0.000
   447         21  (g)                -44   305   305   575   576   120   210     -0.339     -1.597     62.841     62.862      0.000
   448         21  (g)                -43   442     0   509   510   117   257     -0.590     -0.525     71.459     71.463      0.000
   449         21  (g)                -51   423     0   753   753   148   258     -0.300      2.217     -5.226      5.685      0.000
   450         21  (g)                -51   423     0   758   758   258   147      0.374      0.122      0.089      0.404      0.000
   451         21  (g)                -52   422   422   463   463   147   250      0.522      0.285      1.368      1.491      0.000
   452         21  (g)                -51   273     0   477   477   133   259      3.827      5.695    -19.275     20.460      0.000
   453         21  (g)                -51   273     0   491   492   259   107      3.934      5.214    -23.251     24.151      0.000
   454         21  (g)                -52   277   277   493   493   107   168     -2.451     -0.897     -2.109      3.356      0.000
   455         21  (g)                -51   395     0   851   851   260   243     -0.439      1.062    228.886    228.889      0.000
   456         21  (g)                -51   395     0   497   498   246   260     -0.268     -0.560    169.826    169.827      0.000
   457         21  (g)                -52   396   396   499   499   245   246      0.707     -0.502     -2.694      2.831      0.000
   458          2  (u)                -51    88     0   747   747   261     0      0.465     -3.212     -4.791      5.796      0.330
   459         21  (g)                -51    88     0   749   749   142   261     -0.707     -0.282     -1.134      1.366      0.000
   460          1  (d)                -53   746   746    87    87   142     0     -0.000      0.000   -429.420    429.420      0.000
   461         21  (g)                -51   421     0   756   756   262   200     -1.644     -0.870     17.329     17.428      0.000
   462         21  (g)                -51   421     0   759   759   250   262      0.098      0.295      0.890      0.943      0.000
   463         21  (g)                -52   451   451   757   757   147   250      0.307      0.168      0.804      0.877      0.000
   464         21  (g)                -51   375     0   644   644   263   236     -2.895     18.960     75.559     77.956      0.000
   465         21  (g)                -51   375     0   478   479   102   263      0.416      1.232      6.540      6.668      0.000
   466         21  (g)                -52   376   376   480   480   168   102     -8.403     -0.529      2.857      8.891      0.000
   467          2  (u)                -41   843   843   471   389   264     0      0.000      0.000     46.865     46.865      0.000
   468         21  (g)                -42   844   844   390   390   241   242     -0.000     -0.000    -49.635     49.635      0.000
   469          2  (u)                -44   391   391   845   845   241     0     -1.489     -0.555     24.591     24.644      0.330
   470         21  (g)                -44   392   392   526   526   240   242      0.731      0.477    -49.598     49.606      0.000
   471         21  (g)                -43   467     0   524   525   264   240      0.758      0.078     22.237     22.250      0.000
   472         21  (g)                -51   198     0   674   674   178   265     -2.605      1.508     26.742     26.911      0.000
   473         21  (g)                -51   198     0   568   568   265   113     -1.755     -0.370     14.872     14.979      0.000
   474         21  (g)                -52   377   377   566   567   113   237     -2.358     -1.159      8.787      9.171      0.000
   475         -2  (ubar)             -51   268     0   631   631     0   266      5.818      1.563    -20.401     21.274      0.330
   476         21  (g)                -51   268     0   649   649   266   133     10.402      4.736    -36.393     38.146      0.000
   477         21  (g)                -52   452   452   636   636   133   259      3.636      5.412    -18.315     19.441      0.000
   478         21  (g)                -51   465     0   648   648   267   263     -0.340      1.419      5.382      5.576      0.000
   479         21  (g)                -51   465     0   650   650   102   267      0.505     -0.204      1.244      1.357      0.000
   480         21  (g)                -52   466   466   633   633   168   102     -8.152     -0.513      2.772      8.626      0.000
   481         21  (g)                -51   436     0   731   731   268   255      4.309     -1.473      8.041      9.241      0.000
   482         21  (g)                -51   436     0   740   740   135   268     -0.338     -0.573      0.398      0.775      0.000
   483          1  (d)                -53   728   728   320   320   135     0      0.000     -0.000   -724.279    724.279      0.000
   484         21  (g)                -31   855   855   486   487   270   269      0.000      0.000      0.014      0.014      0.000
   485         21  (g)                -31   856   856   486   487   272   271      0.000      0.000    -39.475     39.475      0.000
   486         21  (g)                -33   484   485   857   857   272   269      0.734     -0.035    -21.120     21.133      0.000
   487         21  (g)                -33   484   485   858   858   270   271     -0.734      0.035    -18.341     18.356      0.000
   488          2  (u)                -51   298     0   819   819   273     0      1.159     -0.125      0.550      1.331      0.330
   489         21  (g)                -51   298     0   821   821   206   273     -0.293      0.394      0.661      0.824      0.000
   490         21  (g)                -52   299   299   820   820   205   206     -0.866     -0.269     -0.896      1.275      0.000
   491         21  (g)                -51   453     0   647   647   259   274      3.105      5.024    -19.452     20.329      0.000
   492         21  (g)                -51   453     0   651   651   274   107      0.733      0.154     -3.882      3.953      0.000
   493         21  (g)                -52   454   454   640   640   107   168     -2.355     -0.862     -2.027      3.224      0.000
   494         -1  (dbar)             -51   280     0   643   643     0   275     -0.330     -0.162   -191.476    191.476      0.330
   495         21  (g)                -51   280     0   652   652   275   105      0.991     -0.872   -223.685    223.689      0.000
   496          2  (u)                -52   276   276   639   639   105     0     -0.004     -0.111     -0.065      0.354      0.330
   497         21  (g)                -51   456     0   853   853   276   260      0.420     -0.415    162.093    162.094      0.000
   498         21  (g)                -51   456     0   854   854   246   276     -0.684     -0.148      7.718      7.749      0.000
   499         21  (g)                -52   457   457   852   852   245   246      0.703     -0.499     -2.679      2.814      0.000
   500         21  (g)                -51   266     0   629   629   165   277     -9.880   -194.969    502.797    539.366      0.000
   501         21  (g)                -51   266     0   653   653   277   108     -4.310    -81.075    206.368    221.764      0.000
   502         21  (g)                -52   271   271   527   528   108   103      1.319      0.378     16.040     16.098      0.000
   503         21  (g)                -51   417     0   671   671   278   224      0.908     -0.466     -0.277      1.058      0.000
   504         21  (g)                -51   417     0   681   681   115   278     -0.188      0.497      0.165      0.556      0.000
   505         21  (g)                -52   357   357   676   676   230   115      0.234     -2.733    -46.008     46.090      0.000
   506         21  (g)                -51   251     0   752   752   146   279      1.196     -1.564    -88.665     88.687      0.000
   507         21  (g)                -51   251     0   760   760   279   149      0.226     -0.255   -132.913    132.914      0.000
   508          1  (d)                -52   253   253   754   754   149     0     -0.396     -1.383   -746.121    746.122      0.330
   509         21  (g)                -51   448     0   690   690   281   257     -1.131     -1.284     69.556     69.577      0.000
   510         21  (g)                -51   448     0   691   691   117   281      0.109      0.267     12.621     12.624      0.000
   511         21  (g)                -52   444   444   686   686   210   117     -1.586     -1.805     39.351     39.424      0.000
   512         21  (g)                -51   328     0   775   775   218   282     -0.739      0.678      2.471      2.667      0.000
   513         21  (g)                -51   328     0   778   778   282   164     -0.668     -0.111     -2.075      2.183      0.000
   514         21  (g)                -52   232   232   773   773   164   163     -1.269     -3.010   -629.963    629.972      0.000
   515         21  (g)                -51   413     0   738   738   283   248      1.058      1.808    -94.502     94.526      0.000
   516         21  (g)                -51   413     0   741   741   155   283     -0.197     -0.358    -14.842     14.847      0.000
   517         21  (g)                -52   414   414   733   733   138   155     -1.391     -0.851    -20.130     20.196      0.000
   518         21  (g)                -51   428     0   826   826   252   284      0.539      1.022     -7.768      7.853      0.000
   519         21  (g)                -51   428     0   827   827   284   209      0.174     -0.528     -4.041      4.079      0.000
   520          3  (s)                -52   429   429   824   824   209     0     -0.502     -0.639     -1.324      1.632      0.500
   521         21  (g)                -51   387     0   559   559   285   170     -1.085      0.623      2.239      2.565      0.000
   522         21  (g)                -51   387     0   786   786   219   285      0.073     -0.466      4.450      4.475      0.000
   523         21  (g)                -53   779   779   383   383   219   169     -0.000     -0.000     61.946     61.946      0.000
   524         21  (g)                -51   471     0   847   847   264   286      1.162      0.024     22.128     22.159      0.000
   525         21  (g)                -51   471     0   848   848   286   240     -0.398      0.058     -0.302      0.503      0.000
   526         21  (g)                -52   470   470   846   846   240   242      0.725      0.473    -49.187     49.195      0.000
   527         21  (g)                -51   502     0   634   634   108   287      1.177     -0.355     13.563     13.619      0.000
   528         21  (g)                -51   502     0   654   654   287   103      0.142      0.734      2.421      2.534      0.000
   529         -1  (dbar)             -53   627   627   264   264     0   103      0.000     -0.000   -577.060    577.060      0.000
   530         21  (g)                -51   425     0   785   785   251   288     -0.039     -0.134    -12.754     12.755      0.000
   531         21  (g)                -51   425     0   536   537   288   172     -0.723      0.436     -3.359      3.463      0.000
   532         21  (g)                -52   426   426   538   538   172   169      2.605     -1.134     54.982     55.055      0.000
   533         21  (g)                -51   415     0   675   675   289   114      0.246      0.589      0.632      0.898      0.000
   534         21  (g)                -51   415     0   682   682   249   289      5.262      2.701      6.950      9.126      0.000
   535         21  (g)                -52   416   416   679   679   224   249      0.298      0.046      0.688      0.751      0.000
   536         21  (g)                -51   531     0   787   787   288   291     -0.329      0.803     -0.945      1.283      0.000
   537         21  (g)                -51   531     0   590   591   291   172     -0.387     -0.370     -2.266      2.329      0.000
   538         21  (g)                -52   532   532   592   592   172   169      2.598     -1.131     54.834     54.907      0.000
   539         21  (g)                -51   267     0   630   630   101   292     18.543    -17.696    107.270    110.290      0.000
   540         21  (g)                -51   267     0   655   655   292   104      0.511     -1.261      3.506      3.761      0.000
   541         21  (g)                -52   275   275   638   638   104   184     -3.504    -25.843     70.150     74.841      0.000
   542         21  (g)                -51   240     0   706   706   145   293     -0.374     -1.210   -104.545    104.553      0.000
   543         21  (g)                -51   240     0   716   716   293   144      0.572     -0.724   -191.501    191.503      0.000
   544         21  (g)                -53   703   703   237   237   127   144      0.000      0.000   -836.187    836.187      0.000
   545         21  (g)                -51   402     0   661   661   294   140     -0.870     -0.597      4.816      4.931      0.000
   546         21  (g)                -51   402     0   597   598   109   294     -1.111     -1.696      4.016      4.499      0.000
   547         21  (g)                -52   399   399   599   599   112   109      3.833     -4.631     -4.365      7.429      0.000
   548         21  (g)                -51   348     0   763   763   295   167      0.212     -0.182      1.074      1.109      0.000
   549         21  (g)                -51   348     0   770   770   156   295      0.718      1.602     23.775     23.840      0.000
   550         21  (g)                -52   226   226   766   766   185   156     -1.150     -0.027      8.005      8.087      0.000
   551          1  (d)                -51   324     0   732   732   296     0      2.115     -0.096   -376.398    376.404      0.330
   552         21  (g)                -51   324     0   742   742   137   296      0.644      0.812   -173.624    173.627      0.000
   553         21  (g)                -52   412   412   729   729   248   137      0.256      0.378     -3.973      3.999      0.000
   554         21  (g)                -51   400     0   659   659   297   112     -0.103      0.334     -1.368      1.412      0.000
   555         21  (g)                -51   400     0   666   666   111   297      1.446      6.607    -13.008     14.661      0.000
   556         -1  (dbar)             -52   401   401   660   660     0   111      0.518      1.363     -2.709      3.094      0.330
   557         21  (g)                -51   386     0   782   782   298   171     -1.425      1.181   -104.648    104.664      0.000
   558         21  (g)                -51   386     0   789   789   170   298      0.003      0.680    -82.492     82.494      0.000
   559         21  (g)                -52   521   521   783   783   285   170     -1.084      0.622      2.237      2.563      0.000
   560         21  (g)                -51   367     0   735   735   217   299     -1.501      0.258     56.727     56.748      0.000
   561         21  (g)                -51   367     0   743   743   299   136      0.424     -0.128      4.852      4.872      0.000
   562         21  (g)                -52   370   370   581   582   136   233     -0.701      0.263      0.066      0.752      0.000
   563         21  (g)                -51   316     0   705   705   300   216      3.598     -2.414    -32.772     33.057      0.000
   564         21  (g)                -51   316     0   717   717   188   300      1.034     -0.180    -12.243     12.288      0.000
   565         21  (g)                -52   345   345   712   712   125   188      0.096     -0.199     -0.923      0.949      0.000
   566         21  (g)                -51   474     0   670   670   301   237     -0.579     -0.868      4.454      4.574      0.000
   567         21  (g)                -51   474     0   683   683   113   301     -2.437     -0.430      9.910     10.214      0.000
   568         21  (g)                -52   473   473   680   680   265   113     -1.097     -0.231      9.295      9.362      0.000
   569         21  (g)                -51   411     0   587   588   302   247     -0.684      0.508      1.946      2.124      0.000
   570         21  (g)                -51   411     0   811   811   195   302      0.216     -0.362      0.294      0.514      0.000
   571         21  (g)                -52   409   409   808   808   194   195     -0.198     -1.364      4.659      4.859      0.000
   572         21  (g)                -51   359     0   794   794   303   173      0.735     -0.396     68.770     68.775      0.000
   573         21  (g)                -51   359     0   796   796   231   303      0.431     -0.905     24.488     24.509      0.000
   574         21  (g)                -52   360   360   795   795   175   231     -0.224     -0.280      3.133      3.153      0.000
   575         21  (g)                -51   447     0   689   689   304   210      0.399     -0.985     45.822     45.834      0.000
   576         21  (g)                -51   447     0   692   692   120   304     -0.667     -0.430     19.737     19.753      0.000
   577         21  (g)                -52   445   445   687   687   119   120      1.725      4.448     66.199     66.370      0.000
   578         21  (g)                -51   380     0   709   709   305   225     -0.489      0.454     -5.447      5.487      0.000
   579         21  (g)                -51   380     0   718   718   238   305      0.418     -0.152     -1.120      1.205      0.000
   580         21  (g)                -52   381   381   715   715   153   238     -0.652     -0.034     -2.341      2.430      0.000
   581         21  (g)                -51   562     0   736   736   136   306     -1.084     -0.181     -0.449      1.187      0.000
   582         21  (g)                -51   562     0   744   744   306   233     -0.033      0.515     -0.861      1.004      0.000
   583         21  (g)                -52   369   369   737   737   233   234     -1.482      0.252     -4.902      5.128      0.000
   584         21  (g)                -51   207     0   698   698   182   307      1.969     -2.487     -3.495      4.719      0.000
   585         21  (g)                -51   207     0   701   701   307   181     -0.183     -0.042      0.025      0.189      0.000
   586         21  (g)                -52   205   205   699   699   181   122     -0.752      0.284     -1.459      1.666      0.000
   587         21  (g)                -51   569     0   810   810   302   308     -0.671      0.872      1.628      1.965      0.000
   588         21  (g)                -51   569     0   812   812   308   247     -0.013     -0.364      0.099      0.377      0.000
   589         21  (g)                -53   806   806   407   407   196   247      0.000     -0.000     -0.888      0.888      0.000
   590         21  (g)                -51   537     0   788   788   291   309     -0.448     -0.914     -2.041      2.281      0.000
   591         21  (g)                -51   537     0   790   790   309   172      0.090      0.531      0.392      0.666      0.000
   592         21  (g)                -52   538   538   781   781   172   169      2.569     -1.119     54.217     54.289      0.000
   593         -2  (ubar)             -31   859   859   595   596     0   310      0.000      0.000      0.120      0.120      0.000
   594         21  (g)                -31   860   860   595   596   312   311      0.000      0.000    -13.353     13.353      0.000
   595         -2  (ubar)             -33   593   594   861   861     0   311      0.019     -0.601     -0.936      1.160      0.330
   596         21  (g)                -33   593   594   862   862   312   310     -0.019      0.601    -12.298     12.312      0.000
   597         21  (g)                -51   546     0   665   665   313   294     -0.861     -0.680      0.982      1.472      0.000
   598         21  (g)                -51   546     0   667   667   109   313     -0.182     -1.099      2.957      3.159      0.000
   599         21  (g)                -52   547   547   658   658   112   109      3.765     -4.549     -4.287      7.297      0.000
   600          2  (u)                -41   828   828   604   307   212     0     -0.000     -0.000     77.859     77.859      0.000
   601         21  (g)                -42   829   829   308   308   214   213     -0.000     -0.000     -1.070      1.070      0.000
   602         21  (g)                -44   309   309   830   830   214   211     -1.112     -0.407      2.951      3.180      0.000
   603         21  (g)                -44   310   310   831   831   212   213      1.104     -0.077     -0.633      1.275      0.000
   604          2  (u)                -43   600     0   832   832   211     0      0.008      0.483     74.471     74.474      0.330
   605         21  (g)                -31   863   863   607   608   315   314      0.000      0.000      0.009      0.009      0.000
   606          2  (u)                -31   864   864   607   608   314     0      0.000      0.000   -214.474    214.474      0.000
   607         21  (g)                -33   605   606   865   865   315   316     -0.345     -0.325     -6.297      6.315      0.000
   608          2  (u)                -33   605   606   866   866   316     0      0.345      0.325   -208.167    208.168      0.330
   609         21  (g)                -31   867   867   611   612   317   318      0.000      0.000     36.139     36.139      0.000
   610         21  (g)                -31   868   868   611   612   318   319      0.000      0.000     -0.007      0.007      0.000
   611         21  (g)                -33   609   610   869   869   317   320     -0.380      0.062     29.242     29.244      0.000
   612         21  (g)                -33   609   610   870   870   320   319      0.380     -0.062      6.891      6.901      0.000
   613         21  (g)                -31   871   871   615   616   322   323      0.000      0.000     70.702     70.702      0.000
   614          2  (u)                -31   872   872   615   616   321     0      0.000      0.000     -0.149      0.149      0.000
   615         21  (g)                -33   613   614   873   873   321   323      0.279     -0.217     70.309     70.310      0.000
   616          2  (u)                -33   613   614   874   874   322     0     -0.279      0.217      0.244      0.542      0.330
   617         21  (g)                -31   875   875   619   620   325   324      0.000      0.000      2.315      2.315      0.000
   618         21  (g)                -31   876   876   619   620   327   326      0.000      0.000    -27.771     27.771      0.000
   619         21  (g)                -33   617   618   877   877   327   324     -0.312     -0.008      2.303      2.324      0.000
   620         21  (g)                -33   617   618   878   878   325   326      0.312      0.008    -27.760     27.761      0.000
   621         21  (g)                -41   833   833   625   336   328   221      0.000      0.000    243.716    243.716      0.000
   622         21  (g)                -42   834   834   337   337   222   223      0.000     -0.000     -4.566      4.566      0.000
   623         21  (g)                -44   338   338   835   835   220   223     -0.415     -0.792     40.165     40.175      0.000
   624         21  (g)                -44   339   339   836   836   222   221      0.252      0.992     -4.504      4.618      0.000
   625         21  (g)                -43   621     0   837   837   328   220      0.163     -0.199    203.488    203.489      0.000
   626          1  (d)                -61     1     0   263   263   132     0      2.202     -2.215   2644.255   2644.257      0.000
   627         -1  (dbar)             -61     2     0   529   529     0   103     -0.979      0.485   -577.059    577.060      0.000
   628          1  (d)                -62   374   374  1281  1281   236     0    -25.876    326.763   1289.994   1330.987      0.330
   629         21  (g)                -62   500   500  1145  1145   165   277     -9.477   -195.390    502.646    539.370      0.000
   630         21  (g)                -62   539   539  1150  1150   101   292     18.631    -17.786    107.232    110.282      0.000
   631         -2  (ubar)             -62   475   475  1293  1293     0   266      5.783      1.580    -20.407     21.272      0.330
   632         21  (g)                -62   439   439  1151  1151   256   101      7.418     -6.861     67.922     68.669      0.000
   633         21  (g)                -62   480   480  1286  1286   168   313     -8.152     -0.515      2.782      8.629      0.000
   634         21  (g)                -62   527   527  1139  1139   108   287      1.188     -0.367     13.562     13.618      0.000
   635         21  (g)                -62   433   433  1155  1155   132   254      0.619     -0.286     65.617     65.621      0.000
   636         21  (g)                -62   477   477  1290  1290   133   259      3.605      5.427    -18.315     19.439      0.000
   637         21  (g)                -62   441   441  1153  1153   152   106      3.086     -3.622     54.731     54.938      0.000
   638         21  (g)                -62   541   541   931     0   104   184     -3.448    -25.902     70.133     74.842      0.000
   639          2  (u)                -62   496   496  1078  1078   105     0     -0.005     -0.111     -0.065      0.354      0.330
   640         21  (g)                -62   493   493  1287  1287   107   168     -2.359     -0.860     -2.025      3.226      0.000
   641         21  (g)                -62   278   278  1146  1146   177   165     -0.125     -8.300     22.710     24.179      0.000
   642         21  (g)                -62   279   279  1147  1147   184   177     -0.428    -21.097     52.913     56.965      0.000
   643         -1  (dbar)             -62   494   494  1085  1085     0   275     -0.655     -0.001   -191.475    191.477      0.330
   644         21  (g)                -62   464   464   934     0   263   236     -2.833     18.897     75.579     77.957      0.000
   645         21  (g)                -62   434   434  1154  1154   254   152      1.075     -0.690     15.997     16.047      0.000
   646         21  (g)                -62   440   440  1152  1152   106   256      1.744     -1.322     22.232     22.340      0.000
   647         21  (g)                -62   491   491  1289  1289   259   274      3.072      5.041    -19.452     20.328      0.000
   648         21  (g)                -62   478   478   934     0   267   263     -0.336      1.415      5.383      5.576      0.000
   649         21  (g)                -62   476   476  1292  1292   266   111     10.340      4.767    -36.402     38.141      0.000
   650         21  (g)                -62   479   479   933     0   102   224      0.506     -0.205      1.243      1.357      0.000
   651         21  (g)                -62   492   492  1288  1288   274   107      0.726      0.157     -3.882      3.953      0.000
   652         21  (g)                -62   495   495  1084  1084   275   230      0.611     -0.684   -223.686    223.688      0.000
   653         21  (g)                -62   501   501  1144  1144   277   301     -4.145    -81.248    206.305    221.766      0.000
   654         21  (g)                -62   528   528  1138  1138   287   289      0.144      0.732      2.422      2.534      0.000
   655         21  (g)                -62   540   540  1149  1149   292   109      0.514     -1.264      3.504      3.760      0.000
   656          3  (s)                -61     1     0   397   397   110     0      0.330      0.322     31.745     31.749      0.000
   657         21  (g)                -61     2     0   398   398   140   110      1.097      0.141    -39.561     39.577      0.000
   658         21  (g)                -62   599   599  1080  1080   112   278      3.941     -4.513     -4.239      7.340      0.000
   659         21  (g)                -62   554   554   923     0   297   134     -0.064      0.339     -1.370      1.413      0.000
   660         -1  (dbar)             -62   556   556   923     0     0   297      0.601      1.375     -2.709      3.115      0.330
   661         21  (g)                -62   545   545   932     0   294   113     -0.818     -0.547      4.810      4.910      0.000
   662          1  (d)                -62   403   403  1134  1134   139     0     -2.116      0.513     -6.319      6.691      0.330
   663         21  (g)                -62   404   404  1082  1082   176   235     -0.387     -1.658     -8.622      8.788      0.000
   664          3  (s)                -62   405   405  1035  1035   140     0     -0.581      0.023     19.715     19.729      0.500
   665         21  (g)                -62   597   597  1285  1285   313   102     -0.841     -0.667      0.976      1.451      0.000
   666         21  (g)                -62   555   555  1291  1291   111   133      1.839      6.665    -13.017     14.739      0.000
   667         21  (g)                -62   598   598   931     0   109   104     -0.147     -1.068      2.958      3.149      0.000
   668         -2  (ubar)             -61     1     0   342   342     0   114     -0.647     -1.774     74.406     74.430      0.000
   669         21  (g)                -61     2     0   379   379   114   116     -0.369      3.184    -71.270     71.342      0.000
   670         21  (g)                -62   566   566   932     0   301   294     -0.619     -0.972      4.421      4.568      0.000
   671         21  (g)                -62   503   503  1079  1079   278   105      0.901     -0.445     -0.291      1.047      0.000
   672         21  (g)                -62   371   371  1081  1081   235   112      0.031     -0.521     -1.393      1.487      0.000
   673         -2  (ubar)             -62   197   197   972   972     0   116      0.635     -0.034     11.214     11.237      0.330
   674         21  (g)                -62   472   472  1140  1140   178   108     -2.839      0.872     26.774     26.938      0.000
   675         21  (g)                -62   533   533  1137  1137   289   249      0.239      0.577      0.652      0.903      0.000
   676         21  (g)                -62   505   505  1083  1083   230   176     -0.005     -0.676    -46.074     46.079      0.000
   677         21  (g)                -62   372   372  1213  1213   134   103     -0.312     -0.132    -21.255     21.257      0.000
   678         21  (g)                -62   378   378  1283  1283   237   267     -0.631      0.771      2.006      2.239      0.000
   679         21  (g)                -62   535   535   933     0   224   237      0.291      0.031      0.689      0.749      0.000
   680         21  (g)                -62   568   568  1141  1141   265   178     -1.178     -0.452      9.280      9.365      0.000
   681         21  (g)                -62   504   504  1135  1135   115   139     -0.192      0.497      0.181      0.562      0.000
   682         21  (g)                -62   534   534  1136  1136   249   115      5.186      2.556      7.048      9.116      0.000
   683         21  (g)                -62   567   567  1142  1142   113   265     -2.525     -0.662      9.885     10.224      0.000
   684         21  (g)                -61     1     0   442   442   103   204      1.195     -0.427    254.537    254.540      0.000
   685         21  (g)                -61     2     0   443   443   204   140      2.273     -0.768      1.638      2.905      0.000
   686         21  (g)                -62   511   511   917     0   210   253     -1.276     -1.913     37.785     37.855      0.000
   687         21  (g)                -62   577   577  1367  1367   119   156      2.349      4.231     67.012     67.186      0.000
   688         21  (g)                -62   446   446  1036  1036   118   140      2.900     -0.802      4.165      5.138      0.000
   689         21  (g)                -62   575   575   919     0   304   231      0.643     -1.072     47.230     47.247      0.000
   690         21  (g)                -62   509   509   903     0   281   220     -0.771     -1.411     68.446     68.465      0.000
   691         21  (g)                -62   510   510   901     0   117   197      0.174      0.244     12.680     12.683      0.000
   692         21  (g)                -62   576   576   915     0   120   304     -0.550     -0.471     18.857     18.871      0.000
   693          1  (d)                -61     1     0   121   121   123     0     -0.453     -0.340     38.166     38.171      0.000
   694         -3  (sbar)             -61     2     0   122   122     0   123     -0.408      2.650    -27.011     27.144      0.000
   695          1  (d)                -62   206   206  1011  1011   122     0     -2.813      4.417     35.390     35.777      0.330
   696         21  (g)                -62   124   124   910     0   121   308      1.820     -2.132      0.768      2.906      0.000
   697         -3  (sbar)             -62   209   209  1012  1012     0   122     -1.437      1.058    -13.589     13.715      0.500
   698         21  (g)                -62   584   584  1348  1348   182   238      1.900     -2.090     -3.624      4.594      0.000
   699         21  (g)                -62   586   586  1379  1379   181   142     -0.777      0.436     -1.440      1.694      0.000
   700         21  (g)                -62   208   208   907     0   154   252      0.632      0.656     -6.373      6.438      0.000
   701         21  (g)                -62   585   585   899     0   307   205     -0.185     -0.035      0.023      0.190      0.000
   702         -2  (ubar)             -61     1     0   236   236     0   103      0.631      0.124      1.828      1.938      0.000
   703         21  (g)                -61     2     0   544   544   103   114      1.502     -1.903   -836.642    836.646      0.000
   704         21  (g)                -62   238   238  1381  1381   127   245     -1.995      4.559     -9.462     10.691      0.000
   705         21  (g)                -62   563   563  1346  1346   300   188      3.706     -2.481    -33.311     33.608      0.000
   706         21  (g)                -62   542   542   916     0   145   146     -0.185     -1.448   -104.498    104.508      0.000
   707         21  (g)                -62   241   241  1391  1391   150   283      1.926      1.725   -181.667    181.685      0.000
   708         21  (g)                -62   318   318  1339  1339   126   155     -1.238     -1.637    -44.696     44.743      0.000
   709         21  (g)                -62   578   578   920     0   305   234     -0.473      0.443     -5.384      5.423      0.000
   710         21  (g)                -62   244   244  1336  1336   166   251     -2.099      0.726   -215.503    215.514      0.000
   711         -2  (ubar)             -62   382   382   940   940     0   114     -0.394     -0.988      0.556      1.244      0.330
   712         21  (g)                -62   565   565   905     0   125   300      0.102     -0.200     -0.933      0.959      0.000
   713         21  (g)                -62   317   317   913     0   216   240      0.275      0.392    -11.239     11.249      0.000
   714         21  (g)                -62   344   344  1344  1344   225   315      0.726     -1.314    -21.165     21.218      0.000
   715         21  (g)                -62   580   580   894     0   153   233     -0.633     -0.036     -2.234      2.322      0.000
   716         21  (g)                -62   543   543  1332  1332   293   239      0.916     -1.160   -191.675    191.681      0.000
   717         21  (g)                -62   564   564  1345  1345   188   225      1.063     -0.207    -12.417     12.464      0.000
   718         21  (g)                -62   579   579   905     0   238   125      0.434     -0.152     -1.187      1.273      0.000
   719         21  (g)                -61     1     0   110   110   151   151     -1.547     -0.909   1340.235   1340.236      0.000
   720         21  (g)                -61     2     0   111   111   129   129      1.018     -0.418      3.888      4.040      0.000
   721         21  (g)                -62   420   420  1212  1212   103   260      1.466      1.197    722.748    722.751      0.000
   722         21  (g)                -62   430   430   915     0   160   120     -2.388     -1.362     91.346     91.388      0.000
   723         21  (g)                -62   432   432  1362  1362   130   210     -0.111     -2.227     48.546     48.597      0.000
   724         -2  (ubar)             -62   418   418  1049  1049     0   303      0.649      0.840     76.765     76.773      0.330
   725          2  (u)                -62   419   419   922     0   131     0      0.898      1.199    383.533    383.536      0.330
   726         21  (g)                -62   431   431   917     0   253   175     -1.043     -0.973     21.184     21.232      0.000
   727         21  (g)                -61     1     0   438   438   296   141     -1.884     -1.417     72.742     72.780      0.000
   728          1  (d)                -61     2     0   483   483   141     0     -1.235     -1.312   -724.288    724.291      0.000
   729         21  (g)                -62   553   553   897     0   248   154      0.248      0.371     -3.967      3.992      0.000
   730         21  (g)                -62   322   322   902     0   186   126     -1.052     -0.435    -18.155     18.190      0.000
   731         21  (g)                -62   481   481  1037  1037   268   118      4.084     -1.642      8.078      9.200      0.000
   732          1  (d)                -62   551   551  1233  1233   296     0      1.473     -0.778   -376.378    376.381      0.330
   733         21  (g)                -62   517   517  1341  1341   138   270     -1.427     -0.888    -20.154     20.224      0.000
   734         21  (g)                -62   368   368   920     0   234   282     -1.428      0.400    -14.939     15.012      0.000
   735         21  (g)                -62   560   560  1358  1358   217   117     -2.970     -0.847     56.698     56.782      0.000
   736         21  (g)                -62   581   581   906     0   136   286     -1.095     -0.190     -0.464      1.204      0.000
   737         21  (g)                -62   583   583   912     0   233   222     -1.493      0.240     -4.918      5.145      0.000
   738         21  (g)                -62   515   515  1390  1390   283   216      0.897      1.637    -94.475     94.493      0.000
   739         21  (g)                -62   437   437   898     0   255   203     -0.391     -0.413      1.198      1.326      0.000
   740         21  (g)                -62   482   482  1372  1372   135   194     -0.353     -0.585      0.388      0.786      0.000
   741         21  (g)                -62   516   516   893     0   155   232     -0.222     -0.385    -14.847     14.854      0.000
   742         21  (g)                -62   552   552  1393  1393   137   170      0.348      0.497   -173.611    173.612      0.000
   743         21  (g)                -62   561   561   926     0   299   219      0.298     -0.223      4.855      4.869      0.000
   744         21  (g)                -62   582   582   908     0   306   127     -0.036      0.512     -0.857      0.999      0.000
   745          2  (u)                -61     1     0    86    86   141     0     -0.392      0.477      0.472      0.778      0.000
   746          1  (d)                -61     2     0   460   460   123     0     -1.943     -0.824   -430.377    430.382      0.000
   747          2  (u)                -62   458   458  1258  1258   123     0      0.132     -2.836     -3.550      4.557      0.330
   748          1  (d)                -62    89    89  1117  1117   141     0     -1.681      2.685   -425.078    425.090      0.330
   749         21  (g)                -62   459   459  1378  1378   142   291     -0.786     -0.196     -1.277      1.512      0.000
   750         21  (g)                -61     1     0   249   249   149   110      2.328      3.261    288.674    288.701      0.000
   751          1  (d)                -61     2     0   250   250   110     0      0.710     -0.486   -973.431    973.431      0.000
   752         21  (g)                -62   506   506  1334  1334   146   325      1.261     -1.608    -88.659     88.683      0.000
   753         21  (g)                -62   449   449   908     0   148   306     -0.295      2.217     -5.238      5.695      0.000
   754          1  (d)                -62   508   508  1100  1100   149     0      0.149     -1.755   -746.106    746.108      0.330
   755         21  (g)                -62   285   285  1356  1356   200   321      2.309      4.308    269.042    269.086      0.000
   756         21  (g)                -62   461   461   918     0   262   185     -1.504     -0.673     17.339     17.417      0.000
   757         21  (g)                -62   463   463   925     0   147   226      0.314      0.177      0.802      0.879      0.000
   758         21  (g)                -62   450   450  1351  1351   204   195      0.376      0.125      0.087      0.406      0.000
   759         21  (g)                -62   462   462   924     0   250   196      0.105      0.305      0.888      0.945      0.000
   760         21  (g)                -62   507   507  1330  1330   279   192      0.323     -0.321   -132.912    132.912      0.000
   761         21  (g)                -61     1     0   221   221   158   158      0.407     -1.137     50.339     50.353      0.000
   762         21  (g)                -61     2     0   222   222   157   157     -2.281      0.279    -35.086     35.161      0.000
   763         21  (g)                -62   548   548   930     0   295   183      0.220     -0.207      1.062      1.104      0.000
   764         21  (g)                -62   353   353   895     0   229   145     -0.224     -0.331    -24.338     24.342      0.000
   765         21  (g)                -62   355   355   898     0   203   214     -1.423     -1.212      4.630      4.993      0.000
   766         21  (g)                -62   550   550   914     0   185   246     -1.087     -0.208      8.042      8.118      0.000
   767         21  (g)                -62   346   346   925     0   226   268      0.722      0.276      1.466      1.657      0.000
   768         21  (g)                -62   347   347  1368  1368   167   119     -0.270      1.168     10.973     11.039      0.000
   769         21  (g)                -62   354   354  1342  1342   159   138     -0.721     -1.409    -10.341     10.461      0.000
   770         21  (g)                -62   549   549  1366  1366   156   317      0.909      1.066     23.759     23.800      0.000
   771         21  (g)                -61     1     0   230   230   163   163     -0.748      3.016     10.449     10.901      0.000
   772         21  (g)                -61     2     0   231   231   161   161      2.558     -0.140   -645.479    645.484      0.000
   773         21  (g)                -62   514   514   909     0   164   279      1.226     -3.145   -629.494    629.503      0.000
   774         21  (g)                -62   330   330   924     0   162   250      0.689      2.474      6.663      7.140      0.000
   775         21  (g)                -62   512   512  1042  1042   218   302     -0.918      1.403      2.294      2.841      0.000
   776         21  (g)                -62   235   235   897     0   187   248      0.989      0.929    -13.086     13.156      0.000
   777         21  (g)                -62   329   329  1044  1044   183   309      0.488      1.311      0.678      1.555      0.000
   778         21  (g)                -62   513   513   894     0   282   153     -0.664     -0.097     -2.085      2.190      0.000
   779         21  (g)                -61     1     0   523   523   171   171      0.352     -1.881     61.930     61.960      0.000
   780         21  (g)                -61     2     0   384   384   169   169     -0.951      0.668   -360.180    360.182      0.000
   781         21  (g)                -62   592   592   926     0   172   299      2.877     -2.766     54.175     54.322      0.000
   782         21  (g)                -62   557   557   900     0   298   166     -1.701      1.375   -104.619    104.642      0.000
   783         21  (g)                -62   559   559   929     0   285   162     -1.071      0.550      2.251      2.553      0.000
   784         21  (g)                -62   424   424   909     0   239   164      0.176     -0.894   -156.679    156.682      0.000
   785         21  (g)                -62   530   530   895     0   251   229     -0.073     -0.110    -12.756     12.756      0.000
   786         21  (g)                -62   522   522   930     0   219   295      0.098     -0.602      4.441      4.482      0.000
   787         21  (g)                -62   536   536   904     0   288   181     -0.331      0.800     -0.930      1.271      0.000
   788         21  (g)                -62   590   590  1377  1377   291   212     -0.453     -0.914     -2.054      2.293      0.000
   789         21  (g)                -62   558   558  1392  1392   170   150     -0.215      0.833    -82.478     82.482      0.000
   790         21  (g)                -62   591   591   928     0   309   193      0.093      0.516      0.400      0.659      0.000
   791         -1  (dbar)             -61     1     0   182   182     0   173      0.509      0.550    112.602    112.605      0.000
   792         21  (g)                -61     2     0   361   361   173   174     -0.371      0.274      0.603      0.759      0.000
   793         -1  (dbar)             -62   184   184   958   958     0   174     -1.111      1.876     21.240     21.354      0.330
   794         21  (g)                -62   572   572  1048  1048   303   264      1.025     -0.062     66.606     66.614      0.000
   795         21  (g)                -62   574   574   896     0   175   327     -0.257     -0.228      3.286      3.304      0.000
   796         21  (g)                -62   573   573   919     0   231   130      0.482     -0.762     22.074     22.092      0.000
   797         -3  (sbar)             -61     1     0   200   200     0   116     -0.857      1.523     19.059     19.138      0.000
   798          3  (s)                -61     2     0   201   201   116     0     -0.168     -0.333      0.038      0.374      0.000
   799         -3  (sbar)             -62   202   202   944   944     0   180      0.023      2.309     10.053     10.327      0.500
   800          3  (s)                -62   203   203   943   943   180     0     -1.047     -1.119      9.043      9.186      0.500
   801         21  (g)                -61     1     0   255   255   190   190     -0.099     -0.127     -3.041      3.045      0.000
   802         21  (g)                -61     2     0   256   256   191   191      0.069      0.301   -887.197    887.197      0.000
   803          1  (d)                -62   257   257  1329  1329   192     0     -0.370      1.356   -561.008    561.010      0.330
   804         -1  (dbar)             -62   258   258  1394  1394     0   137      0.340     -1.183   -329.230    329.232      0.330
   805         21  (g)                -61     1     0   406   406   247   247     -2.094     -1.389      8.634      8.992      0.000
   806         21  (g)                -61     2     0   589   589   215   215      0.324      0.732     -0.548      0.970      0.000
   807         21  (g)                -62   408   408  1039  1039   196   147      0.323      0.755      1.335      1.568      0.000
   808         21  (g)                -62   571   571  1371  1371   194   255     -1.198     -1.949      3.978      4.589      0.000
   809         21  (g)                -62   410   410   928     0   193   218      0.008      0.431      0.638      0.770      0.000
   810         21  (g)                -62   587   587   929     0   302   285     -1.095      0.690      1.951      2.341      0.000
   811         21  (g)                -62   570   570   910     0   195   121      0.179     -0.323      0.222      0.431      0.000
   812         21  (g)                -62   588   588  1349  1349   308   182      0.013     -0.261     -0.039      0.264      0.000
   813         21  (g)                -61     1     0   281   281   116   114      1.435      1.204    162.018    162.029      0.000
   814          1  (d)                -61     2     0   282   282   114     0      1.184     -0.681     -5.793      5.952      0.000
   815         21  (g)                -62   283   283   901     0   197   200      1.889      2.342    161.921    161.949      0.000
   816          1  (d)                -62   284   284   971   971   116     0      0.729     -1.820     -5.696      6.033      0.330
   817          2  (u)                -61     1     0   296   296   204     0     -1.133      0.201      1.494      1.886      0.000
   818         21  (g)                -61     2     0   297   297   174   204     -1.290     -2.229     -1.064      2.786      0.000
   819          2  (u)                -62   488   488   957   957   174     0      0.491     -0.349      0.562      0.888      0.330
   820         21  (g)                -62   490   490  1373  1373   205   135     -2.112     -1.941     -0.405      2.897      0.000
   821         21  (g)                -62   489   489   899     0   206   307     -0.803      0.262      0.273      0.888      0.000
   822          3  (s)                -61     1     0   300   300   114     0      0.185     -0.274      0.088      0.342      0.000
   823         21  (g)                -61     2     0   301   301   114   114     -0.466      0.205    -40.393     40.397      0.000
   824          3  (s)                -62   520   520   939   939   114     0     -0.389     -0.826     -1.601      1.910      0.500
   825         21  (g)                -62   427   427   900     0   208   298     -0.520      0.281    -26.888     26.894      0.000
   826         21  (g)                -62   518   518   907     0   252   305      0.490      1.006     -7.361      7.445      0.000
   827         21  (g)                -62   519   519   911     0   284   159      0.139     -0.530     -4.456      4.489      0.000
   828          2  (u)                -61     1     0   600   600   173     0      0.162      1.415     77.273     77.286      0.000
   829         21  (g)                -61     2     0   601   601   211   173     -1.974     -0.692     -0.046      2.093      0.000
   830         21  (g)                -62   602   602  1369  1369   214   167     -1.314     -0.406      4.196      4.416      0.000
   831         21  (g)                -62   603   603  1376  1376   212   136     -0.658     -0.705     -0.711      1.198      0.000
   832          2  (u)                -62   604   604  1000  1000   211     0      0.160      1.833     73.741     73.765      0.330
   833         21  (g)                -61     1     0   621   621   223   223      1.009     -0.338    243.668    243.670      0.000
   834         21  (g)                -61     2     0   622   622   221   221     -0.972     -0.113     -4.513      4.617      0.000
   835         21  (g)                -62   623   623   903     0   220   276     -0.250     -0.848     40.211     40.221      0.000
   836         21  (g)                -62   624   624  1383  1383   222   148     -0.719      0.879     -4.489      4.630      0.000
   837         21  (g)                -62   625   625  1352  1352   328   204      1.006     -0.481    203.433    203.436      0.000
   838          1  (d)                -61     1     0   349   349   114     0     -1.833     -0.478     -2.438      3.088      0.000
   839         -1  (dbar)             -61     2     0   350   350     0   114      2.183      0.550   -492.285    492.290      0.000
   840          1  (d)                -62   364   364   991   999   228     0     -2.559      0.119     -4.959      5.591      0.330
   841         -1  (dbar)             -62   362   362   991   999     0   228      3.228      0.641   -462.426    462.438      0.330
   842         21  (g)                -62   363   363   893     0   232   208     -0.319     -0.688    -27.338     27.348      0.000
   843          2  (u)                -61     1     0   467   467   114     0     -0.812      0.385     46.853     46.862      0.000
   844         21  (g)                -61     2     0   468   468   110   114      0.475      2.115    -49.624     49.672      0.000
   845          2  (u)                -62   469   469  1023  1023   110     0     -1.915     -0.352     24.555     24.634      0.330
   846         21  (g)                -62   526   526   913     0   240   312      1.196      2.569    -49.158     49.240      0.000
   847         21  (g)                -62   524   524   927     0   264   320      0.778      0.206     22.138     22.153      0.000
   848         21  (g)                -62   525   525   906     0   286   206     -0.396      0.076     -0.306      0.506      0.000
   849         21  (g)                -61     1     0   393   393   244   244      2.400     -0.575    398.289    398.296      0.000
   850         21  (g)                -61     2     0   394   394   243   243     -1.599      2.072     -2.141      3.382      0.000
   851         21  (g)                -62   455   455   922     0   260   131      0.940      0.732    229.130    229.133      0.000
   852         21  (g)                -62   499   499   904     0   245   288     -0.887      1.561     -2.453      3.040      0.000
   853         21  (g)                -62   497   497  1353  1353   276   328      1.393     -0.648    161.614    161.621      0.000
   854         21  (g)                -62   498   498   914     0   246   217     -0.646     -0.147      7.856      7.884      0.000
   855         21  (g)                -61     1     0   484   484   271   271      0.567     -0.078     -5.629      5.658      0.000
   856         21  (g)                -61     2     0   485   485   269   269     -0.030     -0.262    -37.346     37.347      0.000
   857         21  (g)                -62   486   486   921     0   272   293      0.971     -0.311    -37.082     37.096      0.000
   858         21  (g)                -62   487   487   902     0   270   186     -0.433     -0.028     -5.893      5.909      0.000
   859         -2  (ubar)             -61     1     0   593   593     0   114     -0.010      0.048      0.113      0.123      0.000
   860         21  (g)                -61     2     0   594   594   114   311      0.358      0.329    -13.616     13.625      0.000
   861         -2  (ubar)             -62   595   595   983   983     0   311      0.035     -0.533     -0.847      1.054      0.330
   862         21  (g)                -62   596   596  1388  1388   312   187      0.313      0.910    -12.657     12.693      0.000
   863         21  (g)                -61     1     0   605   605   173   314      0.373     -0.247     -5.311      5.330      0.000
   864          2  (u)                -61     2     0   606   606   314     0      0.078     -0.563   -220.436    220.437      0.000
   865         21  (g)                -62   607   607   911     0   315   284      0.014     -0.571     -8.683      8.702      0.000
   866          2  (u)                -62   608   608  1257  1257   173     0      0.438     -0.240   -217.063    217.064      0.330
   867         21  (g)                -61     1     0   609   609   319   319     -0.339     -0.117     38.319     38.321      0.000
   868         21  (g)                -61     2     0   610   610   318   318     -0.049      0.108      0.551      0.564      0.000
   869         21  (g)                -62   611   611  1365  1365   317   160     -0.680     -0.018     32.991     32.998      0.000
   870         21  (g)                -62   612   612   927     0   320   172      0.292      0.009      5.879      5.886      0.000
   871         21  (g)                -61     1     0   613   613   322   311     -0.266      0.975     71.179     71.186      0.000
   872          2  (u)                -61     2     0   614   614   311     0      0.407     -0.029      0.135      0.430      0.000
   873         21  (g)                -62   615   615  1355  1355   321   281      0.014      0.758     71.194     71.198      0.000
   874          2  (u)                -62   616   616   962   962   322     0      0.127      0.188      0.120      0.418      0.330
   875         21  (g)                -61     1     0   617   617   326   326      0.051     -0.205      2.308      2.317      0.000
   876         21  (g)                -61     2     0   618   618   324   324      0.583     -0.706    -27.825     27.840      0.000
   877         21  (g)                -62   619   619   896     0   327   262     -0.261     -0.213      2.296      2.321      0.000
   878         21  (g)                -62   620   620   921     0   325   272      0.895     -0.698    -27.814     27.837      0.000
   879          2  (u)                -63     1     0  1256  1256   329     0     -0.515     -0.475    337.520    337.521      0.330
   880          2  (u)                -63     1     0  1116  1116   314     0     -0.491      0.344     45.321     45.326      0.330
   881         -1  (dbar)             -63     1     0  1234  1234     0   296     -0.604     -0.359     97.261     97.264      0.330
   882          2  (u)                -63     1     0   935   935   332     0     -0.212     -0.437     17.644     17.653      0.330
   883          1  (d)                -63     1     0   982   982   311     0      0.192      0.104     91.550     91.551      0.330
   884         -2  (ubar)             -63     1     0   963   963     0   322     -0.387      0.739     87.261     87.265      0.330
   885         -3  (sbar)             -63     1     0   936   936     0   332      0.036     -0.187      3.546      3.586      0.500
   886         -1  (dbar)             -63     1     0  1101  1101     0   149      0.328      0.282      2.544      2.602      0.330
   887         -2  (ubar)             -63     1     0  1156  1156     0   132      0.630      0.416     53.092     53.098      0.330
   888          2  (u)                -63     2     0   949   949   338     0     -0.486     -0.776    -14.800     14.832      0.330
   889          3  (s)                -63     2     0  1115  1115   339     0      0.162     -0.674     -8.904      8.945      0.500
   890         -3  (sbar)             -63     2     0  1024  1024     0   110      0.207     -0.290    -33.019     33.025      0.500
   891         -1  (dbar)             -63     2     0   950   950     0   338      0.276     -0.260   -214.554    214.554      0.330
   892         -2  (ubar)             -63     2     0  1001  1001     0   211      0.105     -0.635     -3.357      3.434      0.330
   893         21  (g)                -73   741   842  1338  1338   155   208     -0.541     -1.073    -42.185     42.202      0.068
   894         21  (g)                -73   715   778   912     0   282   233     -1.296     -0.133     -4.319      4.512      0.097
   895         21  (g)                -73   764   785   916     0   251   145     -0.297     -0.442    -37.094     37.098      0.107
   896         21  (g)                -73   795   877   918     0   175   262     -0.519     -0.442      5.582      5.624      0.115
   897         21  (g)                -73   729   776  1387  1387   187   154      1.238      1.300    -17.052     17.148      0.187
   898         21  (g)                -73   739   765  1370  1370   255   214     -1.815     -1.624      5.828      6.320      0.189
   899         21  (g)                -73   701   821  1374  1374   206   205     -0.988      0.227      0.296      1.078      0.214
   900         21  (g)                -73   782   825  1337  1337   208   166     -2.221      1.656   -131.507    131.537      0.217
   901         21  (g)                -73   691   815  1357  1357   117   200      2.064      2.586    174.601    174.632      0.236
   902         21  (g)                -73   730   858  1340  1340   270   126     -1.485     -0.464    -24.048     24.099      0.255
   903         21  (g)                -73   690   835  1354  1354   281   276     -1.021     -2.260    108.657    108.686      0.267
   904         21  (g)                -73   787   852  1380  1380   245   181     -1.218      2.361     -3.383      4.310      0.278
   905         21  (g)                -73   712   718  1347  1347   238   300      0.536     -0.353     -2.119      2.232      0.280
   906         21  (g)                -73   736   848  1375  1375   136   206     -1.490     -0.114     -0.770      1.710      0.311
   907         21  (g)                -73   700   826  1386  1386   154   305      1.121      1.662    -13.734     13.883      0.321
   908         21  (g)                -73   744   753  1382  1382   148   127     -0.331      2.729     -6.095      6.694      0.331
   909         21  (g)                -73   773   784  1331  1331   239   279      1.402     -4.039   -786.173    786.185      0.341
   910         21  (g)                -73   696   811  1350  1350   195   308      1.999     -2.454      0.990      3.337      0.367
   911         21  (g)                -73   827   865  1343  1343   315   159      0.152     -1.100    -13.139     13.191      0.377
   912         21  (g)                -73   737   894  1384  1384   282   222     -2.790      0.107     -9.237      9.658      0.394
   913         21  (g)                -73   713   846  1389  1389   216   312      1.471      2.961    -60.397     60.489      0.408
   914         21  (g)                -73   766   854  1359  1359   185   217     -1.733     -0.356     15.898     16.002      0.423
   915         21  (g)                -73   692   722  1364  1364   160   304     -2.938     -1.833    110.203    110.258      0.436
   916         21  (g)                -73   706   895  1335  1335   251   146     -0.482     -1.890   -141.592    141.606      0.456
   917         21  (g)                -73   686   726  1361  1361   210   175     -2.319     -2.887     58.969     59.087      0.456
   918         21  (g)                -73   756   896  1360  1360   175   185     -2.023     -1.115     22.921     23.042      0.463
   919         21  (g)                -73   689   796  1363  1363   304   130      1.125     -1.834     69.304     69.339      0.465
   920         21  (g)                -73   709   734  1385  1385   305   282     -1.901      0.843    -20.323     20.435      0.502
   921         21  (g)                -73   857   878  1333  1333   325   293      1.866     -1.009    -64.895     64.932      0.570
   922          2  (u)                -73   725   851  1211  1211   260     0      1.838      1.931    612.663    612.669      0.669
   923         -1  (dbar)             -73   660   659  1214  1214     0   134      0.537      1.714     -4.080      4.528      0.794
   924         21  (g)                -73   759   774  1040  1040   162   196      0.794      2.779      7.551      8.085      0.074
   925         21  (g)                -73   757   767  1038  1038   147   268      1.036      0.453      2.268      2.537      0.109
   926         21  (g)                -73   743   781  1046  1046   172   219      3.175     -2.989     59.030     59.191      0.158
   927         21  (g)                -73   847   870  1047  1047   264   172      1.070      0.215     28.018     28.039      0.188
   928         21  (g)                -73   790   809  1043  1043   309   218      0.101      0.946      1.038      1.429      0.243
   929         21  (g)                -73   783   810  1041  1041   302   162     -2.166      1.240      4.202      4.894      0.257
   930         21  (g)                -73   763   786  1045  1045   219   183      0.318     -0.809      5.503      5.587      0.416
   931         21  (g)                -73   638   667  1148  1148   109   184     -3.595    -26.970     73.091     77.991      0.114
   932         21  (g)                -73   661   670  1143  1143   301   113     -1.437     -1.519      9.231      9.478      0.505
   933         21  (g)                -73   650   679  1284  1284   102   237      0.797     -0.174      1.932      2.106      0.194
   934         21  (g)                -73   644   648  1282  1282   267   236     -3.169     20.311     80.962     83.533      0.558
   935          2  (u)                -71   882   882   937   938   332     0     -0.212     -0.437     17.644     17.653      0.330
   936         -3  (sbar)             -71   885   885   937   938     0   332      0.036     -0.187      3.546      3.586      0.500
   937        111  (pi0)              -82   935   936  1793  1794     0     0     -0.307     -0.251      9.928      9.937      0.135
   938        323  (K*+)              -82   935   936  1519  1520     0     0      0.131     -0.373     11.262     11.303      0.878
   939          3  (s)                -71   824   824   941   942   114     0     -0.389     -0.826     -1.601      1.910      0.500
   940         -2  (ubar)             -71   711   711   941   942     0   114     -0.394     -0.988      0.556      1.244      0.330
   941       -323  (K*-)              -83   939   940  1521  1522     0     0     -0.544     -0.977     -1.347      1.963      0.888
   942        223  (omega)            -84   939   940  1795  1796     0     0     -0.238     -0.837      0.303      1.192      0.755
   943          3  (s)                -71   800   800   945   948   180     0     -1.047     -1.119      9.043      9.186      0.500
   944         -3  (sbar)             -71   799   799   945   948     0   180      0.023      2.309     10.053     10.327      0.500
   945       -311  (Kbar0)            -83   943   944  1523  1523     0     0     -0.570     -0.771      5.954      6.051      0.498
   946       -211  pi-                 84   943   944     0     0     0     0     -0.234      0.509      5.204      5.236      0.140
   947        113  (rho0)             -84   943   944  1524  1525     0     0     -0.059      0.884      3.402      3.625      0.882
   948        321  K+                  84   943   944     0     0     0     0     -0.162      0.568      4.537      4.601      0.494
   949          2  (u)                -71   888   888   951   956   338     0     -0.486     -0.776    -14.800     14.832      0.330
   950         -1  (dbar)             -71   891   891   951   956     0   338      0.276     -0.260   -214.554    214.554      0.330
   951        221  (eta)              -83   949   950  1797  1799     0     0     -0.070     -0.117    -17.460     17.470      0.548
   952        213  (rho+)             -83   949   950  1526  1527     0     0     -0.196     -0.767    -45.397     45.411      0.798
   953       -211  pi-                 84   949   950     0     0     0     0     -0.188      0.310    -26.505     26.508      0.140
   954        213  (rho+)             -84   949   950  1528  1529     0     0     -0.030     -0.125    -79.062     79.067      0.815
   955       -211  pi-                 84   949   950     0     0     0     0      0.132     -0.121    -33.308     33.309      0.140
   956        211  pi+                 84   949   950     0     0     0     0      0.142     -0.216    -27.621     27.622      0.140
   957          2  (u)                -71   819   819   959   961   174     0      0.491     -0.349      0.562      0.888      0.330
   958         -1  (dbar)             -71   793   793   959   961     0   174     -1.111      1.876     21.240     21.354      0.330
   959        221  (eta)              -83   957   958  1800  1802     0     0     -0.123     -0.041      1.785      1.872      0.548
   960        211  pi+                 84   957   958     0     0     0     0      0.389     -0.340      0.501      0.734      0.140
   961        113  (rho0)             -84   957   958  1530  1531     0     0     -0.886      1.909     19.516     19.637      0.546
   962          2  (u)                -71   874   874   964   970   322     0      0.127      0.188      0.120      0.418      0.330
   963         -2  (ubar)             -71   884   884   964   970     0   322     -0.387      0.739     87.261     87.265      0.330
   964        321  K+                  83   962   963     0     0     0     0      0.131      0.404      5.043      5.085      0.494
   965        221  (eta)              -83   962   963  1803  1804     0     0     -0.149     -0.444      3.753      3.821      0.548
   966       -311  (Kbar0)            -83   962   963  1532  1532     0     0      0.160      0.395      2.652      2.731      0.498
   967       -211  pi-                 83   962   963     0     0     0     0     -0.008     -0.222      1.249      1.276      0.140
   968        111  (pi0)              -83   962   963  1805  1806     0     0     -0.165      0.421      4.072      4.099      0.135
   969        321  K+                  83   962   963     0     0     0     0     -0.164     -0.282      3.308      3.361      0.494
   970       -321  K-                  84   962   963     0     0     0     0     -0.064      0.655     67.304     67.309      0.494
   971          1  (d)                -71   816   816   973   981   116     0      0.729     -1.820     -5.696      6.033      0.330
   972         -2  (ubar)             -71   673   673   973   981     0   116      0.635     -0.034     11.214     11.237      0.330
   973        223  (omega)            -83   971   972  1807  1809     0     0      0.502     -0.876     -2.434      2.749      0.784
   974       -211  pi-                 83   971   972     0     0     0     0     -0.018      0.024     -0.327      0.357      0.140
   975        111  (pi0)              -83   971   972  1810  1811     0     0      0.159     -0.644     -0.278      0.732      0.135
   976        211  pi+                 83   971   972     0     0     0     0     -0.147      0.021     -0.905      0.928      0.140
   977       -211  pi-                 83   971   972     0     0     0     0      0.028     -0.109     -1.268      1.280      0.140
   978        211  pi+                 84   971   972     0     0     0     0      0.365      0.028      1.178      1.242      0.140
   979       -213  (rho-)             -84   971   972  1533  1534     0     0     -0.097      0.129      1.123      1.384      0.793
   980        223  (omega)            -84   971   972  1812  1814     0     0      0.282      0.058      3.141      3.249      0.782
   981        221  (eta)              -84   971   972  1815  1817     0     0      0.291     -0.484      5.290      5.348      0.548
   982          1  (d)                -71   883   883   984   990   311     0      0.192      0.104     91.550     91.551      0.330
   983         -2  (ubar)             -71   861   861   984   990     0   311      0.035     -0.533     -0.847      1.054      0.330
   984        223  (omega)            -83   982   983  1818  1820     0     0      0.502     -0.392     44.978     44.990      0.782
   985        311  (K0)               -83   982   983  1535  1535     0     0     -0.731      0.198     37.507     37.518      0.498
   986       -311  (Kbar0)            -83   982   983  1536  1536     0     0      0.605      0.113      4.786      4.851      0.498
   987        311  (K0)               -83   982   983  1537  1537     0     0     -0.230     -0.116      3.600      3.644      0.498
   988       -311  (Kbar0)            -84   982   983  1538  1538     0     0     -0.172     -0.064     -0.188      0.563      0.498
   989       -211  pi-                 84   982   983     0     0     0     0      0.079      0.047     -0.303      0.346      0.140
   990        221  (eta)              -84   982   983  1821  1822     0     0      0.174     -0.215      0.322      0.693      0.548
   991       -211  pi-                 83   840   841     0     0     0     0     -0.180      0.256     -0.391      0.520      0.140
   992        213  (rho+)             -83   840   841  1539  1540     0     0     -1.976     -0.311     -5.743      6.111      0.602
   993        111  (pi0)              -83   840   841  1823  1824     0     0      0.305     -0.095     -1.074      1.129      0.135
   994       -211  pi-                 83   840   841     0     0     0     0     -0.623     -0.130     -3.743      3.799      0.140
   995        211  pi+                 84   840   841     0     0     0     0     -0.201      0.056    -17.991     17.993      0.140
   996       -213  (rho-)             -84   840   841  1541  1542     0     0      0.641     -0.291    -80.583     80.590      0.733
   997        111  (pi0)              -84   840   841  1825  1826     0     0      0.805      0.852    -43.578     43.594      0.135
   998       2212  p+                  84   840   841     0     0     0     0      1.294      0.040   -183.069    183.076      0.938
   999      -2112  nbar0               84   840   841     0     0     0     0      0.604      0.385   -131.213    131.219      0.940
  1000          2  (u)                -71   832   832  1002  1010   211     0      0.160      1.833     73.741     73.765      0.330
  1001         -2  (ubar)             -71   892   892  1002  1010     0   211      0.105     -0.635     -3.357      3.434      0.330
  1002        111  (pi0)              -83  1000  1001  1827  1828     0     0      0.292      0.337     17.602     17.608      0.135
  1003        223  (omega)            -83  1000  1001  1829  1831     0     0      0.035      1.077     41.520     41.541      0.760
  1004        321  K+                  83  1000  1001     0     0     0     0     -0.288      0.316     10.966     10.985      0.494
  1005       -323  (K*-)              -84  1000  1001  1543  1544     0     0      0.147      0.259      1.267      1.568      0.874
  1006        213  (rho+)             -84  1000  1001  1545  1546     0     0      0.108     -0.378      1.433      1.702      0.831
  1007       -213  (rho-)             -84  1000  1001  1547  1548     0     0     -0.275     -0.071      0.245      0.846      0.758
  1008        211  pi+                 84  1000  1001     0     0     0     0      0.361      0.109     -1.053      1.127      0.140
  1009        111  (pi0)              -84  1000  1001  1832  1833     0     0      0.091     -0.289     -0.182      0.379      0.135
  1010       -211  pi-                 84  1000  1001     0     0     0     0     -0.207     -0.160     -1.413      1.444      0.140
  1011          1  (d)                -71   695   695  1013  1022   122     0     -2.813      4.417     35.390     35.777      0.330
  1012         -3  (sbar)             -71   697   697  1013  1022     0   122     -1.437      1.058    -13.589     13.715      0.500
  1013       3112  Sigma-              83  1011  1012     0     0     0     0     -1.680      2.130     19.064     19.293      1.197
  1014      -3112  Sigmabar+           83  1011  1012     0     0     0     0     -0.143      0.950      4.593      4.843      1.197
  1015       -211  pi-                 83  1011  1012     0     0     0     0     -0.404     -0.146      1.775      1.832      0.140
  1016        213  (rho+)             -83  1011  1012  1549  1550     0     0     -0.368      0.670      5.366      5.521      1.051
  1017        111  (pi0)              -83  1011  1012  1834  1835     0     0     -0.190      0.237      2.265      2.289      0.135
  1018       -211  pi-                 84  1011  1012     0     0     0     0     -0.156      1.117      1.761      2.096      0.140
  1019        211  pi+                 84  1011  1012     0     0     0     0      0.197     -0.085     -0.181      0.313      0.140
  1020       -213  (rho-)             -84  1011  1012  1551  1552     0     0     -0.004     -0.444     -2.380      2.563      0.839
  1021        211  pi+                 84  1011  1012     0     0     0     0     -0.183      0.442     -0.684      0.846      0.140
  1022        311  (K0)               -84  1011  1012  1553  1553     0     0     -1.319      0.603     -9.776      9.896      0.498
  1023          2  (u)                -71   845   845  1025  1034   110     0     -1.915     -0.352     24.555     24.634      0.330
  1024         -3  (sbar)             -71   890   890  1025  1034     0   110      0.207     -0.290    -33.019     33.025      0.500
  1025        323  (K*+)              -83  1023  1024  1554  1555     0     0     -0.566     -0.410      5.855      5.961      0.873
  1026       -313  (K*bar0)           -83  1023  1024  1556  1557     0     0     -1.094      0.326      9.307      9.418      0.878
  1027       -213  (rho-)             -83  1023  1024  1558  1559     0     0     -0.068     -0.663      7.490      7.557      0.753
  1028        211  pi+                 83  1023  1024     0     0     0     0     -0.154      0.838      1.062      1.369      0.140
  1029        113  (rho0)             -83  1023  1024  1560  1561     0     0      0.113      0.370     -1.348      1.636      0.843
  1030       -211  pi-                 83  1023  1024     0     0     0     0     -0.298     -0.954     -0.383      1.079      0.140
  1031        211  pi+                 83  1023  1024     0     0     0     0     -0.447     -0.036     -0.996      1.101      0.140
  1032       -211  pi-                 84  1023  1024     0     0     0     0      0.974      0.064    -14.042     14.076      0.140
  1033        211  pi+                 84  1023  1024     0     0     0     0     -0.025     -0.260     -2.146      2.167      0.140
  1034        313  (K*0)              -84  1023  1024  1562  1563     0     0     -0.143      0.084    -13.264     13.296      0.910
  1035          3  (s)                -71   664   664  1050  1077   140     0     -0.581      0.023     19.715     19.729      0.500
  1036         21  (g)                -71   688   688  1050  1077   118   140      2.900     -0.802      4.165      5.138      0.000
  1037         21  (g)                -71   731   731  1050  1077   268   118      4.084     -1.642      8.078      9.200      0.000
  1038         21  (g)                -71   925   925  1050  1077   147   268      1.036      0.453      2.268      2.537      0.109
  1039         21  (g)                -71   807   807  1050  1077   196   147      0.323      0.755      1.335      1.568      0.000
  1040         21  (g)                -71   924   924  1050  1077   162   196      0.794      2.779      7.551      8.085      0.074
  1041         21  (g)                -71   929   929  1050  1077   302   162     -2.166      1.240      4.202      4.894      0.257
  1042         21  (g)                -71   775   775  1050  1077   218   302     -0.918      1.403      2.294      2.841      0.000
  1043         21  (g)                -71   928   928  1050  1077   309   218      0.101      0.946      1.038      1.429      0.243
  1044         21  (g)                -71   777   777  1050  1077   183   309      0.488      1.311      0.678      1.555      0.000
  1045         21  (g)                -71   930   930  1050  1077   219   183      0.318     -0.809      5.503      5.587      0.416
  1046         21  (g)                -71   926   926  1050  1077   172   219      3.175     -2.989     59.030     59.191      0.158
  1047         21  (g)                -71   927   927  1050  1077   264   172      1.070      0.215     28.018     28.039      0.188
  1048         21  (g)                -71   794   794  1050  1077   303   264      1.025     -0.062     66.606     66.614      0.000
  1049         -2  (ubar)             -71   724   724  1050  1077     0   303      0.649      0.840     76.765     76.773      0.330
  1050       -311  (Kbar0)            -83  1035  1049  1564  1564     0     0      0.091      0.522      8.039      8.072      0.498
  1051       -213  (rho-)             -83  1035  1049  1565  1566     0     0      0.025     -0.591      8.700      8.740      0.594
  1052        221  (eta)              -83  1035  1049  1836  1838     0     0     -0.241      0.069      1.638      1.746      0.548
  1053        221  (eta)              -83  1035  1049  1839  1841     0     0      0.825     -0.180      2.871      3.043      0.548
  1054        111  (pi0)              -83  1035  1049  1842  1843     0     0      0.273     -0.264      0.708      0.815      0.135
  1055        211  pi+                 83  1035  1049     0     0     0     0      1.067     -0.121      2.020      2.292      0.140
  1056       2112  n0                  83  1035  1049     0     0     0     0      1.769     -0.648      3.632      4.198      0.940
  1057      -2212  pbar-               83  1035  1049     0     0     0     0      1.403     -0.430      2.474      3.026      0.938
  1058        211  pi+                 83  1035  1049     0     0     0     0      2.022     -0.017      3.463      4.013      0.140
  1059        223  (omega)            -83  1035  1049  1844  1845     0     0      0.513      1.148      4.615      4.848      0.787
  1060        223  (omega)            -83  1035  1049  1846  1848     0     0     -0.422      0.587      1.401      1.759      0.780
  1061        111  (pi0)              -83  1035  1049  1849  1850     0     0     -0.001      1.322      3.180      3.446      0.135
  1062       -213  (rho-)             -83  1035  1049  1567  1568     0     0     -0.154      1.090      2.835      3.212      1.036
  1063        211  pi+                 83  1035  1049     0     0     0     0     -0.136      0.977      1.684      1.956      0.140
  1064       -211  pi-                 83  1035  1049     0     0     0     0     -0.447      0.063      0.550      0.725      0.140
  1065        211  pi+                 83  1035  1049     0     0     0     0     -0.385      0.644      1.414      1.607      0.140
  1066        111  (pi0)              -83  1035  1049  1851  1852     0     0      0.027      0.557      0.471      0.742      0.135
  1067       -211  pi-                 83  1035  1049     0     0     0     0     -0.294      0.044      0.127      0.352      0.140
  1068       2212  p+                  83  1035  1049     0     0     0     0     -0.133      0.479      1.257      1.646      0.938
  1069      -2112  nbar0               83  1035  1049     0     0     0     0      0.448      1.304      3.007      3.439      0.940
  1070       -211  pi-                 84  1035  1049     0     0     0     0     -0.124     -0.434      1.914      1.971      0.140
  1071        221  (eta)              -84  1035  1049  1853  1855     0     0      0.051     -0.851     10.576     10.624      0.548
  1072        111  (pi0)              -84  1035  1049  1856  1857     0     0      2.030     -1.183     23.937     24.053      0.135
  1073        213  (rho+)             -84  1035  1049  1569  1570     0     0      0.793      0.046     23.935     23.961      0.802
  1074       -213  (rho-)             -84  1035  1049  1571  1572     0     0      1.055     -0.639     29.992     30.034      0.984
  1075        113  (rho0)             -84  1035  1049  1573  1574     0     0      0.036     -0.426     22.175     22.197      0.891
  1076        321  K+                  84  1035  1049     0     0     0     0      0.822      0.464     24.519     24.542      0.494
  1077       -321  K-                  84  1035  1049     0     0     0     0      1.389      0.131     96.109     96.120      0.494
  1078          2  (u)                -71   639   639  1086  1099   105     0     -0.005     -0.111     -0.065      0.354      0.330
  1079         21  (g)                -71   671   671  1086  1099   278   105      0.901     -0.445     -0.291      1.047      0.000
  1080         21  (g)                -71   658   658  1086  1099   112   278      3.941     -4.513     -4.239      7.340      0.000
  1081         21  (g)                -71   672   672  1086  1099   235   112      0.031     -0.521     -1.393      1.487      0.000
  1082         21  (g)                -71   663   663  1086  1099   176   235     -0.387     -1.658     -8.622      8.788      0.000
  1083         21  (g)                -71   676   676  1086  1099   230   176     -0.005     -0.676    -46.074     46.079      0.000
  1084         21  (g)                -71   652   652  1086  1099   275   230      0.611     -0.684   -223.686    223.688      0.000
  1085         -1  (dbar)             -71   643   643  1086  1099     0   275     -0.655     -0.001   -191.475    191.477      0.330
  1086        211  pi+                 83  1078  1085     0     0     0     0      0.946     -0.855     -0.451      1.360      0.140
  1087        311  (K0)               -83  1078  1085  1575  1575     0     0      1.623     -2.236     -2.236      3.589      0.498
  1088        331  (eta')             -83  1078  1085  1858  1859     0     0     -0.052     -0.376     -1.585      1.891      0.958
  1089       -311  (Kbar0)            -83  1078  1085  1576  1576     0     0      1.221     -0.282     -1.202      1.806      0.498
  1090        111  (pi0)              -83  1078  1085  1860  1861     0     0      0.269     -1.158     -0.823      1.453      0.135
  1091       -213  (rho-)             -83  1078  1085  1577  1578     0     0      0.777     -0.947     -3.327      3.717      1.119
  1092        211  pi+                 83  1078  1085     0     0     0     0     -0.000     -0.382     -8.360      8.370      0.140
  1093       -211  pi-                 84  1078  1085     0     0     0     0     -0.050     -0.704     -1.718      1.863      0.140
  1094       2224  (Delta++)          -84  1078  1085  1579  1580     0     0     -0.341     -0.774    -26.792     26.834      1.239
  1095       -211  pi-                 84  1078  1085     0     0     0     0      0.494     -0.291    -41.465     41.469      0.140
  1096      -2212  pbar-               84  1078  1085     0     0     0     0     -0.029     -0.155    -55.900     55.908      0.938
  1097        111  (pi0)              -84  1078  1085  1862  1863     0     0     -0.325      0.264    -10.841     10.850      0.135
  1098        111  (pi0)              -84  1078  1085  1864  1865     0     0      0.042     -0.355    -53.063     53.065      0.135
  1099        213  (rho+)             -84  1078  1085  1581  1582     0     0     -0.139     -0.357   -268.082    268.085      1.345
  1100          1  (d)                -71   754   754  1102  1114   149     0      0.149     -1.755   -746.106    746.108      0.330
  1101         -1  (dbar)             -71   886   886  1102  1114     0   149      0.328      0.282      2.544      2.602      0.330
  1102       -211  pi-                 83  1100  1101     0     0     0     0     -0.069     -0.309   -220.807    220.807      0.140
  1103        113  (rho0)             -83  1100  1101  1583  1584     0     0     -0.235     -1.135   -387.115    387.118      0.809
  1104        111  (pi0)              -83  1100  1101  1866  1867     0     0      0.236     -0.129    -21.681     21.683      0.135
  1105        211  pi+                 83  1100  1101     0     0     0     0      0.259      0.130    -60.395     60.396      0.140
  1106       -213  (rho-)             -83  1100  1101  1585  1586     0     0     -0.261     -0.226    -34.109     34.121      0.832
  1107        213  (rho+)             -83  1100  1101  1587  1588     0     0      0.463      0.143    -18.705     18.750      1.201
  1108        221  (eta)              -83  1100  1101  1868  1869     0     0     -0.055     -0.482     -1.905      2.041      0.548
  1109       -211  pi-                 84  1100  1101     0     0     0     0     -0.423      0.396     -0.030      0.597      0.140
  1110        223  (omega)            -84  1100  1101  1870  1872     0     0      0.126     -0.026      0.244      0.839      0.792
  1111        211  pi+                 84  1100  1101     0     0     0     0      0.142     -0.123     -0.067      0.243      0.140
  1112        221  (eta)              -84  1100  1101  1873  1875     0     0      0.153      0.209     -0.188      0.634      0.548
  1113        111  (pi0)              -84  1100  1101  1876  1877     0     0      0.342      0.215      0.251      0.494      0.135
  1114        111  (pi0)              -84  1100  1101  1878  1879     0     0     -0.202     -0.136      0.946      0.986      0.135
  1115          3  (s)                -71   889   889  1118  1133   339     0      0.162     -0.674     -8.904      8.945      0.500
  1116          2  (u)                -71   880   880  1118  1133   314     0     -0.491      0.344     45.321     45.326      0.330
  1117          1  (d)                -71   748   748  1118  1133   141     0     -1.681      2.685   -425.078    425.090      0.330
  1118       -213  (rho-)             -86  1115  1117  1589  1590     0     0     -0.145      0.900   -109.348    109.353      0.587
  1119        321  K+                  86  1115  1117     0     0     0     0     -0.762      0.766   -131.093    131.099      0.494
  1120       -311  (Kbar0)            -86  1115  1117  1591  1591     0     0     -0.689      0.631    -73.101     73.108      0.498
  1121        313  (K*0)              -86  1115  1117  1592  1593     0     0      0.150      0.030    -96.942     96.946      0.895
  1122       -321  K-                  86  1115  1117     0     0     0     0      0.011      0.191     -6.568      6.589      0.494
  1123        211  pi+                 83  1115  1117     0     0     0     0     -0.168      0.126      1.710      1.728      0.140
  1124       -211  pi-                 83  1115  1117     0     0     0     0     -0.332     -0.366     14.005     14.014      0.140
  1125        111  (pi0)              -83  1115  1117  1880  1881     0     0      0.157      0.574     17.484     17.494      0.135
  1126        221  (eta)              -83  1115  1117  1882  1883     0     0      0.162     -0.131      6.403      6.430      0.548
  1127        211  pi+                 83  1115  1117     0     0     0     0     -0.067     -0.003      1.108      1.119      0.140
  1128        113  (rho0)             -83  1115  1117  1594  1595     0     0      0.058      0.231      1.349      1.617      0.860
  1129       2112  n0                  83  1115  1117     0     0     0     0      0.034     -0.079      2.275      2.463      0.940
  1130      -2112  nbar0               83  1115  1117     0     0     0     0     -0.701     -0.013     -0.033      1.173      0.940
  1131       -211  pi-                 83  1115  1117     0     0     0     0      0.659     -0.253     -1.636      1.788      0.140
  1132        213  (rho+)             -84  1115  1117  1596  1597     0     0     -0.514     -0.175     -8.806      8.841      0.557
  1133       3212  (Sigma0)           -87  1115  1117  1884  1885     0     0      0.136     -0.073     -5.467      5.598      1.193
  1134          1  (d)                -71   662   662  1157  1210   139     0     -2.116      0.513     -6.319      6.691      0.330
  1135         21  (g)                -71   681   681  1157  1210   115   139     -0.192      0.497      0.181      0.562      0.000
  1136         21  (g)                -71   682   682  1157  1210   249   115      5.186      2.556      7.048      9.116      0.000
  1137         21  (g)                -71   675   675  1157  1210   289   249      0.239      0.577      0.652      0.903      0.000
  1138         21  (g)                -71   654   654  1157  1210   287   289      0.144      0.732      2.422      2.534      0.000
  1139         21  (g)                -71   634   634  1157  1210   108   287      1.188     -0.367     13.562     13.618      0.000
  1140         21  (g)                -71   674   674  1157  1210   178   108     -2.839      0.872     26.774     26.938      0.000
  1141         21  (g)                -71   680   680  1157  1210   265   178     -1.178     -0.452      9.280      9.365      0.000
  1142         21  (g)                -71   683   683  1157  1210   113   265     -2.525     -0.662      9.885     10.224      0.000
  1143         21  (g)                -71   932   932  1157  1210   301   113     -1.437     -1.519      9.231      9.478      0.505
  1144         21  (g)                -71   653   653  1157  1210   277   301     -4.145    -81.248    206.305    221.766      0.000
  1145         21  (g)                -71   629   629  1157  1210   165   277     -9.477   -195.390    502.646    539.370      0.000
  1146         21  (g)                -71   641   641  1157  1210   177   165     -0.125     -8.300     22.710     24.179      0.000
  1147         21  (g)                -71   642   642  1157  1210   184   177     -0.428    -21.097     52.913     56.965      0.000
  1148         21  (g)                -71   931   931  1157  1210   109   184     -3.595    -26.970     73.091     77.991      0.114
  1149         21  (g)                -71   655   655  1157  1210   292   109      0.514     -1.264      3.504      3.760      0.000
  1150         21  (g)                -71   630   630  1157  1210   101   292     18.631    -17.786    107.232    110.282      0.000
  1151         21  (g)                -71   632   632  1157  1210   256   101      7.418     -6.861     67.922     68.669      0.000
  1152         21  (g)                -71   646   646  1157  1210   106   256      1.744     -1.322     22.232     22.340      0.000
  1153         21  (g)                -71   637   637  1157  1210   152   106      3.086     -3.622     54.731     54.938      0.000
  1154         21  (g)                -71   645   645  1157  1210   254   152      1.075     -0.690     15.997     16.047      0.000
  1155         21  (g)                -71   635   635  1157  1210   132   254      0.619     -0.286     65.617     65.621      0.000
  1156         -2  (ubar)             -71   887   887  1157  1210     0   132      0.630      0.416     53.092     53.098      0.330
  1157       -213  (rho-)             -83  1134  1156  1598  1599     0     0     -1.933      0.409     -5.326      5.735      0.791
  1158        111  (pi0)              -83  1134  1156  1886  1887     0     0     -0.407      0.079     -0.573      0.720      0.135
  1159        113  (rho0)             -83  1134  1156  1600  1601     0     0      0.311      0.415      0.321      1.042      0.844
  1160        221  (eta)              -83  1134  1156  1888  1890     0     0      1.600      0.867      2.413      3.071      0.548
  1161        321  K+                  83  1134  1156     0     0     0     0      0.482      0.060      0.248      0.736      0.494
  1162       -321  K-                  83  1134  1156     0     0     0     0      1.356      1.450      2.538      3.260      0.494
  1163        211  pi+                 83  1134  1156     0     0     0     0      1.149      0.764      1.291      1.895      0.140
  1164       -211  pi-                 83  1134  1156     0     0     0     0      0.367      0.023      2.418      2.450      0.140
  1165        321  K+                  83  1134  1156     0     0     0     0      0.140      0.071      2.366      2.422      0.494
  1166       -313  (K*bar0)           -83  1134  1156  1602  1603     0     0      0.797      0.341      5.186      5.340      0.935
  1167       -211  pi-                 83  1134  1156     0     0     0     0     -0.191      0.099      0.734      0.778      0.140
  1168        213  (rho+)             -83  1134  1156  1604  1605     0     0      0.023      0.365      7.487      7.537      0.785
  1169        113  (rho0)             -83  1134  1156  1606  1607     0     0     -1.441     -0.093     14.994     15.135      1.473
  1170        111  (pi0)              -83  1134  1156  1891  1892     0     0     -0.317     -0.234      1.115      1.190      0.135
  1171       -213  (rho-)             -83  1134  1156  1608  1609     0     0     -1.655     -0.003     14.255     14.366      0.669
  1172        211  pi+                 83  1134  1156     0     0     0     0     -0.386      0.168      2.487      2.526      0.140
  1173        113  (rho0)             -83  1134  1156  1610  1611     0     0     -0.381     -0.894      4.172      4.346      0.734
  1174        313  (K*0)              -83  1134  1156  1612  1613     0     0     -0.681     -0.390      6.648      6.749      0.864
  1175       -313  (K*bar0)           -83  1134  1156  1614  1615     0     0     -1.076     -0.878      6.951      7.145      0.898
  1176        311  (K0)               -83  1134  1156  1616  1616     0     0     -1.524     -2.534      9.365      9.834      0.498
  1177       -311  (Kbar0)            -83  1134  1156  1617  1617     0     0     -0.412     -2.946      6.674      7.324      0.498
  1178        221  (eta)              -84  1134  1156  1893  1895     0     0     -0.183    -14.071     36.070     38.721      0.548
  1179        113  (rho0)             -84  1134  1156  1618  1619     0     0     -0.371     -6.255     16.226     17.411      0.785
  1180        111  (pi0)              -84  1134  1156  1896  1897     0     0     -1.329    -31.953     82.649     88.621      0.135
  1181       -213  (rho-)             -84  1134  1156  1620  1621     0     0     -1.123    -19.433     49.793     53.469      0.837
  1182        221  (eta)              -84  1134  1156  1898  1899     0     0     -1.750    -30.454     78.312     84.045      0.548
  1183        331  (eta')             -84  1134  1156  1900  1902     0     0     -2.700    -57.599    147.522    158.394      0.958
  1184        211  pi+                 84  1134  1156     0     0     0     0     -1.853    -41.001    107.160    114.751      0.140
  1185        313  (K*0)              -84  1134  1156  1622  1623     0     0     -1.490    -28.749     72.186     77.718      0.803
  1186       -311  (Kbar0)            -84  1134  1156  1624  1624     0     0     -1.968    -34.733     89.107     95.658      0.498
  1187       -211  pi-                 84  1134  1156     0     0     0     0     -0.196     -7.042     19.351     20.594      0.140
  1188        213  (rho+)             -84  1134  1156  1625  1626     0     0     -1.782    -30.058     79.045     84.590      0.748
  1189       -211  pi-                 84  1134  1156     0     0     0     0     -0.125     -7.058     16.957     18.369      0.140
  1190        211  pi+                 84  1134  1156     0     0     0     0     -0.262     -3.379      7.966      8.658      0.140
  1191        111  (pi0)              -84  1134  1156  1903  1904     0     0     -0.014     -1.892      5.488      5.807      0.135
  1192        111  (pi0)              -84  1134  1156  1905  1906     0     0     -0.129     -5.396     14.817     15.770      0.135
  1193        111  (pi0)              -84  1134  1156  1907  1908     0     0     -0.797     -1.679      4.328      4.712      0.135
  1194       2112  n0                  84  1134  1156     0     0     0     0     -0.118     -4.493     12.388     13.212      0.940
  1195      -2112  nbar0               84  1134  1156     0     0     0     0     -0.112     -2.508      8.484      8.897      0.940
  1196        113  (rho0)             -84  1134  1156  1627  1628     0     0      1.416     -1.584      9.119      9.387      0.667
  1197       -213  (rho-)             -84  1134  1156  1629  1630     0     0      5.763     -5.699     32.809     33.819      1.260
  1198       3222  Sigma+              84  1134  1156     0     0     0     0      1.664     -1.897     11.610     11.941      1.189
  1199        321  K+                  84  1134  1156     0     0     0     0      4.730     -5.072     29.504     30.312      0.494
  1200      -2214  (Deltabar-)        -84  1134  1156  1631  1632     0     0      4.726     -4.266     29.062     29.780      1.319
  1201       -211  pi-                 84  1134  1156     0     0     0     0      1.131     -0.931      8.683      8.807      0.140
  1202        111  (pi0)              -84  1134  1156  1909  1910     0     0      1.136     -1.111     13.933     14.024      0.135
  1203        211  pi+                 84  1134  1156     0     0     0     0      0.261     -0.189      3.574      3.591      0.140
  1204       -213  (rho-)             -84  1134  1156  1633  1634     0     0      2.216     -1.629     16.498     16.737      0.610
  1205        213  (rho+)             -84  1134  1156  1635  1636     0     0      1.146     -1.673     17.944     18.075      0.777
  1206        111  (pi0)              -84  1134  1156  1911  1912     0     0     -0.073     -0.354      1.893      1.932      0.135
  1207        311  (K0)               -84  1134  1156  1637  1637     0     0      5.071     -2.879     46.222     46.591      0.498
  1208       -311  (Kbar0)            -84  1134  1156  1638  1638     0     0      1.098     -2.531     31.236     31.361      0.498
  1209        223  (omega)            -84  1134  1156  1913  1915     0     0      1.844     -1.564     35.266     35.357      0.788
  1210       -211  pi-                 84  1134  1156     0     0     0     0      0.769      0.325     99.743     99.746      0.140
  1211          2  (u)                -71   922   922  1215  1232   260     0      1.838      1.931    612.663    612.669      0.669
  1212         21  (g)                -71   721   721  1215  1232   103   260      1.466      1.197    722.748    722.751      0.000
  1213         21  (g)                -71   677   677  1215  1232   134   103     -0.312     -0.132    -21.255     21.257      0.000
  1214         -1  (dbar)             -71   923   923  1215  1232     0   134      0.537      1.714     -4.080      4.528      0.794
  1215       2112  n0                  83  1211  1214     0     0     0     0      1.266      1.625    706.571    706.574      0.940
  1216        111  (pi0)              -83  1211  1214  1916  1917     0     0      0.779      0.622    201.778    201.780      0.135
  1217      -2114  (Deltabar0)        -83  1211  1214  1639  1640     0     0      1.397      0.464    334.840    334.846      1.273
  1218        113  (rho0)             -83  1211  1214  1641  1642     0     0     -0.182      0.325     43.240     43.249      0.816
  1219       2212  p+                  83  1211  1214     0     0     0     0      0.323     -0.138     27.812     27.830      0.938
  1220      -2112  nbar0               83  1211  1214     0     0     0     0     -0.515      0.332     17.384     17.420      0.940
  1221        111  (pi0)              -83  1211  1214  1918  1919     0     0      0.530      0.336      2.335      2.422      0.135
  1222       -211  pi-                 83  1211  1214     0     0     0     0     -0.029     -0.317      0.715      0.795      0.140
  1223        111  (pi0)              -84  1211  1214  1920  1921     0     0      0.220     -0.176     -0.535      0.619      0.135
  1224        113  (rho0)             -84  1211  1214  1643  1644     0     0     -0.487      0.482     -0.689      1.210      0.721
  1225        321  K+                  84  1211  1214     0     0     0     0      0.281      0.083     -1.355      1.472      0.494
  1226       -313  (K*bar0)           -84  1211  1214  1645  1646     0     0     -0.393     -0.501     -1.361      1.742      0.881
  1227       -213  (rho-)             -84  1211  1214  1647  1648     0     0      0.198     -0.238     -8.866      8.929      1.013
  1228        213  (rho+)             -84  1211  1214  1649  1650     0     0     -0.116      0.507     -5.699      5.840      1.163
  1229       -211  pi-                 84  1211  1214     0     0     0     0     -0.064      0.042     -0.853      0.868      0.140
  1230        211  pi+                 84  1211  1214     0     0     0     0      0.092      0.161     -0.141      0.271      0.140
  1231        111  (pi0)              -84  1211  1214  1922  1923     0     0     -0.336      0.836     -3.516      3.632      0.135
  1232        111  (pi0)              -84  1211  1214  1924  1925     0     0      0.565      0.263     -1.582      1.706      0.135
  1233          1  (d)                -71   732   732  1235  1255   296     0      1.473     -0.778   -376.378    376.381      0.330
  1234         -1  (dbar)             -71   881   881  1235  1255     0   296     -0.604     -0.359     97.261     97.264      0.330
  1235        113  (rho0)             -83  1233  1234  1651  1652     0     0      0.755     -0.582   -164.158    164.162      0.712
  1236        111  (pi0)              -83  1233  1234  1926  1927     0     0      0.664      0.555   -127.864    127.867      0.135
  1237       -211  pi-                 83  1233  1234     0     0     0     0     -0.052     -0.940    -47.033     47.043      0.140
  1238       2212  p+                  83  1233  1234     0     0     0     0     -0.116      0.071     -7.871      7.927      0.938
  1239       -211  pi-                 83  1233  1234     0     0     0     0      0.172      0.383     -8.219      8.231      0.140
  1240      -1114  (Deltabar+)        -83  1233  1234  1653  1654     0     0      0.102     -0.435    -13.124     13.196      1.306
  1241       -211  pi-                 83  1233  1234     0     0     0     0     -0.156      0.329     -0.828      0.915      0.140
  1242        223  (omega)            -83  1233  1234  1928  1930     0     0     -0.159      0.059     -1.386      1.603      0.787
  1243        211  pi+                 83  1233  1234     0     0     0     0      0.254      0.001     -4.822      4.831      0.140
  1244       -211  pi-                 84  1233  1234     0     0     0     0      0.525      0.037     -0.022      0.545      0.140
  1245        211  pi+                 84  1233  1234     0     0     0     0     -0.300     -0.256      0.472      0.631      0.140
  1246        311  (K0)               -84  1233  1234  1655  1655     0     0     -0.307     -0.343      0.545      0.870      0.498
  1247       -311  (Kbar0)            -84  1233  1234  1656  1656     0     0      0.287      0.038      1.094      1.237      0.498
  1248       -211  pi-                 84  1233  1234     0     0     0     0     -0.389      0.429      3.253      3.307      0.140
  1249        111  (pi0)              -84  1233  1234  1931  1932     0     0      0.457     -0.374      0.431      0.744      0.135
  1250        213  (rho+)             -84  1233  1234  1657  1658     0     0     -0.564      0.356     17.766     17.802      0.907
  1251        111  (pi0)              -84  1233  1234  1933  1934     0     0      0.022     -0.178     21.324     21.325      0.135
  1252        311  (K0)               -84  1233  1234  1659  1659     0     0      0.082      0.009      2.517      2.567      0.498
  1253       -321  K-                  84  1233  1234     0     0     0     0     -0.221      0.082      8.157      8.175      0.494
  1254        111  (pi0)              -84  1233  1234  1935  1936     0     0     -0.119      0.040      1.962      1.971      0.135
  1255        213  (rho+)             -84  1233  1234  1660  1661     0     0     -0.067     -0.417     38.688     38.697      0.718
  1256          2  (u)                -71   879   879  1259  1280   329     0     -0.515     -0.475    337.520    337.521      0.330
  1257          2  (u)                -71   866   866  1259  1280   173     0      0.438     -0.240   -217.063    217.064      0.330
  1258          2  (u)                -71   747   747  1259  1280   123     0      0.132     -2.836     -3.550      4.557      0.330
  1259        323  (K*+)              -85  1256  1258  1662  1663     0     0      0.459     -2.290     -3.290      4.163      1.025
  1260        111  (pi0)              -86  1256  1258  1937  1938     0     0      0.133     -0.317    -36.749     36.751      0.135
  1261        321  K+                  86  1256  1258     0     0     0     0     -0.060     -0.007    -52.825     52.827      0.494
  1262       -311  (Kbar0)            -86  1256  1258  1664  1664     0     0      0.213      0.018    -53.803     53.806      0.498
  1263        111  (pi0)              -86  1256  1258  1939  1941     0     0     -0.006     -0.472    -20.862     20.868      0.135
  1264       -211  pi-                 86  1256  1258     0     0     0     0      0.354      0.829    -29.691     29.705      0.140
  1265        211  pi+                 86  1256  1258     0     0     0     0     -0.190     -0.196     -3.198      3.213      0.140
  1266       -213  (rho-)             -86  1256  1258  1665  1666     0     0     -0.199     -0.399    -14.416     14.451      0.898
  1267        211  pi+                 86  1256  1258     0     0     0     0      0.123      0.179     -1.502      1.524      0.140
  1268        213  (rho+)             -83  1256  1258  1667  1668     0     0     -0.448      0.025    166.525    166.529      1.038
  1269        223  (omega)            -83  1256  1258  1942  1944     0     0     -0.028     -0.490     51.524     51.532      0.782
  1270       2112  n0                  83  1256  1258     0     0     0     0      0.244      0.106     31.739     31.754      0.940
  1271      -2212  pbar-               83  1256  1258     0     0     0     0     -0.038     -0.164     31.631     31.645      0.938
  1272        211  pi+                 83  1256  1258     0     0     0     0     -0.730     -0.096     26.680     26.691      0.140
  1273        311  (K0)               -83  1256  1258  1669  1669     0     0      0.588      0.293      7.421      7.466      0.498
  1274       -321  K-                  84  1256  1258     0     0     0     0      0.204     -0.014     17.031     17.039      0.494
  1275        113  (rho0)             -84  1256  1258  1670  1671     0     0     -0.335     -0.427      2.864      3.022      0.794
  1276        211  pi+                 84  1256  1258     0     0     0     0     -0.086      0.244      1.088      1.127      0.140
  1277        311  (K0)               -84  1256  1258  1672  1672     0     0      0.224     -0.125     -0.415      0.697      0.498
  1278       -323  (K*-)              -84  1256  1258  1673  1674     0     0     -0.179     -0.011     -0.605      1.191      1.010
  1279       2214  (Delta+)           -87  1256  1258  1675  1676     0     0     -0.134      0.016     -1.290      1.807      1.259
  1280       -323  (K*-)              -84  1256  1258  1677  1678     0     0     -0.055     -0.251     -0.949      1.335      0.903
  1281          1  (d)                -71   628   628  1294  1328   236     0    -25.876    326.763   1289.994   1330.987      0.330
  1282         21  (g)                -71   934   934  1294  1328   267   236     -3.169     20.311     80.962     83.533      0.558
  1283         21  (g)                -71   678   678  1294  1328   237   267     -0.631      0.771      2.006      2.239      0.000
  1284         21  (g)                -71   933   933  1294  1328   102   237      0.797     -0.174      1.932      2.106      0.194
  1285         21  (g)                -71   665   665  1294  1328   313   102     -0.841     -0.667      0.976      1.451      0.000
  1286         21  (g)                -71   633   633  1294  1328   168   313     -8.152     -0.515      2.782      8.629      0.000
  1287         21  (g)                -71   640   640  1294  1328   107   168     -2.359     -0.860     -2.025      3.226      0.000
  1288         21  (g)                -71   651   651  1294  1328   274   107      0.726      0.157     -3.882      3.953      0.000
  1289         21  (g)                -71   647   647  1294  1328   259   274      3.072      5.041    -19.452     20.328      0.000
  1290         21  (g)                -71   636   636  1294  1328   133   259      3.605      5.427    -18.315     19.439      0.000
  1291         21  (g)                -71   666   666  1294  1328   111   133      1.839      6.665    -13.017     14.739      0.000
  1292         21  (g)                -71   649   649  1294  1328   266   111     10.340      4.767    -36.402     38.141      0.000
  1293         -2  (ubar)             -71   631   631  1294  1328     0   266      5.783      1.580    -20.407     21.272      0.330
  1294       -213  (rho-)             -83  1281  1293  1679  1680     0     0    -20.736    258.764   1021.969   1054.424      1.023
  1295        211  pi+                 83  1281  1293     0     0     0     0     -2.940     38.387    149.119    154.009      0.140
  1296        111  (pi0)              -83  1281  1293  1945  1946     0     0     -2.399     23.975     97.797    100.721      0.135
  1297        311  (K0)               -83  1281  1293  1681  1681     0     0     -0.440      2.441      8.680      9.041      0.498
  1298       -321  K-                  83  1281  1293     0     0     0     0     -0.178      7.415     29.568     30.488      0.494
  1299        111  (pi0)              -83  1281  1293  1947  1948     0     0     -1.615     10.971     41.486     42.943      0.135
  1300        223  (omega)            -83  1281  1293  1949  1950     0     0     -0.654      1.869      9.809     10.038      0.795
  1301        211  pi+                 83  1281  1293     0     0     0     0      0.578      0.988      5.050      5.180      0.140
  1302       -211  pi-                 83  1281  1293     0     0     0     0     -0.449      1.688      7.704      7.901      0.140
  1303        211  pi+                 83  1281  1293     0     0     0     0     -0.116      0.211      0.171      0.326      0.140
  1304       -213  (rho-)             -83  1281  1293  1682  1683     0     0     -0.895      0.204      2.736      3.014      0.869
  1305        111  (pi0)              -83  1281  1293  1951  1952     0     0      0.159      0.024     -0.021      0.211      0.135
  1306        113  (rho0)             -83  1281  1293  1684  1685     0     0     -0.528      0.517      1.618      2.293      1.447
  1307        323  (K*+)              -83  1281  1293  1686  1687     0     0     -3.680     -0.740      1.479      4.169      1.051
  1308       -321  K-                  83  1281  1293     0     0     0     0     -0.896     -0.277      0.333      1.111      0.494
  1309        223  (omega)            -83  1281  1293  1953  1955     0     0     -2.226      0.062      0.333      2.383      0.781
  1310        211  pi+                 83  1281  1293     0     0     0     0     -1.547     -0.546     -0.252      1.666      0.140
  1311       -213  (rho-)             -83  1281  1293  1688  1689     0     0     -0.111      0.066     -0.707      1.235      1.004
  1312        111  (pi0)              -83  1281  1293  1956  1957     0     0     -0.892      0.071     -0.780      1.195      0.135
  1313        213  (rho+)             -83  1281  1293  1690  1691     0     0      0.432      0.300     -2.169      2.311      0.601
  1314       -211  pi-                 83  1281  1293     0     0     0     0      0.106      0.163     -0.122      0.269      0.140
  1315        223  (omega)            -83  1281  1293  1958  1960     0     0     -0.156      0.441     -1.672      1.907      0.789
  1316        321  K+                  83  1281  1293     0     0     0     0     -0.200      0.014     -2.015      2.084      0.494
  1317       -321  K-                  84  1281  1293     0     0     0     0      2.625      3.283    -12.044     12.766      0.494
  1318        211  pi+                 84  1281  1293     0     0     0     0      0.072      0.383     -2.692      2.723      0.140
  1319       -211  pi-                 84  1281  1293     0     0     0     0      2.281      4.049    -11.395     12.307      0.140
  1320        323  (K*+)              -84  1281  1293  1692  1693     0     0      1.156      2.612     -9.621     10.074      0.870
  1321       -323  (K*-)              -84  1281  1293  1694  1695     0     0      1.792      2.921     -7.781      8.537      0.771
  1322        111  (pi0)              -84  1281  1293  1961  1962     0     0      0.432      0.854     -2.127      2.337      0.135
  1323        211  pi+                 84  1281  1293     0     0     0     0     -0.002      0.215     -0.172      0.308      0.140
  1324       2112  n0                  84  1281  1293     0     0     0     0      1.119      1.411     -5.711      6.062      0.940
  1325      -2212  pbar-               84  1281  1293     0     0     0     0      1.910      1.277     -7.499      7.899      0.938
  1326        111  (pi0)              -84  1281  1293  1963  1964     0     0      2.596      1.154     -8.010      8.500      0.135
  1327        221  (eta)              -84  1281  1293  1965  1966     0     0      2.812      0.427    -10.920     11.297      0.548
  1328        111  (pi0)              -84  1281  1293  1967  1968     0     0      7.723      3.670    -26.991     28.313      0.135
  1329          1  (d)                -71   803   803  1395  1518   192     0     -0.370      1.356   -561.008    561.010      0.330
  1330         21  (g)                -71   760   760  1395  1518   279   192      0.323     -0.321   -132.912    132.912      0.000
  1331         21  (g)                -71   909   909  1395  1518   239   279      1.402     -4.039   -786.173    786.185      0.341
  1332         21  (g)                -71   716   716  1395  1518   293   239      0.916     -1.160   -191.675    191.681      0.000
  1333         21  (g)                -71   921   921  1395  1518   325   293      1.866     -1.009    -64.895     64.932      0.570
  1334         21  (g)                -71   752   752  1395  1518   146   325      1.261     -1.608    -88.659     88.683      0.000
  1335         21  (g)                -71   916   916  1395  1518   251   146     -0.482     -1.890   -141.592    141.606      0.456
  1336         21  (g)                -71   710   710  1395  1518   166   251     -2.099      0.726   -215.503    215.514      0.000
  1337         21  (g)                -71   900   900  1395  1518   208   166     -2.221      1.656   -131.507    131.537      0.217
  1338         21  (g)                -71   893   893  1395  1518   155   208     -0.541     -1.073    -42.185     42.202      0.068
  1339         21  (g)                -71   708   708  1395  1518   126   155     -1.238     -1.637    -44.696     44.743      0.000
  1340         21  (g)                -71   902   902  1395  1518   270   126     -1.485     -0.464    -24.048     24.099      0.255
  1341         21  (g)                -71   733   733  1395  1518   138   270     -1.427     -0.888    -20.154     20.224      0.000
  1342         21  (g)                -71   769   769  1395  1518   159   138     -0.721     -1.409    -10.341     10.461      0.000
  1343         21  (g)                -71   911   911  1395  1518   315   159      0.152     -1.100    -13.139     13.191      0.377
  1344         21  (g)                -71   714   714  1395  1518   225   315      0.726     -1.314    -21.165     21.218      0.000
  1345         21  (g)                -71   717   717  1395  1518   188   225      1.063     -0.207    -12.417     12.464      0.000
  1346         21  (g)                -71   705   705  1395  1518   300   188      3.706     -2.481    -33.311     33.608      0.000
  1347         21  (g)                -71   905   905  1395  1518   238   300      0.536     -0.353     -2.119      2.232      0.280
  1348         21  (g)                -71   698   698  1395  1518   182   238      1.900     -2.090     -3.624      4.594      0.000
  1349         21  (g)                -71   812   812  1395  1518   308   182      0.013     -0.261     -0.039      0.264      0.000
  1350         21  (g)                -71   910   910  1395  1518   195   308      1.999     -2.454      0.990      3.337      0.367
  1351         21  (g)                -71   758   758  1395  1518   204   195      0.376      0.125      0.087      0.406      0.000
  1352         21  (g)                -71   837   837  1395  1518   328   204      1.006     -0.481    203.433    203.436      0.000
  1353         21  (g)                -71   853   853  1395  1518   276   328      1.393     -0.648    161.614    161.621      0.000
  1354         21  (g)                -71   903   903  1395  1518   281   276     -1.021     -2.260    108.657    108.686      0.267
  1355         21  (g)                -71   873   873  1395  1518   321   281      0.014      0.758     71.194     71.198      0.000
  1356         21  (g)                -71   755   755  1395  1518   200   321      2.309      4.308    269.042    269.086      0.000
  1357         21  (g)                -71   901   901  1395  1518   117   200      2.064      2.586    174.601    174.632      0.236
  1358         21  (g)                -71   735   735  1395  1518   217   117     -2.970     -0.847     56.698     56.782      0.000
  1359         21  (g)                -71   914   914  1395  1518   185   217     -1.733     -0.356     15.898     16.002      0.423
  1360         21  (g)                -71   918   918  1395  1518   175   185     -2.023     -1.115     22.921     23.042      0.463
  1361         21  (g)                -71   917   917  1395  1518   210   175     -2.319     -2.887     58.969     59.087      0.456
  1362         21  (g)                -71   723   723  1395  1518   130   210     -0.111     -2.227     48.546     48.597      0.000
  1363         21  (g)                -71   919   919  1395  1518   304   130      1.125     -1.834     69.304     69.339      0.465
  1364         21  (g)                -71   915   915  1395  1518   160   304     -2.938     -1.833    110.203    110.258      0.436
  1365         21  (g)                -71   869   869  1395  1518   317   160     -0.680     -0.018     32.991     32.998      0.000
  1366         21  (g)                -71   770   770  1395  1518   156   317      0.909      1.066     23.759     23.800      0.000
  1367         21  (g)                -71   687   687  1395  1518   119   156      2.349      4.231     67.012     67.186      0.000
  1368         21  (g)                -71   768   768  1395  1518   167   119     -0.270      1.168     10.973     11.039      0.000
  1369         21  (g)                -71   830   830  1395  1518   214   167     -1.314     -0.406      4.196      4.416      0.000
  1370         21  (g)                -71   898   898  1395  1518   255   214     -1.815     -1.624      5.828      6.320      0.189
  1371         21  (g)                -71   808   808  1395  1518   194   255     -1.198     -1.949      3.978      4.589      0.000
  1372         21  (g)                -71   740   740  1395  1518   135   194     -0.353     -0.585      0.388      0.786      0.000
  1373         21  (g)                -71   820   820  1395  1518   205   135     -2.112     -1.941     -0.405      2.897      0.000
  1374         21  (g)                -71   899   899  1395  1518   206   205     -0.988      0.227      0.296      1.078      0.214
  1375         21  (g)                -71   906   906  1395  1518   136   206     -1.490     -0.114     -0.770      1.710      0.311
  1376         21  (g)                -71   831   831  1395  1518   212   136     -0.658     -0.705     -0.711      1.198      0.000
  1377         21  (g)                -71   788   788  1395  1518   291   212     -0.453     -0.914     -2.054      2.293      0.000
  1378         21  (g)                -71   749   749  1395  1518   142   291     -0.786     -0.196     -1.277      1.512      0.000
  1379         21  (g)                -71   699   699  1395  1518   181   142     -0.777      0.436     -1.440      1.694      0.000
  1380         21  (g)                -71   904   904  1395  1518   245   181     -1.218      2.361     -3.383      4.310      0.278
  1381         21  (g)                -71   704   704  1395  1518   127   245     -1.995      4.559     -9.462     10.691      0.000
  1382         21  (g)                -71   908   908  1395  1518   148   127     -0.331      2.729     -6.095      6.694      0.331
  1383         21  (g)                -71   836   836  1395  1518   222   148     -0.719      0.879     -4.489      4.630      0.000
  1384         21  (g)                -71   912   912  1395  1518   282   222     -2.790      0.107     -9.237      9.658      0.394
  1385         21  (g)                -71   920   920  1395  1518   305   282     -1.901      0.843    -20.323     20.435      0.502
  1386         21  (g)                -71   907   907  1395  1518   154   305      1.121      1.662    -13.734     13.883      0.321
  1387         21  (g)                -71   897   897  1395  1518   187   154      1.238      1.300    -17.052     17.148      0.187
  1388         21  (g)                -71   862   862  1395  1518   312   187      0.313      0.910    -12.657     12.693      0.000
  1389         21  (g)                -71   913   913  1395  1518   216   312      1.471      2.961    -60.397     60.489      0.408
  1390         21  (g)                -71   738   738  1395  1518   283   216      0.897      1.637    -94.475     94.493      0.000
  1391         21  (g)                -71   707   707  1395  1518   150   283      1.926      1.725   -181.667    181.685      0.000
  1392         21  (g)                -71   789   789  1395  1518   170   150     -0.215      0.833    -82.478     82.482      0.000
  1393         21  (g)                -71   742   742  1395  1518   137   170      0.348      0.497   -173.611    173.612      0.000
  1394         -1  (dbar)             -71   804   804  1395  1518     0   137      0.340     -1.183   -329.230    329.232      0.330
  1395        313  (K*0)              -83  1329  1394  1696  1697     0     0     -0.311      0.787   -382.291    382.294      0.949
  1396       -311  (Kbar0)            -83  1329  1394  1698  1698     0     0      0.146     -0.771   -442.693    442.694      0.498
  1397        111  (pi0)              -83  1329  1394  1969  1970     0     0      0.692     -1.373   -170.890    170.896      0.135
  1398       -211  pi-                 83  1329  1394     0     0     0     0      0.538      0.006    -70.866     70.868      0.140
  1399        321  K+                  83  1329  1394     0     0     0     0      0.037     -0.169    -41.531     41.534      0.494
  1400       -313  (K*bar0)           -83  1329  1394  1699  1700     0     0      0.607     -0.912   -157.790    157.796      0.870
  1401       -211  pi-                 83  1329  1394     0     0     0     0      0.733     -1.398   -296.322    296.326      0.140
  1402        211  pi+                 83  1329  1394     0     0     0     0      0.006     -0.405    -43.771     43.773      0.140
  1403        223  (omega)            -83  1329  1394  1971  1973     0     0      0.095     -0.691    -63.220     63.228      0.779
  1404       -211  pi-                 83  1329  1394     0     0     0     0      1.488     -0.891    -83.440     83.458      0.140
  1405        323  (K*+)              -83  1329  1394  1701  1702     0     0      0.115     -0.776    -58.091     58.103      0.882
  1406       -321  K-                  83  1329  1394     0     0     0     0      0.284     -0.038    -56.122     56.125      0.494
  1407       3222  Sigma+              83  1329  1394     0     0     0     0      0.279     -0.726    -62.374     62.391      1.189
  1408        311  (K0)               -83  1329  1394  1703  1703     0     0      0.214     -0.380    -38.434     38.440      0.498
  1409      -2212  pbar-               83  1329  1394     0     0     0     0     -1.160     -0.093   -122.488    122.497      0.938
  1410        223  (omega)            -83  1329  1394  1974  1976     0     0     -1.183      0.572    -93.466     93.479      0.788
  1411        221  (eta)              -83  1329  1394  1977  1979     0     0     -0.662     -0.373    -38.054     38.066      0.548
  1412        113  (rho0)             -83  1329  1394  1704  1705     0     0     -0.777     -0.639    -35.766     35.791      0.869
  1413        223  (omega)            -83  1329  1394  1980  1982     0     0     -0.474      0.201    -69.453     69.460      0.784
  1414        211  pi+                 83  1329  1394     0     0     0     0     -2.184      0.281    -38.117     38.180      0.140
  1415       -211  pi-                 83  1329  1394     0     0     0     0     -0.446     -0.661    -30.760     30.771      0.140
  1416        321  K+                  83  1329  1394     0     0     0     0     -1.170     -1.766    -35.768     35.834      0.494
  1417       -323  (K*-)              -83  1329  1394  1706  1707     0     0     -1.375     -0.753    -18.746     18.837      0.973
  1418        321  K+                  83  1329  1394     0     0     0     0      0.777     -1.899    -27.579     27.660      0.494
  1419       -311  (Kbar0)            -83  1329  1394  1708  1708     0     0      0.754     -0.271     -7.496      7.555      0.498
  1420        111  (pi0)              -83  1329  1394  1983  1984     0     0      0.569     -0.470     -7.062      7.102      0.135
  1421       -211  pi-                 83  1329  1394     0     0     0     0      0.372     -0.500     -2.800      2.872      0.140
  1422        111  (pi0)              -83  1329  1394  1985  1986     0     0      0.623     -0.957     -7.551      7.638      0.135
  1423        111  (pi0)              -83  1329  1394  1987  1988     0     0      0.229     -0.145     -1.555      1.584      0.135
  1424        223  (omega)            -83  1329  1394  1989  1991     0     0      0.531     -0.186    -11.795     11.834      0.783
  1425        111  (pi0)              -83  1329  1394  1992  1993     0     0      0.186     -0.068     -5.118      5.123      0.135
  1426        223  (omega)            -83  1329  1394  1994  1996     0     0      1.692     -1.661    -11.696     11.960      0.791
  1427        113  (rho0)             -83  1329  1394  1709  1710     0     0      0.615     -1.067     -3.682      3.973      0.843
  1428       2224  (Delta++)          -83  1329  1394  1711  1712     0     0      0.375     -0.551     -2.176      2.629      1.316
  1429      -2212  pbar-               83  1329  1394     0     0     0     0      0.573     -0.485     -0.423      1.274      0.938
  1430        111  (pi0)              -83  1329  1394  1997  1998     0     0      0.403     -0.348     -0.002      0.549      0.135
  1431        111  (pi0)              -83  1329  1394  1999  2000     0     0      0.084      0.043     -0.130      0.210      0.135
  1432       -213  (rho-)             -83  1329  1394  1713  1714     0     0      0.711     -0.629     -0.650      1.412      0.818
  1433       2212  p+                  83  1329  1394     0     0     0     0      0.037     -0.179      0.150      0.968      0.938
  1434      -3122  Lambdabar0          83  1329  1394     0     0     0     0      1.267     -1.102      0.769      2.158      1.116
  1435       -321  K-                  83  1329  1394     0     0     0     0     -0.065     -0.278      1.171      1.302      0.494
  1436        111  (pi0)              -83  1329  1394  2001  2002     0     0     -0.162     -0.020     -0.046      0.217      0.135
  1437        223  (omega)            -83  1329  1394  2003  2005     0     0      1.100     -0.209      6.465      6.608      0.782
  1438        211  pi+                 83  1329  1394     0     0     0     0      0.078     -0.408     11.629     11.637      0.140
  1439       -213  (rho-)             -83  1329  1394  1715  1716     0     0     -0.462      0.297     11.103     11.156      0.934
  1440        223  (omega)            -83  1329  1394  2006  2008     0     0      0.530     -0.433    118.652    118.656      0.781
  1441        113  (rho0)             -83  1329  1394  1717  1718     0     0      0.705     -0.137    115.936    115.945      1.187
  1442        321  K+                  83  1329  1394     0     0     0     0     -0.098     -1.326     65.309     65.325      0.494
  1443       -321  K-                  83  1329  1394     0     0     0     0      0.614      0.175     85.860     85.863      0.494
  1444        211  pi+                 83  1329  1394     0     0     0     0      0.133     -0.174     25.294     25.295      0.140
  1445        113  (rho0)             -83  1329  1394  1719  1720     0     0      0.123     -0.772     66.822     66.830      0.715
  1446       2112  n0                  83  1329  1394     0     0     0     0     -0.246      0.772     57.176     57.190      0.940
  1447        221  (eta)              -83  1329  1394  2009  2011     0     0      1.658      2.420    153.709    153.738      0.548
  1448      -2214  (Deltabar-)        -83  1329  1394  1721  1722     0     0     -0.070      1.127    105.082    105.097      1.404
  1449       2224  (Delta++)          -83  1329  1394  1723  1724     0     0     -0.029      1.388     58.463     58.492      1.175
  1450       -211  pi-                 83  1329  1394     0     0     0     0      1.363      0.756    102.573    102.585      0.140
  1451      -2112  nbar0               84  1329  1394     0     0     0     0     -0.359      0.219     14.361     14.398      0.940
  1452        221  (eta)              -84  1329  1394  2012  2013     0     0     -0.981     -0.181     22.506     22.534      0.548
  1453       -213  (rho-)             -84  1329  1394  1725  1726     0     0     -1.609     -0.713     24.703     24.782      0.923
  1454        211  pi+                 84  1329  1394     0     0     0     0     -0.131     -0.263      5.663      5.672      0.140
  1455       -211  pi-                 84  1329  1394     0     0     0     0     -0.416     -0.240      7.471      7.488      0.140
  1456        213  (rho+)             -84  1329  1394  1727  1728     0     0     -1.560     -0.592     21.288     21.371      0.882
  1457       -213  (rho-)             -84  1329  1394  1729  1730     0     0     -1.068     -0.959     30.399     30.448      0.964
  1458        111  (pi0)              -84  1329  1394  2014  2015     0     0     -0.454     -0.521      8.206      8.237      0.135
  1459        211  pi+                 84  1329  1394     0     0     0     0     -0.279     -1.011     13.728     13.768      0.140
  1460       -213  (rho-)             -84  1329  1394  1731  1732     0     0     -0.583     -1.042     42.693     42.718      0.822
  1461        211  pi+                 84  1329  1394     0     0     0     0      0.049     -0.971     11.401     11.443      0.140
  1462       -211  pi-                 84  1329  1394     0     0     0     0     -0.033     -0.100      9.992      9.994      0.140
  1463        213  (rho+)             -84  1329  1394  1733  1734     0     0     -0.199     -1.286     32.303     32.337      0.710
  1464       -211  pi-                 84  1329  1394     0     0     0     0     -0.052     -0.102      6.051      6.054      0.140
  1465        321  K+                  84  1329  1394     0     0     0     0      0.249     -0.794     21.797     21.819      0.494
  1466       -323  (K*-)              -84  1329  1394  1735  1736     0     0     -1.688     -0.739     83.489     83.514      0.848
  1467        321  K+                  84  1329  1394     0     0     0     0     -0.590     -0.879     23.427     23.456      0.494
  1468       -321  K-                  84  1329  1394     0     0     0     0     -0.036     -0.150     10.140     10.153      0.494
  1469        221  (eta)              -84  1329  1394  2016  2017     0     0      0.073      1.630     47.138     47.170      0.548
  1470        321  K+                  84  1329  1394     0     0     0     0      1.001      0.920     15.737     15.803      0.494
  1471       -311  (Kbar0)            -84  1329  1394  1737  1737     0     0     -0.221      0.311      6.633      6.662      0.498
  1472        311  (K0)               -84  1329  1394  1738  1738     0     0     -0.044      0.613     19.800     19.816      0.498
  1473       -311  (Kbar0)            -84  1329  1394  1739  1739     0     0      0.020      0.409      7.136      7.165      0.498
  1474       -211  pi-                 84  1329  1394     0     0     0     0      0.512      0.201      5.036      5.068      0.140
  1475        211  pi+                 84  1329  1394     0     0     0     0      0.450      0.750      9.727      9.767      0.140
  1476        113  (rho0)             -84  1329  1394  1740  1741     0     0     -0.437      0.486     13.601     13.642      0.827
  1477       -211  pi-                 84  1329  1394     0     0     0     0      0.024      0.370      3.195      3.220      0.140
  1478       2212  p+                  84  1329  1394     0     0     0     0     -0.447     -0.267      2.559      2.775      0.938
  1479      -2212  pbar-               84  1329  1394     0     0     0     0     -0.577     -0.519      5.289      5.427      0.938
  1480        113  (rho0)             -84  1329  1394  1742  1743     0     0     -1.921     -1.073      4.327      4.890      0.585
  1481        321  K+                  84  1329  1394     0     0     0     0      0.045     -0.950      1.806      2.100      0.494
  1482       -323  (K*-)              -84  1329  1394  1744  1745     0     0     -0.767     -0.508      0.900      1.584      0.924
  1483        211  pi+                 84  1329  1394     0     0     0     0     -0.799     -0.812      0.821      1.411      0.140
  1484        113  (rho0)             -84  1329  1394  1746  1747     0     0     -0.816      0.182      0.476      1.400      1.017
  1485       -211  pi-                 84  1329  1394     0     0     0     0     -0.859     -1.278      0.196      1.558      0.140
  1486        223  (omega)            -84  1329  1394  2018  2020     0     0     -1.929     -1.207     -0.895      2.568      0.784
  1487        213  (rho+)             -84  1329  1394  1748  1749     0     0     -0.361      0.141     -1.417      1.666      0.786
  1488       -213  (rho-)             -84  1329  1394  1750  1751     0     0     -0.872      0.142     -1.217      1.676      0.740
  1489        111  (pi0)              -84  1329  1394  2021  2022     0     0     -1.428     -0.557     -1.108      1.896      0.135
  1490        111  (pi0)              -84  1329  1394  2023  2024     0     0      0.153     -0.010     -0.275      0.342      0.135
  1491        213  (rho+)             -84  1329  1394  1752  1753     0     0     -0.587      0.714     -1.884      2.242      0.787
  1492        311  (K0)               -84  1329  1394  1754  1754     0     0     -0.970      0.829     -2.688      3.017      0.498
  1493       -323  (K*-)              -84  1329  1394  1755  1756     0     0     -0.920      2.034     -4.311      4.936      0.891
  1494        213  (rho+)             -84  1329  1394  1757  1758     0     0     -1.725      3.620     -8.376      9.323      0.823
  1495        221  (eta)              -84  1329  1394  2025  2026     0     0     -0.629      1.098     -2.846      3.162      0.548
  1496        111  (pi0)              -84  1329  1394  2027  2028     0     0     -0.102      0.422     -0.959      1.062      0.135
  1497       -211  pi-                 84  1329  1394     0     0     0     0     -0.357      0.729     -1.314      1.551      0.140
  1498        211  pi+                 84  1329  1394     0     0     0     0     -0.016     -0.247     -0.700      0.756      0.140
  1499        113  (rho0)             -84  1329  1394  1759  1760     0     0     -1.475      0.606    -10.013     10.167      0.741
  1500       -211  pi-                 84  1329  1394     0     0     0     0     -0.080      0.427     -2.714      2.752      0.140
  1501        223  (omega)            -84  1329  1394  2029  2031     0     0     -0.926      0.411     -5.613      5.767      0.846
  1502       2212  p+                  84  1329  1394     0     0     0     0     -0.726      0.132     -5.127      5.264      0.938
  1503      -2112  nbar0               84  1329  1394     0     0     0     0      0.626      1.188    -14.507     14.599      0.940
  1504       -211  pi-                 84  1329  1394     0     0     0     0     -0.018     -0.016     -0.902      0.913      0.140
  1505        213  (rho+)             -84  1329  1394  1761  1762     0     0     -0.370      1.445    -19.459     19.530      0.752
  1506       -211  pi-                 84  1329  1394     0     0     0     0      0.967      1.106    -17.190     17.253      0.140
  1507        213  (rho+)             -84  1329  1394  1763  1764     0     0      0.227      0.326    -11.138     11.166      0.687
  1508        111  (pi0)              -84  1329  1394  2032  2033     0     0      0.164      0.678    -20.338     20.351      0.135
  1509       -213  (rho-)             -84  1329  1394  1765  1766     0     0      0.733      0.782    -19.080     19.126      0.760
  1510        211  pi+                 84  1329  1394     0     0     0     0      0.220      0.915    -12.903     12.938      0.140
  1511       -213  (rho-)             -84  1329  1394  1767  1768     0     0      1.585      1.221    -69.612     69.655      1.408
  1512        323  (K*+)              -84  1329  1394  1769  1770     0     0      0.337      1.472    -97.382     97.399      0.989
  1513       -323  (K*-)              -84  1329  1394  1771  1772     0     0      0.635      1.241   -144.758    144.768      0.952
  1514        111  (pi0)              -84  1329  1394  2034  2035     0     0      0.159      0.294    -31.339     31.341      0.135
  1515        211  pi+                 84  1329  1394     0     0     0     0     -0.324      0.020    -29.242     29.244      0.140
  1516       -211  pi-                 84  1329  1394     0     0     0     0      0.995     -0.456   -130.757    130.762      0.140
  1517        113  (rho0)             -84  1329  1394  1773  1774     0     0     -0.098      0.592   -131.303    131.305      0.611
  1518        213  (rho+)             -84  1329  1394  1775  1776     0     0      0.460     -0.198   -223.107    223.109      0.775
  1519        311  (K0)               -91   938     0  1777  1777     0     0      0.319     -0.269      9.545      9.567      0.498
  1520        211  pi+                 91   938     0     0     0     0     0     -0.188     -0.104      1.717      1.736      0.140
  1521       -311  (Kbar0)            -91   941     0  1778  1778     0     0     -0.326     -0.416     -1.052      1.278      0.498
  1522       -211  pi-                 91   941     0     0     0     0     0     -0.218     -0.561     -0.295      0.684      0.140
  1523        310  K_S0                91   945   945     0     0     0     0     -0.570     -0.771      5.954      6.051      0.498
  1524        211  pi+                 91   947     0     0     0     0     0      0.025      0.632      3.195      3.260      0.140
  1525       -211  pi-                 91   947     0     0     0     0     0     -0.084      0.252      0.207      0.365      0.140
  1526        211  pi+                 91   952     0     0     0     0     0      0.149      0.064     -8.128      8.131      0.140
  1527        111  (pi0)              -91   952     0  2036  2037     0     0     -0.346     -0.830    -37.270     37.281      0.135
  1528        211  pi+                 91   954     0     0     0     0     0      0.246     -0.297    -57.400     57.402      0.140
  1529        111  (pi0)              -91   954     0  2038  2039     0     0     -0.275      0.172    -21.662     21.665      0.135
  1530        211  pi+                 91   961     0     0     0     0     0     -0.434      1.281     10.776     10.862      0.140
  1531       -211  pi-                 91   961     0     0     0     0     0     -0.452      0.628      8.740      8.775      0.140
  1532        130  K_L0                91   966   966     0     0     0     0      0.160      0.395      2.652      2.731      0.498
  1533       -211  pi-                 91   979     0     0     0     0     0      0.126      0.383      0.461      0.629      0.140
  1534        111  (pi0)              -91   979     0  2040  2041     0     0     -0.224     -0.254      0.661      0.755      0.135
  1535        130  K_L0                91   985   985     0     0     0     0     -0.731      0.198     37.507     37.518      0.498
  1536        130  K_L0                91   986   986     0     0     0     0      0.605      0.113      4.786      4.851      0.498
  1537        130  K_L0                91   987   987     0     0     0     0     -0.230     -0.116      3.600      3.644      0.498
  1538        310  K_S0                91   988   988     0     0     0     0     -0.172     -0.064     -0.188      0.563      0.498
  1539        211  pi+                 91   992     0     0     0     0     0     -1.738     -0.249     -5.315      5.599      0.140
  1540        111  (pi0)              -91   992     0  2042  2043     0     0     -0.238     -0.063     -0.428      0.512      0.135
  1541       -211  pi-                 91   996     0     0     0     0     0      0.573     -0.320    -77.204     77.207      0.140
  1542        111  (pi0)              -91   996     0  2044  2045     0     0      0.067      0.029     -3.379      3.383      0.135
  1543       -321  K-                  91  1005     0     0     0     0     0      0.315      0.008      0.719      0.928      0.494
  1544        111  (pi0)              -91  1005     0  2046  2047     0     0     -0.169      0.251      0.547      0.640      0.135
  1545        211  pi+                 91  1006     0     0     0     0     0      0.357     -0.106      1.154      1.221      0.140
  1546        111  (pi0)              -91  1006     0  2048  2049     0     0     -0.249     -0.272      0.279      0.482      0.135
  1547       -211  pi-                 91  1007     0     0     0     0     0     -0.234      0.304      0.143      0.432      0.140
  1548        111  (pi0)              -91  1007     0  2050  2051     0     0     -0.041     -0.375      0.102      0.413      0.135
  1549        211  pi+                 91  1016     0     0     0     0     0     -0.572      0.579      2.294      2.438      0.140
  1550        111  (pi0)              -91  1016     0  2052  2053     0     0      0.204      0.091      3.072      3.083      0.135
  1551       -211  pi-                 91  1020     0     0     0     0     0     -0.229      0.144     -0.761      0.819      0.140
  1552        111  (pi0)              -91  1020     0  2054  2055     0     0      0.225     -0.589     -1.620      1.743      0.135
  1553        310  K_S0                91  1022  1022     0     0     0     0     -1.319      0.603     -9.776      9.896      0.498
  1554        311  (K0)               -91  1025     0  1779  1779     0     0     -0.566     -0.527      5.217      5.297      0.498
  1555        211  pi+                 91  1025     0     0     0     0     0     -0.001      0.117      0.638      0.664      0.140
  1556       -311  (Kbar0)            -91  1026     0  1780  1780     0     0     -0.644      0.478      6.359      6.429      0.498
  1557        111  (pi0)              -91  1026     0  2056  2057     0     0     -0.451     -0.152      2.948      2.989      0.135
  1558       -211  pi-                 91  1027     0     0     0     0     0      0.100      0.109      1.588      1.601      0.140
  1559        111  (pi0)              -91  1027     0  2058  2059     0     0     -0.168     -0.772      5.902      5.956      0.135
  1560        211  pi+                 91  1029     0     0     0     0     0     -0.042      0.298     -1.375      1.414      0.140
  1561       -211  pi-                 91  1029     0     0     0     0     0      0.155      0.071      0.027      0.222      0.140
  1562        311  (K0)               -91  1034     0  1781  1781     0     0     -0.142     -0.086    -12.146     12.158      0.498
  1563        111  (pi0)              -91  1034     0  2060  2061     0     0     -0.001      0.170     -1.117      1.138      0.135
  1564        310  K_S0                91  1050  1050     0     0     0     0      0.091      0.522      8.039      8.072      0.498
  1565       -211  pi-                 91  1051     0     0     0     0     0     -0.059     -0.400      2.581      2.617      0.140
  1566        111  (pi0)              -91  1051     0  2062  2063     0     0      0.084     -0.190      6.118      6.123      0.135
  1567       -211  pi-                 91  1062     0     0     0     0     0     -0.571      0.509      1.614      1.792      0.140
  1568        111  (pi0)              -91  1062     0  2064  2065     0     0      0.417      0.580      1.220      1.421      0.135
  1569        211  pi+                 91  1073     0     0     0     0     0      0.054      0.193      2.281      2.295      0.140
  1570        111  (pi0)              -91  1073     0  2066  2067     0     0      0.739     -0.148     21.653     21.667      0.135
  1571       -211  pi-                 91  1074     0     0     0     0     0      0.937     -0.761     18.701     18.740      0.140
  1572        111  (pi0)              -91  1074     0  2068  2069     0     0      0.118      0.122     11.292     11.294      0.135
  1573        211  pi+                 91  1075     0     0     0     0     0     -0.260     -0.047     15.656     15.658      0.140
  1574       -211  pi-                 91  1075     0     0     0     0     0      0.296     -0.379      6.520      6.539      0.140
  1575        130  K_L0                91  1087  1087     0     0     0     0      1.623     -2.236     -2.236      3.589      0.498
  1576        130  K_L0                91  1089  1089     0     0     0     0      1.221     -0.282     -1.202      1.806      0.498
  1577       -211  pi-                 91  1091     0     0     0     0     0      0.036      0.014     -1.580      1.587      0.140
  1578        111  (pi0)              -91  1091     0  2070  2071     0     0      0.740     -0.960     -1.747      2.131      0.135
  1579       2212  p+                  91  1094     0     0     0     0     0     -0.142     -0.475    -22.396     22.422      0.938
  1580        211  pi+                 91  1094     0     0     0     0     0     -0.199     -0.299     -4.395      4.412      0.140
  1581        211  pi+                 91  1099     0     0     0     0     0     -0.718     -0.130   -122.122    122.124      0.140
  1582        111  (pi0)              -91  1099     0  2072  2073     0     0      0.579     -0.226   -145.960    145.961      0.135
  1583        211  pi+                 91  1103     0     0     0     0     0     -0.510     -0.717   -233.489    233.491      0.140
  1584       -211  pi-                 91  1103     0     0     0     0     0      0.276     -0.418   -153.626    153.627      0.140
  1585       -211  pi-                 91  1106     0     0     0     0     0      0.257     -0.112     -7.904      7.910      0.140
  1586        111  (pi0)              -91  1106     0  2074  2075     0     0     -0.517     -0.113    -26.205     26.211      0.135
  1587        211  pi+                 91  1107     0     0     0     0     0      0.624     -0.365    -11.826     11.849      0.140
  1588        111  (pi0)              -91  1107     0  2076  2077     0     0     -0.161      0.508     -6.879      6.901      0.135
  1589       -211  pi-                 91  1118     0     0     0     0     0     -0.183      0.184    -17.557     17.559      0.140
  1590        111  (pi0)              -91  1118     0  2078  2079     0     0      0.038      0.716    -91.791     91.794      0.135
  1591        130  K_L0                91  1120  1120     0     0     0     0     -0.689      0.631    -73.101     73.108      0.498
  1592        321  K+                  91  1121     0     0     0     0     0     -0.160     -0.020    -72.058     72.060      0.494
  1593       -211  pi-                 91  1121     0     0     0     0     0      0.310      0.050    -24.884     24.886      0.140
  1594        211  pi+                 91  1128     0     0     0     0     0      0.219      0.491      0.871      1.033      0.140
  1595       -211  pi-                 91  1128     0     0     0     0     0     -0.162     -0.260      0.478      0.584      0.140
  1596        211  pi+                 91  1132     0     0     0     0     0      0.006     -0.185     -2.093      2.106      0.140
  1597        111  (pi0)              -91  1132     0  2080  2081     0     0     -0.520      0.010     -6.713      6.734      0.135
  1598       -211  pi-                 91  1157     0     0     0     0     0     -0.689      0.481     -1.755      1.951      0.140
  1599        111  (pi0)              -91  1157     0  2082  2083     0     0     -1.245     -0.073     -3.570      3.784      0.135
  1600        211  pi+                 91  1159     0     0     0     0     0      0.578      0.234      0.220      0.676      0.140
  1601       -211  pi-                 91  1159     0     0     0     0     0     -0.267      0.181      0.101      0.366      0.140
  1602       -321  K-                  91  1166     0     0     0     0     0      0.600     -0.002      4.162      4.234      0.494
  1603        211  pi+                 91  1166     0     0     0     0     0      0.197      0.343      1.024      1.106      0.140
  1604        211  pi+                 91  1168     0     0     0     0     0      0.296      0.244      2.059      2.099      0.140
  1605        111  (pi0)              -91  1168     0  2084  2085     0     0     -0.272      0.120      5.428      5.438      0.135
  1606        211  pi+                 91  1169     0     0     0     0     0     -1.654     -0.354     12.509     12.624      0.140
  1607       -211  pi-                 91  1169     0     0     0     0     0      0.213      0.261      2.485      2.511      0.140
  1608       -211  pi-                 91  1171     0     0     0     0     0     -0.025     -0.044      1.127      1.137      0.140
  1609        111  (pi0)              -91  1171     0  2086  2087     0     0     -1.631      0.041     13.128     13.229      0.135
  1610        211  pi+                 91  1173     0     0     0     0     0     -0.147     -0.834      3.696      3.795      0.140
  1611       -211  pi-                 91  1173     0     0     0     0     0     -0.234     -0.060      0.475      0.551      0.140
  1612        321  K+                  91  1174     0     0     0     0     0     -0.449      0.029      3.760      3.819      0.494
  1613       -211  pi-                 91  1174     0     0     0     0     0     -0.232     -0.420      2.887      2.930      0.140
  1614       -311  (Kbar0)            -91  1175     0  1782  1782     0     0     -0.528     -0.793      4.874      4.991      0.498
  1615        111  (pi0)              -91  1175     0  2088  2089     0     0     -0.548     -0.086      2.077      2.154      0.135
  1616        130  K_L0                91  1176  1176     0     0     0     0     -1.524     -2.534      9.365      9.834      0.498
  1617        130  K_L0                91  1177  1177     0     0     0     0     -0.412     -2.946      6.674      7.324      0.498
  1618        211  pi+                 91  1179     0     0     0     0     0     -0.185     -4.333     12.083     12.839      0.140
  1619       -211  pi-                 91  1179     0     0     0     0     0     -0.186     -1.921      4.142      4.572      0.140
  1620       -211  pi-                 91  1181     0     0     0     0     0     -0.130     -8.523     22.200     23.781      0.140
  1621        111  (pi0)              -91  1181     0  2090  2091     0     0     -0.993    -10.909     27.593     29.688      0.135
  1622        311  (K0)               -91  1185     0  1783  1783     0     0     -1.197    -25.440     63.638     68.547      0.498
  1623        111  (pi0)              -91  1185     0  2092  2093     0     0     -0.293     -3.308      8.547      9.171      0.135
  1624        310  K_S0                91  1186  1186     0     0     0     0     -1.968    -34.733     89.107     95.658      0.498
  1625        211  pi+                 91  1188     0     0     0     0     0     -0.145     -4.074     11.256     11.972      0.140
  1626        111  (pi0)              -91  1188     0  2094  2095     0     0     -1.637    -25.985     67.789     72.617      0.135
  1627        211  pi+                 91  1196     0     0     0     0     0      0.023     -0.262      1.049      1.090      0.140
  1628       -211  pi-                 91  1196     0     0     0     0     0      1.393     -1.323      8.070      8.297      0.140
  1629       -211  pi-                 91  1197     0     0     0     0     0      3.342     -4.127     21.410     22.059      0.140
  1630        111  (pi0)              -91  1197     0  2096  2097     0     0      2.420     -1.572     11.399     11.760      0.135
  1631      -2112  nbar0               91  1200     0     0     0     0     0      2.523     -2.171     15.460     15.842      0.940
  1632       -211  pi-                 91  1200     0     0     0     0     0      2.203     -2.094     13.602     13.938      0.140
  1633       -211  pi-                 91  1204     0     0     0     0     0      1.584     -0.848     10.793     10.942      0.140
  1634        111  (pi0)              -91  1204     0  2098  2099     0     0      0.632     -0.782      5.705      5.795      0.135
  1635        211  pi+                 91  1205     0     0     0     0     0      0.606     -1.254      9.544      9.646      0.140
  1636        111  (pi0)              -91  1205     0  2100  2101     0     0      0.540     -0.419      8.400      8.428      0.135
  1637        130  K_L0                91  1207  1207     0     0     0     0      5.071     -2.879     46.222     46.591      0.498
  1638        130  K_L0                91  1208  1208     0     0     0     0      1.098     -2.531     31.236     31.361      0.498
  1639      -2112  nbar0               91  1217     0     0     0     0     0      1.394      0.411    324.800    324.804      0.940
  1640        111  (pi0)              -91  1217     0  2102  2103     0     0      0.003      0.053     10.041     10.042      0.135
  1641        211  pi+                 91  1218     0     0     0     0     0     -0.231     -0.186     10.899     10.904      0.140
  1642       -211  pi-                 91  1218     0     0     0     0     0      0.049      0.511     32.341     32.345      0.140
  1643        211  pi+                 91  1224     0     0     0     0     0     -0.488      0.269     -0.752      0.947      0.140
  1644       -211  pi-                 91  1224     0     0     0     0     0      0.002      0.214      0.064      0.263      0.140
  1645       -321  K-                  91  1226     0     0     0     0     0     -0.536     -0.475     -1.209      1.489      0.494
  1646        211  pi+                 91  1226     0     0     0     0     0      0.143     -0.026     -0.153      0.253      0.140
  1647       -211  pi-                 91  1227     0     0     0     0     0      0.046     -0.380     -8.316      8.326      0.140
  1648        111  (pi0)              -91  1227     0  2104  2105     0     0      0.151      0.142     -0.550      0.603      0.135
  1649        211  pi+                 91  1228     0     0     0     0     0     -0.376      0.143     -0.702      0.821      0.140
  1650        111  (pi0)              -91  1228     0  2106  2107     0     0      0.260      0.365     -4.997      5.019      0.135
  1651        211  pi+                 91  1235     0     0     0     0     0      0.444     -0.045   -101.681    101.682      0.140
  1652       -211  pi-                 91  1235     0     0     0     0     0      0.311     -0.537    -62.477     62.480      0.140
  1653      -2112  nbar0               91  1240     0     0     0     0     0      0.097     -0.251    -12.349     12.388      0.940
  1654        211  pi+                 91  1240     0     0     0     0     0      0.005     -0.184     -0.774      0.808      0.140
  1655        310  K_S0                91  1246  1246     0     0     0     0     -0.307     -0.343      0.545      0.870      0.498
  1656        130  K_L0                91  1247  1247     0     0     0     0      0.287      0.038      1.094      1.237      0.498
  1657        211  pi+                 91  1250     0     0     0     0     0     -0.200      0.101      1.181      1.210      0.140
  1658        111  (pi0)              -91  1250     0  2108  2109     0     0     -0.364      0.255     16.585     16.592      0.135
  1659        130  K_L0                91  1252  1252     0     0     0     0      0.082      0.009      2.517      2.567      0.498
  1660        211  pi+                 91  1255     0     0     0     0     0      0.244     -0.349     27.453     27.457      0.140
  1661        111  (pi0)              -91  1255     0  2110  2111     0     0     -0.311     -0.068     11.235     11.240      0.135
  1662        321  K+                  91  1259     0     0     0     0     0     -0.093     -0.787     -1.033      1.393      0.494
  1663        111  (pi0)              -91  1259     0  2112  2113     0     0      0.552     -1.503     -2.257      2.771      0.135
  1664        130  K_L0                91  1262  1262     0     0     0     0      0.213      0.018    -53.803     53.806      0.498
  1665       -211  pi-                 91  1266     0     0     0     0     0     -0.376     -0.360    -13.359     13.370      0.140
  1666        111  (pi0)              -91  1266     0  2114  2115     0     0      0.177     -0.038     -1.057      1.081      0.135
  1667        211  pi+                 91  1268     0     0     0     0     0     -0.683     -0.006     70.311     70.314      0.140
  1668        111  (pi0)              -91  1268     0  2116  2117     0     0      0.235      0.031     96.214     96.215      0.135
  1669        130  K_L0                91  1273  1273     0     0     0     0      0.588      0.293      7.421      7.466      0.498
  1670        211  pi+                 91  1275     0     0     0     0     0     -0.523     -0.475      2.256      2.368      0.140
  1671       -211  pi-                 91  1275     0     0     0     0     0      0.187      0.048      0.608      0.653      0.140
  1672        310  K_S0                91  1277  1277     0     0     0     0      0.224     -0.125     -0.415      0.697      0.498
  1673       -311  (Kbar0)            -91  1278     0  1784  1784     0     0      0.240     -0.026     -0.478      0.731      0.498
  1674       -211  pi-                 91  1278     0     0     0     0     0     -0.419      0.016     -0.128      0.460      0.140
  1675       2112  n0                  91  1279     0     0     0     0     0     -0.026      0.250     -0.991      1.389      0.940
  1676        211  pi+                 91  1279     0     0     0     0     0     -0.108     -0.234     -0.299      0.419      0.140
  1677       -311  (Kbar0)            -91  1280     0  1785  1785     0     0     -0.110      0.104     -0.715      0.884      0.498
  1678       -211  pi-                 91  1280     0     0     0     0     0      0.056     -0.354     -0.233      0.450      0.140
  1679       -211  pi-                 91  1294     0     0     0     0     0     -3.975     46.657    183.201    189.091      0.140
  1680        111  (pi0)              -91  1294     0  2118  2119     0     0    -16.760    212.107    838.768    865.333      0.135
  1681        130  K_L0                91  1297  1297     0     0     0     0     -0.440      2.441      8.680      9.041      0.498
  1682       -211  pi-                 91  1304     0     0     0     0     0      0.002      0.265      1.122      1.162      0.140
  1683        111  (pi0)              -91  1304     0  2120  2121     0     0     -0.897     -0.061      1.614      1.852      0.135
  1684        211  pi+                 91  1306     0     0     0     0     0      0.466      0.136      0.280      0.578      0.140
  1685       -211  pi-                 91  1306     0     0     0     0     0     -0.994      0.381      1.338      1.716      0.140
  1686        321  K+                  91  1307     0     0     0     0     0     -2.233     -0.228      0.526      2.358      0.494
  1687        111  (pi0)              -91  1307     0  2122  2123     0     0     -1.447     -0.512      0.952      1.811      0.135
  1688       -211  pi-                 91  1311     0     0     0     0     0     -0.174      0.159      0.182      0.329      0.140
  1689        111  (pi0)              -91  1311     0  2124  2125     0     0      0.063     -0.093     -0.889      0.906      0.135
  1690        211  pi+                 91  1313     0     0     0     0     0      0.338      0.227     -2.051      2.096      0.140
  1691        111  (pi0)              -91  1313     0  2126  2127     0     0      0.094      0.074     -0.118      0.215      0.135
  1692        311  (K0)               -91  1320     0  1786  1786     0     0      0.341      0.981     -3.421      3.610      0.498
  1693        211  pi+                 91  1320     0     0     0     0     0      0.816      1.630     -6.200      6.464      0.140
  1694       -321  K-                  91  1321     0     0     0     0     0      0.916      1.350     -3.568      3.954      0.494
  1695        111  (pi0)              -91  1321     0  2128  2129     0     0      0.876      1.571     -4.213      4.583      0.135
  1696        321  K+                  91  1395     0     0     0     0     0     -0.478      0.740   -268.736    268.738      0.494
  1697       -211  pi-                 91  1395     0     0     0     0     0      0.166      0.047   -113.555    113.556      0.140
  1698        130  K_L0                91  1396  1396     0     0     0     0      0.146     -0.771   -442.693    442.694      0.498
  1699       -321  K-                  91  1400     0     0     0     0     0      0.315     -0.895   -126.167    126.172      0.494
  1700        211  pi+                 91  1400     0     0     0     0     0      0.293     -0.017    -31.623     31.625      0.140
  1701        321  K+                  91  1405     0     0     0     0     0      0.322     -0.672    -48.579     48.587      0.494
  1702        111  (pi0)              -91  1405     0  2130  2131     0     0     -0.207     -0.104     -9.512      9.516      0.135
  1703        310  K_S0                91  1408  1408     0     0     0     0      0.214     -0.380    -38.434     38.440      0.498
  1704        211  pi+                 91  1412     0     0     0     0     0     -0.579      0.051    -15.749     15.760      0.140
  1705       -211  pi-                 91  1412     0     0     0     0     0     -0.198     -0.690    -20.018     20.031      0.140
  1706       -311  (Kbar0)            -91  1417     0  1787  1787     0     0     -0.385     -0.525     -8.447      8.486      0.498
  1707       -211  pi-                 91  1417     0     0     0     0     0     -0.990     -0.228    -10.300     10.350      0.140
  1708        310  K_S0                91  1419  1419     0     0     0     0      0.754     -0.271     -7.496      7.555      0.498
  1709        211  pi+                 91  1427     0     0     0     0     0      0.316     -0.037     -0.476      0.590      0.140
  1710       -211  pi-                 91  1427     0     0     0     0     0      0.299     -1.031     -3.206      3.384      0.140
  1711       2212  p+                  91  1428     0     0     0     0     0      0.143     -0.594     -2.029      2.317      0.938
  1712        211  pi+                 91  1428     0     0     0     0     0      0.232      0.043     -0.147      0.311      0.140
  1713       -211  pi-                 91  1432     0     0     0     0     0      0.349      0.038      0.037      0.379      0.140
  1714        111  (pi0)              -91  1432     0  2132  2133     0     0      0.362     -0.667     -0.686      1.032      0.135
  1715       -211  pi-                 91  1439     0     0     0     0     0     -0.498      0.055      2.788      2.836      0.140
  1716        111  (pi0)              -91  1439     0  2134  2135     0     0      0.036      0.242      8.315      8.320      0.135
  1717        211  pi+                 91  1441     0     0     0     0     0      0.582     -0.531     96.917     96.920      0.140
  1718       -211  pi-                 91  1441     0     0     0     0     0      0.123      0.394     19.020     19.025      0.140
  1719        211  pi+                 91  1445     0     0     0     0     0     -0.247     -0.514     37.627     37.632      0.140
  1720       -211  pi-                 91  1445     0     0     0     0     0      0.370     -0.257     29.195     29.199      0.140
  1721      -2212  pbar-               91  1448     0     0     0     0     0     -0.219      0.514     51.643     51.654      0.938
  1722        111  (pi0)              -91  1448     0  2136  2137     0     0      0.149      0.613     53.439     53.443      0.135
  1723       2212  p+                  91  1449     0     0     0     0     0     -0.070      0.890     43.653     43.672      0.938
  1724        211  pi+                 91  1449     0     0     0     0     0      0.040      0.498     14.811     14.820      0.140
  1725       -211  pi-                 91  1453     0     0     0     0     0     -1.082     -0.395     20.501     20.533      0.140
  1726        111  (pi0)              -91  1453     0  2138  2139     0     0     -0.527     -0.318      4.202      4.249      0.135
  1727        211  pi+                 91  1456     0     0     0     0     0     -0.879     -0.288     16.240     16.267      0.140
  1728        111  (pi0)              -91  1456     0  2140  2141     0     0     -0.681     -0.304      5.047      5.104      0.135
  1729       -211  pi-                 91  1457     0     0     0     0     0     -0.691     -0.208     20.316     20.330      0.140
  1730        111  (pi0)              -91  1457     0  2142  2143     0     0     -0.377     -0.751     10.082     10.118      0.135
  1731       -211  pi-                 91  1460     0     0     0     0     0     -0.599     -0.319     24.331     24.341      0.140
  1732        111  (pi0)              -91  1460     0  2144  2145     0     0      0.016     -0.723     18.363     18.377      0.135
  1733        211  pi+                 91  1463     0     0     0     0     0     -0.081     -0.321     16.261     16.265      0.140
  1734        111  (pi0)              -91  1463     0  2146  2147     0     0     -0.119     -0.966     16.041     16.072      0.135
  1735       -311  (Kbar0)            -91  1466     0  1788  1788     0     0     -1.493     -0.780     77.133     77.153      0.498
  1736       -211  pi-                 91  1466     0     0     0     0     0     -0.194      0.041      6.356      6.361      0.140
  1737        130  K_L0                91  1471  1471     0     0     0     0     -0.221      0.311      6.633      6.662      0.498
  1738        310  K_S0                91  1472  1472     0     0     0     0     -0.044      0.613     19.800     19.816      0.498
  1739        310  K_S0                91  1473  1473     0     0     0     0      0.020      0.409      7.136      7.165      0.498
  1740        211  pi+                 91  1476     0     0     0     0     0      0.070     -0.157      3.208      3.216      0.140
  1741       -211  pi-                 91  1476     0     0     0     0     0     -0.507      0.642     10.393     10.426      0.140
  1742        211  pi+                 91  1480     0     0     0     0     0     -1.432     -0.678      2.620      3.065      0.140
  1743       -211  pi-                 91  1480     0     0     0     0     0     -0.489     -0.395      1.707      1.824      0.140
  1744       -311  (Kbar0)            -91  1482     0  1789  1789     0     0     -0.413     -0.386      0.914      1.184      0.498
  1745       -211  pi-                 91  1482     0     0     0     0     0     -0.353     -0.123     -0.015      0.399      0.140
  1746        211  pi+                 91  1484     0     0     0     0     0      0.129      0.299      0.144      0.382      0.140
  1747       -211  pi-                 91  1484     0     0     0     0     0     -0.944     -0.117      0.332      1.017      0.140
  1748        211  pi+                 91  1487     0     0     0     0     0     -0.373     -0.217     -0.517      0.688      0.140
  1749        111  (pi0)              -91  1487     0  2148  2149     0     0      0.012      0.358     -0.900      0.978      0.135
  1750       -211  pi-                 91  1488     0     0     0     0     0     -0.277      0.256     -0.885      0.972      0.140
  1751        111  (pi0)              -91  1488     0  2150  2151     0     0     -0.595     -0.114     -0.332      0.704      0.135
  1752        211  pi+                 91  1491     0     0     0     0     0     -0.571      0.593     -1.883      2.060      0.140
  1753        111  (pi0)              -91  1491     0  2152  2153     0     0     -0.017      0.121     -0.001      0.182      0.135
  1754        130  K_L0                91  1492  1492     0     0     0     0     -0.970      0.829     -2.688      3.017      0.498
  1755       -311  (Kbar0)            -91  1493     0  1790  1790     0     0     -0.778      1.841     -3.323      3.910      0.498
  1756       -211  pi-                 91  1493     0     0     0     0     0     -0.141      0.193     -0.988      1.026      0.140
  1757        211  pi+                 91  1494     0     0     0     0     0     -0.604      1.432     -2.438      2.895      0.140
  1758        111  (pi0)              -91  1494     0  2154  2155     0     0     -1.121      2.189     -5.938      6.428      0.135
  1759        211  pi+                 91  1499     0     0     0     0     0     -0.542      0.426     -2.690      2.780      0.140
  1760       -211  pi-                 91  1499     0     0     0     0     0     -0.934      0.179     -7.324      7.387      0.140
  1761        211  pi+                 91  1505     0     0     0     0     0     -0.535      1.265    -16.939     16.996      0.140
  1762        111  (pi0)              -91  1505     0  2156  2157     0     0      0.165      0.180     -2.519      2.535      0.135
  1763        211  pi+                 91  1507     0     0     0     0     0      0.263     -0.123     -4.588      4.599      0.140
  1764        111  (pi0)              -91  1507     0  2158  2159     0     0     -0.037      0.450     -6.550      6.567      0.135
  1765       -211  pi-                 91  1509     0     0     0     0     0      0.236      0.183     -2.000      2.027      0.140
  1766        111  (pi0)              -91  1509     0  2160  2161     0     0      0.498      0.599    -17.080     17.099      0.135
  1767       -211  pi-                 91  1511     0     0     0     0     0      0.354      0.971    -43.433     43.446      0.140
  1768        111  (pi0)              -91  1511     0  2162  2163     0     0      1.231      0.250    -26.178     26.209      0.135
  1769        311  (K0)               -91  1512     0  1791  1791     0     0      0.236      1.510    -91.431     91.445      0.498
  1770        211  pi+                 91  1512     0     0     0     0     0      0.100     -0.038     -5.951      5.954      0.140
  1771       -311  (Kbar0)            -91  1513     0  1792  1792     0     0      0.578      0.921   -130.415    130.420      0.498
  1772       -211  pi-                 91  1513     0     0     0     0     0      0.058      0.320    -14.344     14.348      0.140
  1773        211  pi+                 91  1517     0     0     0     0     0     -0.011      0.591   -120.530    120.531      0.140
  1774       -211  pi-                 91  1517     0     0     0     0     0     -0.088      0.001    -10.773     10.774      0.140
  1775        211  pi+                 91  1518     0     0     0     0     0      0.570      0.003   -107.790    107.792      0.140
  1776        111  (pi0)              -91  1518     0  2164  2165     0     0     -0.110     -0.201   -115.317    115.317      0.135
  1777        310  K_S0                91  1519  1519     0     0     0     0      0.319     -0.269      9.545      9.567      0.498
  1778        130  K_L0                91  1521  1521     0     0     0     0     -0.326     -0.416     -1.052      1.278      0.498
  1779        130  K_L0                91  1554  1554     0     0     0     0     -0.566     -0.527      5.217      5.297      0.498
  1780        310  K_S0                91  1556  1556     0     0     0     0     -0.644      0.478      6.359      6.429      0.498
  1781        130  K_L0                91  1562  1562     0     0     0     0     -0.142     -0.086    -12.146     12.158      0.498
  1782        310  K_S0                91  1614  1614     0     0     0     0     -0.528     -0.793      4.874      4.991      0.498
  1783        130  K_L0                91  1622  1622     0     0     0     0     -1.197    -25.440     63.638     68.547      0.498
  1784        310  K_S0                91  1673  1673     0     0     0     0      0.240     -0.026     -0.478      0.731      0.498
  1785        130  K_L0                91  1677  1677     0     0     0     0     -0.110      0.104     -0.715      0.884      0.498
  1786        130  K_L0                91  1692  1692     0     0     0     0      0.341      0.981     -3.421      3.610      0.498
  1787        130  K_L0                91  1706  1706     0     0     0     0     -0.385     -0.525     -8.447      8.486      0.498
  1788        310  K_S0                91  1735  1735     0     0     0     0     -1.493     -0.780     77.133     77.153      0.498
  1789        130  K_L0                91  1744  1744     0     0     0     0     -0.413     -0.386      0.914      1.184      0.498
  1790        310  K_S0                91  1755  1755     0     0     0     0     -0.778      1.841     -3.323      3.910      0.498
  1791        130  K_L0                91  1769  1769     0     0     0     0      0.236      1.510    -91.431     91.445      0.498
  1792        310  K_S0                91  1771  1771     0     0     0     0      0.578      0.921   -130.415    130.420      0.498
  1793         22  gamma               91   937     0     0     0     0     0     -0.288     -0.226      7.784      7.792      0.000
  1794         22  gamma               91   937     0     0     0     0     0     -0.019     -0.025      2.144      2.144      0.000
  1795        111  (pi0)              -91   942     0  2166  2167     0     0      0.030     -0.862      0.162      0.888      0.135
  1796         22  gamma               91   942     0     0     0     0     0     -0.268      0.025      0.140      0.304      0.000
  1797        211  pi+                 91   951     0     0     0     0     0      0.007     -0.091    -10.876     10.877      0.140
  1798       -211  pi-                 91   951     0     0     0     0     0     -0.114     -0.020     -3.682      3.686      0.140
  1799        111  (pi0)              -91   951     0  2168  2169     0     0      0.037     -0.006     -2.903      2.906      0.135
  1800        111  (pi0)              -91   959     0  2170  2171     0     0      0.049      0.103      0.537      0.565      0.135
  1801        111  (pi0)              -91   959     0  2172  2173     0     0     -0.072     -0.076      0.341      0.382      0.135
  1802        111  (pi0)              -91   959     0  2174  2175     0     0     -0.099     -0.068      0.907      0.925      0.135
  1803         22  gamma               91   965     0     0     0     0     0     -0.331     -0.143      1.616      1.656      0.000
  1804         22  gamma               91   965     0     0     0     0     0      0.182     -0.301      2.137      2.166      0.000
  1805         22  gamma               91   968     0     0     0     0     0     -0.107      0.175      1.344      1.359      0.000
  1806         22  gamma               91   968     0     0     0     0     0     -0.058      0.246      2.728      2.740      0.000
  1807        211  pi+                 91   973     0     0     0     0     0      0.490     -0.537     -1.625      1.785      0.140
  1808       -211  pi-                 91   973     0     0     0     0     0      0.072     -0.037     -0.134      0.209      0.140
  1809        111  (pi0)              -91   973     0  2176  2177     0     0     -0.060     -0.301     -0.676      0.754      0.135
  1810         22  gamma               91   975     0     0     0     0     0      0.052     -0.233     -0.172      0.294      0.000
  1811         22  gamma               91   975     0     0     0     0     0      0.107     -0.411     -0.107      0.438      0.000
  1812        211  pi+                 91   980     0     0     0     0     0      0.102      0.132      2.019      2.031      0.140
  1813       -211  pi-                 91   980     0     0     0     0     0      0.220      0.042      0.441      0.514      0.140
  1814        111  (pi0)              -91   980     0  2178  2179     0     0     -0.040     -0.116      0.680      0.704      0.135
  1815        211  pi+                 91   981     0     0     0     0     0      0.029     -0.144      2.511      2.519      0.140
  1816       -211  pi-                 91   981     0     0     0     0     0      0.157     -0.274      1.737      1.771      0.140
  1817        111  (pi0)              -91   981     0  2180  2181     0     0      0.105     -0.065      1.042      1.058      0.135
  1818        211  pi+                 91   984     0     0     0     0     0      0.062      0.115      7.957      7.959      0.140
  1819       -211  pi-                 91   984     0     0     0     0     0      0.368     -0.355     17.995     18.003      0.140
  1820        111  (pi0)              -91   984     0  2182  2183     0     0      0.073     -0.152     19.026     19.027      0.135
  1821         22  gamma               91   990     0     0     0     0     0      0.004     -0.014     -0.151      0.152      0.000
  1822         22  gamma               91   990     0     0     0     0     0      0.170     -0.201      0.473      0.541      0.000
  1823         22  gamma               91   993     0     0     0     0     0      0.278     -0.040     -0.808      0.855      0.000
  1824         22  gamma               91   993     0     0     0     0     0      0.026     -0.055     -0.267      0.273      0.000
  1825         22  gamma               91   997     0     0     0     0     0      0.538      0.486    -25.579     25.589      0.000
  1826         22  gamma               91   997     0     0     0     0     0      0.268      0.366    -17.999     18.005      0.000
  1827         22  gamma               91  1002     0     0     0     0     0      0.050      0.003      1.338      1.339      0.000
  1828         22  gamma               91  1002     0     0     0     0     0      0.242      0.334     16.263     16.268      0.000
  1829        211  pi+                 91  1003     0     0     0     0     0      0.032      0.119     10.026     10.028      0.140
  1830       -211  pi-                 91  1003     0     0     0     0     0      0.095      0.079      3.549      3.554      0.140
  1831        111  (pi0)              -91  1003     0  2184  2185     0     0     -0.092      0.880     27.945     27.959      0.135
  1832         22  gamma               91  1009     0     0     0     0     0      0.040     -0.263     -0.113      0.289      0.000
  1833         22  gamma               91  1009     0     0     0     0     0      0.052     -0.027     -0.069      0.090      0.000
  1834         22  gamma               91  1017     0     0     0     0     0     -0.006     -0.014      0.233      0.233      0.000
  1835         22  gamma               91  1017     0     0     0     0     0     -0.184      0.251      2.032      2.056      0.000
  1836        111  (pi0)              -91  1052     0  2186  2187     0     0     -0.222     -0.005      0.911      0.947      0.135
  1837        111  (pi0)              -91  1052     0  2188  2189     0     0      0.010      0.115      0.484      0.516      0.135
  1838        111  (pi0)              -91  1052     0  2190  2191     0     0     -0.028     -0.041      0.244      0.283      0.135
  1839        111  (pi0)              -91  1053     0  2192  2193     0     0      0.296     -0.166      1.017      1.080      0.135
  1840        111  (pi0)              -91  1053     0  2194  2195     0     0      0.060      0.025      0.373      0.402      0.135
  1841        111  (pi0)              -91  1053     0  2196  2197     0     0      0.469     -0.039      1.482      1.561      0.135
  1842         22  gamma               91  1054     0     0     0     0     0      0.038     -0.123      0.243      0.275      0.000
  1843         22  gamma               91  1054     0     0     0     0     0      0.234     -0.141      0.466      0.540      0.000
  1844        111  (pi0)              -91  1059     0  2198  2199     0     0     -0.071      0.504      2.606      2.659      0.135
  1845         22  gamma               91  1059     0     0     0     0     0      0.583      0.644      2.009      2.189      0.000
  1846        211  pi+                 91  1060     0     0     0     0     0     -0.023     -0.080      0.140      0.215      0.140
  1847       -211  pi-                 91  1060     0     0     0     0     0     -0.085      0.039      0.334      0.374      0.140
  1848        111  (pi0)              -91  1060     0  2200  2201     0     0     -0.314      0.628      0.926      1.170      0.135
  1849         22  gamma               91  1061     0     0     0     0     0      0.032      0.189      0.374      0.420      0.000
  1850         22  gamma               91  1061     0     0     0     0     0     -0.032      1.133      2.806      3.026      0.000
  1851         22  gamma               91  1066     0     0     0     0     0     -0.035      0.280      0.175      0.332      0.000
  1852         22  gamma               91  1066     0     0     0     0     0      0.062      0.276      0.296      0.410      0.000
  1853        111  (pi0)              -91  1071     0  2202  2203     0     0      0.048     -0.451      4.133      4.160      0.135
  1854        111  (pi0)              -91  1071     0  2204  2205     0     0      0.002     -0.041      1.537      1.543      0.135
  1855        111  (pi0)              -91  1071     0  2206  2207     0     0      0.001     -0.359      4.906      4.921      0.135
  1856         22  gamma               91  1072     0     0     0     0     0      1.202     -0.691     14.789     14.854      0.000
  1857         22  gamma               91  1072     0     0     0     0     0      0.829     -0.492      9.149      9.199      0.000
  1858        113  (rho0)             -91  1088     0  2208  2209     0     0     -0.176     -0.250     -0.996      1.275      0.736
  1859         22  gamma               91  1088     0     0     0     0     0      0.124     -0.126     -0.590      0.615      0.000
  1860         22  gamma               91  1090     0     0     0     0     0      0.256     -0.958     -0.729      1.231      0.000
  1861         22  gamma               91  1090     0     0     0     0     0      0.013     -0.201     -0.094      0.222      0.000
  1862         22  gamma               91  1097     0     0     0     0     0     -0.252      0.209     -6.772      6.780      0.000
  1863         22  gamma               91  1097     0     0     0     0     0     -0.074      0.055     -4.070      4.071      0.000
  1864         22  gamma               91  1098     0     0     0     0     0      0.007     -0.232    -41.900     41.901      0.000
  1865         22  gamma               91  1098     0     0     0     0     0      0.035     -0.123    -11.163     11.164      0.000
  1866         22  gamma               91  1104     0     0     0     0     0      0.099      0.015     -6.079      6.080      0.000
  1867         22  gamma               91  1104     0     0     0     0     0      0.137     -0.144    -15.602     15.603      0.000
  1868         22  gamma               91  1108     0     0     0     0     0      0.170      0.004     -0.258      0.309      0.000
  1869         22  gamma               91  1108     0     0     0     0     0     -0.224     -0.486     -1.648      1.732      0.000
  1870        211  pi+                 91  1110     0     0     0     0     0     -0.050      0.058      0.119      0.199      0.140
  1871       -211  pi-                 91  1110     0     0     0     0     0      0.033     -0.225     -0.123      0.294      0.140
  1872        111  (pi0)              -91  1110     0  2210  2211     0     0      0.142      0.140      0.248      0.346      0.135
  1873        111  (pi0)              -91  1112     0  2212  2213     0     0      0.148      0.108     -0.061      0.235      0.135
  1874        111  (pi0)              -91  1112     0  2214  2215     0     0      0.008     -0.053      0.020      0.147      0.135
  1875        111  (pi0)              -91  1112     0  2216  2217     0     0     -0.003      0.155     -0.147      0.252      0.135
  1876         22  gamma               91  1113     0     0     0     0     0     -0.007     -0.006      0.018      0.020      0.000
  1877         22  gamma               91  1113     0     0     0     0     0      0.349      0.220      0.233      0.474      0.000
  1878         22  gamma               91  1114     0     0     0     0     0     -0.126     -0.088      0.800      0.815      0.000
  1879         22  gamma               91  1114     0     0     0     0     0     -0.076     -0.048      0.146      0.171      0.000
  1880         22  gamma               91  1125     0     0     0     0     0      0.121      0.199      6.319      6.323      0.000
  1881         22  gamma               91  1125     0     0     0     0     0      0.036      0.375     11.165     11.171      0.000
  1882         22  gamma               91  1126     0     0     0     0     0      0.290     -0.108      5.957      5.965      0.000
  1883         22  gamma               91  1126     0     0     0     0     0     -0.129     -0.023      0.446      0.465      0.000
  1884       3122  Lambda0             91  1133     0     0     0     0     0      0.127     -0.085     -4.791      4.922      1.116
  1885         22  gamma               91  1133     0     0     0     0     0      0.009      0.011     -0.676      0.676      0.000
  1886         22  gamma               91  1158     0     0     0     0     0     -0.227      0.105     -0.283      0.377      0.000
  1887         22  gamma               91  1158     0     0     0     0     0     -0.180     -0.026     -0.290      0.342      0.000
  1888        211  pi+                 91  1160     0     0     0     0     0      0.550      0.374      0.977      1.190      0.140
  1889       -211  pi-                 91  1160     0     0     0     0     0      0.211      0.213      0.369      0.495      0.140
  1890         22  gamma               91  1160     0     0     0     0     0      0.838      0.279      1.068      1.386      0.000
  1891         22  gamma               91  1170     0     0     0     0     0      0.002      0.013      0.039      0.041      0.000
  1892         22  gamma               91  1170     0     0     0     0     0     -0.319     -0.247      1.076      1.149      0.000
  1893        111  (pi0)              -91  1178     0  2218  2219     0     0      0.008     -3.019      7.675      8.248      0.135
  1894        111  (pi0)              -91  1178     0  2220  2221     0     0     -0.210     -8.087     21.009     22.513      0.135
  1895        111  (pi0)              -91  1178     0  2222  2223     0     0      0.019     -2.966      7.386      7.961      0.135
  1896         22  gamma               91  1180     0     0     0     0     0     -0.617    -14.400     37.068     39.772      0.000
  1897         22  gamma               91  1180     0     0     0     0     0     -0.712    -17.554     45.581     48.849      0.000
  1898         22  gamma               91  1182     0     0     0     0     0     -0.842    -15.310     40.111     42.942      0.000
  1899         22  gamma               91  1182     0     0     0     0     0     -0.907    -15.144     38.201     41.103      0.000
  1900        211  pi+                 91  1183     0     0     0     0     0     -0.624    -13.862     35.101     37.744      0.140
  1901       -211  pi-                 91  1183     0     0     0     0     0     -0.566     -9.608     24.651     26.463      0.140
  1902        221  (eta)              -91  1183     0  2224  2226     0     0     -1.511    -34.130     87.771     94.187      0.548
  1903         22  gamma               91  1191     0     0     0     0     0      0.037     -0.325      0.850      0.910      0.000
  1904         22  gamma               91  1191     0     0     0     0     0     -0.051     -1.568      4.638      4.896      0.000
  1905         22  gamma               91  1192     0     0     0     0     0     -0.034     -2.677      7.525      7.987      0.000
  1906         22  gamma               91  1192     0     0     0     0     0     -0.095     -2.719      7.292      7.783      0.000
  1907         22  gamma               91  1193     0     0     0     0     0     -0.738     -1.604      4.155      4.515      0.000
  1908         22  gamma               91  1193     0     0     0     0     0     -0.059     -0.075      0.173      0.198      0.000
  1909         22  gamma               91  1202     0     0     0     0     0      0.747     -0.790      9.096      9.161      0.000
  1910         22  gamma               91  1202     0     0     0     0     0      0.389     -0.322      4.837      4.864      0.000
  1911         22  gamma               91  1206     0     0     0     0     0      0.036     -0.105      0.447      0.461      0.000
  1912         22  gamma               91  1206     0     0     0     0     0     -0.109     -0.249      1.445      1.471      0.000
  1913        211  pi+                 91  1209     0     0     0     0     0      0.785     -0.339     12.576     12.606      0.140
  1914       -211  pi-                 91  1209     0     0     0     0     0      0.735     -0.992     15.695     15.744      0.140
  1915        111  (pi0)              -91  1209     0  2227  2228     0     0      0.325     -0.234      6.995      7.007      0.135
  1916         22  gamma               91  1216     0     0     0     0     0      0.224      0.114     56.439     56.439      0.000
  1917         22  gamma               91  1216     0     0     0     0     0      0.555      0.509    145.339    145.341      0.000
  1918         22  gamma               91  1221     0     0     0     0     0      0.437      0.208      1.765      1.830      0.000
  1919         22  gamma               91  1221     0     0     0     0     0      0.094      0.128      0.570      0.592      0.000
  1920         22  gamma               91  1223     0     0     0     0     0      0.110     -0.029     -0.117      0.163      0.000
  1921         22  gamma               91  1223     0     0     0     0     0      0.110     -0.146     -0.418      0.456      0.000
  1922         22  gamma               91  1231     0     0     0     0     0     -0.298      0.778     -3.356      3.458      0.000
  1923         22  gamma               91  1231     0     0     0     0     0     -0.037      0.058     -0.160      0.174      0.000
  1924         22  gamma               91  1232     0     0     0     0     0      0.140      0.065     -0.568      0.588      0.000
  1925         22  gamma               91  1232     0     0     0     0     0      0.424      0.198     -1.014      1.117      0.000
  1926         22  gamma               91  1236     0     0     0     0     0      0.437      0.417    -81.605     81.607      0.000
  1927         22  gamma               91  1236     0     0     0     0     0      0.227      0.137    -46.259     46.260      0.000
  1928        211  pi+                 91  1242     0     0     0     0     0      0.172     -0.082     -0.778      0.813      0.140
  1929       -211  pi-                 91  1242     0     0     0     0     0     -0.169     -0.029     -0.188      0.290      0.140
  1930        111  (pi0)              -91  1242     0  2229  2230     0     0     -0.162      0.170     -0.420      0.500      0.135
  1931         22  gamma               91  1249     0     0     0     0     0      0.327     -0.300      0.252      0.510      0.000
  1932         22  gamma               91  1249     0     0     0     0     0      0.130     -0.074      0.179      0.233      0.000
  1933         22  gamma               91  1251     0     0     0     0     0      0.047     -0.182     15.626     15.628      0.000
  1934         22  gamma               91  1251     0     0     0     0     0     -0.025      0.004      5.698      5.698      0.000
  1935         22  gamma               91  1254     0     0     0     0     0     -0.023      0.061      0.371      0.377      0.000
  1936         22  gamma               91  1254     0     0     0     0     0     -0.096     -0.020      1.591      1.594      0.000
  1937         22  gamma               91  1260     0     0     0     0     0      0.125     -0.320    -31.900     31.902      0.000
  1938         22  gamma               91  1260     0     0     0     0     0      0.008      0.003     -4.849      4.849      0.000
  1939         22  gamma               91  1263     0     0     0     0     0      0.003     -0.475    -20.600     20.606      0.000
  1940         11  e-                  91  1263     0     0     0     0     0     -0.010      0.002     -0.193      0.193      0.001
  1941        -11  e+                  91  1263     0     0     0     0     0      0.001      0.001     -0.069      0.069      0.001
  1942        211  pi+                 91  1269     0     0     0     0     0      0.020      0.033     18.713     18.714      0.140
  1943       -211  pi-                 91  1269     0     0     0     0     0     -0.208     -0.221     18.376     18.379      0.140
  1944        111  (pi0)              -91  1269     0  2231  2232     0     0      0.160     -0.302     14.435     14.440      0.135
  1945         22  gamma               91  1296     0     0     0     0     0     -1.961     20.093     81.909     84.360      0.000
  1946         22  gamma               91  1296     0     0     0     0     0     -0.438      3.882     15.888     16.361      0.000
  1947         22  gamma               91  1299     0     0     0     0     0     -0.341      1.959      7.455      7.716      0.000
  1948         22  gamma               91  1299     0     0     0     0     0     -1.275      9.012     34.031     35.227      0.000
  1949        111  (pi0)              -91  1300     0  2233  2234     0     0     -0.382      0.814      6.267      6.332      0.135
  1950         22  gamma               91  1300     0     0     0     0     0     -0.272      1.055      3.542      3.706      0.000
  1951         22  gamma               91  1305     0     0     0     0     0      0.065     -0.031      0.044      0.084      0.000
  1952         22  gamma               91  1305     0     0     0     0     0      0.094      0.055     -0.064      0.127      0.000
  1953        211  pi+                 91  1309     0     0     0     0     0     -1.685     -0.079      0.260      1.712      0.140
  1954       -211  pi-                 91  1309     0     0     0     0     0     -0.079     -0.009      0.041      0.166      0.140
  1955        111  (pi0)              -91  1309     0  2235  2236     0     0     -0.462      0.150      0.032      0.505      0.135
  1956         22  gamma               91  1312     0     0     0     0     0     -0.849      0.075     -0.774      1.152      0.000
  1957         22  gamma               91  1312     0     0     0     0     0     -0.043     -0.004     -0.006      0.043      0.000
  1958        211  pi+                 91  1315     0     0     0     0     0      0.036     -0.114     -0.455      0.491      0.140
  1959       -211  pi-                 91  1315     0     0     0     0     0     -0.075      0.156     -0.722      0.755      0.140
  1960        111  (pi0)              -91  1315     0  2237  2238     0     0     -0.117      0.400     -0.495      0.661      0.135
  1961         22  gamma               91  1322     0     0     0     0     0      0.032      0.014     -0.058      0.068      0.000
  1962         22  gamma               91  1322     0     0     0     0     0      0.400      0.840     -2.070      2.269      0.000
  1963         22  gamma               91  1326     0     0     0     0     0      2.275      1.054     -7.121      7.549      0.000
  1964         22  gamma               91  1326     0     0     0     0     0      0.321      0.100     -0.889      0.951      0.000
  1965         22  gamma               91  1327     0     0     0     0     0      2.743      0.313    -10.506     10.863      0.000
  1966         22  gamma               91  1327     0     0     0     0     0      0.069      0.114     -0.413      0.434      0.000
  1967         22  gamma               91  1328     0     0     0     0     0      2.347      1.083     -8.340      8.732      0.000
  1968         22  gamma               91  1328     0     0     0     0     0      5.376      2.587    -18.651     19.582      0.000
  1969         22  gamma               91  1397     0     0     0     0     0      0.222     -0.463    -64.220     64.222      0.000
  1970         22  gamma               91  1397     0     0     0     0     0      0.470     -0.910   -106.669    106.674      0.000
  1971        211  pi+                 91  1403     0     0     0     0     0     -0.070     -0.115     -5.578      5.582      0.140
  1972       -211  pi-                 91  1403     0     0     0     0     0      0.081     -0.539    -51.618     51.621      0.140
  1973        111  (pi0)              -91  1403     0  2239  2240     0     0      0.085     -0.037     -6.023      6.026      0.135
  1974        211  pi+                 91  1410     0     0     0     0     0     -0.857      0.221    -57.705     57.712      0.140
  1975       -211  pi-                 91  1410     0     0     0     0     0     -0.286      0.153    -26.763     26.765      0.140
  1976        111  (pi0)              -91  1410     0  2241  2242     0     0     -0.040      0.198     -8.999      9.002      0.135
  1977        211  pi+                 91  1411     0     0     0     0     0     -0.137     -0.079    -12.417     12.418      0.140
  1978       -211  pi-                 91  1411     0     0     0     0     0     -0.070     -0.099     -8.712      8.714      0.140
  1979        111  (pi0)              -91  1411     0  2243  2244     0     0     -0.455     -0.195    -16.925     16.933      0.135
  1980        211  pi+                 91  1413     0     0     0     0     0     -0.001      0.048    -14.582     14.583      0.140
  1981       -211  pi-                 91  1413     0     0     0     0     0     -0.445      0.279    -30.323     30.328      0.140
  1982        111  (pi0)              -91  1413     0  2245  2246     0     0     -0.029     -0.126    -24.548     24.549      0.135
  1983         22  gamma               91  1420     0     0     0     0     0      0.107     -0.034     -1.292      1.297      0.000
  1984         22  gamma               91  1420     0     0     0     0     0      0.461     -0.436     -5.770      5.805      0.000
  1985         22  gamma               91  1422     0     0     0     0     0      0.301     -0.584     -4.274      4.324      0.000
  1986         22  gamma               91  1422     0     0     0     0     0      0.322     -0.373     -3.276      3.313      0.000
  1987         22  gamma               91  1423     0     0     0     0     0      0.231     -0.099     -1.410      1.432      0.000
  1988         22  gamma               91  1423     0     0     0     0     0     -0.001     -0.046     -0.145      0.152      0.000
  1989        211  pi+                 91  1424     0     0     0     0     0      0.442      0.094     -6.592      6.609      0.140
  1990       -211  pi-                 91  1424     0     0     0     0     0     -0.025     -0.127     -3.634      3.639      0.140
  1991        111  (pi0)              -91  1424     0  2247  2248     0     0      0.114     -0.154     -1.568      1.586      0.135
  1992         22  gamma               91  1425     0     0     0     0     0      0.054      0.041     -1.562      1.564      0.000
  1993         22  gamma               91  1425     0     0     0     0     0      0.131     -0.109     -3.555      3.559      0.000
  1994        211  pi+                 91  1426     0     0     0     0     0      1.296     -1.291     -7.871      8.082      0.140
  1995       -211  pi-                 91  1426     0     0     0     0     0      0.316     -0.171     -2.375      2.406      0.140
  1996        111  (pi0)              -91  1426     0  2249  2250     0     0      0.080     -0.198     -1.450      1.472      0.135
  1997         22  gamma               91  1430     0     0     0     0     0      0.407     -0.355      0.001      0.540      0.000
  1998         22  gamma               91  1430     0     0     0     0     0     -0.004      0.007     -0.002      0.009      0.000
  1999         22  gamma               91  1431     0     0     0     0     0      0.012     -0.046     -0.059      0.076      0.000
  2000         22  gamma               91  1431     0     0     0     0     0      0.072      0.088     -0.071      0.134      0.000
  2001         22  gamma               91  1436     0     0     0     0     0     -0.030      0.021     -0.067      0.077      0.000
  2002         22  gamma               91  1436     0     0     0     0     0     -0.132     -0.041      0.021      0.140      0.000
  2003        211  pi+                 91  1437     0     0     0     0     0      0.590      0.094      2.208      2.291      0.140
  2004       -211  pi-                 91  1437     0     0     0     0     0      0.355     -0.330      2.987      3.029      0.140
  2005        111  (pi0)              -91  1437     0  2251  2252     0     0      0.156      0.027      1.270      1.287      0.135
  2006        211  pi+                 91  1440     0     0     0     0     0     -0.031     -0.176     38.709     38.710      0.140
  2007       -211  pi-                 91  1440     0     0     0     0     0      0.276      0.063     24.009     24.011      0.140
  2008        111  (pi0)              -91  1440     0  2253  2254     0     0      0.284     -0.320     55.934     55.936      0.135
  2009        111  (pi0)              -91  1447     0  2255  2256     0     0      0.701      1.124     70.346     70.359      0.135
  2010        111  (pi0)              -91  1447     0  2257  2258     0     0      0.247      0.508     27.447     27.453      0.135
  2011        111  (pi0)              -91  1447     0  2259  2260     0     0      0.710      0.788     55.916     55.926      0.135
  2012         22  gamma               91  1452     0     0     0     0     0     -0.246      0.038      2.162      2.177      0.000
  2013         22  gamma               91  1452     0     0     0     0     0     -0.735     -0.219     20.343     20.358      0.000
  2014         22  gamma               91  1458     0     0     0     0     0     -0.213     -0.339      4.382      4.400      0.000
  2015         22  gamma               91  1458     0     0     0     0     0     -0.240     -0.182      3.824      3.836      0.000
  2016         22  gamma               91  1469     0     0     0     0     0     -0.062     -0.006      3.509      3.510      0.000
  2017         22  gamma               91  1469     0     0     0     0     0      0.135      1.635     43.629     43.660      0.000
  2018        211  pi+                 91  1486     0     0     0     0     0     -0.165     -0.092     -0.052      0.241      0.140
  2019       -211  pi-                 91  1486     0     0     0     0     0     -0.180     -0.013     -0.035      0.231      0.140
  2020        111  (pi0)              -91  1486     0  2261  2262     0     0     -1.584     -1.102     -0.808      2.097      0.135
  2021         22  gamma               91  1489     0     0     0     0     0     -0.779     -0.359     -0.671      1.089      0.000
  2022         22  gamma               91  1489     0     0     0     0     0     -0.649     -0.198     -0.437      0.807      0.000
  2023         22  gamma               91  1490     0     0     0     0     0      0.005      0.044     -0.084      0.095      0.000
  2024         22  gamma               91  1490     0     0     0     0     0      0.148     -0.054     -0.191      0.248      0.000
  2025         22  gamma               91  1495     0     0     0     0     0     -0.578      0.587     -1.357      1.587      0.000
  2026         22  gamma               91  1495     0     0     0     0     0     -0.051      0.511     -1.489      1.575      0.000
  2027         22  gamma               91  1496     0     0     0     0     0     -0.134      0.312     -0.741      0.815      0.000
  2028         22  gamma               91  1496     0     0     0     0     0      0.032      0.110     -0.218      0.246      0.000
  2029        211  pi+                 91  1501     0     0     0     0     0     -0.246      0.166     -2.534      2.555      0.140
  2030       -211  pi-                 91  1501     0     0     0     0     0      0.014     -0.042     -0.557      0.576      0.140
  2031        111  (pi0)              -91  1501     0  2263  2264     0     0     -0.694      0.287     -2.522      2.635      0.135
  2032         22  gamma               91  1508     0     0     0     0     0      0.162      0.494    -13.702     13.712      0.000
  2033         22  gamma               91  1508     0     0     0     0     0      0.003      0.184     -6.636      6.638      0.000
  2034         22  gamma               91  1514     0     0     0     0     0      0.138      0.174    -15.313     15.314      0.000
  2035         22  gamma               91  1514     0     0     0     0     0      0.021      0.120    -16.026     16.027      0.000
  2036         22  gamma               91  1527     0     0     0     0     0     -0.259     -0.725    -32.709     32.718      0.000
  2037         22  gamma               91  1527     0     0     0     0     0     -0.086     -0.106     -4.560      4.562      0.000
  2038         22  gamma               91  1529     0     0     0     0     0     -0.153      0.021    -11.063     11.064      0.000
  2039         22  gamma               91  1529     0     0     0     0     0     -0.123      0.150    -10.599     10.601      0.000
  2040         22  gamma               91  1534     0     0     0     0     0     -0.133     -0.151      0.522      0.559      0.000
  2041         22  gamma               91  1534     0     0     0     0     0     -0.091     -0.104      0.140      0.196      0.000
  2042         22  gamma               91  1540     0     0     0     0     0     -0.135     -0.045     -0.119      0.186      0.000
  2043         22  gamma               91  1540     0     0     0     0     0     -0.103     -0.017     -0.309      0.326      0.000
  2044         22  gamma               91  1542     0     0     0     0     0      0.055     -0.050     -1.627      1.629      0.000
  2045         22  gamma               91  1542     0     0     0     0     0      0.012      0.078     -1.753      1.754      0.000
  2046         22  gamma               91  1544     0     0     0     0     0     -0.145      0.259      0.534      0.611      0.000
  2047         22  gamma               91  1544     0     0     0     0     0     -0.024     -0.009      0.014      0.029      0.000
  2048         22  gamma               91  1546     0     0     0     0     0     -0.167     -0.149      0.241      0.329      0.000
  2049         22  gamma               91  1546     0     0     0     0     0     -0.081     -0.124      0.038      0.153      0.000
  2050         22  gamma               91  1548     0     0     0     0     0     -0.033     -0.015     -0.007      0.037      0.000
  2051         22  gamma               91  1548     0     0     0     0     0     -0.007     -0.360      0.110      0.376      0.000
  2052         22  gamma               91  1550     0     0     0     0     0      0.088      0.021      2.076      2.078      0.000
  2053         22  gamma               91  1550     0     0     0     0     0      0.115      0.069      0.996      1.005      0.000
  2054         22  gamma               91  1552     0     0     0     0     0      0.179     -0.319     -1.034      1.097      0.000
  2055         22  gamma               91  1552     0     0     0     0     0      0.046     -0.270     -0.586      0.646      0.000
  2056         22  gamma               91  1557     0     0     0     0     0     -0.207     -0.022      0.981      1.003      0.000
  2057         22  gamma               91  1557     0     0     0     0     0     -0.243     -0.130      1.967      1.986      0.000
  2058         22  gamma               91  1559     0     0     0     0     0     -0.158     -0.690      5.526      5.571      0.000
  2059         22  gamma               91  1559     0     0     0     0     0     -0.010     -0.083      0.376      0.385      0.000
  2060         22  gamma               91  1563     0     0     0     0     0      0.042      0.005     -0.328      0.331      0.000
  2061         22  gamma               91  1563     0     0     0     0     0     -0.043      0.164     -0.789      0.807      0.000
  2062         22  gamma               91  1566     0     0     0     0     0      0.040     -0.187      3.976      3.980      0.000
  2063         22  gamma               91  1566     0     0     0     0     0      0.044     -0.004      2.143      2.143      0.000
  2064         22  gamma               91  1568     0     0     0     0     0      0.217      0.398      0.698      0.832      0.000
  2065         22  gamma               91  1568     0     0     0     0     0      0.200      0.182      0.522      0.588      0.000
  2066         22  gamma               91  1570     0     0     0     0     0      0.077      0.023      1.888      1.890      0.000
  2067         22  gamma               91  1570     0     0     0     0     0      0.662     -0.171     19.765     19.777      0.000
  2068         22  gamma               91  1572     0     0     0     0     0      0.139      0.071      7.111      7.113      0.000
  2069         22  gamma               91  1572     0     0     0     0     0     -0.021      0.050      4.181      4.181      0.000
  2070         22  gamma               91  1578     0     0     0     0     0      0.380     -0.547     -0.855      1.084      0.000
  2071         22  gamma               91  1578     0     0     0     0     0      0.361     -0.413     -0.891      1.046      0.000
  2072         22  gamma               91  1582     0     0     0     0     0      0.231     -0.153    -71.239     71.240      0.000
  2073         22  gamma               91  1582     0     0     0     0     0      0.348     -0.073    -74.720     74.721      0.000
  2074         22  gamma               91  1586     0     0     0     0     0     -0.352     -0.022    -18.637     18.640      0.000
  2075         22  gamma               91  1586     0     0     0     0     0     -0.166     -0.092     -7.569      7.571      0.000
  2076         22  gamma               91  1588     0     0     0     0     0      0.015      0.083     -1.472      1.475      0.000
  2077         22  gamma               91  1588     0     0     0     0     0     -0.176      0.424     -5.407      5.426      0.000
  2078         22  gamma               91  1590     0     0     0     0     0      0.078      0.428    -50.324     50.326      0.000
  2079         22  gamma               91  1590     0     0     0     0     0     -0.040      0.288    -41.467     41.468      0.000
  2080         22  gamma               91  1597     0     0     0     0     0     -0.117     -0.055     -1.639      1.644      0.000
  2081         22  gamma               91  1597     0     0     0     0     0     -0.403      0.065     -5.074      5.091      0.000
  2082         22  gamma               91  1599     0     0     0     0     0     -1.109     -0.079     -3.047      3.243      0.000
  2083         22  gamma               91  1599     0     0     0     0     0     -0.136      0.006     -0.524      0.541      0.000
  2084         22  gamma               91  1605     0     0     0     0     0     -0.142      0.135      3.172      3.178      0.000
  2085         22  gamma               91  1605     0     0     0     0     0     -0.130     -0.014      2.256      2.260      0.000
  2086         22  gamma               91  1609     0     0     0     0     0     -1.580      0.063     12.672     12.770      0.000
  2087         22  gamma               91  1609     0     0     0     0     0     -0.051     -0.023      0.456      0.459      0.000
  2088         22  gamma               91  1615     0     0     0     0     0     -0.353     -0.056      1.076      1.134      0.000
  2089         22  gamma               91  1615     0     0     0     0     0     -0.195     -0.029      1.001      1.020      0.000
  2090         22  gamma               91  1621     0     0     0     0     0     -0.438     -5.554     14.053     15.118      0.000
  2091         22  gamma               91  1621     0     0     0     0     0     -0.555     -5.355     13.539     14.571      0.000
  2092         22  gamma               91  1623     0     0     0     0     0     -0.307     -3.059      7.899      8.477      0.000
  2093         22  gamma               91  1623     0     0     0     0     0      0.013     -0.249      0.648      0.694      0.000
  2094         22  gamma               91  1626     0     0     0     0     0     -0.233     -4.489     11.666     12.502      0.000
  2095         22  gamma               91  1626     0     0     0     0     0     -1.403    -21.496     56.123     60.116      0.000
  2096         22  gamma               91  1630     0     0     0     0     0      0.294     -0.245      1.537      1.583      0.000
  2097         22  gamma               91  1630     0     0     0     0     0      2.127     -1.328      9.863     10.176      0.000
  2098         22  gamma               91  1634     0     0     0     0     0      0.055     -0.107      0.917      0.925      0.000
  2099         22  gamma               91  1634     0     0     0     0     0      0.577     -0.674      4.788      4.870      0.000
  2100         22  gamma               91  1636     0     0     0     0     0      0.390     -0.286      5.142      5.164      0.000
  2101         22  gamma               91  1636     0     0     0     0     0      0.150     -0.134      3.258      3.264      0.000
  2102         22  gamma               91  1640     0     0     0     0     0     -0.051      0.071      5.816      5.816      0.000
  2103         22  gamma               91  1640     0     0     0     0     0      0.054     -0.018      4.225      4.226      0.000
  2104         22  gamma               91  1648     0     0     0     0     0      0.013      0.041     -0.282      0.285      0.000
  2105         22  gamma               91  1648     0     0     0     0     0      0.138      0.100     -0.269      0.318      0.000
  2106         22  gamma               91  1650     0     0     0     0     0      0.234      0.344     -4.065      4.087      0.000
  2107         22  gamma               91  1650     0     0     0     0     0      0.025      0.021     -0.932      0.932      0.000
  2108         22  gamma               91  1658     0     0     0     0     0     -0.138      0.050      3.728      3.731      0.000
  2109         22  gamma               91  1658     0     0     0     0     0     -0.226      0.205     12.857     12.861      0.000
  2110         22  gamma               91  1661     0     0     0     0     0     -0.116     -0.068      2.987      2.990      0.000
  2111         22  gamma               91  1661     0     0     0     0     0     -0.195     -0.000      8.248      8.250      0.000
  2112         22  gamma               91  1663     0     0     0     0     0      0.033     -0.050     -0.127      0.140      0.000
  2113         22  gamma               91  1663     0     0     0     0     0      0.519     -1.454     -2.130      2.631      0.000
  2114         22  gamma               91  1666     0     0     0     0     0      0.031     -0.040     -0.095      0.107      0.000
  2115         22  gamma               91  1666     0     0     0     0     0      0.147      0.002     -0.963      0.974      0.000
  2116         22  gamma               91  1668     0     0     0     0     0      0.247      0.032     94.901     94.901      0.000
  2117         22  gamma               91  1668     0     0     0     0     0     -0.012     -0.001      1.314      1.314      0.000
  2118         22  gamma               91  1680     0     0     0     0     0     -7.173     91.162    360.243    371.668      0.000
  2119         22  gamma               91  1680     0     0     0     0     0     -9.588    120.945    478.525    493.665      0.000
  2120         22  gamma               91  1683     0     0     0     0     0     -0.367     -0.061      0.781      0.866      0.000
  2121         22  gamma               91  1683     0     0     0     0     0     -0.530      0.000      0.832      0.987      0.000
  2122         22  gamma               91  1687     0     0     0     0     0     -1.443     -0.499      0.943      1.795      0.000
  2123         22  gamma               91  1687     0     0     0     0     0     -0.003     -0.013      0.009      0.016      0.000
  2124         22  gamma               91  1689     0     0     0     0     0     -0.011      0.021     -0.329      0.330      0.000
  2125         22  gamma               91  1689     0     0     0     0     0      0.074     -0.114     -0.559      0.575      0.000
  2126         22  gamma               91  1691     0     0     0     0     0     -0.013      0.052      0.002      0.053      0.000
  2127         22  gamma               91  1691     0     0     0     0     0      0.107      0.022     -0.120      0.162      0.000
  2128         22  gamma               91  1695     0     0     0     0     0      0.008      0.036     -0.054      0.065      0.000
  2129         22  gamma               91  1695     0     0     0     0     0      0.868      1.535     -4.159      4.517      0.000
  2130         22  gamma               91  1702     0     0     0     0     0     -0.158     -0.071     -4.372      4.376      0.000
  2131         22  gamma               91  1702     0     0     0     0     0     -0.049     -0.033     -5.140      5.140      0.000
  2132         22  gamma               91  1714     0     0     0     0     0      0.090     -0.128     -0.216      0.267      0.000
  2133         22  gamma               91  1714     0     0     0     0     0      0.273     -0.539     -0.470      0.765      0.000
  2134         22  gamma               91  1716     0     0     0     0     0     -0.030      0.187      6.372      6.375      0.000
  2135         22  gamma               91  1716     0     0     0     0     0      0.065      0.055      1.943      1.945      0.000
  2136         22  gamma               91  1722     0     0     0     0     0      0.131      0.316     32.054     32.056      0.000
  2137         22  gamma               91  1722     0     0     0     0     0      0.018      0.296     21.385     21.387      0.000
  2138         22  gamma               91  1726     0     0     0     0     0     -0.419     -0.186      3.190      3.223      0.000
  2139         22  gamma               91  1726     0     0     0     0     0     -0.108     -0.131      1.012      1.026      0.000
  2140         22  gamma               91  1728     0     0     0     0     0     -0.585     -0.294      4.596      4.643      0.000
  2141         22  gamma               91  1728     0     0     0     0     0     -0.095     -0.010      0.451      0.461      0.000
  2142         22  gamma               91  1730     0     0     0     0     0     -0.080     -0.303      3.611      3.625      0.000
  2143         22  gamma               91  1730     0     0     0     0     0     -0.297     -0.448      6.471      6.494      0.000
  2144         22  gamma               91  1732     0     0     0     0     0      0.019     -0.013      0.949      0.949      0.000
  2145         22  gamma               91  1732     0     0     0     0     0     -0.003     -0.710     17.414     17.428      0.000
  2146         22  gamma               91  1734     0     0     0     0     0      0.015     -0.394      6.087      6.100      0.000
  2147         22  gamma               91  1734     0     0     0     0     0     -0.133     -0.572      9.954      9.971      0.000
  2148         22  gamma               91  1749     0     0     0     0     0     -0.010      0.063     -0.060      0.088      0.000
  2149         22  gamma               91  1749     0     0     0     0     0      0.022      0.295     -0.840      0.890      0.000
  2150         22  gamma               91  1751     0     0     0     0     0     -0.494     -0.144     -0.288      0.590      0.000
  2151         22  gamma               91  1751     0     0     0     0     0     -0.101      0.030     -0.044      0.114      0.000
  2152         22  gamma               91  1753     0     0     0     0     0      0.037      0.105     -0.036      0.117      0.000
  2153         22  gamma               91  1753     0     0     0     0     0     -0.053      0.016      0.034      0.065      0.000
  2154         22  gamma               91  1758     0     0     0     0     0     -0.749      1.388     -3.950      4.253      0.000
  2155         22  gamma               91  1758     0     0     0     0     0     -0.371      0.800     -1.988      2.175      0.000
  2156         22  gamma               91  1762     0     0     0     0     0      0.121      0.036     -0.988      0.996      0.000
  2157         22  gamma               91  1762     0     0     0     0     0      0.044      0.144     -1.531      1.539      0.000
  2158         22  gamma               91  1764     0     0     0     0     0     -0.022      0.263     -4.715      4.722      0.000
  2159         22  gamma               91  1764     0     0     0     0     0     -0.015      0.187     -1.835      1.845      0.000
  2160         22  gamma               91  1766     0     0     0     0     0      0.220      0.333     -7.576      7.587      0.000
  2161         22  gamma               91  1766     0     0     0     0     0      0.278      0.266     -9.504      9.512      0.000
  2162         22  gamma               91  1768     0     0     0     0     0      0.784      0.223    -16.552     16.572      0.000
  2163         22  gamma               91  1768     0     0     0     0     0      0.447      0.027     -9.626      9.637      0.000
  2164         22  gamma               91  1776     0     0     0     0     0     -0.125     -0.099    -78.682     78.682      0.000
  2165         22  gamma               91  1776     0     0     0     0     0      0.015     -0.102    -36.635     36.635      0.000
  2166         22  gamma               91  1795     0     0     0     0     0      0.041     -0.566      0.045      0.569      0.000
  2167         22  gamma               91  1795     0     0     0     0     0     -0.011     -0.296      0.118      0.319      0.000
  2168         22  gamma               91  1799     0     0     0     0     0      0.043      0.056     -2.007      2.008      0.000
  2169         22  gamma               91  1799     0     0     0     0     0     -0.006     -0.062     -0.896      0.898      0.000
  2170         22  gamma               91  1800     0     0     0     0     0     -0.038      0.023      0.268      0.272      0.000
  2171         22  gamma               91  1800     0     0     0     0     0      0.086      0.080      0.269      0.294      0.000
  2172         22  gamma               91  1801     0     0     0     0     0      0.009     -0.011      0.226      0.226      0.000
  2173         22  gamma               91  1801     0     0     0     0     0     -0.081     -0.065      0.115      0.155      0.000
  2174         22  gamma               91  1802     0     0     0     0     0     -0.104     -0.009      0.363      0.378      0.000
  2175         22  gamma               91  1802     0     0     0     0     0      0.004     -0.060      0.544      0.547      0.000
  2176         22  gamma               91  1809     0     0     0     0     0      0.038     -0.084     -0.250      0.267      0.000
  2177         22  gamma               91  1809     0     0     0     0     0     -0.098     -0.217     -0.425      0.487      0.000
  2178         22  gamma               91  1814     0     0     0     0     0      0.023     -0.024      0.418      0.420      0.000
  2179         22  gamma               91  1814     0     0     0     0     0     -0.063     -0.092      0.261      0.284      0.000
  2180         22  gamma               91  1817     0     0     0     0     0      0.012     -0.032      0.049      0.060      0.000
  2181         22  gamma               91  1817     0     0     0     0     0      0.093     -0.033      0.994      0.998      0.000
  2182         22  gamma               91  1820     0     0     0     0     0      0.070     -0.064     14.865     14.866      0.000
  2183         22  gamma               91  1820     0     0     0     0     0      0.003     -0.087      4.160      4.161      0.000
  2184         22  gamma               91  1831     0     0     0     0     0     -0.073      0.175      5.803      5.806      0.000
  2185         22  gamma               91  1831     0     0     0     0     0     -0.018      0.705     22.142     22.153      0.000
  2186         22  gamma               91  1836     0     0     0     0     0     -0.069     -0.006      0.097      0.119      0.000
  2187         22  gamma               91  1836     0     0     0     0     0     -0.154      0.001      0.813      0.828      0.000
  2188         22  gamma               91  1837     0     0     0     0     0     -0.060      0.058      0.292      0.303      0.000
  2189         22  gamma               91  1837     0     0     0     0     0      0.069      0.057      0.193      0.213      0.000
  2190         22  gamma               91  1838     0     0     0     0     0     -0.080     -0.011      0.171      0.189      0.000
  2191         22  gamma               91  1838     0     0     0     0     0      0.052     -0.030      0.073      0.094      0.000
  2192         22  gamma               91  1839     0     0     0     0     0      0.033     -0.023      0.033      0.052      0.000
  2193         22  gamma               91  1839     0     0     0     0     0      0.262     -0.143      0.984      1.028      0.000
  2194         22  gamma               91  1840     0     0     0     0     0      0.087      0.051      0.330      0.345      0.000
  2195         22  gamma               91  1840     0     0     0     0     0     -0.027     -0.026      0.043      0.057      0.000
  2196         22  gamma               91  1841     0     0     0     0     0      0.339      0.008      1.196      1.243      0.000
  2197         22  gamma               91  1841     0     0     0     0     0      0.130     -0.047      0.286      0.318      0.000
  2198         22  gamma               91  1844     0     0     0     0     0      0.014      0.218      0.856      0.884      0.000
  2199         22  gamma               91  1844     0     0     0     0     0     -0.085      0.286      1.750      1.775      0.000
  2200         22  gamma               91  1848     0     0     0     0     0     -0.231      0.407      0.708      0.848      0.000
  2201         22  gamma               91  1848     0     0     0     0     0     -0.083      0.221      0.218      0.321      0.000
  2202         22  gamma               91  1853     0     0     0     0     0      0.058     -0.075      0.691      0.698      0.000
  2203         22  gamma               91  1853     0     0     0     0     0     -0.011     -0.375      3.441      3.462      0.000
  2204         22  gamma               91  1854     0     0     0     0     0      0.023     -0.077      0.592      0.598      0.000
  2205         22  gamma               91  1854     0     0     0     0     0     -0.022      0.037      0.944      0.945      0.000
  2206         22  gamma               91  1855     0     0     0     0     0      0.009     -0.286      4.442      4.451      0.000
  2207         22  gamma               91  1855     0     0     0     0     0     -0.008     -0.073      0.464      0.470      0.000
  2208        211  pi+                 91  1858     0     0     0     0     0     -0.213     -0.241     -0.095      0.363      0.140
  2209       -211  pi-                 91  1858     0     0     0     0     0      0.037     -0.010     -0.900      0.912      0.140
  2210         22  gamma               91  1872     0     0     0     0     0      0.066      0.140      0.210      0.261      0.000
  2211         22  gamma               91  1872     0     0     0     0     0      0.076      0.000      0.038      0.085      0.000
  2212         22  gamma               91  1873     0     0     0     0     0      0.148      0.134     -0.049      0.206      0.000
  2213         22  gamma               91  1873     0     0     0     0     0     -0.000     -0.027     -0.013      0.030      0.000
  2214         22  gamma               91  1874     0     0     0     0     0     -0.011      0.043      0.018      0.048      0.000
  2215         22  gamma               91  1874     0     0     0     0     0      0.019     -0.097      0.002      0.098      0.000
  2216         22  gamma               91  1875     0     0     0     0     0      0.001     -0.025     -0.015      0.029      0.000
  2217         22  gamma               91  1875     0     0     0     0     0     -0.004      0.180     -0.132      0.223      0.000
  2218         22  gamma               91  1893     0     0     0     0     0      0.024     -2.980      7.571      8.136      0.000
  2219         22  gamma               91  1893     0     0     0     0     0     -0.015     -0.039      0.104      0.112      0.000
  2220         22  gamma               91  1894     0     0     0     0     0      0.011     -0.077      0.199      0.213      0.000
  2221         22  gamma               91  1894     0     0     0     0     0     -0.221     -8.010     20.810     22.300      0.000
  2222         22  gamma               91  1895     0     0     0     0     0      0.040     -0.645      1.728      1.845      0.000
  2223         22  gamma               91  1895     0     0     0     0     0     -0.021     -2.320      5.659      6.116      0.000
  2224        111  (pi0)              -91  1902     0  2265  2266     0     0     -0.208     -5.340     13.981     14.968      0.135
  2225        111  (pi0)              -91  1902     0  2267  2268     0     0     -0.593    -12.166     31.014     33.320      0.135
  2226        111  (pi0)              -91  1902     0  2269  2270     0     0     -0.709    -16.623     42.776     45.898      0.135
  2227         22  gamma               91  1915     0     0     0     0     0      0.155     -0.037      3.072      3.076      0.000
  2228         22  gamma               91  1915     0     0     0     0     0      0.170     -0.197      3.923      3.931      0.000
  2229         22  gamma               91  1930     0     0     0     0     0     -0.121      0.126     -0.174      0.247      0.000
  2230         22  gamma               91  1930     0     0     0     0     0     -0.041      0.044     -0.246      0.253      0.000
  2231         22  gamma               91  1944     0     0     0     0     0      0.069     -0.022      2.511      2.512      0.000
  2232         22  gamma               91  1944     0     0     0     0     0      0.091     -0.280     11.924     11.927      0.000
  2233         22  gamma               91  1949     0     0     0     0     0     -0.287      0.501      4.296      4.335      0.000
  2234         22  gamma               91  1949     0     0     0     0     0     -0.095      0.314      1.971      1.998      0.000
  2235         22  gamma               91  1955     0     0     0     0     0      0.006     -0.004      0.009      0.012      0.000
  2236         22  gamma               91  1955     0     0     0     0     0     -0.469      0.154      0.023      0.494      0.000
  2237         22  gamma               91  1960     0     0     0     0     0      0.018      0.022     -0.073      0.079      0.000
  2238         22  gamma               91  1960     0     0     0     0     0     -0.135      0.378     -0.422      0.582      0.000
  2239         22  gamma               91  1973     0     0     0     0     0      0.094      0.001     -5.465      5.466      0.000
  2240         22  gamma               91  1973     0     0     0     0     0     -0.010     -0.038     -0.558      0.559      0.000
  2241         22  gamma               91  1976     0     0     0     0     0      0.050      0.077     -3.209      3.210      0.000
  2242         22  gamma               91  1976     0     0     0     0     0     -0.090      0.121     -5.790      5.792      0.000
  2243         22  gamma               91  1979     0     0     0     0     0     -0.214     -0.165     -8.661      8.666      0.000
  2244         22  gamma               91  1979     0     0     0     0     0     -0.241     -0.031     -8.264      8.267      0.000
  2245         22  gamma               91  1982     0     0     0     0     0      0.002     -0.149    -19.611     19.611      0.000
  2246         22  gamma               91  1982     0     0     0     0     0     -0.030      0.023     -4.937      4.937      0.000
  2247         22  gamma               91  1991     0     0     0     0     0      0.064     -0.167     -1.091      1.105      0.000
  2248         22  gamma               91  1991     0     0     0     0     0      0.050      0.013     -0.478      0.480      0.000
  2249         22  gamma               91  1996     0     0     0     0     0      0.114     -0.112     -0.926      0.940      0.000
  2250         22  gamma               91  1996     0     0     0     0     0     -0.034     -0.086     -0.523      0.532      0.000
  2251         22  gamma               91  2005     0     0     0     0     0      0.049     -0.026      0.805      0.807      0.000
  2252         22  gamma               91  2005     0     0     0     0     0      0.107      0.053      0.465      0.480      0.000
  2253         22  gamma               91  2008     0     0     0     0     0      0.076     -0.186     24.516     24.517      0.000
  2254         22  gamma               91  2008     0     0     0     0     0      0.208     -0.134     31.418     31.419      0.000
  2255         22  gamma               91  2009     0     0     0     0     0      0.260      0.540     32.413     32.419      0.000
  2256         22  gamma               91  2009     0     0     0     0     0      0.442      0.584     37.933     37.940      0.000
  2257         22  gamma               91  2010     0     0     0     0     0      0.185      0.341     15.679     15.683      0.000
  2258         22  gamma               91  2010     0     0     0     0     0      0.062      0.167     11.768     11.770      0.000
  2259         22  gamma               91  2011     0     0     0     0     0      0.291      0.367     27.842     27.846      0.000
  2260         22  gamma               91  2011     0     0     0     0     0      0.419      0.421     28.073     28.080      0.000
  2261         22  gamma               91  2020     0     0     0     0     0     -0.332     -0.264     -0.125      0.442      0.000
  2262         22  gamma               91  2020     0     0     0     0     0     -1.253     -0.838     -0.683      1.654      0.000
  2263         22  gamma               91  2031     0     0     0     0     0     -0.612      0.290     -2.159      2.263      0.000
  2264         22  gamma               91  2031     0     0     0     0     0     -0.083     -0.003     -0.363      0.372      0.000
  2265         22  gamma               91  2224     0     0     0     0     0      0.013     -0.075      0.209      0.222      0.000
  2266         22  gamma               91  2224     0     0     0     0     0     -0.221     -5.265     13.772     14.746      0.000
  2267         22  gamma               91  2225     0     0     0     0     0     -0.350     -6.853     17.650     18.937      0.000
  2268         22  gamma               91  2225     0     0     0     0     0     -0.244     -5.313     13.364     14.384      0.000
  2269         22  gamma               91  2226     0     0     0     0     0     -0.135     -3.403      8.905      9.534      0.000
  2270         22  gamma               91  2226     0     0     0     0     0     -0.574    -13.220     33.871     36.364      0.000
                                   Charge sum:  2.000           Momentum sum:      0.000     -0.000      0.000  13600.000  13600.000

 --------  End PYTHIA Event Listing  -----------------------------------------------------------------------------------------------
 PYTHIA Warning in SimpleSpaceShower::pT2nextQCD: weight above unity
 PYTHIA Warning in SimpleSpaceShower::pT2nextQCD: small daughter PDF
 PYTHIA Warning in MultipartonInteractions::pTnext: weight above unity
 PYTHIA Error in BeamRemnants::setKinematics: kinematics construction failed after retrying 10 times
1% | Elapsed: 0h 0m 19s | Remaining: 0h 31m 21s

 Pythia::next(): 1000 events have been generated 
 PYTHIA Error in SimpleSpaceShower::pT2nearThreshold: stuck in loop
2% | Elapsed: 0h 0m 43s | Remaining: 0h 35m 7s

 Pythia::next(): 2000 events have been generated 
3% | Elapsed: 0h 1m 5s | Remaining: 0h 35m 1s

 Pythia::next(): 3000 events have been generated 
4% | Elapsed: 0h 1m 33s | Remaining: 0h 37m 12s

 Pythia::next(): 4000 events have been generated 

 Pythia::next(): 5000 events have been generated 
5% | Elapsed: 0h 2m 5s | Remaining: 0h 39m 35s

 Pythia::next(): 6000 events have been generated 
6% | Elapsed: 0h 2m 28s | Remaining: 0h 38m 38s

 Pythia::next(): 7000 events have been generated 
 PYTHIA Error in SimpleSpaceShower::pT2nearThreshold: xPDF = 0
7% | Elapsed: 0h 3m 17s | Remaining: 0h 43m 37s

 Pythia::next(): 8000 events have been generated 

 Pythia::next(): 9000 events have been generated 
8% | Elapsed: 0h 4m 6s | Remaining: 0h 47m 9s

 Pythia::next(): 10000 events have been generated 

 Pythia::next(): 11000 events have been generated 
 PYTHIA Warning in Pythia::check: energy-momentum not quite conserved
9% | Elapsed: 0h 4m 53s | Remaining: 0h 49m 22s

 Pythia::next(): 12000 events have been generated 
10% | Elapsed: 0h 5m 20s | Remaining: 0h 48m 0s

 Pythia::next(): 13000 events have been generated 
11% | Elapsed: 0h 6m 1s | Remaining: 0h 48m 40s

 Pythia::next(): 14000 events have been generated 

 Pythia::next(): 15000 events have been generated 
12% | Elapsed: 0h 6m 53s | Remaining: 0h 50m 28s

 Pythia::next(): 16000 events have been generated 
 PYTHIA Error in StringFragmentation::fragment: stuck in joining
 PYTHIA Error in Pythia::next: hadronLevel failed; try again
13% | Elapsed: 0h 7m 22s | Remaining: 0h 49m 18s

 Pythia::next(): 17000 events have been generated 

 Pythia::next(): 18000 events have been generated 

 Pythia::next(): 19000 events have been generated 
14% | Elapsed: 0h 8m 23s | Remaining: 0h 51m 29s

 Pythia::next(): 20000 events have been generated 
15% | Elapsed: 0h 9m 7s | Remaining: 0h 51m 39s

 Pythia::next(): 21000 events have been generated 
16% | Elapsed: 0h 9m 35s | Remaining: 0h 50m 18s

 Pythia::next(): 22000 events have been generated 
17% | Elapsed: 0h 9m 56s | Remaining: 0h 48m 29s

 Pythia::next(): 23000 events have been generated 

 Pythia::next(): 24000 events have been generated 
18% | Elapsed: 0h 10m 41s | Remaining: 0h 48m 40s

 Pythia::next(): 25000 events have been generated 
19% | Elapsed: 0h 11m 21s | Remaining: 0h 48m 23s

 Pythia::next(): 26000 events have been generated 
20% | Elapsed: 0h 12m 6s | Remaining: 0h 48m 24s

 Pythia::next(): 27000 events have been generated 

 Pythia::next(): 28000 events have been generated 
21% | Elapsed: 0h 13m 3s | Remaining: 0h 49m 5s

 Pythia::next(): 29000 events have been generated 
22% | Elapsed: 0h 13m 49s | Remaining: 0h 48m 59s

 Pythia::next(): 30000 events have been generated 

 Pythia::next(): 31000 events have been generated 

 Pythia::next(): 32000 events have been generated 
23% | Elapsed: 0h 15m 5s | Remaining: 0h 50m 29s

 Pythia::next(): 33000 events have been generated 
24% | Elapsed: 0h 15m 31s | Remaining: 0h 49m 8s

 Pythia::next(): 34000 events have been generated 
25% | Elapsed: 0h 15m 43s | Remaining: 0h 47m 9s

 Pythia::next(): 35000 events have been generated 
26% | Elapsed: 0h 16m 0s | Remaining: 0h 45m 32s
27% | Elapsed: 0h 16m 15s | Remaining: 0h 43m 56s

 Pythia::next(): 36000 events have been generated 
 PYTHIA Warning in HadronWidths::pickMasses: angular momentum and running widths not used
28% | Elapsed: 0h 16m 56s | Remaining: 0h 43m 32s

 Pythia::next(): 37000 events have been generated 
29% | Elapsed: 0h 17m 14s | Remaining: 0h 42m 11s

 Pythia::next(): 38000 events have been generated 
30% | Elapsed: 0h 17m 41s | Remaining: 0h 41m 15s

 Pythia::next(): 39000 events have been generated 

 Pythia::next(): 40000 events have been generated 
31% | Elapsed: 0h 18m 42s | Remaining: 0h 41m 37s

 Pythia::next(): 41000 events have been generated 

 Pythia::next(): 42000 events have been generated 
32% | Elapsed: 0h 19m 31s | Remaining: 0h 41m 28s

 Pythia::next(): 43000 events have been generated 
33% | Elapsed: 0h 19m 47s | Remaining: 0h 40m 9s

 Pythia::next(): 44000 events have been generated 
34% | Elapsed: 0h 20m 11s | Remaining: 0h 39m 10s

 Pythia::next(): 45000 events have been generated 
35% | Elapsed: 0h 20m 54s | Remaining: 0h 38m 48s

 Pythia::next(): 46000 events have been generated 

 Pythia::next(): 47000 events have been generated 
36% | Elapsed: 0h 21m 52s | Remaining: 0h 38m 52s

 Pythia::next(): 48000 events have been generated 
37% | Elapsed: 0h 22m 5s | Remaining: 0h 37m 36s

 Pythia::next(): 49000 events have been generated 
38% | Elapsed: 0h 22m 43s | Remaining: 0h 37m 3s

 Pythia::next(): 50000 events have been generated 

 Pythia::next(): 51000 events have been generated 
39% | Elapsed: 0h 23m 26s | Remaining: 0h 36m 39s

 Pythia::next(): 52000 events have been generated 
40% | Elapsed: 0h 24m 15s | Remaining: 0h 36m 22s

 Pythia::next(): 53000 events have been generated 
41% | Elapsed: 0h 24m 56s | Remaining: 0h 35m 52s

 Pythia::next(): 54000 events have been generated 

 Pythia::next(): 55000 events have been generated 
42% | Elapsed: 0h 25m 31s | Remaining: 0h 35m 14s

 Pythia::next(): 56000 events have been generated 
43% | Elapsed: 0h 26m 0s | Remaining: 0h 34m 27s

 Pythia::next(): 57000 events have been generated 
44% | Elapsed: 0h 26m 25s | Remaining: 0h 33m 37s

 Pythia::next(): 58000 events have been generated 

 Pythia::next(): 59000 events have been generated 
45% | Elapsed: 0h 26m 54s | Remaining: 0h 32m 52s

 Pythia::next(): 60000 events have been generated 

 Pythia::next(): 61000 events have been generated 
46% | Elapsed: 0h 27m 56s | Remaining: 0h 32m 47s

 Pythia::next(): 62000 events have been generated 
47% | Elapsed: 0h 28m 25s | Remaining: 0h 32m 2s

 Pythia::next(): 63000 events have been generated 
48% | Elapsed: 0h 28m 57s | Remaining: 0h 31m 21s

 Pythia::next(): 64000 events have been generated 

 Pythia::next(): 65000 events have been generated 
49% | Elapsed: 0h 29m 46s | Remaining: 0h 30m 58s

 Pythia::next(): 66000 events have been generated 
50% | Elapsed: 0h 30m 8s | Remaining: 0h 30m 8s

 Pythia::next(): 67000 events have been generated 
51% | Elapsed: 0h 30m 54s | Remaining: 0h 29m 41s

 Pythia::next(): 68000 events have been generated 

 Pythia::next(): 69000 events have been generated 

 Pythia::next(): 70000 events have been generated 
52% | Elapsed: 0h 32m 7s | Remaining: 0h 29m 38s

 Pythia::next(): 71000 events have been generated 
53% | Elapsed: 0h 32m 53s | Remaining: 0h 29m 2s

 Pythia::next(): 72000 events have been generated 

 Pythia::next(): 73000 events have been generated 
54% | Elapsed: 0h 33m 25s | Remaining: 0h 28m 27s

 Pythia::next(): 74000 events have been generated 
55% | Elapsed: 0h 34m 12s | Remaining: 0h 27m 58s

 Pythia::next(): 75000 events have been generated 

 Pythia::next(): 76000 events have been generated 
56% | Elapsed: 0h 34m 46s | Remaining: 0h 27m 18s

 Pythia::next(): 77000 events have been generated 

 Pythia::next(): 78000 events have been generated 
57% | Elapsed: 0h 35m 23s | Remaining: 0h 26m 41s

 Pythia::next(): 79000 events have been generated 
58% | Elapsed: 0h 35m 54s | Remaining: 0h 25m 59s

 Pythia::next(): 80000 events have been generated 

 Pythia::next(): 81000 events have been generated 
59% | Elapsed: 0h 36m 59s | Remaining: 0h 25m 35s

 Pythia::next(): 82000 events have been generated 

 Pythia::next(): 83000 events have been generated 
60% | Elapsed: 0h 37m 54s | Remaining: 0h 25m 16s

 Pythia::next(): 84000 events have been generated 

 Pythia::next(): 85000 events have been generated 
61% | Elapsed: 0h 38m 38s | Remaining: 0h 24m 42s

 Pythia::next(): 86000 events have been generated 
62% | Elapsed: 0h 39m 15s | Remaining: 0h 24m 3s

 Pythia::next(): 87000 events have been generated 
63% | Elapsed: 0h 39m 37s | Remaining: 0h 23m 16s

 Pythia::next(): 88000 events have been generated 

 Pythia::next(): 89000 events have been generated 
64% | Elapsed: 0h 40m 7s | Remaining: 0h 22m 33s

 Pythia::next(): 90000 events have been generated 
65% | Elapsed: 0h 40m 53s | Remaining: 0h 22m 0s

 Pythia::next(): 91000 events have been generated 

 Pythia::next(): 92000 events have been generated 
66% | Elapsed: 0h 41m 20s | Remaining: 0h 21m 17s
67% | Elapsed: 0h 41m 33s | Remaining: 0h 20m 27s

 Pythia::next(): 93000 events have been generated 

 Pythia::next(): 94000 events have been generated 
68% | Elapsed: 0h 42m 11s | Remaining: 0h 19m 51s

 Pythia::next(): 95000 events have been generated 
69% | Elapsed: 0h 42m 42s | Remaining: 0h 19m 11s

 Pythia::next(): 96000 events have been generated 
70% | Elapsed: 0h 43m 3s | Remaining: 0h 18m 27s

 Pythia::next(): 97000 events have been generated 
71% | Elapsed: 0h 43m 29s | Remaining: 0h 17m 45s

 Pythia::next(): 98000 events have been generated 

 Pythia::next(): 99000 events have been generated 
72% | Elapsed: 0h 44m 15s | Remaining: 0h 17m 12s

 Pythia::next(): 100000 events have been generated 

 Pythia::next(): 101000 events have been generated 
73% | Elapsed: 0h 45m 23s | Remaining: 0h 16m 47s

 Pythia::next(): 102000 events have been generated 
74% | Elapsed: 0h 45m 41s | Remaining: 0h 16m 3s

 Pythia::next(): 103000 events have been generated 
75% | Elapsed: 0h 46m 28s | Remaining: 0h 15m 29s

 Pythia::next(): 104000 events have been generated 

 Pythia::next(): 105000 events have been generated 

 Pythia::next(): 106000 events have been generated 
76% | Elapsed: 0h 47m 23s | Remaining: 0h 14m 57s

 Pythia::next(): 107000 events have been generated 
77% | Elapsed: 0h 47m 50s | Remaining: 0h 14m 17s

 Pythia::next(): 108000 events have been generated 
78% | Elapsed: 0h 48m 24s | Remaining: 0h 13m 39s

 Pythia::next(): 109000 events have been generated 
79% | Elapsed: 0h 49m 16s | Remaining: 0h 13m 5s

 Pythia::next(): 110000 events have been generated 

 Pythia::next(): 111000 events have been generated 
80% | Elapsed: 0h 49m 58s | Remaining: 0h 12m 29s

 Pythia::next(): 112000 events have been generated 
81% | Elapsed: 0h 50m 35s | Remaining: 0h 11m 51s

 Pythia::next(): 113000 events have been generated 

 Pythia::next(): 114000 events have been generated 
82% | Elapsed: 0h 51m 24s | Remaining: 0h 11m 16s

 Pythia::next(): 115000 events have been generated 
83% | Elapsed: 0h 52m 12s | Remaining: 0h 10m 41s

 Pythia::next(): 116000 events have been generated 

 Pythia::next(): 117000 events have been generated 
84% | Elapsed: 0h 53m 15s | Remaining: 0h 10m 8s

 Pythia::next(): 118000 events have been generated 
85% | Elapsed: 0h 53m 39s | Remaining: 0h 9m 28s

 Pythia::next(): 119000 events have been generated 

 Pythia::next(): 120000 events have been generated 
86% | Elapsed: 0h 54m 42s | Remaining: 0h 8m 54s

 Pythia::next(): 121000 events have been generated 

 Pythia::next(): 122000 events have been generated 
87% | Elapsed: 0h 55m 43s | Remaining: 0h 8m 19s

 Pythia::next(): 123000 events have been generated 
88% | Elapsed: 0h 56m 14s | Remaining: 0h 7m 40s

 Pythia::next(): 124000 events have been generated 

 Pythia::next(): 125000 events have been generated 
89% | Elapsed: 0h 56m 44s | Remaining: 0h 7m 0s

 Pythia::next(): 126000 events have been generated 
90% | Elapsed: 0h 57m 17s | Remaining: 0h 6m 21s

 Pythia::next(): 127000 events have been generated 

 Pythia::next(): 128000 events have been generated 
91% | Elapsed: 0h 58m 11s | Remaining: 0h 5m 45s

 Pythia::next(): 129000 events have been generated 
92% | Elapsed: 0h 58m 45s | Remaining: 0h 5m 6s

 Pythia::next(): 130000 events have been generated 
93% | Elapsed: 0h 59m 2s | Remaining: 0h 4m 26s

 Pythia::next(): 131000 events have been generated 
94% | Elapsed: 0h 59m 58s | Remaining: 0h 3m 49s

 Pythia::next(): 132000 events have been generated 

 Pythia::next(): 133000 events have been generated 
95% | Elapsed: 1h 0m 39s | Remaining: 0h 3m 11s
96% | Elapsed: 1h 0m 59s | Remaining: 0h 2m 32s

 Pythia::next(): 134000 events have been generated 

 Pythia::next(): 135000 events have been generated 
97% | Elapsed: 1h 1m 46s | Remaining: 0h 1m 54s

 Pythia::next(): 136000 events have been generated 

 Pythia::next(): 137000 events have been generated 
98% | Elapsed: 1h 2m 27s | Remaining: 0h 1m 16s

 Pythia::next(): 138000 events have been generated 
99% | Elapsed: 1h 3m 14s | Remaining: 0h 0m 38s

 Pythia::next(): 139000 events have been generated 
100% | Elapsed: 1h 3m 37s | Remaining: 0h 0m 0s
Events saved to /eos/cms/store/group/phys_smp/ec/shuangyu/Jpsi/HardQCD_Pt15to7000_Oniaoff_CR0_PYTHIA8311/pythia8_jpsi_events_728.root

Thanks for using LHAPDF 6.4.0. Please make sure to cite the paper:
  Eur.Phys.J. C75 (2015) 3, 132  (http://arxiv.org/abs/1412.7420)
Job finished.
