Setting up CMSSW environment...
/pool/condor/dir_2630914
Compiling pythia.cpp ...

 *------------------------------------------------------------------------------------* 
 |                                                                                    | 
 |  *------------------------------------------------------------------------------*  | 
 |  |                                                                              |  | 
 |  |                                                                              |  | 
 |  |   PPP   Y   Y  TTTTT  H   H  III    A      Welcome to the Lund Monte Carlo!  |  | 
 |  |   P  P   Y Y     T    H   H   I    A A     This is PYTHIA version 8.311      |  | 
 |  |   PPP     Y      T    HHHHH   I   AAAAA    Last date of change:  8 Mar 2024  |  | 
 |  |   P       Y      T    H   H   I   A   A                                      |  | 
 |  |   P       Y      T    H   H  III  A   A    Now is 29 Jul 2026 at 08:45:46    |  | 
 |  |                                                                              |  | 
 |  |   Program documentation and an archive of historic versions is found on:     |  | 
 |  |                                                                              |  | 
 |  |                               https://pythia.org/                            |  | 
 |  |                                                                              |  | 
 |  |   PYTHIA is authored by a collaboration consisting of:                       |  | 
 |  |                                                                              |  | 
 |  |   Javira Altmann, Christian Bierlich, Naomi Cooke, Nishita Desai,            |  | 
 |  |   Leif Gellersen, Ilkka Helenius, Philip Ilten, Leif Lonnblad,               |  | 
 |  |   Stephen Mrenna, Christian Preuss, Torbjorn Sjostrand, Peter Skands,        |  | 
 |  |   Marius Utheim, and Rob Verheyen.                                           |  | 
 |  |                                                                              |  | 
 |  |   The complete list of authors, including contact information and            |  | 
 |  |   affiliations, can be found on https://pythia.org/.                         |  | 
 |  |   Problems or bugs should be reported on email at authors@pythia.org.        |  | 
 |  |                                                                              |  | 
 |  |   The main program reference is C. Bierlich et al,                           |  | 
 |  |   'A comprehensive guide to the physics and usage of Pythia 8.3',            |  | 
 |  |   SciPost Phys. Codebases 8-r8.3 (2022) [arXiv:2203.11601 [hep-ph]]          |  | 
 |  |                                                                              |  | 
 |  |   PYTHIA is released under the GNU General Public Licence version 2 or later.|  | 
 |  |   Please respect the MCnet Guidelines for Event Generator Authors and Users. |  | 
 |  |                                                                              |  | 
 |  |   Disclaimer: this program comes without any guarantees.                     |  | 
 |  |   Beware of errors and use common sense when interpreting results.           |  | 
 |  |                                                                              |  | 
 |  |   Copyright (C) 2024 Torbjorn Sjostrand                                      |  | 
 |  |                                                                              |  | 
 |  |                                                                              |  | 
 |  *------------------------------------------------------------------------------*  | 
 |                                                                                    | 
 *------------------------------------------------------------------------------------* 

LHAPDF 6.4.0 loading /cvmfs/cms.cern.ch/el9_amd64_gcc12/external/lhapdf/6.4.0-4aa384870ea6380250957dc033c78953/share/LHAPDF/NNPDF31_nnlo_as_0118/NNPDF31_nnlo_as_0118_0000.dat
NNPDF31_nnlo_as_0118 PDF set, member #0, version 1; LHAPDF ID = 303600
LHAPDF 6.4.0 loading /cvmfs/cms.cern.ch/el9_amd64_gcc12/external/lhapdf/6.4.0-4aa384870ea6380250957dc033c78953/share/LHAPDF/NNPDF31_nnlo_as_0118/NNPDF31_nnlo_as_0118_0000.dat
NNPDF31_nnlo_as_0118 PDF set, member #0, version 1; LHAPDF ID = 303600

 *-------  PYTHIA Process Initialization  --------------------------*
 |                                                                  |
 | We collide p+ with p+ at a CM energy of 1.360e+04 GeV            |
 |                                                                  |
 |------------------------------------------------------------------|
 |                                                    |             |
 | Subprocess                                    Code |   Estimated |
 |                                                    |    max (mb) |
 |                                                    |             |
 |------------------------------------------------------------------|
 |                                                    |             |
 | g g -> g g                                     111 |   5.088e+02 |
 | g g -> q qbar (uds)                            112 |   2.035e+01 |
 | q g -> q g                                     113 |   1.648e+03 |
 | q q(bar)' -> q q(bar)'                         114 |   5.639e+02 |
 | q qbar -> g g                                  115 |   4.263e+00 |
 | q qbar -> q' qbar' (uds)                       116 |   4.231e+00 |
 | g g -> c cbar                                  121 |   6.778e+00 |
 | q qbar -> c cbar                               122 |   1.409e+00 |
 | g g -> b bbar                                  123 |   6.713e+00 |
 | q qbar -> b bbar                               124 |   1.396e+00 |
 |                                                                  |
 *-------  End PYTHIA Process Initialization -----------------------*
 PYTHIA Warning in SimpleTimeShower::init: pTmin too low , raised to 0.611

 *-------  PYTHIA Multiparton Interactions Initialization  ---------* 
 |                                                                  | 
 |                   sigmaNonDiffractive =    55.96 mb              | 
 |                                                                  | 
 |    pT0 =  1.44 gives sigmaInteraction =   495.79 mb: accepted    | 
 |                                                                  | 
 *-------  End PYTHIA Multiparton Interactions Initialization  -----* 

 *-------  PYTHIA Flag + Mode + Parm + Word + FVec + MVec + PVec + WVec Settings (changes only)  ------------------* 
 |                                                                                                                 | 
 | Name                                          |                      Now |      Default         Min         Max | 
 |                                               |                          |                                      | 
 | Beams:eCM                                     |                13600.000 |    14000.000         0.0             | 
 | Check:epTolErr                                |                0.0100000 |   1.0000e-04                         | 
 | ColourReconnection:range                      |                  5.17600 |      1.80000         0.0    10.00000 | 
 | HardQCD:all                                   |                       on |          off                         | 
 | Main:timesAllowErrors                         |                    10000 |           10           0             | 
 | MultipartonInteractions:alphaSorder           |                        2 |            1           0           3 | 
 | MultipartonInteractions:alphaSvalue           |                  0.11800 |      0.13000   0.0600000     0.25000 | 
 | MultipartonInteractions:bProfile              |                        2 |            3           0           4 | 
 | MultipartonInteractions:coreFraction          |                  0.63000 |      0.50000         0.0     1.00000 | 
 | MultipartonInteractions:coreRadius            |                  0.76340 |      0.40000     0.10000     1.00000 | 
 | MultipartonInteractions:ecmPow                |                0.0334400 |      0.21500         0.0     0.50000 | 
 | MultipartonInteractions:pT0Ref                |                  1.41000 |      2.28000     0.50000    10.00000 | 
 | ParticleDecays:limitTau0                      |                       on |          off                         | 
 | PDF:lepton                                    |                      off |           on                         | 
 | PDF:pSet                                      | LHAPDF6:NNPDF31_nnlo_as_0118 |           13                     | 
 | PhaseSpace:bias2Selection                     |                       on |          off                         | 
 | PhaseSpace:bias2SelectionPow                  |                  4.50000 |      4.00000         0.0    10.00000 | 
 | PhaseSpace:bias2SelectionRef                  |                 15.00000 |     10.00000     1.00000             | 
 | PhaseSpace:pTHatMax                           |                 7000.000 |     -1.00000                         | 
 | PhaseSpace:pTHatMin                           |                 15.00000 |          0.0         0.0             | 
 | Random:seed                                   |                295188648 |           -1               900000000 | 
 | Random:setSeed                                |                       on |          off                         | 
 | SigmaProcess:alphaSorder                      |                        2 |            1           0           3 | 
 | SigmaProcess:alphaSvalue                      |                  0.11800 |      0.13000   0.0600000     0.25000 | 
 | SigmaTotal:mode                               |                        0 |            1           0           4 | 
 | SigmaTotal:sigmaEl                            |                 22.08000 |     25.00000         0.0             | 
 | SigmaTotal:sigmaTot                           |                101.03700 |    100.00000         0.0             | 
 | SigmaTotal:zeroAXB                            |                      off |           on                         | 
 | SLHA:minMassSM                                |                 1000.000 |    100.00000                         | 
 | SpaceShower:alphaSorder                       |                        2 |            1           0           3 | 
 | SpaceShower:alphaSvalue                       |                  0.11800 |      0.13650   0.0600000     0.25000 | 
 | TimeShower:alphaSorder                        |                        2 |            1           0           3 | 
 | TimeShower:alphaSvalue                        |                  0.11800 |      0.13650   0.0600000     0.25000 | 
 |                                                                                                                 | 
 *-------  End PYTHIA Flag + Mode + Parm + Word + FVec + MVec + PVec + WVec Settings  -----------------------------* 

 --------  PYTHIA Particle Data Table (changed only)  ------------------------------------------------------------------------------
 
      id   name            antiName         spn chg col      m0        mWidth      mMin       mMax       tau0    res dec ext vis wid
             no onMode   bRatio   meMode     products 

     443  J/psi                               3   0   0    3.09692    0.00009    3.09602    3.09782  0.00000e+00   0   1   0   1   0
              0     0   0.8023950   43       83      -83 
              1     0   0.0594000    0       11      -11 
              2     1   0.0593000    0       13      -13 
              3     0   0.0130000    0      441       22 
              4     0   0.0056000    0      113      111 
              5     0   0.0056500    0      213     -211 
              6     0   0.0056500    0     -213      211 
              7     0   0.0036000    0      115      113 
              8     0   0.0036000    0     -215      213 
              9     0   0.0036000    0      215     -213 
             10     0   0.0043000    0      225      223 
             11     0   0.0022000    0      313     -315 
             12     0   0.0022000    0      323     -325 
             13     0   0.0022000    0     -323      325 
             14     0   0.0025000    0      321     -323 
             15     0   0.0025000    0     -321      323 
             16     0   0.0021000    0      311     -313 
             17     0   0.0021000    0     -311      313 
             18     0   0.0019000    0    20323     -321 
             19     0   0.0019000    0   -20323      321 
             20     0   0.0015000    0    10213     -211 
             21     0   0.0015000    0   -10213      211 
             22     0   0.0023000    0    10113      111 
             23     0   0.0004800    0    10331      223 
             24     0   0.0007400    0      223      221 
             25     0   0.0003600    0    10331      333 
             26     0   0.0008000    0      333      335 
             27     0   0.0006800    0    20333      223 
             28     0   0.0007400    0      333      221 
             29     0   0.0004500    0      223      111 
             30     0   0.0004000    0      333      331 
             31     0   0.0003200    0      333  9010221 
             32     0   0.0002600    0      333    20223 
             33     0   0.0001930    0      113      221 
             34     0   0.0001820    0      223      331 
             35     0   0.0001400    0      223  9010221 
             36     0   0.0001050    0      113      331 
             37     0   0.0011000    0     2224    -2224 
             38     0   0.0005150    0     3112    -3112 
             39     0   0.0005900    0     3314    -3314 
             40     0   0.0003200    0     3324    -3324 
             41     0   0.0003200    0     3324    -3324 
             42     0   0.0001550    0     3114    -3114 
             43     0   0.0001550    0     3224    -3224 

 --------  End PYTHIA Particle Data Table  -----------------------------------------------------------------------------------------


 --------  PYTHIA Info Listing  ---------------------------------------- 
 
 Beam A: id =   2212, pz =  6.800e+03, e =  6.800e+03, m =  9.383e-01.
 Beam B: id =   2212, pz = -6.800e+03, e =  6.800e+03, m =  9.383e-01.

 In 1: id =   21, x =  3.199e-02, pdf =  3.180e+00 at Q2 =  8.601e+04.
 In 2: id =   21, x =  7.012e-02, pdf =  1.305e+00 at same Q2.

 Subprocess g g -> g g with code 111 is 2 -> 2.
 It has sHat =  4.149e+05,    tHat = -2.932e+05,    uHat = -1.217e+05,
       pTHat =  2.933e+02,   m3Hat =  0.000e+00,   m4Hat =  0.000e+00,
    thetaHat =  1.997e+00,  phiHat =  4.002e+00.
     alphaEM =  7.922e-03,  alphaS =  1.010e-01    at Q2 =  8.601e+04.

 Impact parameter b =  5.409e-01 gives enhancement factor =  2.417e+00.
 Max pT scale for MPI =  2.933e+02, ISR =  2.933e+02, FSR =  2.933e+02.
 Number of MPI =    16, ISR =    14, FSRproc =    34, FSRreson =     0.

 --------  End PYTHIA Info Listing  ------------------------------------

 --------  PYTHIA Event Listing  (hard process)  -----------------------------------------------------------------------------------
 
    no         id  name            status     mothers   daughters     colours      p_x        p_y        p_z         e          m 
     0         90  (system)           -11     0     0     0     0     0     0      0.000      0.000      0.000  13600.000  13600.000
     1       2212  (p+)               -12     0     0     3     0     0     0      0.000      0.000   6800.000   6800.000      0.938
     2       2212  (p+)               -12     0     0     4     0     0     0      0.000      0.000  -6800.000   6800.000      0.938
     3         21  (g)                -21     1     0     5     6   101   102      0.000      0.000    217.557    217.557      0.000
     4         21  (g)                -21     2     0     5     6   103   104      0.000      0.000   -476.827    476.827      0.000
     5         21  g                   23     3     4     0     0   101   104   -191.214   -222.368   -273.158    400.781      0.000
     6         21  g                   23     3     4     0     0   103   102    191.214    222.368     13.888    293.603      0.000
                                   Charge sum:  0.000           Momentum sum:      0.000      0.000   -259.270    694.384    644.165

 --------  End PYTHIA Event Listing  -----------------------------------------------------------------------------------------------

 --------  PYTHIA Event Listing  (complete event)  ---------------------------------------------------------------------------------
 
    no         id  name            status     mothers   daughters     colours      p_x        p_y        p_z         e          m 
     0         90  (system)           -11     0     0     0     0     0     0      0.000      0.000      0.000  13600.000  13600.000
     1       2212  (p+)               -12     0     0   266     0     0     0      0.000      0.000   6800.000   6800.000      0.938
     2       2212  (p+)               -12     0     0   267     0     0     0      0.000      0.000  -6800.000   6800.000      0.938
     3         21  (g)                -21     7     7     5     6   101   102      0.000      0.000    217.557    217.557      0.000
     4         21  (g)                -21     8     0     5     6   103   104      0.000      0.000   -476.827    476.827      0.000
     5         21  (g)                -23     3     4     9     9   101   104   -191.214   -222.368   -273.158    400.781      0.000
     6         21  (g)                -23     3     4    10    10   103   102    191.214    222.368     13.888    293.603      0.000
     7         21  (g)                -42    12    12     3     3   101   102      0.000      0.000    217.557    217.557      0.000
     8         21  (g)                -41    13     0    11     4   105   104     -0.000     -0.000   -604.122    604.122      0.000
     9         21  (g)                -44     5     5    14    14   101   104   -205.825   -273.391   -295.389    452.063      0.000
    10         21  (g)                -44     6     6    15    15   103   102    185.149    201.191    -34.624    275.602      0.000
    11         21  (g)                -43     8     0    16    16   105   103     20.676     72.200    -56.552     94.014      0.000
    12         21  (g)                -42    25    25     7     7   101   102     -0.000      0.000    217.557    217.557      0.000
    13         21  (g)                -41    26     0    17     8   106   104      0.000     -0.000  -1002.260   1002.260      0.000
    14         21  (g)                -44     9     9    27    27   101   104   -216.369   -258.748   -299.466    451.050      0.000
    15         21  (g)                -44    10    10    28    28   103   102    180.773    207.268    -34.337    277.160      0.000
    16         21  (g)                -44    11    11    18    19   105   103     18.553     75.150    -55.776     95.408      0.000
    17         21  (g)                -43    13     0    20    20   106   105     17.043    -23.670   -395.123    396.199      0.000
    18         -4  (cbar)             -51    16     0    29    29     0   103    -10.397      2.856      2.576     11.186      1.500
    19          4  (c)                -51    16     0    31    31   105     0     30.707     69.853    -99.101    125.082      1.500
    20         21  (g)                -52    17    17    30    30   106   105     15.286    -21.228   -354.373    355.338      0.000
    21         21  (g)                -31    55    55    23    24   109   108      0.000      0.000      0.734      0.734      0.000
    22         -3  (sbar)             -31    56     0    23    24     0   107      0.000      0.000   -180.906    180.906      0.000
    23         21  (g)                -33    21    22    57    57   109   107     -6.126      6.901    -35.732     36.904      0.000
    24         -3  (sbar)             -33    21    22    58    58     0   108      6.126     -6.901   -144.440    144.735      0.500
    25         21  (g)                -42    35    35    12    12   101   102     -0.000     -0.000    217.557    217.557      0.000
    26         21  (g)                -41   103   103    32    13   110   104      0.000      0.000  -1266.781   1266.781      0.000
    27         21  (g)                -44    14    14    64    65   101   104   -217.698   -261.306   -298.343    452.418      0.000
    28         21  (g)                -44    15    15    33    34   103   102    180.221    206.206    -35.451    276.148      0.000
    29         -4  (cbar)             -44    18    18   106   106     0   103    -10.412      2.826      2.581     11.194      1.500
    30         21  (g)                -44    20    20    47    48   106   105     14.029    -23.647   -354.439    355.504      0.000
    31          4  (c)                -44    19    19    49    49   105     0     30.310     69.089    -99.432    124.824      1.500
    32         21  (g)                -43    26     0   109   109   110   106      3.550      6.831   -264.138    264.250      0.000
    33         21  (g)                -51    28     0   105   105   103   111    163.378    195.799    -33.522    257.203      0.000
    34         21  (g)                -51    28     0    36    37   111   102     16.844     10.407     -1.047     19.827      0.000
    35         21  (g)                -53    38    38    25    25   101   102     -0.000     -0.000    218.439    218.439      0.000
    36         21  (g)                -51    34     0    93    94   111   112     10.665     12.192     -0.527     16.207      0.000
    37         21  (g)                -51    34     0    95    95   112   102      6.179     -1.785      2.926      7.066      0.000
    38         21  (g)                -53    66    66    35    35   101   102     -0.000     -0.000    221.885    221.885      0.000
    39          2  (u)                -31    83    83    41    42   113     0      0.000      0.000     52.216     52.216      0.000
    40         21  (g)                -31    84     0    41    42   114   113      0.000      0.000     -2.880      2.880      0.000
    41          2  (u)                -33    39    40    76    77   115     0      0.756     -4.444     50.287     50.490      0.330
    42         21  (g)                -33    39    40    78    78   114   115     -0.756      4.444     -0.951      4.607      0.000
    43         21  (g)                -31    50     0    45    46   117   118      0.000      0.000      1.551      1.551      0.000
    44         21  (g)                -31    51    51    45    46   119   120      0.000      0.000    -10.011     10.011      0.000
    45         21  (g)                -33    43    44    52    52   117   120     -2.999     -2.509     -3.508      5.253      0.000
    46         21  (g)                -33    43    44    53    53   119   118      2.999      2.509     -4.951      6.309      0.000
    47         21  (g)                -51    30     0   107   107   106   121     14.674    -23.101   -356.104    357.154      0.000
    48         21  (g)                -51    30     0   112   112   121   105      0.042      1.023     -0.590      1.182      0.000
    49          4  (c)                -52    31    31   108   108   105     0     29.622     67.520    -97.177    121.992      1.500
    50         -2  (ubar)             -41   118   118    54    43     0   118     -0.000     -0.000    193.416    193.416      0.000
    51         21  (g)                -42   119     0    44    44   119   120      0.000      0.000    -10.011     10.011      0.000
    52         21  (g)                -44    45    45    73    74   117   120     -1.565     -1.780     -0.432      2.409      0.000
    53         21  (g)                -44    46    46   121   121   119   118      4.114      3.077     -7.810      9.348      0.000
    54         -2  (ubar)             -43    50     0    75    75     0   117     -2.549     -1.297    191.647    191.669      0.330
    55         21  (g)                -42    67     0    21    21   109   108      0.000     -0.000      0.734      0.734      0.000
    56         21  (g)                -41    68    68    59    22   122   107     -0.000      0.000   -451.139    451.139      0.000
    57         21  (g)                -44    23    23    69    69   109   107     -6.578      7.132    -36.435     37.704      0.000
    58         -3  (sbar)             -44    24    24    70    70     0   108      4.327     -5.982   -147.485    147.671      0.500
    59          3  (s)                -43    56     0    71    71   122     0      2.250     -1.149   -266.485    266.498      0.500
    60          2  (u)                -31   188   188    62    63   123     0      0.000      0.000      0.997      0.997      0.000
    61         21  (g)                -31   189     0    62    63   124   125      0.000      0.000    -34.611     34.611      0.000
    62          2  (u)                -33    60    61   190   190   124     0     -2.349      0.048     -0.519      2.429      0.330
    63         21  (g)                -33    60    61   191   191   123   125      2.349     -0.048    -33.095     33.179      0.000
    64         21  (g)                -51    27     0    99   100   126   104    -96.391   -113.471   -133.069    199.686      0.000
    65         21  (g)                -51    27     0    96    97   101   126   -121.307   -147.835   -165.259    252.747      0.000
    66         21  (g)                -53    98    98    38    38   101   102     -0.000     -0.000    221.900    221.900      0.000
    67         21  (g)                -41   138   138    72    55   109   127      0.000     -0.000      4.573      4.573      0.000
    68         21  (g)                -42   144   144    56    56   122   107      0.000     -0.000   -451.139    451.139      0.000
    69         21  (g)                -44    57    57   136   137   109   107     -8.333      7.829    -50.629     51.904      0.000
    70         -3  (sbar)             -44    58    58   125   126     0   108      4.071     -5.880   -137.829    138.015      0.500
    71          3  (s)                -44    59    59   147   147   122     0      2.233     -1.143   -261.633    261.646      0.500
    72         21  (g)                -43    67     0   127   127   108   127      2.029     -0.806      3.525      4.146      0.000
    73         21  (g)                -51    52     0   120   120   128   120     -3.085     -1.477      2.634      4.317      0.000
    74         21  (g)                -51    52     0   123   123   117   128      1.474     -0.327      0.405      1.563      0.000
    75         -2  (ubar)             -52    54    54   122   122     0   117     -2.502     -1.274    188.177    188.198      0.330
    76          2  (u)                -51    41     0    85    85   129     0     -1.302     -4.165     39.907     40.147      0.330
    77         21  (g)                -51    41     0    87    87   115   129      2.026     -0.091     10.340     10.537      0.000
    78         21  (g)                -52    42    42    86    86   114   115     -0.724      4.257     -0.911      4.413      0.000
    79         21  (g)                -31   257     0    81    82   131   130      0.000      0.000      2.059      2.059      0.000
    80         21  (g)                -31   258   258    81    82   133   132      0.000      0.000   -369.822    369.822      0.000
    81         21  (g)                -33    79    80   259   259   133   130     -1.743      0.517   -369.419    369.423      0.000
    82         21  (g)                -33    79    80   260   260   131   132      1.743     -0.517      1.656      2.459      0.000
    83          2  (u)                -42   176     0    39    39   113     0      0.000     -0.000     52.216     52.216      0.000
    84         -1  (dbar)             -41   177   177    88    40     0   113     -0.000      0.000  -1129.544   1129.544      0.000
    85          2  (u)                -44    76    76   178   178   129     0     -1.268     -4.233     40.683     40.924      0.330
    86         21  (g)                -44    78    78   152   153   114   115      0.031      2.756     -1.967      3.386      0.000
    87         21  (g)                -44    77    77   154   154   115   129      2.054     -0.147     10.603     10.801      0.000
    88         -1  (dbar)             -43    84     0   181   181     0   114     -0.817      1.623  -1126.647   1126.649      0.330
    89          1  (d)                -31   128   128    91    92   134     0      0.000      0.000      0.331      0.331      0.000
    90         21  (g)                -31   129     0    91    92   135   136      0.000      0.000     -9.221      9.221      0.000
    91          1  (d)                -33    89    90   130   130   135     0     -1.581      0.691     -4.098      4.459      0.330
    92         21  (g)                -33    89    90   131   131   134   136      1.581     -0.691     -4.793      5.094      0.000
    93         21  (g)                -51    36     0   110   110   111   137      4.031      6.632     -0.912      7.814      0.000
    94         21  (g)                -51    36     0   114   114   137   112      7.163      5.407      0.636      8.997      0.000
    95         21  (g)                -52    37    37   111   111   112   102      5.650     -1.632      2.675      6.461      0.000
    96         -3  (sbar)             -51    65     0   101   101     0   126   -104.111   -127.270   -139.990    215.949      0.500
    97          3  (s)                -51    65     0   115   115   101     0    -17.196    -20.565    -25.243     36.825      0.500
    98         21  (g)                -53   102     0    66    66   101   102     -0.000     -0.000    221.927    221.927      0.000
    99         21  (g)                -51    64     0   104   104   139   104   -119.229   -140.434   -163.036    246.004      0.000
   100         21  (g)                -51    64     0   116   116   126   139    -10.650    -14.001    -15.041     23.145      0.000
   101         -3  (sbar)             -52    96    96   113   113     0   126    -70.623    -86.306    -94.982    146.486      0.500
   102         21  (g)                -41   222   222   117    98   140   102      0.000      0.000    222.399    222.399      0.000
   103         21  (g)                -42   135   135    26    26   110   104      0.000     -0.000  -1266.781   1266.781      0.000
   104         21  (g)                -44    99    99   196   197   139   104   -119.420   -140.350   -162.937    245.983      0.000
   105         21  (g)                -44    33    33   219   219   103   111    162.862    196.027    -33.104    256.995      0.000
   106         -4  (cbar)             -44    29    29   270   270     0   103    -10.444      2.840      2.564     11.223      1.500
   107         21  (g)                -44    47    47   163   164   106   121     14.672    -23.100   -355.711    356.762      0.000
   108          4  (c)                -44    49    49   195   195   105     0     29.564     67.546    -97.062    121.901      1.500
   109         21  (g)                -44    32    32   133   134   110   106      3.550      6.831   -263.889    264.001      0.000
   110         21  (g)                -44    93    93   217   218   111   137      4.015      6.639     -0.903      7.811      0.000
   111         21  (g)                -44    95    95   185   186   112   102      5.629     -1.623      2.696      6.449      0.000
   112         21  (g)                -44    48    48   165   165   121   105      0.041      1.023     -0.590      1.182      0.000
   113         -3  (sbar)             -44   101   101   277   277     0   126    -70.742    -86.254    -94.919    146.472      0.500
   114         21  (g)                -44    94    94   187   187   137   112      7.141      5.417      0.655      8.987      0.000
   115          3  (s)                -44    97    97   279   279   101     0    -17.223    -20.553    -25.227     36.820      0.500
   116         21  (g)                -44   100   100   280   280   126   139    -10.669    -13.993    -15.030     23.141      0.000
   117         21  (g)                -43   102     0   220   221   140   101      1.024     -0.451     -0.925      1.452      0.000
   118         -2  (ubar)             -42   210   210    50    50     0   118      0.000     -0.000    193.416    193.416      0.000
   119         21  (g)                -41   313   313   124    51   119   141     -0.000      0.000    -18.575     18.575      0.000
   120         21  (g)                -44    73    73   213   213   128   120     -2.994     -1.558      2.540      4.225      0.000
   121         21  (g)                -44    53    53   208   209   119   118      5.042      2.246     -7.697      9.471      0.000
   122         -2  (ubar)             -44    75    75   175   175     0   117     -2.501     -1.275    187.992    188.013      0.330
   123         21  (g)                -44    74    74   173   174   117   128      1.537     -0.383      0.502      1.661      0.000
   124         21  (g)                -43   119     0   211   212   120   141     -1.083      0.970     -8.497      8.620      0.000
   125         -3  (sbar)             -51    70     0   146   146     0   142      3.025     -3.099   -102.818    102.910      0.500
   126         21  (g)                -51    70     0   149   149   142   108      1.055     -2.785    -34.996     35.122      0.000
   127         21  (g)                -52    72    72   148   148   108   127      2.020     -0.803      3.510      4.129      0.000
   128          1  (d)                -42   335   335    89    89   134     0     -0.000      0.000      0.331      0.331      0.000
   129          1  (d)                -41   336   336   132    90   135     0      0.000     -0.000    -34.457     34.457      0.000
   130          1  (d)                -44    91    91   337   337   135     0     -1.205      0.265     -4.985      5.146      0.330
   131         21  (g)                -44    92    92   202   203   134   136      2.015     -1.183     -5.619      6.085      0.000
   132          1  (d)                -43   129     0   204   204   136     0     -0.810      0.918    -23.522     23.556      0.330
   133         -3  (sbar)             -51   109     0   273   273     0   106      0.687      2.821   -143.847    143.877      0.500
   134          3  (s)                -51   109     0   282   282   110     0      2.862      4.010   -149.315    149.397      0.500
   135         21  (g)                -53   198   198   103   103   110   104      0.000     -0.000  -1296.054   1296.054      0.000
   136         21  (g)                -51    69     0   145   145   143   107     -6.940      5.214    -35.701     36.741      0.000
   137         21  (g)                -51    69     0   150   150   109   143     -1.393      2.615    -14.900     15.191      0.000
   138         21  (g)                -53   143     0    67    67   109   127      0.000     -0.000      4.601      4.601      0.000
   139          2  (u)                -31   341   341   141   142   144     0      0.000      0.000   1433.573   1433.573      0.000
   140         21  (g)                -31   342   342   141   142   145   144      0.000      0.000     -0.048      0.048      0.000
   141          2  (u)                -33   139   140   214   215   146     0      0.022      1.084   1427.464   1427.465      0.330
   142         21  (g)                -33   139   140   216   216   145   146     -0.022     -1.084      6.060      6.156      0.000
   143         21  (g)                -41   291   291   151   138   147   127     -0.000     -0.000    146.518    146.518      0.000
   144         21  (g)                -42   292   292    68    68   122   107     -0.000     -0.000   -451.139    451.139      0.000
   145         21  (g)                -44   136   136   293   293   143   107     -7.062      5.211    -36.503     37.543      0.000
   146         -3  (sbar)             -44   125   125   294   294     0   142      3.014     -3.099   -102.458    102.550      0.500
   147          3  (s)                -44    71    71   295   295   122     0      2.232     -1.143   -261.336    261.349      0.500
   148         21  (g)                -44   127   127   296   296   108   127      1.122     -0.826      3.693      3.947      0.000
   149         21  (g)                -44   126   126   297   297   142   108      1.040     -2.785    -34.876     35.003      0.000
   150         21  (g)                -44   137   137   223   224   109   143     -1.427      2.614    -15.055     15.347      0.000
   151         21  (g)                -43   143     0   225   225   147   109      1.082      0.028    141.914    141.918      0.000
   152         21  (g)                -51    86     0   179   179   114   148      0.741      2.162     -2.016      3.048      0.000
   153         21  (g)                -51    86     0   168   168   148   115     -0.546      0.583      0.892      1.197      0.000
   154         21  (g)                -52    87    87   166   167   115   129      1.890     -0.135      9.761      9.943      0.000
   155         21  (g)                -31   346   346   157   158   151   150      0.000      0.000      8.255      8.255      0.000
   156         -1  (dbar)             -31   347   347   157   158     0   149      0.000      0.000     -2.597      2.597      0.000
   157         21  (g)                -33   155   156   348   348   151   149     -0.613      0.833      8.107      8.173      0.000
   158         -1  (dbar)             -33   155   156   349   349     0   150      0.613     -0.833     -2.450      2.679      0.330
   159         21  (g)                -31   350   350   161   162   152   153      0.000      0.000    536.833    536.833      0.000
   160         -3  (sbar)             -31   351   351   161   162     0   152      0.000      0.000     -0.006      0.006      0.000
   161         21  (g)                -33   159   160   352   352   154   153     -0.991     -0.121    481.687    481.688      0.000
   162         -3  (sbar)             -33   159   160   353   353     0   154      0.991      0.121     55.139     55.151      0.500
   163         21  (g)                -51   107     0   271   271   106   155     12.844    -21.388   -332.371    333.306      0.000
   164         21  (g)                -51   107     0   231   231   155   121      1.829     -1.685    -23.357     23.489      0.000
   165         21  (g)                -52   112   112   193   194   121   105      0.040      0.996     -0.574      1.150      0.000
   166         21  (g)                -51   154     0   180   180   156   129      0.222      0.835      1.900      2.087      0.000
   167         21  (g)                -51   154     0   183   183   115   156      1.400     -0.684      8.299      8.444      0.000
   168         21  (g)                -52   153   153   182   182   148   115     -0.278      0.297      0.454      0.609      0.000
   169         21  (g)                -31   354   354   171   172   158   157      0.000      0.000    217.302    217.302      0.000
   170         21  (g)                -31   355   355   171   172   160   159      0.000      0.000     -0.012      0.012      0.000
   171         21  (g)                -33   169   170   356   356   160   157     -0.090     -0.983     22.454     22.476      0.000
   172         21  (g)                -33   169   170   357   357   158   159      0.090      0.983    194.836    194.839      0.000
   173         21  (g)                -51   123     0   238   238   161   128      1.889      0.269      1.107      2.205      0.000
   174         21  (g)                -51   123     0   226   227   117   161     -0.432     -0.692      5.402      5.463      0.000
   175         -2  (ubar)             -52   122   122   228   228     0   117     -2.421     -1.234    181.985    182.006      0.330
   176          2  (u)                -41   302   302   184    83   162     0      0.000     -0.000     52.373     52.373      0.000
   177         -1  (dbar)             -42   303   303    84    84     0   113      0.000      0.000  -1129.544   1129.544      0.000
   178          2  (u)                -44    85    85   304   304   129     0     -1.195     -4.786     40.704     41.003      0.330
   179         21  (g)                -44   152   152   207   207   114   148      0.742      2.155     -1.998      3.031      0.000
   180         21  (g)                -44   166   166   306   306   156   129      0.226      0.808      1.908      2.084      0.000
   181         -1  (dbar)             -44    88    88   205   206     0   114     -0.817      1.623  -1125.252   1125.254      0.330
   182         21  (g)                -44   168   168   308   308   148   115     -0.277      0.289      0.457      0.608      0.000
   183         21  (g)                -44   167   167   309   309   115   156      1.415     -0.798      8.303      8.460      0.000
   184         21  (g)                -43   176     0   310   310   162   113     -0.093      0.708     -1.293      1.477      0.000
   185         -3  (sbar)             -51   111     0   275   275     0   102      1.958      0.456      1.325      2.459      0.500
   186          3  (s)                -51   111     0   201   201   112     0      4.387     -1.536      1.436      4.891      0.500
   187         21  (g)                -52   114   114   199   200   137   112      6.425      4.874      0.590      8.086      0.000
   188          2  (u)                -42   324   324    60    60   123     0     -0.000     -0.000      0.997      0.997      0.000
   189         21  (g)                -41   325   325   192    61   124   164      0.000      0.000    -85.963     85.963      0.000
   190          2  (u)                -44    62    62   326   326   124     0     -2.369      0.015     -0.527      2.449      0.330
   191         21  (g)                -44    63    63   244   244   123   125      1.909     -0.782    -33.429     33.493      0.000
   192         21  (g)                -43   189     0   242   243   125   164      0.460      0.767    -51.010     51.018      0.000
   193          2  (u)                -51   165     0   229   230   121     0      1.231      1.411     -2.236      2.935      0.330
   194         -2  (ubar)             -51   165     0   285   285     0   105      1.525      5.779     -7.250      9.402      0.330
   195          4  (c)                -52   108   108   272   272   105     0     26.848     61.352    -88.150    110.714      1.500
   196          2  (u)                -51   104     0   268   268   139     0    -54.995    -63.787    -75.149    112.875      0.330
   197         -2  (ubar)             -51   104     0   286   286     0   104    -64.426    -76.563    -87.804    133.125      0.330
   198         21  (g)                -53   267   267   135   135   110   104      0.000     -0.000  -1296.070   1296.070      0.000
   199         21  (g)                -51   187     0   278   278   137   165      4.637      3.705      1.194      6.055      0.000
   200         21  (g)                -51   187     0   287   287   165   112      2.150      1.033     -0.484      2.434      0.000
   201          3  (s)                -52   186   186   284   284   112     0      4.025     -1.401      1.316      4.488      0.500
   202         21  (g)                -51   131     0   338   338   134   166      1.543     -1.058     -3.565      4.026      0.000
   203         21  (g)                -51   131     0   340   340   166   136      0.342      0.022     -5.767      5.777      0.000
   204          1  (d)                -52   132   132   339   339   136     0     -0.679      0.771    -19.810     19.839      0.330
   205         -1  (dbar)             -51   181     0   307   307     0   167     -0.705      2.191  -1109.964   1109.966      0.330
   206         21  (g)                -51   181     0   311   311   167   114     -0.104     -0.544    -15.309     15.319      0.000
   207         21  (g)                -52   179   179   305   305   114   148      0.734      2.132     -1.977      2.999      0.000
   208         21  (g)                -51   121     0   315   315   119   168      3.540      2.107     -4.748      6.286      0.000
   209         21  (g)                -51   121     0   320   320   168   118      1.502      0.139     -2.882      3.252      0.000
   210         -2  (ubar)             -53   312   312   118   118     0   118      0.000     -0.000    193.483    193.483      0.000
   211         21  (g)                -51   124     0   318   318   169   141     -0.938      0.264     -7.888      7.948      0.000
   212         21  (g)                -51   124     0   321   321   120   169     -0.275      0.638     -0.498      0.855      0.000
   213         21  (g)                -52   120   120   314   314   128   120     -2.864     -1.491      2.430      4.041      0.000
   214          2  (u)                -51   141     0   343   343   170     0     -0.341      1.390   1385.996   1385.997      0.330
   215         21  (g)                -51   141     0   345   345   146   170      0.362     -0.344     41.678     41.681      0.000
   216         21  (g)                -52   142   142   344   344   145   146     -0.021     -1.046      5.851      5.944      0.000
   217         21  (g)                -51   110     0   274   274   171   137      5.185      7.878     -0.579      9.449      0.000
   218         21  (g)                -51   110     0   288   288   111   171     13.848     16.838     -3.376     22.061      0.000
   219         21  (g)                -52   105   105   269   269   103   111    147.843    177.950    -30.051    233.296      0.000
   220         21  (g)                -51   117     0   281   281   174   101      1.442     -0.313     -0.247      1.496      0.000
   221         21  (g)                -51   117     0   289   289   140   174     -0.418     -0.138     -0.164      0.470      0.000
   222         21  (g)                -53   266   266   102   102   140   102      0.000      0.000    222.913    222.913      0.000
   223         21  (g)                -51   150     0   298   298   175   143     -1.125      1.614    -13.183     13.329      0.000
   224         21  (g)                -51   150     0   241   241   109   175     -0.301      1.000     -1.805      2.085      0.000
   225         21  (g)                -52   151   151   239   240   147   109      1.082      0.028    141.847    141.851      0.000
   226         21  (g)                -51   174     0   236   237   176   161     -0.150     -1.067     10.858     10.911      0.000
   227         21  (g)                -51   174     0   322   322   117   176     -0.618      0.204     19.849     19.860      0.000
   228         -2  (ubar)             -52   175   175   316   316     0   117     -2.085     -1.064    156.680    156.698      0.330
   229          2  (u)                -51   193     0   276   276   177     0      0.893      0.824     -0.905      1.551      0.330
   230         21  (g)                -51   193     0   290   290   121   177      0.498      0.439     -3.381      3.445      0.000
   231         21  (g)                -52   164   164   283   283   155   121      1.669     -1.537    -21.307     21.427      0.000
   232          2  (u)                -31   358   358   234   235   178     0      0.000      0.000    245.806    245.806      0.000
   233         21  (g)                -31   359   359   234   235   179   178      0.000      0.000     -0.004      0.004      0.000
   234          2  (u)                -33   232   233   360   360   180     0     -0.170      0.597    219.484    219.485      0.330
   235         21  (g)                -33   232   233   361   361   179   180      0.170     -0.597     26.318     26.326      0.000
   236         21  (g)                -51   226     0   319   319   176   183     -0.495     -1.150      9.274      9.358      0.000
   237         21  (g)                -51   226     0   323   323   183   161      0.556      0.113      1.708      1.799      0.000
   238         21  (g)                -52   173   173   317   317   161   128      1.678      0.239      0.983      1.959      0.000
   239         21  (g)                -51   225     0   299   299   147   185      1.502      0.220    139.439    139.447      0.000
   240         21  (g)                -51   225     0   301   301   185   109     -0.424     -0.179      2.386      2.430      0.000
   241         21  (g)                -52   224   224   300   300   109   175     -0.298      0.988     -1.783      2.060      0.000
   242         21  (g)                -51   192     0   328   328   187   164     -0.237      0.048     -3.220      3.229      0.000
   243         21  (g)                -51   192     0   329   329   125   187      1.175      0.523    -56.165     56.179      0.000
   244         21  (g)                -52   191   191   327   327   123   125      1.430     -0.586    -25.055     25.102      0.000
   245         -3  (sbar)             -31   362   362   247   248     0   188      0.000      0.000      0.579      0.579      0.000
   246         21  (g)                -31   363   363   247   248   188   189      0.000      0.000   -233.632    233.632      0.000
   247         -3  (sbar)             -33   245   246   364   364     0   190     -0.157     -0.482      0.359      0.798      0.500
   248         21  (g)                -33   245   246   365   365   190   189      0.157      0.482   -233.412    233.413      0.000
   249          1  (d)                -31   366   366   251   252   191     0      0.000      0.000      0.006      0.006      0.000
   250          1  (d)                -31   367   367   251   252   192     0      0.000      0.000    -86.211     86.211      0.000
   251          1  (d)                -33   249   250   368   368   191     0      0.057     -0.342    -76.152     76.154      0.330
   252          1  (d)                -33   249   250   369   369   192     0     -0.057      0.342    -10.052     10.063      0.330
   253         21  (g)                -31   370   370   255   256   194   193      0.000      0.000      0.005      0.005      0.000
   254         21  (g)                -31   371   371   255   256   193   195      0.000      0.000    -83.951     83.951      0.000
   255         21  (g)                -33   253   254   372   372   196   195      0.081      0.378    -74.924     74.925      0.000
   256         21  (g)                -33   253   254   373   373   194   196     -0.081     -0.378     -9.022      9.030      0.000
   257          3  (s)                -41   330   330   261    79   131     0     -0.000     -0.000     29.915     29.915      0.000
   258         21  (g)                -42   331   331    80    80   133   132      0.000      0.000   -369.822    369.822      0.000
   259         21  (g)                -44    81    81   332   332   133   130     -1.742      0.517   -369.318    369.323      0.000
   260         21  (g)                -44    82    82   333   333   131   132      1.972     -0.466      1.558      2.556      0.000
   261          3  (s)                -43   257     0   334   334   130     0     -0.230     -0.050     27.853     27.858      0.500
   262          1  (d)                -31   374   374   264   265   197     0      0.000      0.000      0.314      0.314      0.000
   263         21  (g)                -31   375   375   264   265   198   199      0.000      0.000     -1.867      1.867      0.000
   264          1  (d)                -33   262   263   376   376   198     0     -0.185     -0.138      0.174      0.439      0.330
   265         21  (g)                -33   262   263   377   377   197   199      0.185      0.138     -1.727      1.743      0.000
   266         21  (g)                -61     1     0   222   222   118   102      0.365     -3.088    222.903    222.924      0.000
   267         21  (g)                -61     2     0   198   198   152   104      0.075      0.245  -1296.064   1296.064      0.000
   268          2  (u)                -62   196   196   423   423   139     0    -54.958    -64.030    -75.554    113.264      0.330
   269         21  (g)                -62   219   219   550   550   103   111    148.017    176.567    -28.922    232.210      0.000
   270         -4  (cbar)             -62   106   106   551   551     0   103    -10.432      2.746      2.592     11.195      1.500
   271         21  (g)                -62   163   163   506   506   106   155     12.864    -21.331   -332.529    333.461      0.000
   272          4  (c)                -62   195   195   417   417   105     0     26.872     61.214    -87.741    110.318      1.500
   273         -3  (sbar)             -62   133   133   438   438     0   122      0.696      2.848   -143.827    143.858      0.500
   274         21  (g)                -62   217   217   548   548   171   137      5.192      7.818     -0.528      9.400      0.000
   275         -3  (sbar)             -62   185   185   398     0     0   161      1.961      0.430      1.327      2.458      0.500
   276          2  (u)                -62   229   229   499   499   177     0      0.894      0.820     -0.900      1.546      0.330
   277         -3  (sbar)             -62   113   113   425   425     0   126    -70.692    -86.588    -95.470    147.002      0.500
   278         21  (g)                -62   199   199   547   547   137   165      4.643      3.655      1.217      6.034      0.000
   279          3  (s)                -62   115   115   669   669   101     0    -17.211    -20.627    -25.358     36.946      0.500
   280         21  (g)                -62   116   116   424   424   126   139    -10.661    -14.045    -15.120     23.228      0.000
   281         21  (g)                -62   220   220   670   670   174   101      1.443     -0.321     -0.251      1.500      0.000
   282          3  (s)                -62   134   134   400     0   110     0      2.871      4.037   -149.289    149.372      0.500
   283         21  (g)                -62   231   231   505   505   155   123      1.670     -1.534    -21.319     21.439      0.000
   284          3  (s)                -62   201   201   545   545   112     0      4.030     -1.440      1.303      4.501      0.500
   285         -2  (ubar)             -62   194   194   419   419     0   114      1.527      5.766     -7.211      9.364      0.330
   286         -2  (ubar)             -62   197   197   582   582     0   120    -64.382    -76.855    -88.291    133.594      0.330
   287         21  (g)                -62   200   200   546   546   165   112      2.151      1.020     -0.479      2.429      0.000
   288         21  (g)                -62   218   218   549   549   111   171     13.864     16.711     -3.269     21.958      0.000
   289         21  (g)                -62   221   221   671   671   140   174     -0.418     -0.141     -0.164      0.471      0.000
   290         21  (g)                -62   230   230   503   503   121   134      0.498      0.439     -3.378      3.443      0.000
   291         21  (g)                -61     1     0   143   143   107   107     -1.379     -0.823    146.513    146.522      0.000
   292         21  (g)                -61     2     0   144   144   127   127      0.830     -2.310   -451.140    451.147      0.000
   293         21  (g)                -62   145   145   579   579   143   175     -6.999      5.018    -36.541     37.542      0.000
   294         -3  (sbar)             -62   146   146   508   508     0   142      3.202     -3.624   -102.442    102.557      0.500
   295          3  (s)                -62   147   147   437   437   122     0      2.712     -2.481   -261.325    261.351      0.500
   296         21  (g)                -62   148   148   478   478   108   115      1.087     -0.848      3.699      3.947      0.000
   297         21  (g)                -62   149   149   507   507   142   106      1.104     -2.965    -34.871     35.014      0.000
   298         21  (g)                -62   223   223   578   578   175   187     -1.102      1.546    -13.189     13.325      0.000
   299         21  (g)                -62   239   239   402     0   147   154      0.190     -0.564    139.443    139.444      0.000
   300         21  (g)                -62   241   241   394     0   109   197     -0.295      0.977     -1.784      2.055      0.000
   301         21  (g)                -62   240   240   401     0   185   145     -0.447     -0.193      2.383      2.432      0.000
   302          2  (u)                -61     1     0   176   176   113     0      0.984     -0.928     52.364     52.381      0.000
   303         -1  (dbar)             -61     2     0   177   177     0   113     -0.128      0.692  -1129.537   1129.537      0.000
   304          2  (u)                -62   178   178   604   604   129     0     -0.428     -5.510     40.665     41.040      0.330
   305         21  (g)                -62   207   207   418   418   114   105      0.743      2.125     -1.965      2.988      0.000
   306         21  (g)                -62   180   180   480   480   156   183      0.263      0.773      1.913      2.080      0.000
   307         -1  (dbar)             -62   205   205   605   605     0   129     -0.830      2.871  -1109.930   1109.934      0.330
   308         21  (g)                -62   182   182   673   673   148   128     -0.267      0.280      0.462      0.603      0.000
   309         21  (g)                -62   183   183   477   477   115   160      1.572     -0.946      8.281      8.482      0.000
   310         21  (g)                -62   184   184   394     0   162   109     -0.091      0.707     -1.285      1.470      0.000
   311         21  (g)                -62   206   206   393     0   167   166     -0.106     -0.535    -15.313     15.323      0.000
   312         -2  (ubar)             -61     1     0   210   210     0   118     -0.171      3.519    193.424    193.456      0.000
   313         21  (g)                -61     2     0   119   119   118   130      0.408     -2.030    -18.502     18.618      0.000
   314         21  (g)                -62   213   213   672   672   128   140     -2.850     -1.519      2.495      4.080      0.000
   315         21  (g)                -62   208   208   500   500   119   177      3.661      1.517     -4.821      6.240      0.000
   316         -2  (ubar)             -62   228   228   432   432     0   130     -2.224      1.786    156.677    156.703      0.330
   317         21  (g)                -62   238   238   398     0   161   131      1.687      0.212      0.989      1.967      0.000
   318         21  (g)                -62   211   211   397     0   169   194     -0.764     -0.601     -7.885      7.945      0.000
   319         21  (g)                -62   236   236   676   676   176   185     -0.503     -0.985      9.339      9.404      0.000
   320         21  (g)                -62   209   209   501   501   168   119      1.569     -0.193     -2.861      3.269      0.000
   321         21  (g)                -62   212   212   581   581   120   162     -0.260      0.567     -0.539      0.825      0.000
   322         21  (g)                -62   227   227   677   677   117   176     -0.635      0.565     19.823     19.841      0.000
   323         21  (g)                -62   237   237   479   479   183   108      0.555      0.140      1.706      1.800      0.000
   324          2  (u)                -61     1     0   188   188   164     0     -0.363     -0.989      0.710      1.271      0.000
   325         21  (g)                -61     2     0   189   189   124   164      0.452      1.403    -85.699     85.712      0.000
   326          2  (u)                -62   190   190   403   403   124     0     -2.709     -0.908     -1.229      3.128      0.330
   327         21  (g)                -62   244   244   504   504   123   121      1.554     -0.200    -25.016     25.065      0.000
   328         21  (g)                -62   242   242   397     0   187   169     -0.221      0.097     -3.231      3.240      0.000
   329         21  (g)                -62   243   243   400     0   125   110      1.466      1.425    -55.513     55.550      0.000
   330          3  (s)                -61     1     0   257   257   102     0      2.027      0.569     29.880     29.954      0.000
   331         21  (g)                -61     2     0   258   258   130   102      0.585     -0.205   -369.814    369.815      0.000
   332         21  (g)                -62   259   259   574   574   133   104     -1.158      0.312   -369.257    369.259      0.000
   333         21  (g)                -62   260   260   481   481   131   156      2.113     -0.427      1.495      2.623      0.000
   334          3  (s)                -62   261   261   431   431   130     0      1.657      0.479     27.828     27.886      0.500
   335          1  (d)                -61     1     0   128   128   136     0      0.989     -0.424     -0.619      1.242      0.000
   336          1  (d)                -61     2     0   129   129   113     0     -1.735     -0.902    -34.362     34.417      0.000
   337          1  (d)                -62   130   130   467   467   113     0     -1.118      0.075     -3.135      3.346      0.330
   338         21  (g)                -62   202   202   502   502   134   168      1.894     -1.523     -7.293      7.687      0.000
   339          1  (d)                -62   204   204   529   529   136     0     -1.561      0.269    -18.260     18.331      0.330
   340         21  (g)                -62   203   203   395     0   166   190      0.040     -0.147     -6.293      6.295      0.000
   341          2  (u)                -61     1     0   139   139   136     0     -1.368      1.232   1450.258   1450.260      0.000
   342         21  (g)                -61     2     0   140   140   170   136     -1.038      0.844      9.155      9.252      0.000
   343          2  (u)                -62   214   214   722   722   170     0     -1.687      2.602   1418.044   1418.047      0.330
   344         21  (g)                -62   216   216   401     0   145   151     -1.016     -0.238      5.834      5.926      0.000
   345         21  (g)                -62   215   215   402     0   118   147      0.297     -0.288     35.535     35.538      0.000
   346         21  (g)                -61     1     0   155   155   149   150     -0.399     -0.323      8.120      8.136      0.000
   347         -1  (dbar)             -61     2     0   156   156     0   149      1.369     -0.122     -2.425      2.788      0.000
   348         21  (g)                -62   157   157   674   674   151   148     -0.983      0.517      7.799      7.878      0.000
   349         -1  (dbar)             -62   158   158   453   453     0   150      1.954     -0.962     -2.104      3.046      0.330
   350         21  (g)                -61     1     0   159   159   152   136     -0.408     -0.170    538.794    538.794      0.000
   351         -3  (sbar)             -61     2     0   160   160     0   152     -0.129      0.292      4.145      4.157      0.000
   352         21  (g)                -62   161   161   679   679   154   158     -1.374     -0.252    491.051    491.053      0.000
   353         -3  (sbar)             -62   162   162   530   530     0   136      0.837      0.374     51.888     51.899      0.500
   354         21  (g)                -61     1     0   169   169   159   159      0.385     -0.248    221.286    221.286      0.000
   355         21  (g)                -61     2     0   170   170   157   157      0.442     -0.097      4.151      4.176      0.000
   356         21  (g)                -62   171   171   399     0   160   179      0.350     -1.098     28.772     28.796      0.000
   357         21  (g)                -62   172   172   678   678   158   117      0.476      0.753    196.664    196.666      0.000
   358          2  (u)                -61     1     0   232   232   178     0     -0.182     -0.274    244.855    244.855      0.000
   359         21  (g)                -61     2     0   233   233   102   178      0.076      0.151      1.729      1.737      0.000
   360          2  (u)                -62   234   234   475   475   102     0     -0.329      0.362    228.095    228.096      0.330
   361         21  (g)                -62   235   235   399     0   179   102      0.223     -0.485     18.489     18.496      0.000
   362         -3  (sbar)             -61     1     0   245   245     0   136     -0.137     -0.396      0.503      0.655      0.000
   363         21  (g)                -61     2     0   246   246   136   124     -0.498     -1.002   -234.063    234.066      0.000
   364         -3  (sbar)             -62   247   247   404   404     0   124     -0.295     -0.880      0.100      1.059      0.500
   365         21  (g)                -62   248   248   575   575   190   133     -0.340     -0.519   -233.661    233.662      0.000
   366          1  (d)                -61     1     0   249   249   150     0      0.293     -0.008     -3.345      3.358      0.000
   367          1  (d)                -61     2     0   250   250   192     0      0.484      0.430    -96.869     96.871      0.000
   368          1  (d)                -62   251   251   452   452   150     0      0.528      0.045    -87.990     87.992      0.330
   369          1  (d)                -62   252   252   407   407   192     0      0.249      0.376    -12.224     12.237      0.330
   370         21  (g)                -61     1     0   253   253   195   195     -0.001     -0.036     -0.065      0.075      0.000
   371         21  (g)                -61     2     0   254   254   193   193      0.126      0.111    -84.454     84.454      0.000
   372         21  (g)                -62   255   255   626   626   152   125      0.191      0.471    -73.899     73.900      0.000
   373         21  (g)                -62   256   256   393     0   194   167     -0.066     -0.396    -10.621     10.628      0.000
   374          1  (d)                -61     1     0   262   262   192     0      0.070      0.945     -0.191      0.967      0.000
   375         21  (g)                -61     2     0   263   263   149   192     -0.376      0.509     -1.974      2.073      0.000
   376          1  (d)                -62   264   264   460   460   149     0     -0.113      0.780     -0.101      0.860      0.330
   377         21  (g)                -62   265   265   396     0   197   143     -0.193      0.675     -2.064      2.180      0.000
   378          1  (d)                -63     1     0   392     0   200     0     -0.505      0.221    747.269    747.270      0.330
   379         -2  (ubar)             -63     1     0   413   413     0   201      0.135      0.200     39.051     39.053      0.330
   380          2  (u)                -63     1     0   392     0   202     0      0.335     -0.268    371.951    371.951      0.330
   381         -2  (ubar)             -63     1     0   627   627     0   152     -0.105      0.765    271.005    271.006      0.330
   382         -3  (sbar)             -63     1     0   461   461     0   149     -0.099      0.053     87.633     87.635      0.500
   383         -1  (dbar)             -63     1     0   446   446     0   164      0.038     -0.059     23.395     23.398      0.330
   384          3  (s)                -63     1     0   412   412   201     0     -0.928     -0.484   2112.936   2112.936      0.500
   385         -1  (dbar)             -63     1     0   408   408     0   192     -0.316      0.872     -1.957      2.190      0.330
   386         -1  (dbar)             -63     1     0   468   468     0   113      0.741      0.142     16.176     16.197      0.330
   387       2203  (uu_1)             -63     2     0   681   681     0   118      0.113     -0.045  -1140.399   1140.400      0.771
   388          1  (d)                -63     2     0   573   573   104     0     -0.897      0.535    -92.446     92.453      0.330
   389         -1  (dbar)             -63     2     0   723   723     0   170     -0.684      0.942  -1258.244   1258.245      0.330
   390          1  (d)                -63     2     0   651   651   178     0      0.715      0.426   -495.422    495.422      0.330
   391          3  (s)                -63     2     0   445   445   164     0     -0.191      0.134     -0.613      0.825      0.500
   392       2101  (ud_0)             -74   378   380   650   650     0   178     -0.170     -0.048   1119.220   1119.221      1.212
   393         21  (g)                -73   311   373   395     0   194   166     -0.172     -0.931    -25.934     25.951      0.031
   394         21  (g)                -73   300   310   396     0   162   197     -0.387      1.684     -3.070      3.525      0.143
   395         21  (g)                -73   340   393   576   576   194   190     -0.132     -1.078    -32.227     32.246      0.233
   396         21  (g)                -73   377   394   580   580   162   143     -0.580      2.359     -5.133      5.705      0.546
   397         21  (g)                -73   318   328   577   577   187   194     -0.985     -0.504    -11.116     11.184      0.554
   398         -3  (sbar)             -73   275   317   482   482     0   131      3.648      0.642      2.315      4.425      0.704
   399         21  (g)                -73   356   361   476   476   160   102      0.573     -1.583     47.261     47.292      0.275
   400          3  (s)                -73   282   329   625   625   125     0      4.337      5.462   -204.801    204.922      0.886
   401         21  (g)                -73   301   344   675   675   185   151     -1.463     -0.431      8.217      8.359      0.156
   402         21  (g)                -73   299   345   680   680   118   154      0.487     -0.852    174.978    174.982      0.569
   403          2  (u)                -71   326   326   405   406   124     0     -2.709     -0.908     -1.229      3.128      0.330
   404         -3  (sbar)             -71   364   364   405   406     0   124     -0.295     -0.880      0.100      1.059      0.500
   405        223  (omega)            -83   403   404   910   912     0     0     -2.271     -1.394     -1.495      3.152      0.774
   406        321  K+                  84   403   404     0     0     0     0     -0.733     -0.393      0.367      1.034      0.494
   407          1  (d)                -71   369   369   409   411   192     0      0.249      0.376    -12.224     12.237      0.330
   408         -1  (dbar)             -71   385   385   409   411     0   192     -0.316      0.872     -1.957      2.190      0.330
   409       -211  pi-                 83   407   408     0     0     0     0     -0.071      0.031     -6.234      6.236      0.140
   410        223  (omega)            -83   407   408   913   915     0     0      0.556      0.597     -5.121      5.243      0.773
   411        211  pi+                 84   407   408     0     0     0     0     -0.551      0.620     -2.826      2.949      0.140
   412          3  (s)                -71   384   384   414   416   201     0     -0.928     -0.484   2112.936   2112.936      0.500
   413         -2  (ubar)             -71   379   379   414   416     0   201      0.135      0.200     39.051     39.053      0.330
   414       -321  K-                  83   412   413     0     0     0     0     -1.017     -0.632   1837.705   1837.705      0.494
   415        321  K+                  84   412   413     0     0     0     0      0.262      0.236    188.722    188.723      0.494
   416       -321  K-                  84   412   413     0     0     0     0     -0.039      0.112    125.560    125.561      0.494
   417          4  (c)                -71   272   272   420   422   105     0     26.872     61.214    -87.741    110.318      1.500
   418         21  (g)                -71   305   305   420   422   114   105      0.743      2.125     -1.965      2.988      0.000
   419         -2  (ubar)             -71   285   285   420   422     0   114      1.527      5.766     -7.211      9.364      0.330
   420        423  (D*0)              -83   417   419   916   917     0     0     23.960     55.953    -80.138    100.652      2.007
   421        321  K+                  83   417   419     0     0     0     0      4.190      8.777    -11.719     15.237      0.494
   422       -321  K-                  84   417   419     0     0     0     0      0.993      4.374     -5.060      6.780      0.494
   423          2  (u)                -71   268   268   426   430   139     0    -54.958    -64.030    -75.554    113.264      0.330
   424         21  (g)                -71   280   280   426   430   126   139    -10.661    -14.045    -15.120     23.228      0.000
   425         -3  (sbar)             -71   277   277   426   430     0   126    -70.692    -86.588    -95.470    147.002      0.500
   426        211  pi+                 83   423   425     0     0     0     0    -13.527    -15.577    -18.659     27.817      0.140
   427       -213  (rho-)             -84   423   425   744   745     0     0    -28.571    -34.895    -38.334     59.192      0.491
   428        113  (rho0)             -84   423   425   746   747     0     0    -36.291    -42.891    -49.766     75.061      0.866
   429        321  K+                  84   423   425     0     0     0     0    -30.056    -37.597    -41.281     63.413      0.494
   430        331  (eta')             -84   423   425   918   919     0     0    -27.867    -33.704    -38.103     58.011      0.959
   431          3  (s)                -71   334   334   433   436   130     0      1.657      0.479     27.828     27.886      0.500
   432         -2  (ubar)             -71   316   316   433   436     0   130     -2.224      1.786    156.677    156.703      0.330
   433       -311  (Kbar0)            -83   431   432   748   748     0     0      0.214      0.302     14.673     14.686      0.498
   434       2112  n0                  83   431   432     0     0     0     0      1.035      0.372     27.729     27.767      0.940
   435       -213  (rho-)             -84   431   432   749   750     0     0     -0.506      0.998     56.658     56.674      0.762
   436      -2112  nbar0               84   431   432     0     0     0     0     -1.309      0.594     85.445     85.462      0.940
   437          3  (s)                -71   295   295   439   444   122     0      2.712     -2.481   -261.325    261.351      0.500
   438         -3  (sbar)             -71   273   273   439   444     0   122      0.696      2.848   -143.827    143.858      0.500
   439       -311  (Kbar0)            -83   437   438   751   751     0     0      0.730     -0.120    -52.259     52.267      0.498
   440        113  (rho0)             -83   437   438   752   753     0     0      1.341     -1.544   -158.219    158.234      0.816
   441        111  (pi0)              -84   437   438   920   921     0     0      0.639      0.345    -27.311     27.321      0.135
   442       -213  (rho-)             -84   437   438   754   755     0     0      0.419      1.115    -80.601     80.614      0.827
   443        211  pi+                 84   437   438     0     0     0     0      0.061      0.300    -44.002     44.003      0.140
   444        313  (K*0)              -84   437   438   756   757     0     0      0.217      0.272    -42.760     42.770      0.848
   445          3  (s)                -71   391   391   447   451   164     0     -0.191      0.134     -0.613      0.825      0.500
   446         -1  (dbar)             -71   383   383   447   451     0   164      0.038     -0.059     23.395     23.398      0.330
   447       -311  (Kbar0)            -83   445   446   758   758     0     0     -0.257     -0.027     -0.121      0.573      0.498
   448        223  (omega)            -83   445   446   922   924     0     0     -0.079     -0.339      0.461      0.975      0.786
   449        223  (omega)            -83   445   446   925   927     0     0     -0.121      0.826      2.855      3.076      0.783
   450       -211  pi-                 84   445   446     0     0     0     0      0.140     -0.212      5.179      5.187      0.140
   451        211  pi+                 84   445   446     0     0     0     0      0.163     -0.173     14.408     14.410      0.140
   452          1  (d)                -71   368   368   454   459   150     0      0.528      0.045    -87.990     87.992      0.330
   453         -1  (dbar)             -71   349   349   454   459     0   150      1.954     -0.962     -2.104      3.046      0.330
   454       -211  pi-                 83   452   453     0     0     0     0     -0.017      0.116    -44.055     44.055      0.140
   455        321  K+                  83   452   453     0     0     0     0      0.400     -0.263    -31.860     31.868      0.494
   456       3224  (Sigma*+)          -83   452   453   759   760     0     0      0.298     -0.081     -8.062      8.179      1.343
   457      -2224  (Deltabar--)       -84   452   453   761   762     0     0      0.500     -0.251     -4.255      4.449      1.172
   458        221  (eta)              -84   452   453   928   930     0     0      0.579     -0.446     -1.086      1.419      0.548
   459        211  pi+                 84   452   453     0     0     0     0      0.721      0.009     -0.776      1.069      0.140
   460          1  (d)                -71   376   376   462   466   149     0     -0.113      0.780     -0.101      0.860      0.330
   461         -3  (sbar)             -71   382   382   462   466     0   149     -0.099      0.053     87.633     87.635      0.500
   462       -213  (rho-)             -83   460   461   763   764     0     0      0.147      0.738      0.460      1.227      0.853
   463        221  (eta)              -84   460   461   931   933     0     0     -0.273     -0.046      1.817      1.918      0.548
   464        223  (omega)            -84   460   461   934   936     0     0     -0.313      0.132      6.266      6.324      0.784
   465        223  (omega)            -84   460   461   937   939     0     0     -0.134     -0.168     11.904     11.931      0.780
   466        323  (K*+)              -84   460   461   765   766     0     0      0.361      0.178     67.085     67.094      1.038
   467          1  (d)                -71   337   337   469   474   113     0     -1.118      0.075     -3.135      3.346      0.330
   468         -1  (dbar)             -71   386   386   469   474     0   113      0.741      0.142     16.176     16.197      0.330
   469       -213  (rho-)             -83   467   468   767   768     0     0     -0.416     -0.341     -0.905      1.417      0.948
   470        111  (pi0)              -83   467   468   940   941     0     0     -0.710      0.745     -1.773      2.054      0.135
   471        211  pi+                 83   467   468     0     0     0     0      0.076     -0.225      0.026      0.277      0.140
   472        111  (pi0)              -84   467   468   942   943     0     0      0.088      0.189      4.158      4.166      0.135
   473        331  (eta')             -84   467   468   944   946     0     0      0.168     -0.004      8.889      8.942      0.958
   474        111  (pi0)              -84   467   468   947   948     0     0      0.416     -0.146      2.647      2.687      0.135
   475          2  (u)                -71   360   360   483   498   102     0     -0.329      0.362    228.095    228.096      0.330
   476         21  (g)                -71   399   399   483   498   160   102      0.573     -1.583     47.261     47.292      0.275
   477         21  (g)                -71   309   309   483   498   115   160      1.572     -0.946      8.281      8.482      0.000
   478         21  (g)                -71   296   296   483   498   108   115      1.087     -0.848      3.699      3.947      0.000
   479         21  (g)                -71   323   323   483   498   183   108      0.555      0.140      1.706      1.800      0.000
   480         21  (g)                -71   306   306   483   498   156   183      0.263      0.773      1.913      2.080      0.000
   481         21  (g)                -71   333   333   483   498   131   156      2.113     -0.427      1.495      2.623      0.000
   482         -3  (sbar)             -71   398   398   483   498     0   131      3.648      0.642      2.315      4.425      0.704
   483        323  (K*+)              -83   475   482   769   770     0     0     -0.100     -0.510     94.510     94.515      0.841
   484       -311  (Kbar0)            -83   475   482   771   771     0     0      0.118      0.358     60.988     60.991      0.498
   485       -211  pi-                 83   475   482     0     0     0     0     -0.125     -0.531     23.272     23.278      0.140
   486        213  (rho+)             -83   475   482   772   773     0     0      0.438     -0.125     44.340     44.352      0.898
   487        111  (pi0)              -83   475   482   949   950     0     0     -0.216      0.158     14.580     14.583      0.135
   488       -211  pi-                 83   475   482     0     0     0     0      0.657     -0.499     18.844     18.863      0.140
   489        213  (rho+)             -83   475   482   774   775     0     0      0.005     -0.272     13.493     13.538      1.070
   490       -211  pi-                 84   475   482     0     0     0     0      0.222     -0.208      0.771      0.841      0.140
   491        321  K+                  84   475   482     0     0     0     0      0.255     -0.548      4.536      4.602      0.494
   492       -311  (Kbar0)            -84   475   482   776   776     0     0      0.998      0.157      5.566      5.678      0.498
   493        313  (K*0)              -84   475   482   777   778     0     0      0.255      0.460      3.878      4.020      0.915
   494       -313  (K*bar0)           -84   475   482   779   780     0     0      2.030     -0.932      3.594      4.322      0.881
   495       -211  pi-                 84   475   482     0     0     0     0      0.180     -0.286      1.985      2.018      0.140
   496        211  pi+                 84   475   482     0     0     0     0      0.159      0.264      0.341      0.480      0.140
   497        113  (rho0)             -84   475   482   781   782     0     0      1.519      0.984      1.988      2.888      1.056
   498        311  (K0)               -84   475   482   783   783     0     0      3.088     -0.359      2.078      3.772      0.498
   499          2  (u)                -71   276   276   509   528   177     0      0.894      0.820     -0.900      1.546      0.330
   500         21  (g)                -71   315   315   509   528   119   177      3.661      1.517     -4.821      6.240      0.000
   501         21  (g)                -71   320   320   509   528   168   119      1.569     -0.193     -2.861      3.269      0.000
   502         21  (g)                -71   338   338   509   528   134   168      1.894     -1.523     -7.293      7.687      0.000
   503         21  (g)                -71   290   290   509   528   121   134      0.498      0.439     -3.378      3.443      0.000
   504         21  (g)                -71   327   327   509   528   123   121      1.554     -0.200    -25.016     25.065      0.000
   505         21  (g)                -71   283   283   509   528   155   123      1.670     -1.534    -21.319     21.439      0.000
   506         21  (g)                -71   271   271   509   528   106   155     12.864    -21.331   -332.529    333.461      0.000
   507         21  (g)                -71   297   297   509   528   142   106      1.104     -2.965    -34.871     35.014      0.000
   508         -3  (sbar)             -71   294   294   509   528     0   142      3.202     -3.624   -102.442    102.557      0.500
   509        111  (pi0)              -83   499   508   951   952     0     0      1.642      0.541     -2.050      2.685      0.135
   510        111  (pi0)              -83   499   508   953   954     0     0      0.812      0.729     -2.307      2.555      0.135
   511        211  pi+                 83   499   508     0     0     0     0      2.186      0.460     -1.573      2.736      0.140
   512       -211  pi-                 83   499   508     0     0     0     0      0.412     -0.134     -2.602      2.642      0.140
   513        211  pi+                 83   499   508     0     0     0     0      1.056      0.058     -1.949      2.222      0.140
   514        221  (eta)              -83   499   508   955   956     0     0      0.253     -0.216     -1.835      1.944      0.548
   515       -211  pi-                 83   499   508     0     0     0     0      0.514      0.017     -1.354      1.455      0.140
   516        111  (pi0)              -83   499   508   957   958     0     0      0.872     -0.018     -2.588      2.734      0.135
   517        211  pi+                 83   499   508     0     0     0     0      0.699      0.120     -1.506      1.670      0.140
   518       -211  pi-                 84   499   508     0     0     0     0      0.812     -0.742    -15.223     15.263      0.140
   519        223  (omega)            -84   499   508   959   961     0     0      0.299     -0.662     -9.815      9.874      0.791
   520        221  (eta)              -84   499   508   962   963     0     0      2.881     -2.113    -39.821     39.985      0.548
   521        321  K+                  84   499   508     0     0     0     0      1.059     -3.116    -51.002     51.110      0.494
   522        221  (eta)              -84   499   508   964   966     0     0      3.677     -4.480    -69.408     69.652      0.548
   523       -321  K-                  84   499   508     0     0     0     0      2.352     -3.633    -56.570     56.737      0.494
   524        213  (rho+)             -84   499   508   784   785     0     0      3.450     -6.894   -102.598    102.889      0.560
   525        331  (eta')             -84   499   508   967   968     0     0      1.725     -3.103    -47.628     47.770      0.958
   526       -211  pi-                 84   499   508     0     0     0     0      1.913     -2.789    -53.034     53.141      0.140
   527        111  (pi0)              -84   499   508   969   970     0     0      1.032     -0.691    -27.015     27.044      0.135
   528        321  K+                  84   499   508     0     0     0     0      1.263     -1.928    -45.554     45.615      0.494
   529          1  (d)                -71   339   339   531   544   136     0     -1.561      0.269    -18.260     18.331      0.330
   530         -3  (sbar)             -71   353   353   531   544     0   136      0.837      0.374     51.888     51.899      0.500
   531        113  (rho0)             -83   529   530   786   787     0     0     -0.071     -0.239     -2.104      2.254      0.769
   532        311  (K0)               -83   529   530   788   788     0     0     -1.044      0.272     -8.558      8.640      0.498
   533       -311  (Kbar0)            -83   529   530   789   789     0     0     -0.162     -0.076     -0.742      0.911      0.498
   534        113  (rho0)             -83   529   530   790   791     0     0     -0.427      0.454     -3.754      3.866      0.685
   535        113  (rho0)             -83   529   530   792   793     0     0      0.608     -0.525     -1.183      1.616      0.753
   536        111  (pi0)              -83   529   530   971   972     0     0     -0.251      0.333     -0.378      0.579      0.135
   537       -211  pi-                 83   529   530     0     0     0     0     -0.385      0.040     -0.619      0.743      0.140
   538        213  (rho+)             -83   529   530   794   795     0     0      0.326     -0.366      0.798      1.182      0.720
   539       -211  pi-                 84   529   530     0     0     0     0      0.241      0.622      8.282      8.310      0.140
   540        221  (eta)              -84   529   530   973   975     0     0     -0.276     -0.292      6.102      6.140      0.548
   541       2212  p+                  84   529   530     0     0     0     0      0.560      0.053      6.252      6.347      0.938
   542        113  (rho0)             -84   529   530   796   797     0     0     -0.392      0.092      8.548      8.581      0.632
   543      -2212  pbar-               84   529   530     0     0     0     0      0.047      0.258      7.996      8.055      0.938
   544        321  K+                  84   529   530     0     0     0     0      0.503      0.017     12.987     13.007      0.494
   545          3  (s)                -71   284   284   552   572   112     0      4.030     -1.440      1.303      4.501      0.500
   546         21  (g)                -71   287   287   552   572   165   112      2.151      1.020     -0.479      2.429      0.000
   547         21  (g)                -71   278   278   552   572   137   165      4.643      3.655      1.217      6.034      0.000
   548         21  (g)                -71   274   274   552   572   171   137      5.192      7.818     -0.528      9.400      0.000
   549         21  (g)                -71   288   288   552   572   111   171     13.864     16.711     -3.269     21.958      0.000
   550         21  (g)                -71   269   269   552   572   103   111    148.017    176.567    -28.922    232.210      0.000
   551         -4  (cbar)             -71   270   270   552   572     0   103    -10.432      2.746      2.592     11.195      1.500
   552       -321  K-                  83   545   551     0     0     0     0      2.192     -0.426      0.403      2.323      0.494
   553        211  pi+                 83   545   551     0     0     0     0      1.013     -0.685      0.275      1.261      0.140
   554       1114  (Delta-)           -83   545   551   798   799     0     0      3.513      2.003      0.996      4.326      1.168
   555      -2114  (Deltabar0)        -83   545   551   800   801     0     0      2.208      1.543      0.100      3.002      1.320
   556        211  pi+                 83   545   551     0     0     0     0      2.734      1.768      0.379      3.281      0.140
   557       -211  pi-                 84   545   551     0     0     0     0      2.536      3.732     -0.511      4.543      0.140
   558        111  (pi0)              -84   545   551   976   977     0     0      1.829      2.045     -0.770      2.853      0.135
   559        213  (rho+)             -84   545   551   802   803     0     0     16.760     21.656     -2.539     27.510      0.671
   560       -211  pi-                 84   545   551     0     0     0     0     87.179    103.419    -17.083    136.337      0.140
   561        223  (omega)            -84   545   551   978   980     0     0     20.737     25.277     -4.562     33.021      0.794
   562        211  pi+                 84   545   551     0     0     0     0      5.939      6.824     -1.419      9.158      0.140
   563        311  (K0)               -84   545   551   804   804     0     0     16.808     19.939     -3.740     26.350      0.498
   564       -321  K-                  84   545   551     0     0     0     0      5.130      6.944     -0.617      8.670      0.494
   565        221  (eta)              -84   545   551   981   982     0     0      6.804      7.026     -1.203      9.869      0.548
   566        213  (rho+)             -84   545   551   805   806     0     0      0.578      0.938      0.002      1.330      0.746
   567       -211  pi-                 84   545   551     0     0     0     0      0.968      1.671     -0.169      1.944      0.140
   568        211  pi+                 84   545   551     0     0     0     0     -0.304      0.095      0.384      0.518      0.140
   569        313  (K*0)              -84   545   551   807   808     0     0     -0.482      0.722     -0.306      1.254      0.851
   570       -321  K-                  84   545   551     0     0     0     0     -0.652      0.026      0.276      0.864      0.494
   571        213  (rho+)             -84   545   551   809   810     0     0     -1.015      0.709     -0.091      1.536      0.903
   572       -411  (D-)               -84   545   551   983   986     0     0     -7.010      1.851      2.109      7.779      1.870
   573          1  (d)                -71   388   388   583   603   104     0     -0.897      0.535    -92.446     92.453      0.330
   574         21  (g)                -71   332   332   583   603   133   104     -1.158      0.312   -369.257    369.259      0.000
   575         21  (g)                -71   365   365   583   603   190   133     -0.340     -0.519   -233.661    233.662      0.000
   576         21  (g)                -71   395   395   583   603   194   190     -0.132     -1.078    -32.227     32.246      0.233
   577         21  (g)                -71   397   397   583   603   187   194     -0.985     -0.504    -11.116     11.184      0.554
   578         21  (g)                -71   298   298   583   603   175   187     -1.102      1.546    -13.189     13.325      0.000
   579         21  (g)                -71   293   293   583   603   143   175     -6.999      5.018    -36.541     37.542      0.000
   580         21  (g)                -71   396   396   583   603   162   143     -0.580      2.359     -5.133      5.705      0.546
   581         21  (g)                -71   321   321   583   603   120   162     -0.260      0.567     -0.539      0.825      0.000
   582         -2  (ubar)             -71   286   286   583   603     0   120    -64.382    -76.855    -88.291    133.594      0.330
   583        111  (pi0)              -83   573   582   987   988     0     0     -1.574      0.086   -244.814    244.819      0.135
   584        223  (omega)            -83   573   582   989   991     0     0      0.038      0.246   -139.588    139.590      0.787
   585       -213  (rho-)             -83   573   582   811   812     0     0     -0.071     -0.338    -96.685     96.690      0.880
   586        211  pi+                 83   573   582     0     0     0     0     -1.212      0.113   -133.860    133.866      0.140
   587        221  (eta)              -83   573   582   992   993     0     0      0.286     -0.427    -56.011     56.016      0.548
   588       2112  n0                  83   573   582     0     0     0     0     -0.043     -0.036    -36.863     36.875      0.940
   589      -2112  nbar0               83   573   582     0     0     0     0     -0.632     -0.331    -28.317     28.342      0.940
   590        113  (rho0)             -84   573   582   813   814     0     0     -0.885      0.223     -7.371      7.461      0.715
   591       -211  pi-                 84   573   582     0     0     0     0     -0.847      0.673     -3.171      3.354      0.140
   592       3212  (Sigma0)           -84   573   582   994   995     0     0     -2.667      1.882    -18.292     18.619      1.193
   593        321  K+                  84   573   582     0     0     0     0     -0.637      0.581     -5.122      5.217      0.494
   594      -2212  pbar-               84   573   582     0     0     0     0     -1.721      1.692     -8.160      8.561      0.938
   595        211  pi+                 84   573   582     0     0     0     0      0.089      0.960     -2.932      3.090      0.140
   596       -211  pi-                 84   573   582     0     0     0     0     -2.393      2.031    -10.153     10.628      0.140
   597        113  (rho0)             -84   573   582   815   816     0     0      0.242      0.131     -1.728      1.912      0.772
   598        213  (rho+)             -84   573   582   817   818     0     0     -1.019     -0.871     -2.031      2.558      0.790
   599       -213  (rho-)             -84   573   582   819   820     0     0     -0.831     -0.908     -0.906      1.692      0.727
   600        223  (omega)            -84   573   582   996   998     0     0     -1.591     -1.150     -2.694      3.426      0.789
   601        213  (rho+)             -84   573   582   821   822     0     0     -3.240     -3.774     -3.418      6.064      0.591
   602       -213  (rho-)             -84   573   582   823   824     0     0    -27.267    -32.155    -37.716     56.580      1.165
   603        111  (pi0)              -84   573   582   999  1000     0     0    -30.861    -37.247    -42.568     64.434      0.135
   604          2  (u)                -71   304   304   606   624   129     0     -0.428     -5.510     40.665     41.040      0.330
   605         -1  (dbar)             -71   307   307   606   624     0   129     -0.830      2.871  -1109.930   1109.934      0.330
   606        321  K+                  83   604   605     0     0     0     0     -0.025     -1.474     10.554     10.668      0.494
   607       3312  Xi-                 83   604   605     0     0     0     0     -0.474     -3.356     23.375     23.657      1.322
   608        111  (pi0)              -83   604   605  1001  1002     0     0     -0.072      0.132      1.218      1.235      0.135
   609      -3112  Sigmabar+           83   604   605     0     0     0     0      0.311     -0.425      2.099      2.473      1.197
   610       -211  pi-                 83   604   605     0     0     0     0      0.164     -0.032      2.196      2.207      0.140
   611        211  pi+                 83   604   605     0     0     0     0     -0.670     -0.291     -0.045      0.745      0.140
   612        313  (K*0)              -83   604   605   825   826     0     0      0.514      0.519     -0.208      1.171      0.890
   613       -321  K-                  83   604   605     0     0     0     0     -0.084     -0.653     -2.873      2.988      0.494
   614        221  (eta)              -83   604   605  1003  1005     0     0     -0.217      0.222     -2.633      2.707      0.548
   615        321  K+                  83   604   605     0     0     0     0      0.223      0.155     -1.183      1.310      0.494
   616       -311  (Kbar0)            -84   604   605   827   827     0     0     -0.300     -0.118    -20.752     20.760      0.498
   617        111  (pi0)              -84   604   605  1006  1007     0     0      0.657     -0.025    -36.104     36.111      0.135
   618        113  (rho0)             -84   604   605   828   829     0     0     -0.162     -0.278    -29.240     29.253      0.798
   619        111  (pi0)              -84   604   605  1008  1009     0     0     -0.377      0.590    -27.873     27.883      0.135
   620       -213  (rho-)             -84   604   605   830   831     0     0     -0.208      0.208   -160.590    160.591      0.739
   621        111  (pi0)              -84   604   605  1010  1011     0     0      0.054     -0.128    -30.776     30.776      0.135
   622        223  (omega)            -84   604   605  1012  1014     0     0     -0.016      0.702   -219.541    219.543      0.781
   623        213  (rho+)             -84   604   605   832   833     0     0     -0.560      0.980   -339.063    339.066      0.997
   624        111  (pi0)              -84   604   605  1015  1016     0     0     -0.018      0.631   -237.829    237.830      0.135
   625          3  (s)                -71   400   400   628   649   125     0      4.337      5.462   -204.801    204.922      0.886
   626         21  (g)                -71   372   372   628   649   152   125      0.191      0.471    -73.899     73.900      0.000
   627         -2  (ubar)             -71   381   381   628   649     0   152     -0.105      0.765    271.005    271.006      0.330
   628       -323  (K*-)              -83   625   627   834   835     0     0      2.483      2.668   -106.549    106.615      0.866
   629        213  (rho+)             -83   625   627   836   837     0     0      1.334      2.675    -98.743     98.792      0.868
   630       -211  pi-                 83   625   627     0     0     0     0     -0.000      0.131    -13.304     13.305      0.140
   631        323  (K*+)              -83   625   627   838   839     0     0      0.441      0.138    -33.151     33.167      0.906
   632       -321  K-                  83   625   627     0     0     0     0      0.300     -0.215     -3.591      3.644      0.494
   633        221  (eta)              -83   625   627  1017  1019     0     0     -0.033      0.650     -8.170      8.214      0.548
   634        111  (pi0)              -83   625   627  1020  1021     0     0     -0.108     -0.184     -2.271      2.285      0.135
   635        111  (pi0)              -83   625   627  1022  1023     0     0      0.280      0.078    -10.137     10.143      0.135
   636        213  (rho+)             -83   625   627   840   841     0     0     -0.200      0.310     -0.318      0.911      0.769
   637        113  (rho0)             -83   625   627   842   843     0     0     -0.303     -0.261     -0.351      0.907      0.735
   638        111  (pi0)              -83   625   627  1024  1025     0     0      0.298      0.308     -0.637      0.779      0.135
   639       -213  (rho-)             -83   625   627   844   845     0     0      0.502     -0.839      1.075      2.009      1.387
   640        211  pi+                 83   625   627     0     0     0     0     -0.940      0.298      1.780      2.040      0.140
   641        311  (K0)               -84   625   627   846   846     0     0      0.398      0.138      5.130      5.171      0.498
   642       -321  K-                  84   625   627     0     0     0     0     -0.502      0.104      1.317      1.497      0.494
   643        111  (pi0)              -84   625   627  1026  1027     0     0      0.831     -0.139      9.569      9.607      0.135
   644        211  pi+                 84   625   627     0     0     0     0     -0.501      0.164      2.948      2.998      0.140
   645       -211  pi-                 84   625   627     0     0     0     0      0.135      0.101      3.173      3.181      0.140
   646        211  pi+                 84   625   627     0     0     0     0      0.082     -0.007      1.191      1.202      0.140
   647       -211  pi-                 84   625   627     0     0     0     0      0.225     -0.521     19.715     19.724      0.140
   648        111  (pi0)              -84   625   627  1028  1029     0     0     -0.406      0.811     53.979     53.987      0.135
   649        113  (rho0)             -84   625   627   847   848     0     0      0.109      0.288    169.648    169.651      0.912
   650       2101  (ud_0)             -74   392   392   652   668     0   178     -0.170     -0.048   1119.220   1119.221      1.212
   651          1  (d)                -71   390   390   652   668   178     0      0.715      0.426   -495.422    495.422      0.330
   652       2212  p+                  87   650   651     0     0     0     0     -0.048      0.268    498.706    498.707      0.938
   653       -211  pi-                 83   650   651     0     0     0     0      0.019     -0.193     53.926     53.927      0.140
   654        223  (omega)            -83   650   651  1030  1032     0     0     -0.575     -0.329    284.243    284.244      0.772
   655       -313  (K*bar0)           -83   650   651   849   850     0     0      0.457      0.208    160.403    160.406      0.885
   656        321  K+                  83   650   651     0     0     0     0      0.039      0.102     18.940     18.946      0.494
   657        223  (omega)            -83   650   651  1033  1035     0     0     -0.003      0.366     20.003     20.021      0.784
   658       -211  pi-                 83   650   651     0     0     0     0     -0.126     -1.020     57.214     57.224      0.140
   659        211  pi+                 83   650   651     0     0     0     0      0.055      0.477      3.304      3.341      0.140
   660        111  (pi0)              -83   650   651  1036  1037     0     0      0.083      0.580      4.789      4.827      0.135
   661        111  (pi0)              -83   650   651  1038  1039     0     0     -0.291     -0.276     12.061     12.068      0.135
   662        223  (omega)            -84   650   651  1040  1042     0     0     -0.143      0.113      4.892      4.958      0.782
   663       -211  pi-                 84   650   651     0     0     0     0      0.559     -0.675     -0.552      1.045      0.140
   664        113  (rho0)             -84   650   651   851   852     0     0     -0.131      0.746     -0.851      1.595      1.117
   665        223  (omega)            -84   650   651  1043  1045     0     0     -0.349     -0.476    -12.338     12.376      0.773
   666        211  pi+                 84   650   651     0     0     0     0      0.327      0.467    -48.580     48.584      0.140
   667       -213  (rho-)             -84   650   651   853   854     0     0     -0.020     -0.470    -39.098     39.108      0.737
   668        331  (eta')             -84   650   651  1046  1048     0     0      0.691      0.490   -393.263    393.265      0.958
   669          3  (s)                -71   279   279   682   721   101     0    -17.211    -20.627    -25.358     36.946      0.500
   670         21  (g)                -71   281   281   682   721   174   101      1.443     -0.321     -0.251      1.500      0.000
   671         21  (g)                -71   289   289   682   721   140   174     -0.418     -0.141     -0.164      0.471      0.000
   672         21  (g)                -71   314   314   682   721   128   140     -2.850     -1.519      2.495      4.080      0.000
   673         21  (g)                -71   308   308   682   721   148   128     -0.267      0.280      0.462      0.603      0.000
   674         21  (g)                -71   348   348   682   721   151   148     -0.983      0.517      7.799      7.878      0.000
   675         21  (g)                -71   401   401   682   721   185   151     -1.463     -0.431      8.217      8.359      0.156
   676         21  (g)                -71   319   319   682   721   176   185     -0.503     -0.985      9.339      9.404      0.000
   677         21  (g)                -71   322   322   682   721   117   176     -0.635      0.565     19.823     19.841      0.000
   678         21  (g)                -71   357   357   682   721   158   117      0.476      0.753    196.664    196.666      0.000
   679         21  (g)                -71   352   352   682   721   154   158     -1.374     -0.252    491.051    491.053      0.000
   680         21  (g)                -71   402   402   682   721   118   154      0.487     -0.852    174.978    174.982      0.569
   681       2203  (uu_1)             -71   387   387   682   721     0   118      0.113     -0.045  -1140.399   1140.400      0.771
   682       -321  K-                  83   669   681     0     0     0     0     -1.949     -2.488     -3.126      4.473      0.494
   683        323  (K*+)              -83   669   681   855   856     0     0    -10.983    -12.758    -15.622     22.986      0.943
   684       -311  (Kbar0)            -83   669   681   857   857     0     0     -3.020     -4.604     -5.667      7.917      0.498
   685        223  (omega)            -83   669   681  1049  1051     0     0     -0.602     -0.888      0.145      1.334      0.780
   686        223  (omega)            -83   669   681  1052  1054     0     0      0.202      0.019     -1.206      1.450      0.780
   687       -213  (rho-)             -83   669   681   858   859     0     0     -0.593     -0.663      0.580      1.305      0.759
   688        211  pi+                 83   669   681     0     0     0     0      0.148      0.049      0.055      0.216      0.140
   689        113  (rho0)             -83   669   681   860   861     0     0     -1.122     -0.553      0.636      1.592      0.753
   690        111  (pi0)              -83   669   681  1055  1056     0     0     -0.079      0.165      0.034      0.230      0.135
   691       -211  pi-                 83   669   681     0     0     0     0      0.142     -0.322      0.379      0.535      0.140
   692        211  pi+                 83   669   681     0     0     0     0     -0.890      0.067      0.867      1.252      0.140
   693        311  (K0)               -83   669   681   862   862     0     0     -1.097      0.132      5.647      5.776      0.498
   694       -311  (Kbar0)            -83   669   681   863   863     0     0     -0.551     -0.867      4.624      4.763      0.498
   695        313  (K*0)              -83   669   681   864   865     0     0     -0.396      0.503      5.785      5.884      0.861
   696       -311  (Kbar0)            -83   669   681   866   866     0     0     -0.984      0.017     23.880     23.906      0.498
   697       -211  pi-                 83   669   681     0     0     0     0     -0.472      0.387      3.628      3.681      0.140
   698        113  (rho0)             -84   669   681   867   868     0     0     -0.307     -0.276     11.834     11.859      0.664
   699        223  (omega)            -84   669   681  1057  1059     0     0      0.351     -0.628     32.712     32.729      0.790
   700       2224  (Delta++)          -84   669   681   869   870     0     0      0.001      0.263     86.506     86.515      1.203
   701      -2224  (Deltabar--)       -84   669   681   871   872     0     0     -1.193      0.078    169.728    169.736      1.160
   702        111  (pi0)              -84   669   681  1060  1061     0     0      0.606     -0.224     86.405     86.407      0.135
   703        111  (pi0)              -84   669   681  1062  1063     0     0     -0.560      0.003    223.841    223.841      0.135
   704        213  (rho+)             -84   669   681   873   874     0     0      0.808     -0.035    126.609    126.614      0.744
   705        223  (omega)            -84   669   681  1064  1066     0     0     -0.905     -0.046     65.065     65.076      0.782
   706       -211  pi-                 84   669   681     0     0     0     0     -0.060      0.150      3.772      3.778      0.140
   707        213  (rho+)             -84   669   681   875   876     0     0     -0.301     -0.225     36.058     36.069      0.830
   708        221  (eta)              -84   669   681  1067  1069     0     0      0.697     -0.550     16.117     16.151      0.548
   709       2214  (Delta+)           -84   669   681   877   878     0     0     -0.413      0.548      3.860      4.100      1.199
   710        113  (rho0)             -84   669   681   879   880     0     0      0.053      0.194      0.865      1.097      0.644
   711      -2214  (Deltabar-)        -84   669   681   881   882     0     0      0.401     -0.694     -1.544      2.228      1.392
   712       -211  pi-                 84   669   681     0     0     0     0     -0.067      0.353     -0.744      0.838      0.140
   713        113  (rho0)             -84   669   681   883   884     0     0     -0.007     -0.031     -2.256      2.373      0.733
   714        211  pi+                 84   669   681     0     0     0     0      0.185     -0.270     -0.275      0.450      0.140
   715        223  (omega)            -84   669   681  1070  1072     0     0     -0.258      0.361     -1.105      1.426      0.784
   716       -213  (rho-)             -84   669   681   885   886     0     0     -0.591     -0.070     -3.863      3.980      0.749
   717        211  pi+                 84   669   681     0     0     0     0      0.486     -0.478     -6.610      6.646      0.140
   718        311  (K0)               -84   669   681   887   887     0     0      0.097      0.185    -76.137     76.138      0.498
   719       -321  K-                  84   669   681     0     0     0     0     -0.488      0.296    -54.322     54.328      0.494
   720       2212  p+                  84   669   681     0     0     0     0      0.646      0.007   -555.433    555.434      0.938
   721        213  (rho+)             -84   669   681   888   889     0     0     -0.117     -0.167   -437.066    437.066      0.684
   722          2  (u)                -71   343   343   724   743   170     0     -1.687      2.602   1418.044   1418.047      0.330
   723         -1  (dbar)             -71   389   389   724   743     0   170     -0.684      0.942  -1258.244   1258.245      0.330
   724        213  (rho+)             -83   722   723   890   891     0     0     -0.662      1.602    889.438    889.440      0.972
   725        111  (pi0)              -83   722   723  1073  1074     0     0     -0.648      0.404    251.784    251.785      0.135
   726        223  (omega)            -83   722   723  1075  1077     0     0      0.317      0.772     81.060     81.068      0.783
   727        111  (pi0)              -83   722   723  1078  1079     0     0     -0.632     -0.262    106.452    106.454      0.135
   728        311  (K0)               -83   722   723   892   892     0     0     -0.345     -0.427     11.890     11.913      0.498
   729       3224  (Sigma*+)          -83   722   723   893   894     0     0     -0.059      0.396     47.091     47.113      1.390
   730      -2224  (Deltabar--)       -83   722   723   895   896     0     0      0.187     -0.371     21.237     21.276      1.210
   731        221  (eta)              -83   722   723  1080  1081     0     0     -0.081      0.269      5.377      5.412      0.548
   732        223  (omega)            -83   722   723  1082  1084     0     0      0.197      0.139      2.167      2.316      0.779
   733        221  (eta)              -84   722   723  1085  1086     0     0      0.160      0.295      0.180      0.667      0.548
   734        113  (rho0)             -84   722   723   897   898     0     0     -0.066     -0.204      0.321      0.923      0.839
   735        213  (rho+)             -84   722   723   899   900     0     0     -0.464     -0.168     -1.082      1.497      0.910
   736       -213  (rho-)             -84   722   723   901   902     0     0      0.539      0.293     -2.348      2.599      0.929
   737        221  (eta)              -84   722   723  1087  1089     0     0     -0.169      0.256     -6.861      6.890      0.548
   738        221  (eta)              -84   722   723  1090  1091     0     0     -0.336     -0.551    -15.165     15.188      0.548
   739        211  pi+                 84   722   723     0     0     0     0      0.396      0.242    -22.026     22.031      0.140
   740        311  (K0)               -84   722   723   903   903     0     0     -0.274      0.473   -340.328    340.328      0.498
   741        221  (eta)              -84   722   723  1092  1093     0     0      0.183     -0.388   -123.753    123.755      0.548
   742       -321  K-                  84   722   723     0     0     0     0     -1.024      0.481   -309.876    309.878      0.494
   743        211  pi+                 84   722   723     0     0     0     0      0.411      0.291   -435.757    435.758      0.140
   744       -211  pi-                 91   427     0     0     0     0     0    -19.019    -22.953    -25.427     39.180      0.140
   745        111  (pi0)              -91   427     0  1094  1095     0     0     -9.552    -11.942    -12.907     20.012      0.135
   746        211  pi+                 91   428     0     0     0     0     0    -20.678    -24.306    -27.736     42.281      0.140
   747       -211  pi-                 91   428     0     0     0     0     0    -15.613    -18.585    -22.031     32.780      0.140
   748        310  K_S0                91   433   433     0     0     0     0      0.214      0.302     14.673     14.686      0.498
   749       -211  pi-                 91   435     0     0     0     0     0     -0.231      0.268     34.397     34.399      0.140
   750        111  (pi0)              -91   435     0  1096  1097     0     0     -0.275      0.730     22.261     22.275      0.135
   751        310  K_S0                91   439   439     0     0     0     0      0.730     -0.120    -52.259     52.267      0.498
   752        211  pi+                 91   440     0     0     0     0     0      0.668     -0.770    -51.357     51.367      0.140
   753       -211  pi-                 91   440     0     0     0     0     0      0.672     -0.774   -106.862    106.867      0.140
   754       -211  pi-                 91   442     0     0     0     0     0     -0.187      0.193    -11.057     11.061      0.140
   755        111  (pi0)              -91   442     0  1098  1099     0     0      0.607      0.922    -69.544     69.553      0.135
   756        321  K+                  91   444     0     0     0     0     0      0.389      0.213    -35.572     35.578      0.494
   757       -211  pi-                 91   444     0     0     0     0     0     -0.171      0.059     -7.188      7.192      0.140
   758        130  K_L0                91   447   447     0     0     0     0     -0.257     -0.027     -0.121      0.573      0.498
   759       3122  Lambda0             91   456     0     0     0     0     0      0.083     -0.049     -6.501      6.596      1.116
   760        211  pi+                 91   456     0     0     0     0     0      0.215     -0.032     -1.561      1.582      0.140
   761      -2212  pbar-               91   457     0     0     0     0     0      0.407     -0.174     -2.875      3.056      0.938
   762       -211  pi-                 91   457     0     0     0     0     0      0.093     -0.077     -1.381      1.393      0.140
   763       -211  pi-                 91   462     0     0     0     0     0      0.226      0.413      0.654      0.817      0.140
   764        111  (pi0)              -91   462     0  1100  1101     0     0     -0.079      0.325     -0.194      0.410      0.135
   765        311  (K0)               -91   466     0   904   904     0     0      0.217     -0.243     27.071     27.077      0.498
   766        211  pi+                 91   466     0     0     0     0     0      0.144      0.420     40.014     40.017      0.140
   767       -211  pi-                 91   469     0     0     0     0     0      0.166     -0.382     -0.602      0.745      0.140
   768        111  (pi0)              -91   469     0  1102  1103     0     0     -0.582      0.041     -0.303      0.672      0.135
   769        311  (K0)               -91   483     0   905   905     0     0     -0.095     -0.252     36.104     36.109      0.498
   770        211  pi+                 91   483     0     0     0     0     0     -0.005     -0.258     58.406     58.407      0.140
   771        310  K_S0                91   484   484     0     0     0     0      0.118      0.358     60.988     60.991      0.498
   772        211  pi+                 91   486     0     0     0     0     0      0.067     -0.149     37.119     37.120      0.140
   773        111  (pi0)              -91   486     0  1104  1105     0     0      0.371      0.024      7.221      7.232      0.135
   774        211  pi+                 91   489     0     0     0     0     0     -0.416      0.122      8.093      8.105      0.140
   775        111  (pi0)              -91   489     0  1106  1107     0     0      0.420     -0.394      5.401      5.433      0.135
   776        130  K_L0                91   492   492     0     0     0     0      0.998      0.157      5.566      5.678      0.498
   777        311  (K0)               -91   493     0   906   906     0     0      0.076      0.591      3.210      3.302      0.498
   778        111  (pi0)              -91   493     0  1108  1109     0     0      0.179     -0.131      0.669      0.717      0.135
   779       -321  K-                  91   494     0     0     0     0     0      1.170     -0.529      2.593      2.935      0.494
   780        211  pi+                 91   494     0     0     0     0     0      0.860     -0.403      1.001      1.387      0.140
   781        211  pi+                 91   497     0     0     0     0     0      0.925     -0.002      0.923      1.314      0.140
   782       -211  pi-                 91   497     0     0     0     0     0      0.593      0.986      1.065      1.574      0.140
   783        130  K_L0                91   498   498     0     0     0     0      3.088     -0.359      2.078      3.772      0.498
   784        211  pi+                 91   524     0     0     0     0     0      3.154     -6.177    -93.219     93.477      0.140
   785        111  (pi0)              -91   524     0  1110  1111     0     0      0.297     -0.716     -9.379      9.412      0.135
   786        211  pi+                 91   531     0     0     0     0     0      0.249      0.116     -0.735      0.797      0.140
   787       -211  pi-                 91   531     0     0     0     0     0     -0.321     -0.355     -1.370      1.457      0.140
   788        130  K_L0                91   532   532     0     0     0     0     -1.044      0.272     -8.558      8.640      0.498
   789        310  K_S0                91   533   533     0     0     0     0     -0.162     -0.076     -0.742      0.911      0.498
   790        211  pi+                 91   534     0     0     0     0     0     -0.408      0.315     -3.519      3.560      0.140
   791       -211  pi-                 91   534     0     0     0     0     0     -0.019      0.139     -0.234      0.306      0.140
   792        211  pi+                 91   535     0     0     0     0     0      0.252      0.056     -0.728      0.785      0.140
   793       -211  pi-                 91   535     0     0     0     0     0      0.356     -0.581     -0.455      0.831      0.140
   794        211  pi+                 91   538     0     0     0     0     0     -0.004     -0.343      0.728      0.817      0.140
   795        111  (pi0)              -91   538     0  1112  1113     0     0      0.331     -0.023      0.070      0.365      0.135
   796        211  pi+                 91   542     0     0     0     0     0     -0.317      0.317      5.827      5.846      0.140
   797       -211  pi-                 91   542     0     0     0     0     0     -0.075     -0.225      2.721      2.735      0.140
   798       2112  n0                  91   554     0     0     0     0     0      3.310      1.851      0.839      3.997      0.940
   799       -211  pi-                 91   554     0     0     0     0     0      0.203      0.152      0.157      0.329      0.140
   800      -2212  pbar-               91   555     0     0     0     0     0      1.519      0.783      0.208      1.961      0.938
   801        211  pi+                 91   555     0     0     0     0     0      0.689      0.760     -0.108      1.041      0.140
   802        211  pi+                 91   559     0     0     0     0     0     10.471     13.114     -1.710     16.869      0.140
   803        111  (pi0)              -91   559     0  1114  1115     0     0      6.289      8.542     -0.830     10.640      0.135
   804        310  K_S0                91   563   563     0     0     0     0     16.808     19.939     -3.740     26.350      0.498
   805        211  pi+                 91   566     0     0     0     0     0      0.615      0.985      0.061      1.171      0.140
   806        111  (pi0)              -91   566     0  1116  1117     0     0     -0.036     -0.048     -0.059      0.159      0.135
   807        321  K+                  91   569     0     0     0     0     0     -0.364      0.543      0.044      0.821      0.494
   808       -211  pi-                 91   569     0     0     0     0     0     -0.118      0.179     -0.350      0.433      0.140
   809        211  pi+                 91   571     0     0     0     0     0     -0.807      0.077      0.104      0.829      0.140
   810        111  (pi0)              -91   571     0  1118  1119     0     0     -0.208      0.632     -0.195      0.706      0.135
   811       -211  pi-                 91   585     0     0     0     0     0     -0.182     -0.240    -12.572     12.577      0.140
   812        111  (pi0)              -91   585     0  1120  1121     0     0      0.111     -0.098    -84.113     84.113      0.135
   813        211  pi+                 91   590     0     0     0     0     0     -0.666      0.133     -6.710      6.745      0.140
   814       -211  pi-                 91   590     0     0     0     0     0     -0.219      0.090     -0.661      0.716      0.140
   815        211  pi+                 91   597     0     0     0     0     0      0.256     -0.221     -0.451      0.580      0.140
   816       -211  pi-                 91   597     0     0     0     0     0     -0.013      0.351     -1.277      1.332      0.140
   817        211  pi+                 91   598     0     0     0     0     0     -0.399     -0.545     -0.448      0.822      0.140
   818        111  (pi0)              -91   598     0  1122  1123     0     0     -0.620     -0.326     -1.582      1.736      0.135
   819       -211  pi-                 91   599     0     0     0     0     0     -0.535     -0.923     -0.545      1.206      0.140
   820        111  (pi0)              -91   599     0  1124  1125     0     0     -0.296      0.015     -0.361      0.487      0.135
   821        211  pi+                 91   601     0     0     0     0     0     -2.968     -3.540     -3.090      5.559      0.140
   822        111  (pi0)              -91   601     0  1126  1127     0     0     -0.272     -0.234     -0.328      0.505      0.135
   823       -211  pi-                 91   602     0     0     0     0     0    -23.682    -27.720    -33.074     49.225      0.140
   824        111  (pi0)              -91   602     0  1128  1129     0     0     -3.585     -4.435     -4.642      7.354      0.135
   825        321  K+                  91   612     0     0     0     0     0      0.081      0.483     -0.127      0.707      0.494
   826       -211  pi-                 91   612     0     0     0     0     0      0.433      0.036     -0.081      0.463      0.140
   827        130  K_L0                91   616   616     0     0     0     0     -0.300     -0.118    -20.752     20.760      0.498
   828        211  pi+                 91   618     0     0     0     0     0      0.240     -0.156    -19.513     19.515      0.140
   829       -211  pi-                 91   618     0     0     0     0     0     -0.402     -0.122     -9.727      9.737      0.140
   830       -211  pi-                 91   620     0     0     0     0     0      0.192     -0.108    -64.132     64.132      0.140
   831        111  (pi0)              -91   620     0  1130  1131     0     0     -0.400      0.316    -96.458     96.459      0.135
   832        211  pi+                 91   623     0     0     0     0     0     -0.544      0.583   -299.983    299.984      0.140
   833        111  (pi0)              -91   623     0  1132  1133     0     0     -0.017      0.397    -39.080     39.082      0.135
   834       -311  (Kbar0)            -91   628     0   907   907     0     0      1.610      2.109    -77.592     77.639      0.498
   835       -211  pi-                 91   628     0     0     0     0     0      0.873      0.559    -28.957     28.976      0.140
   836        211  pi+                 91   629     0     0     0     0     0      0.179      0.619    -33.113     33.119      0.140
   837        111  (pi0)              -91   629     0  1134  1135     0     0      1.155      2.056    -65.631     65.673      0.135
   838        321  K+                  91   631     0     0     0     0     0      0.455      0.064    -31.731     31.738      0.494
   839        111  (pi0)              -91   631     0  1136  1137     0     0     -0.014      0.075     -1.420      1.428      0.135
   840        211  pi+                 91   636     0     0     0     0     0     -0.118     -0.198     -0.263      0.376      0.140
   841        111  (pi0)              -91   636     0  1138  1139     0     0     -0.082      0.507     -0.055      0.534      0.135
   842        211  pi+                 91   637     0     0     0     0     0     -0.203     -0.491     -0.236      0.598      0.140
   843       -211  pi-                 91   637     0     0     0     0     0     -0.100      0.230     -0.114      0.309      0.140
   844       -211  pi-                 91   639     0     0     0     0     0     -0.192     -0.346     -0.204      0.467      0.140
   845        111  (pi0)              -91   639     0  1140  1141     0     0      0.694     -0.492      1.278      1.542      0.135
   846        310  K_S0                91   641   641     0     0     0     0      0.398      0.138      5.130      5.171      0.498
   847        211  pi+                 91   649     0     0     0     0     0     -0.352      0.007     50.014     50.016      0.140
   848       -211  pi-                 91   649     0     0     0     0     0      0.461      0.281    119.633    119.635      0.140
   849       -311  (Kbar0)            -91   655     0   908   908     0     0      0.000      0.198     76.226     76.228      0.498
   850        111  (pi0)              -91   655     0  1142  1143     0     0      0.456      0.011     84.176     84.178      0.135
   851        211  pi+                 91   664     0     0     0     0     0     -0.103      0.923     -0.961      1.343      0.140
   852       -211  pi-                 91   664     0     0     0     0     0     -0.028     -0.176      0.110      0.252      0.140
   853       -211  pi-                 91   667     0     0     0     0     0      0.163      0.075    -18.237     18.239      0.140
   854        111  (pi0)              -91   667     0  1144  1145     0     0     -0.183     -0.545    -20.861     20.869      0.135
   855        311  (K0)               -91   683     0   909   909     0     0     -3.827     -4.316     -5.156      7.752      0.498
   856        211  pi+                 91   683     0     0     0     0     0     -7.156     -8.443    -10.467     15.234      0.140
   857        130  K_L0                91   684   684     0     0     0     0     -3.020     -4.604     -5.667      7.917      0.498
   858       -211  pi-                 91   687     0     0     0     0     0     -0.091     -0.577      0.134      0.615      0.140
   859        111  (pi0)              -91   687     0  1146  1147     0     0     -0.502     -0.086      0.446      0.690      0.135
   860        211  pi+                 91   689     0     0     0     0     0     -0.617     -0.164      0.674      0.939      0.140
   861       -211  pi-                 91   689     0     0     0     0     0     -0.504     -0.389     -0.038      0.653      0.140
   862        130  K_L0                91   693   693     0     0     0     0     -1.097      0.132      5.647      5.776      0.498
   863        130  K_L0                91   694   694     0     0     0     0     -0.551     -0.867      4.624      4.763      0.498
   864        321  K+                  91   695     0     0     0     0     0     -0.269      0.629      4.742      4.817      0.494
   865       -211  pi-                 91   695     0     0     0     0     0     -0.127     -0.125      1.043      1.067      0.140
   866        130  K_L0                91   696   696     0     0     0     0     -0.984      0.017     23.880     23.906      0.498
   867        211  pi+                 91   698     0     0     0     0     0     -0.114     -0.311     10.368     10.374      0.140
   868       -211  pi-                 91   698     0     0     0     0     0     -0.193      0.035      1.466      1.486      0.140
   869       2212  p+                  91   700     0     0     0     0     0      0.026      0.021     71.315     71.321      0.938
   870        211  pi+                 91   700     0     0     0     0     0     -0.025      0.241     15.191     15.194      0.140
   871      -2212  pbar-               91   701     0     0     0     0     0     -1.019     -0.087    142.816    142.823      0.938
   872       -211  pi-                 91   701     0     0     0     0     0     -0.174      0.165     26.912     26.914      0.140
   873        211  pi+                 91   704     0     0     0     0     0      0.126      0.132     68.234     68.234      0.140
   874        111  (pi0)              -91   704     0  1148  1149     0     0      0.682     -0.168     58.375     58.379      0.135
   875        211  pi+                 91   707     0     0     0     0     0      0.043     -0.439     14.887     14.894      0.140
   876        111  (pi0)              -91   707     0  1150  1151     0     0     -0.344      0.215     21.171     21.175      0.135
   877       2212  p+                  91   709     0     0     0     0     0     -0.376      0.439      3.701      3.861      0.938
   878        111  (pi0)              -91   709     0  1152  1153     0     0     -0.038      0.109      0.159      0.239      0.135
   879        211  pi+                 91   710     0     0     0     0     0      0.261     -0.001      0.648      0.712      0.140
   880       -211  pi-                 91   710     0     0     0     0     0     -0.208      0.195      0.217      0.384      0.140
   881      -2212  pbar-               91   711     0     0     0     0     0      0.556     -0.428     -1.477      1.885      0.938
   882        111  (pi0)              -91   711     0  1154  1155     0     0     -0.155     -0.266     -0.067      0.343      0.135
   883        211  pi+                 91   713     0     0     0     0     0     -0.003     -0.294     -1.790      1.820      0.140
   884       -211  pi-                 91   713     0     0     0     0     0     -0.004      0.263     -0.466      0.553      0.140
   885       -211  pi-                 91   716     0     0     0     0     0     -0.643     -0.017     -3.689      3.747      0.140
   886        111  (pi0)              -91   716     0  1156  1157     0     0      0.052     -0.053     -0.174      0.233      0.135
   887        130  K_L0                91   718   718     0     0     0     0      0.097      0.185    -76.137     76.138      0.498
   888        211  pi+                 91   721     0     0     0     0     0      0.239      0.031   -203.377    203.377      0.140
   889        111  (pi0)              -91   721     0  1158  1159     0     0     -0.355     -0.197   -233.689    233.689      0.135
   890        211  pi+                 91   724     0     0     0     0     0     -0.295      1.559    725.593    725.595      0.140
   891        111  (pi0)              -91   724     0  1160  1161     0     0     -0.367      0.044    163.844    163.845      0.135
   892        310  K_S0                91   728   728     0     0     0     0     -0.345     -0.427     11.890     11.913      0.498
   893       3122  Lambda0             91   729     0     0     0     0     0     -0.204      0.258     42.341     42.357      1.116
   894        211  pi+                 91   729     0     0     0     0     0      0.145      0.138      4.750      4.757      0.140
   895      -2212  pbar-               91   730     0     0     0     0     0      0.076     -0.169     13.512     13.546      0.938
   896       -211  pi-                 91   730     0     0     0     0     0      0.111     -0.202      7.725      7.730      0.140
   897        211  pi+                 91   734     0     0     0     0     0     -0.285      0.180      0.010      0.365      0.140
   898       -211  pi-                 91   734     0     0     0     0     0      0.219     -0.384      0.311      0.558      0.140
   899        211  pi+                 91   735     0     0     0     0     0     -0.504      0.260     -0.617      0.850      0.140
   900        111  (pi0)              -91   735     0  1162  1163     0     0      0.041     -0.428     -0.465      0.647      0.135
   901       -211  pi-                 91   736     0     0     0     0     0      0.367      0.020     -0.238      0.460      0.140
   902        111  (pi0)              -91   736     0  1164  1165     0     0      0.172      0.273     -2.110      2.139      0.135
   903        310  K_S0                91   740   740     0     0     0     0     -0.274      0.473   -340.328    340.328      0.498
   904        310  K_S0                91   765   765     0     0     0     0      0.217     -0.243     27.071     27.077      0.498
   905        130  K_L0                91   769   769     0     0     0     0     -0.095     -0.252     36.104     36.109      0.498
   906        130  K_L0                91   777   777     0     0     0     0      0.076      0.591      3.210      3.302      0.498
   907        130  K_L0                91   834   834     0     0     0     0      1.610      2.109    -77.592     77.639      0.498
   908        310  K_S0                91   849   849     0     0     0     0      0.000      0.198     76.226     76.228      0.498
   909        130  K_L0                91   855   855     0     0     0     0     -3.827     -4.316     -5.156      7.752      0.498
   910        211  pi+                 91   405     0     0     0     0     0     -1.775     -1.095     -1.203      2.411      0.140
   911       -211  pi-                 91   405     0     0     0     0     0     -0.273     -0.119     -0.032      0.330      0.140
   912        111  (pi0)              -91   405     0  1166  1167     0     0     -0.223     -0.180     -0.261      0.410      0.135
   913        211  pi+                 91   410     0     0     0     0     0      0.043     -0.010     -0.577      0.595      0.140
   914       -211  pi-                 91   410     0     0     0     0     0      0.340      0.043     -1.747      1.786      0.140
   915        111  (pi0)              -91   410     0  1168  1169     0     0      0.173      0.565     -2.797      2.862      0.135
   916        421  (D0)               -91   420     0  1170  1174     0     0     21.516     50.051    -71.874     90.208      1.865
   917         22  gamma               91   420     0     0     0     0     0      2.444      5.902     -8.263     10.445      0.000
   918        113  (rho0)             -91   430     0  1175  1176     0     0    -16.943    -20.808    -23.414     35.618      0.676
   919         22  gamma               91   430     0     0     0     0     0    -10.924    -12.896    -14.689     22.393      0.000
   920         22  gamma               91   441     0     0     0     0     0      0.393      0.180    -13.921     13.928      0.000
   921         22  gamma               91   441     0     0     0     0     0      0.246      0.165    -13.390     13.393      0.000
   922        211  pi+                 91   448     0     0     0     0     0      0.033     -0.243      0.070      0.291      0.140
   923       -211  pi-                 91   448     0     0     0     0     0     -0.230      0.093      0.287      0.404      0.140
   924        111  (pi0)              -91   448     0  1177  1178     0     0      0.118     -0.189      0.104      0.280      0.135
   925        211  pi+                 91   449     0     0     0     0     0      0.067      0.185      0.525      0.578      0.140
   926       -211  pi-                 91   449     0     0     0     0     0     -0.063      0.607      1.206      1.359      0.140
   927        111  (pi0)              -91   449     0  1179  1180     0     0     -0.125      0.034      1.124      1.140      0.135
   928        111  (pi0)              -91   458     0  1181  1182     0     0      0.197     -0.161     -0.227      0.366      0.135
   929        111  (pi0)              -91   458     0  1183  1184     0     0      0.046     -0.172     -0.255      0.339      0.135
   930        111  (pi0)              -91   458     0  1185  1186     0     0      0.336     -0.113     -0.604      0.714      0.135
   931        111  (pi0)              -91   463     0  1187  1188     0     0     -0.151      0.058      0.311      0.376      0.135
   932        111  (pi0)              -91   463     0  1189  1190     0     0     -0.096     -0.082      1.028      1.044      0.135
   933        111  (pi0)              -91   463     0  1191  1192     0     0     -0.026     -0.022      0.478      0.498      0.135
   934        211  pi+                 91   464     0     0     0     0     0     -0.239     -0.069      1.418      1.446      0.140
   935       -211  pi-                 91   464     0     0     0     0     0      0.039      0.248      1.680      1.705      0.140
   936        111  (pi0)              -91   464     0  1193  1194     0     0     -0.113     -0.047      3.168      3.173      0.135
   937        211  pi+                 91   465     0     0     0     0     0     -0.057     -0.094      1.130      1.144      0.140
   938       -211  pi-                 91   465     0     0     0     0     0     -0.259     -0.098      5.527      5.536      0.140
   939        111  (pi0)              -91   465     0  1195  1196     0     0      0.182      0.023      5.247      5.252      0.135
   940         22  gamma               91   470     0     0     0     0     0     -0.516      0.453     -1.139      1.330      0.000
   941         22  gamma               91   470     0     0     0     0     0     -0.193      0.292     -0.634      0.724      0.000
   942         22  gamma               91   472     0     0     0     0     0      0.047      0.057      2.662      2.663      0.000
   943         22  gamma               91   472     0     0     0     0     0      0.041      0.132      1.497      1.503      0.000
   944        211  pi+                 91   473     0     0     0     0     0     -0.033      0.052      0.752      0.767      0.140
   945       -211  pi-                 91   473     0     0     0     0     0     -0.015      0.058      2.808      2.812      0.140
   946        221  (eta)              -91   473     0  1197  1199     0     0      0.216     -0.114      5.330      5.363      0.548
   947         22  gamma               91   474     0     0     0     0     0      0.251     -0.028      1.672      1.691      0.000
   948         22  gamma               91   474     0     0     0     0     0      0.166     -0.118      0.975      0.996      0.000
   949         22  gamma               91   487     0     0     0     0     0     -0.106      0.155      8.362      8.364      0.000
   950         22  gamma               91   487     0     0     0     0     0     -0.110      0.003      6.218      6.219      0.000
   951         22  gamma               91   509     0     0     0     0     0      0.845      0.298     -1.162      1.468      0.000
   952         22  gamma               91   509     0     0     0     0     0      0.797      0.243     -0.887      1.217      0.000
   953         22  gamma               91   510     0     0     0     0     0      0.789      0.666     -2.163      2.397      0.000
   954         22  gamma               91   510     0     0     0     0     0      0.023      0.063     -0.144      0.159      0.000
   955         22  gamma               91   514     0     0     0     0     0     -0.013      0.171     -0.500      0.528      0.000
   956         22  gamma               91   514     0     0     0     0     0      0.266     -0.387     -1.335      1.415      0.000
   957         22  gamma               91   516     0     0     0     0     0      0.394     -0.040     -1.358      1.415      0.000
   958         22  gamma               91   516     0     0     0     0     0      0.478      0.022     -1.230      1.319      0.000
   959        211  pi+                 91   519     0     0     0     0     0     -0.029     -0.074     -1.089      1.101      0.140
   960       -211  pi-                 91   519     0     0     0     0     0      0.050     -0.520     -4.006      4.043      0.140
   961        111  (pi0)              -91   519     0  1200  1201     0     0      0.277     -0.068     -4.720      4.730      0.135
   962         22  gamma               91   520     0     0     0     0     0      2.550     -1.831    -36.619     36.753      0.000
   963         22  gamma               91   520     0     0     0     0     0      0.331     -0.282     -3.202      3.231      0.000
   964        211  pi+                 91   522     0     0     0     0     0      1.588     -1.966    -30.044     30.150      0.140
   965       -211  pi-                 91   522     0     0     0     0     0      0.832     -0.788    -13.376     13.426      0.140
   966         22  gamma               91   522     0     0     0     0     0      1.257     -1.726    -25.988     26.076      0.000
   967        113  (rho0)             -91   525     0  1202  1203     0     0      1.452     -2.847    -43.628     43.752      0.804
   968         22  gamma               91   525     0     0     0     0     0      0.272     -0.256     -4.001      4.018      0.000
   969         22  gamma               91   527     0     0     0     0     0      0.909     -0.611    -22.739     22.765      0.000
   970         22  gamma               91   527     0     0     0     0     0      0.124     -0.080     -4.276      4.278      0.000
   971         22  gamma               91   536     0     0     0     0     0     -0.152      0.112     -0.113      0.220      0.000
   972         22  gamma               91   536     0     0     0     0     0     -0.100      0.222     -0.265      0.359      0.000
   973        211  pi+                 91   540     0     0     0     0     0     -0.163     -0.065      4.622      4.627      0.140
   974       -211  pi-                 91   540     0     0     0     0     0     -0.074     -0.127      1.010      1.030      0.140
   975         22  gamma               91   540     0     0     0     0     0     -0.039     -0.101      0.470      0.482      0.000
   976         22  gamma               91   558     0     0     0     0     0      0.858      0.934     -0.288      1.300      0.000
   977         22  gamma               91   558     0     0     0     0     0      0.971      1.111     -0.482      1.553      0.000
   978        211  pi+                 91   561     0     0     0     0     0      6.139      7.728     -1.474      9.980      0.140
   979       -211  pi-                 91   561     0     0     0     0     0     12.602     15.043     -2.762     19.818      0.140
   980        111  (pi0)              -91   561     0  1204  1205     0     0      1.996      2.506     -0.326      3.223      0.135
   981         22  gamma               91   565     0     0     0     0     0      5.140      5.236     -1.135      7.425      0.000
   982         22  gamma               91   565     0     0     0     0     0      1.664      1.789     -0.068      2.444      0.000
   983       -311  (Kbar0)            -91   572     0  1206  1206     0     0     -2.139      0.929      0.152      2.390      0.498
   984       -211  pi-                 91   572     0     0     0     0     0     -0.759      0.257      0.503      0.956      0.140
   985        111  (pi0)              -91   572     0  1207  1208     0     0     -2.462      0.550      0.938      2.695      0.135
   986        111  (pi0)              -91   572     0  1209  1210     0     0     -1.650      0.114      0.515      1.738      0.135
   987         22  gamma               91   583     0     0     0     0     0     -1.330      0.024   -204.445    204.450      0.000
   988         22  gamma               91   583     0     0     0     0     0     -0.244      0.062    -40.368     40.369      0.000
   989        211  pi+                 91   584     0     0     0     0     0     -0.121      0.050    -21.091     21.092      0.140
   990       -211  pi-                 91   584     0     0     0     0     0     -0.007     -0.068    -77.881     77.881      0.140
   991        111  (pi0)              -91   584     0  1211  1212     0     0      0.166      0.263    -40.616     40.617      0.135
   992         22  gamma               91   587     0     0     0     0     0      0.118     -0.329    -13.285     13.290      0.000
   993         22  gamma               91   587     0     0     0     0     0      0.167     -0.098    -42.726     42.726      0.000
   994       3122  Lambda0             91   592     0     0     0     0     0     -2.606      1.780    -17.868     18.179      1.116
   995         22  gamma               91   592     0     0     0     0     0     -0.062      0.102     -0.424      0.440      0.000
   996        211  pi+                 91   600     0     0     0     0     0     -1.056     -0.623     -1.729      2.124      0.140
   997       -211  pi-                 91   600     0     0     0     0     0     -0.365     -0.233     -0.751      0.878      0.140
   998        111  (pi0)              -91   600     0  1213  1214     0     0     -0.170     -0.294     -0.215      0.424      0.135
   999         22  gamma               91   603     0     0     0     0     0    -27.170    -32.724    -37.442     56.665      0.000
  1000         22  gamma               91   603     0     0     0     0     0     -3.691     -4.522     -5.126      7.769      0.000
  1001         22  gamma               91   608     0     0     0     0     0      0.015      0.110      0.732      0.741      0.000
  1002         22  gamma               91   608     0     0     0     0     0     -0.087      0.022      0.486      0.494      0.000
  1003        211  pi+                 91   614     0     0     0     0     0     -0.126      0.041     -0.841      0.863      0.140
  1004       -211  pi-                 91   614     0     0     0     0     0      0.065      0.113     -1.176      1.191      0.140
  1005        111  (pi0)              -91   614     0  1215  1216     0     0     -0.156      0.068     -0.616      0.653      0.135
  1006         22  gamma               91   617     0     0     0     0     0      0.358     -0.075    -18.229     18.232      0.000
  1007         22  gamma               91   617     0     0     0     0     0      0.299      0.050    -17.876     17.878      0.000
  1008         22  gamma               91   619     0     0     0     0     0     -0.361      0.498    -25.121     25.129      0.000
  1009         22  gamma               91   619     0     0     0     0     0     -0.015      0.092     -2.752      2.754      0.000
  1010         22  gamma               91   621     0     0     0     0     0      0.012     -0.087    -27.139     27.139      0.000
  1011         22  gamma               91   621     0     0     0     0     0      0.042     -0.041     -3.637      3.637      0.000
  1012        211  pi+                 91   622     0     0     0     0     0     -0.241      0.255    -92.291     92.291      0.140
  1013       -211  pi-                 91   622     0     0     0     0     0      0.159      0.124    -80.735     80.735      0.140
  1014        111  (pi0)              -91   622     0  1217  1218     0     0      0.066      0.324    -46.515     46.517      0.135
  1015         22  gamma               91   624     0     0     0     0     0     -0.073      0.263   -106.022    106.023      0.000
  1016         22  gamma               91   624     0     0     0     0     0      0.054      0.368   -131.806    131.807      0.000
  1017        111  (pi0)              -91   633     0  1219  1220     0     0     -0.047      0.471     -5.391      5.413      0.135
  1018        111  (pi0)              -91   633     0  1221  1222     0     0      0.026      0.019     -1.084      1.092      0.135
  1019        111  (pi0)              -91   633     0  1223  1224     0     0     -0.012      0.160     -1.695      1.708      0.135
  1020         22  gamma               91   634     0     0     0     0     0      0.014     -0.100     -1.117      1.122      0.000
  1021         22  gamma               91   634     0     0     0     0     0     -0.122     -0.084     -1.154      1.163      0.000
  1022         22  gamma               91   635     0     0     0     0     0      0.082      0.034     -1.463      1.466      0.000
  1023         22  gamma               91   635     0     0     0     0     0      0.197      0.044     -8.674      8.677      0.000
  1024         22  gamma               91   638     0     0     0     0     0      0.193      0.210     -0.524      0.597      0.000
  1025         22  gamma               91   638     0     0     0     0     0      0.105      0.098     -0.113      0.183      0.000
  1026         22  gamma               91   643     0     0     0     0     0      0.546     -0.116      5.633      5.660      0.000
  1027         22  gamma               91   643     0     0     0     0     0      0.284     -0.023      3.937      3.947      0.000
  1028         22  gamma               91   648     0     0     0     0     0     -0.302      0.544     33.410     33.416      0.000
  1029         22  gamma               91   648     0     0     0     0     0     -0.105      0.267     20.570     20.572      0.000
  1030        211  pi+                 91   654     0     0     0     0     0     -0.260      0.107    102.874    102.875      0.140
  1031       -211  pi-                 91   654     0     0     0     0     0      0.050     -0.172     57.927     57.927      0.140
  1032        111  (pi0)              -91   654     0  1225  1226     0     0     -0.365     -0.263    123.442    123.442      0.135
  1033        211  pi+                 91   657     0     0     0     0     0      0.055      0.363     13.089     13.095      0.140
  1034       -211  pi-                 91   657     0     0     0     0     0      0.129      0.001      3.091      3.097      0.140
  1035        111  (pi0)              -91   657     0  1227  1228     0     0     -0.187      0.002      3.823      3.830      0.135
  1036         22  gamma               91   660     0     0     0     0     0     -0.014      0.298      2.693      2.709      0.000
  1037         22  gamma               91   660     0     0     0     0     0      0.098      0.281      2.097      2.118      0.000
  1038         22  gamma               91   661     0     0     0     0     0     -0.022     -0.012      2.331      2.331      0.000
  1039         22  gamma               91   661     0     0     0     0     0     -0.269     -0.263      9.730      9.737      0.000
  1040        211  pi+                 91   662     0     0     0     0     0      0.232      0.042      1.794      1.815      0.140
  1041       -211  pi-                 91   662     0     0     0     0     0     -0.201     -0.001      0.907      0.940      0.140
  1042        111  (pi0)              -91   662     0  1229  1230     0     0     -0.174      0.072      2.191      2.203      0.135
  1043        211  pi+                 91   665     0     0     0     0     0     -0.086     -0.427     -7.359      7.373      0.140
  1044       -211  pi-                 91   665     0     0     0     0     0     -0.214      0.089     -3.536      3.546      0.140
  1045        111  (pi0)              -91   665     0  1231  1232     0     0     -0.049     -0.138     -1.443      1.456      0.135
  1046        111  (pi0)              -91   668     0  1233  1234     0     0      0.235      0.223   -106.430    106.431      0.135
  1047        111  (pi0)              -91   668     0  1235  1236     0     0      0.238      0.070    -62.310     62.310      0.135
  1048        221  (eta)              -91   668     0  1237  1238     0     0      0.218      0.197   -224.523    224.524      0.548
  1049        211  pi+                 91   685     0     0     0     0     0     -0.133      0.043     -0.030      0.200      0.140
  1050       -211  pi-                 91   685     0     0     0     0     0     -0.310     -0.780      0.062      0.853      0.140
  1051        111  (pi0)              -91   685     0  1239  1240     0     0     -0.160     -0.151      0.113      0.281      0.135
  1052        211  pi+                 91   686     0     0     0     0     0      0.248      0.047     -0.222      0.364      0.140
  1053       -211  pi-                 91   686     0     0     0     0     0     -0.061      0.057     -0.882      0.897      0.140
  1054        111  (pi0)              -91   686     0  1241  1242     0     0      0.015     -0.085     -0.102      0.190      0.135
  1055         22  gamma               91   690     0     0     0     0     0      0.025      0.016     -0.025      0.039      0.000
  1056         22  gamma               91   690     0     0     0     0     0     -0.103      0.149      0.060      0.191      0.000
  1057        211  pi+                 91   699     0     0     0     0     0      0.299     -0.176     10.607     10.613      0.140
  1058       -211  pi-                 91   699     0     0     0     0     0     -0.161     -0.226      6.770      6.777      0.140
  1059        111  (pi0)              -91   699     0  1243  1244     0     0      0.213     -0.226     15.335     15.339      0.135
  1060         22  gamma               91   702     0     0     0     0     0      0.324     -0.057     38.868     38.869      0.000
  1061         22  gamma               91   702     0     0     0     0     0      0.282     -0.167     47.537     47.538      0.000
  1062         22  gamma               91   703     0     0     0     0     0     -0.457     -0.026    196.063    196.063      0.000
  1063         22  gamma               91   703     0     0     0     0     0     -0.103      0.030     27.778     27.778      0.000
  1064        211  pi+                 91   705     0     0     0     0     0     -0.536      0.143     42.836     42.840      0.140
  1065       -211  pi-                 91   705     0     0     0     0     0     -0.135     -0.027      4.355      4.359      0.140
  1066        111  (pi0)              -91   705     0  1245  1246     0     0     -0.234     -0.162     17.875     17.877      0.135
  1067        111  (pi0)              -91   708     0  1247  1248     0     0      0.166     -0.293      4.615      4.629      0.135
  1068        111  (pi0)              -91   708     0  1249  1250     0     0      0.114     -0.080      3.943      3.948      0.135
  1069        111  (pi0)              -91   708     0  1251  1252     0     0      0.416     -0.178      7.560      7.574      0.135
  1070        211  pi+                 91   715     0     0     0     0     0      0.098      0.011     -0.145      0.224      0.140
  1071       -211  pi-                 91   715     0     0     0     0     0     -0.048      0.349     -0.595      0.706      0.140
  1072        111  (pi0)              -91   715     0  1253  1254     0     0     -0.308      0.000     -0.365      0.496      0.135
  1073         22  gamma               91   725     0     0     0     0     0     -0.530      0.306    215.605    215.606      0.000
  1074         22  gamma               91   725     0     0     0     0     0     -0.118      0.098     36.178     36.179      0.000
  1075        211  pi+                 91   726     0     0     0     0     0      0.117      0.661     46.633     46.639      0.140
  1076       -211  pi-                 91   726     0     0     0     0     0     -0.002      0.153     17.902     17.903      0.140
  1077        111  (pi0)              -91   726     0  1255  1256     0     0      0.202     -0.042     16.525     16.527      0.135
  1078         22  gamma               91   727     0     0     0     0     0     -0.078     -0.000     17.521     17.521      0.000
  1079         22  gamma               91   727     0     0     0     0     0     -0.553     -0.261     88.931     88.933      0.000
  1080         22  gamma               91   731     0     0     0     0     0      0.216      0.002      1.788      1.801      0.000
  1081         22  gamma               91   731     0     0     0     0     0     -0.297      0.267      3.589      3.611      0.000
  1082        211  pi+                 91   732     0     0     0     0     0      0.040      0.101      1.432      1.443      0.140
  1083       -211  pi-                 91   732     0     0     0     0     0     -0.057      0.126      0.381      0.429      0.140
  1084        111  (pi0)              -91   732     0  1257  1258     0     0      0.214     -0.088      0.354      0.444      0.135
  1085         22  gamma               91   733     0     0     0     0     0      0.131      0.335     -0.107      0.376      0.000
  1086         22  gamma               91   733     0     0     0     0     0      0.028     -0.040      0.288      0.292      0.000
  1087        211  pi+                 91   737     0     0     0     0     0     -0.019      0.065     -3.230      3.234      0.140
  1088       -211  pi-                 91   737     0     0     0     0     0     -0.188      0.157     -2.292      2.309      0.140
  1089        111  (pi0)              -91   737     0  1259  1260     0     0      0.037      0.035     -1.339      1.347      0.135
  1090         22  gamma               91   738     0     0     0     0     0     -0.359     -0.472     -7.570      7.593      0.000
  1091         22  gamma               91   738     0     0     0     0     0      0.023     -0.080     -7.595      7.595      0.000
  1092         22  gamma               91   741     0     0     0     0     0      0.262     -0.278    -39.421     39.423      0.000
  1093         22  gamma               91   741     0     0     0     0     0     -0.079     -0.111    -84.333     84.333      0.000
  1094         22  gamma               91   745     0     0     0     0     0     -2.288     -2.886     -3.181      4.866      0.000
  1095         22  gamma               91   745     0     0     0     0     0     -7.264     -9.056     -9.726     15.145      0.000
  1096         22  gamma               91   750     0     0     0     0     0     -0.069      0.303     10.266     10.271      0.000
  1097         22  gamma               91   750     0     0     0     0     0     -0.206      0.427     11.995     12.004      0.000
  1098         22  gamma               91   755     0     0     0     0     0      0.296      0.480    -39.636     39.640      0.000
  1099         22  gamma               91   755     0     0     0     0     0      0.310      0.441    -29.908     29.913      0.000
  1100         22  gamma               91   764     0     0     0     0     0     -0.104      0.171     -0.077      0.215      0.000
  1101         22  gamma               91   764     0     0     0     0     0      0.025      0.154     -0.117      0.195      0.000
  1102         22  gamma               91   768     0     0     0     0     0     -0.189      0.008     -0.172      0.255      0.000
  1103         22  gamma               91   768     0     0     0     0     0     -0.394      0.032     -0.132      0.417      0.000
  1104         22  gamma               91   773     0     0     0     0     0      0.249     -0.022      3.704      3.713      0.000
  1105         22  gamma               91   773     0     0     0     0     0      0.122      0.046      3.517      3.519      0.000
  1106         22  gamma               91   775     0     0     0     0     0      0.360     -0.283      4.555      4.578      0.000
  1107         22  gamma               91   775     0     0     0     0     0      0.061     -0.111      0.846      0.855      0.000
  1108         22  gamma               91   778     0     0     0     0     0      0.074      0.019      0.186      0.201      0.000
  1109         22  gamma               91   778     0     0     0     0     0      0.105     -0.150      0.482      0.516      0.000
  1110         22  gamma               91   785     0     0     0     0     0      0.025     -0.219     -2.621      2.630      0.000
  1111         22  gamma               91   785     0     0     0     0     0      0.271     -0.497     -6.758      6.782      0.000
  1112         22  gamma               91   795     0     0     0     0     0      0.170     -0.076      0.058      0.195      0.000
  1113         22  gamma               91   795     0     0     0     0     0      0.161      0.053      0.012      0.170      0.000
  1114         22  gamma               91   803     0     0     0     0     0      5.557      7.480     -0.747      9.348      0.000
  1115         22  gamma               91   803     0     0     0     0     0      0.732      1.062     -0.083      1.293      0.000
  1116         22  gamma               91   806     0     0     0     0     0     -0.039     -0.009      0.038      0.055      0.000
  1117         22  gamma               91   806     0     0     0     0     0      0.003     -0.039     -0.097      0.104      0.000
  1118         22  gamma               91   810     0     0     0     0     0     -0.119      0.329     -0.033      0.351      0.000
  1119         22  gamma               91   810     0     0     0     0     0     -0.090      0.303     -0.162      0.355      0.000
  1120         22  gamma               91   812     0     0     0     0     0      0.094     -0.001    -29.575     29.575      0.000
  1121         22  gamma               91   812     0     0     0     0     0      0.017     -0.098    -54.538     54.538      0.000
  1122         22  gamma               91   818     0     0     0     0     0     -0.296     -0.117     -0.857      0.915      0.000
  1123         22  gamma               91   818     0     0     0     0     0     -0.324     -0.210     -0.725      0.821      0.000
  1124         22  gamma               91   820     0     0     0     0     0     -0.099      0.033     -0.046      0.114      0.000
  1125         22  gamma               91   820     0     0     0     0     0     -0.197     -0.018     -0.316      0.372      0.000
  1126         22  gamma               91   822     0     0     0     0     0     -0.146     -0.179     -0.135      0.268      0.000
  1127         22  gamma               91   822     0     0     0     0     0     -0.125     -0.055     -0.193      0.237      0.000
  1128         22  gamma               91   824     0     0     0     0     0     -3.276     -4.104     -4.295      6.784      0.000
  1129         22  gamma               91   824     0     0     0     0     0     -0.309     -0.331     -0.347      0.571      0.000
  1130         22  gamma               91   831     0     0     0     0     0     -0.298      0.293    -71.422     71.423      0.000
  1131         22  gamma               91   831     0     0     0     0     0     -0.102      0.023    -25.036     25.036      0.000
  1132         22  gamma               91   833     0     0     0     0     0      0.002      0.015     -6.303      6.303      0.000
  1133         22  gamma               91   833     0     0     0     0     0     -0.019      0.382    -32.777     32.779      0.000
  1134         22  gamma               91   837     0     0     0     0     0      1.035      1.749    -56.708     56.744      0.000
  1135         22  gamma               91   837     0     0     0     0     0      0.120      0.307     -8.923      8.929      0.000
  1136         22  gamma               91   839     0     0     0     0     0      0.005      0.104     -0.705      0.712      0.000
  1137         22  gamma               91   839     0     0     0     0     0     -0.019     -0.029     -0.715      0.716      0.000
  1138         22  gamma               91   841     0     0     0     0     0     -0.108      0.251     -0.042      0.277      0.000
  1139         22  gamma               91   841     0     0     0     0     0      0.026      0.256     -0.013      0.257      0.000
  1140         22  gamma               91   845     0     0     0     0     0      0.538     -0.346      0.860      1.072      0.000
  1141         22  gamma               91   845     0     0     0     0     0      0.156     -0.147      0.418      0.470      0.000
  1142         22  gamma               91   850     0     0     0     0     0      0.211      0.042     49.229     49.230      0.000
  1143         22  gamma               91   850     0     0     0     0     0      0.246     -0.031     34.947     34.948      0.000
  1144         22  gamma               91   854     0     0     0     0     0     -0.021     -0.274     -9.832      9.836      0.000
  1145         22  gamma               91   854     0     0     0     0     0     -0.162     -0.271    -11.029     11.034      0.000
  1146         22  gamma               91   859     0     0     0     0     0     -0.156     -0.004      0.065      0.169      0.000
  1147         22  gamma               91   859     0     0     0     0     0     -0.346     -0.082      0.381      0.521      0.000
  1148         22  gamma               91   874     0     0     0     0     0      0.621     -0.191     52.736     52.740      0.000
  1149         22  gamma               91   874     0     0     0     0     0      0.061      0.023      5.639      5.639      0.000
  1150         22  gamma               91   876     0     0     0     0     0     -0.254      0.088     14.639     14.642      0.000
  1151         22  gamma               91   876     0     0     0     0     0     -0.091      0.127      6.532      6.534      0.000
  1152         22  gamma               91   878     0     0     0     0     0      0.046      0.009      0.052      0.070      0.000
  1153         22  gamma               91   878     0     0     0     0     0     -0.083      0.100      0.107      0.168      0.000
  1154         22  gamma               91   882     0     0     0     0     0      0.011     -0.100     -0.008      0.101      0.000
  1155         22  gamma               91   882     0     0     0     0     0     -0.166     -0.166     -0.059      0.242      0.000
  1156         22  gamma               91   886     0     0     0     0     0     -0.003     -0.029      0.016      0.033      0.000
  1157         22  gamma               91   886     0     0     0     0     0      0.055     -0.024     -0.190      0.199      0.000
  1158         22  gamma               91   889     0     0     0     0     0     -0.089     -0.004    -32.107     32.107      0.000
  1159         22  gamma               91   889     0     0     0     0     0     -0.266     -0.193   -201.581    201.582      0.000
  1160         22  gamma               91   891     0     0     0     0     0      0.003     -0.011     14.150     14.150      0.000
  1161         22  gamma               91   891     0     0     0     0     0     -0.371      0.055    149.694    149.695      0.000
  1162         22  gamma               91   900     0     0     0     0     0      0.090     -0.231     -0.256      0.356      0.000
  1163         22  gamma               91   900     0     0     0     0     0     -0.049     -0.197     -0.209      0.291      0.000
  1164         22  gamma               91   902     0     0     0     0     0      0.192      0.223     -1.855      1.879      0.000
  1165         22  gamma               91   902     0     0     0     0     0     -0.020      0.050     -0.255      0.261      0.000
  1166         22  gamma               91   912     0     0     0     0     0     -0.169     -0.062     -0.108      0.210      0.000
  1167         22  gamma               91   912     0     0     0     0     0     -0.054     -0.118     -0.153      0.200      0.000
  1168         22  gamma               91   915     0     0     0     0     0      0.117      0.291     -1.184      1.225      0.000
  1169         22  gamma               91   915     0     0     0     0     0      0.056      0.274     -1.613      1.637      0.000
  1170        211  pi+                 91   916     0     0     0     0     0      1.819      4.787     -6.886      8.583      0.140
  1171        211  pi+                 91   916     0     0     0     0     0     10.221     24.775    -35.840     44.753      0.140
  1172       -211  pi-                 91   916     0     0     0     0     0      3.989      8.175    -11.859     14.946      0.140
  1173       -211  pi-                 91   916     0     0     0     0     0      3.114      7.053     -9.970     12.604      0.140
  1174        111  (pi0)              -91   916     0  1261  1262     0     0      2.373      5.260     -7.319      9.322      0.135
  1175        211  pi+                 91   918     0     0     0     0     0     -9.277    -11.135    -12.300     19.009      0.140
  1176       -211  pi-                 91   918     0     0     0     0     0     -7.666     -9.672    -11.114     16.609      0.140
  1177         22  gamma               91   924     0     0     0     0     0     -0.019     -0.034      0.056      0.068      0.000
  1178         22  gamma               91   924     0     0     0     0     0      0.137     -0.155      0.048      0.212      0.000
  1179         22  gamma               91   927     0     0     0     0     0     -0.062     -0.036      0.766      0.769      0.000
  1180         22  gamma               91   927     0     0     0     0     0     -0.063      0.070      0.358      0.370      0.000
  1181         22  gamma               91   928     0     0     0     0     0      0.090     -0.150     -0.175      0.248      0.000
  1182         22  gamma               91   928     0     0     0     0     0      0.106     -0.011     -0.052      0.119      0.000
  1183         22  gamma               91   929     0     0     0     0     0      0.031      0.016     -0.050      0.061      0.000
  1184         22  gamma               91   929     0     0     0     0     0      0.015     -0.187     -0.205      0.278      0.000
  1185         22  gamma               91   930     0     0     0     0     0      0.054     -0.010     -0.215      0.221      0.000
  1186         22  gamma               91   930     0     0     0     0     0      0.282     -0.103     -0.390      0.492      0.000
  1187         22  gamma               91   931     0     0     0     0     0     -0.082      0.098      0.159      0.204      0.000
  1188         22  gamma               91   931     0     0     0     0     0     -0.069     -0.040      0.152      0.172      0.000
  1189         22  gamma               91   932     0     0     0     0     0     -0.073      0.007      0.701      0.705      0.000
  1190         22  gamma               91   932     0     0     0     0     0     -0.023     -0.089      0.327      0.340      0.000
  1191         22  gamma               91   933     0     0     0     0     0      0.036      0.037      0.151      0.160      0.000
  1192         22  gamma               91   933     0     0     0     0     0     -0.062     -0.060      0.327      0.338      0.000
  1193         22  gamma               91   936     0     0     0     0     0     -0.092     -0.022      3.034      3.035      0.000
  1194         22  gamma               91   936     0     0     0     0     0     -0.021     -0.024      0.134      0.138      0.000
  1195         22  gamma               91   939     0     0     0     0     0      0.101      0.038      1.430      1.434      0.000
  1196         22  gamma               91   939     0     0     0     0     0      0.081     -0.014      3.817      3.818      0.000
  1197        111  (pi0)              -91   946     0  1263  1264     0     0      0.112     -0.140      1.852      1.866      0.135
  1198        111  (pi0)              -91   946     0  1265  1266     0     0      0.079      0.055      0.830      0.847      0.135
  1199        111  (pi0)              -91   946     0  1267  1268     0     0      0.025     -0.028      2.647      2.651      0.135
  1200         22  gamma               91   961     0     0     0     0     0      0.020      0.032     -0.783      0.784      0.000
  1201         22  gamma               91   961     0     0     0     0     0      0.257     -0.100     -3.936      3.946      0.000
  1202        211  pi+                 91   967     0     0     0     0     0      0.555     -0.626    -14.982     15.006      0.140
  1203       -211  pi-                 91   967     0     0     0     0     0      0.897     -2.221    -28.646     28.746      0.140
  1204         22  gamma               91   980     0     0     0     0     0      0.083      0.145     -0.001      0.167      0.000
  1205         22  gamma               91   980     0     0     0     0     0      1.914      2.361     -0.325      3.057      0.000
  1206        310  K_S0                91   983   983     0     0     0     0     -2.139      0.929      0.152      2.390      0.498
  1207         22  gamma               91   985     0     0     0     0     0     -1.146      0.269      0.367      1.233      0.000
  1208         22  gamma               91   985     0     0     0     0     0     -1.316      0.281      0.571      1.461      0.000
  1209         22  gamma               91   986     0     0     0     0     0     -1.241      0.029      0.403      1.305      0.000
  1210         22  gamma               91   986     0     0     0     0     0     -0.409      0.085      0.113      0.432      0.000
  1211         22  gamma               91   991     0     0     0     0     0      0.055      0.016    -11.941     11.941      0.000
  1212         22  gamma               91   991     0     0     0     0     0      0.112      0.247    -28.675     28.676      0.000
  1213         22  gamma               91   998     0     0     0     0     0     -0.149     -0.225     -0.224      0.351      0.000
  1214         22  gamma               91   998     0     0     0     0     0     -0.021     -0.069      0.010      0.073      0.000
  1215         22  gamma               91  1005     0     0     0     0     0     -0.011     -0.032     -0.052      0.062      0.000
  1216         22  gamma               91  1005     0     0     0     0     0     -0.145      0.101     -0.564      0.591      0.000
  1217         22  gamma               91  1014     0     0     0     0     0      0.039      0.179    -34.198     34.199      0.000
  1218         22  gamma               91  1014     0     0     0     0     0      0.027      0.145    -12.317     12.318      0.000
  1219         22  gamma               91  1017     0     0     0     0     0     -0.013      0.363     -3.438      3.457      0.000
  1220         22  gamma               91  1017     0     0     0     0     0     -0.035      0.108     -1.952      1.956      0.000
  1221         22  gamma               91  1018     0     0     0     0     0      0.038      0.062     -0.350      0.357      0.000
  1222         22  gamma               91  1018     0     0     0     0     0     -0.012     -0.043     -0.734      0.735      0.000
  1223         22  gamma               91  1019     0     0     0     0     0      0.020      0.108     -0.524      0.535      0.000
  1224         22  gamma               91  1019     0     0     0     0     0     -0.032      0.053     -1.172      1.173      0.000
  1225         22  gamma               91  1032     0     0     0     0     0     -0.066     -0.044     11.090     11.091      0.000
  1226         22  gamma               91  1032     0     0     0     0     0     -0.299     -0.220    112.351    112.352      0.000
  1227         22  gamma               91  1035     0     0     0     0     0     -0.113      0.050      2.927      2.930      0.000
  1228         22  gamma               91  1035     0     0     0     0     0     -0.075     -0.048      0.896      0.900      0.000
  1229         22  gamma               91  1042     0     0     0     0     0     -0.158      0.088      2.136      2.144      0.000
  1230         22  gamma               91  1042     0     0     0     0     0     -0.016     -0.016      0.055      0.060      0.000
  1231         22  gamma               91  1045     0     0     0     0     0     -0.030     -0.006     -0.060      0.067      0.000
  1232         22  gamma               91  1045     0     0     0     0     0     -0.020     -0.133     -1.383      1.390      0.000
  1233         22  gamma               91  1046     0     0     0     0     0      0.180      0.178    -96.156     96.157      0.000
  1234         22  gamma               91  1046     0     0     0     0     0      0.055      0.045    -10.274     10.274      0.000
  1235         22  gamma               91  1047     0     0     0     0     0     -0.006      0.017    -12.572     12.572      0.000
  1236         22  gamma               91  1047     0     0     0     0     0      0.244      0.053    -49.738     49.739      0.000
  1237         22  gamma               91  1048     0     0     0     0     0      0.268      0.167   -221.861    221.861      0.000
  1238         22  gamma               91  1048     0     0     0     0     0     -0.050      0.031     -2.662      2.663      0.000
  1239         22  gamma               91  1051     0     0     0     0     0     -0.016      0.024      0.027      0.040      0.000
  1240         22  gamma               91  1051     0     0     0     0     0     -0.144     -0.174      0.085      0.242      0.000
  1241         22  gamma               91  1054     0     0     0     0     0     -0.023     -0.019     -0.109      0.113      0.000
  1242         22  gamma               91  1054     0     0     0     0     0      0.039     -0.066      0.007      0.077      0.000
  1243         22  gamma               91  1059     0     0     0     0     0      0.051     -0.152      7.503      7.505      0.000
  1244         22  gamma               91  1059     0     0     0     0     0      0.162     -0.074      7.832      7.834      0.000
  1245         22  gamma               91  1066     0     0     0     0     0     -0.192     -0.157     16.942     16.943      0.000
  1246         22  gamma               91  1066     0     0     0     0     0     -0.042     -0.005      0.933      0.934      0.000
  1247         22  gamma               91  1067     0     0     0     0     0      0.102     -0.108      1.298      1.306      0.000
  1248         22  gamma               91  1067     0     0     0     0     0      0.064     -0.184      3.317      3.322      0.000
  1249         22  gamma               91  1068     0     0     0     0     0      0.020     -0.051      0.441      0.444      0.000
  1250         22  gamma               91  1068     0     0     0     0     0      0.095     -0.029      3.502      3.504      0.000
  1251         22  gamma               91  1069     0     0     0     0     0      0.033      0.018      0.959      0.960      0.000
  1252         22  gamma               91  1069     0     0     0     0     0      0.383     -0.195      6.600      6.614      0.000
  1253         22  gamma               91  1072     0     0     0     0     0     -0.130      0.055     -0.214      0.257      0.000
  1254         22  gamma               91  1072     0     0     0     0     0     -0.178     -0.055     -0.150      0.239      0.000
  1255         22  gamma               91  1077     0     0     0     0     0      0.207     -0.026     12.031     12.033      0.000
  1256         22  gamma               91  1077     0     0     0     0     0     -0.005     -0.016      4.494      4.494      0.000
  1257         22  gamma               91  1084     0     0     0     0     0      0.153     -0.038      0.322      0.359      0.000
  1258         22  gamma               91  1084     0     0     0     0     0      0.061     -0.050      0.031      0.085      0.000
  1259         22  gamma               91  1089     0     0     0     0     0      0.060      0.024     -0.275      0.283      0.000
  1260         22  gamma               91  1089     0     0     0     0     0     -0.023      0.011     -1.064      1.064      0.000
  1261         22  gamma               91  1174     0     0     0     0     0      0.112      0.307     -0.446      0.553      0.000
  1262         22  gamma               91  1174     0     0     0     0     0      2.261      4.953     -6.873      8.769      0.000
  1263         22  gamma               91  1197     0     0     0     0     0     -0.008      0.018      0.341      0.342      0.000
  1264         22  gamma               91  1197     0     0     0     0     0      0.120     -0.158      1.511      1.524      0.000
  1265         22  gamma               91  1198     0     0     0     0     0      0.111      0.068      0.688      0.700      0.000
  1266         22  gamma               91  1198     0     0     0     0     0     -0.032     -0.013      0.143      0.147      0.000
  1267         22  gamma               91  1199     0     0     0     0     0      0.014      0.049      0.581      0.584      0.000
  1268         22  gamma               91  1199     0     0     0     0     0      0.011     -0.077      2.066      2.067      0.000
                                   Charge sum:  2.000           Momentum sum:      0.000      0.000      0.000  13600.000  13600.000

 --------  End PYTHIA Event Listing  -----------------------------------------------------------------------------------------------
 PYTHIA Warning in SimpleSpaceShower::pT2nextQCD: weight above unity
 PYTHIA Warning in SimpleSpaceShower::pT2nextQCD: small daughter PDF
 PYTHIA Warning in MultipartonInteractions::pTnext: weight above unity
 PYTHIA Error in BeamRemnants::setKinematics: kinematics construction failed after retrying 10 times
1% | Elapsed: 0h 0m 19s | Remaining: 0h 31m 21s

 Pythia::next(): 1000 events have been generated 

 Pythia::next(): 2000 events have been generated 
2% | Elapsed: 0h 1m 12s | Remaining: 0h 58m 48s

 Pythia::next(): 3000 events have been generated 
3% | Elapsed: 0h 1m 58s | Remaining: 1h 3m 35s

 Pythia::next(): 4000 events have been generated 
 PYTHIA Error in SimpleSpaceShower::pT2nearThreshold: stuck in loop
4% | Elapsed: 0h 2m 32s | Remaining: 1h 0m 48s

 Pythia::next(): 5000 events have been generated 

 Pythia::next(): 6000 events have been generated 
5% | Elapsed: 0h 3m 31s | Remaining: 1h 6m 49s

 Pythia::next(): 7000 events have been generated 

 Pythia::next(): 8000 events have been generated 
6% | Elapsed: 0h 4m 10s | Remaining: 1h 5m 16s

 Pythia::next(): 9000 events have been generated 

 Pythia::next(): 10000 events have been generated 
7% | Elapsed: 0h 5m 5s | Remaining: 1h 7m 32s

 Pythia::next(): 11000 events have been generated 

 Pythia::next(): 12000 events have been generated 
8% | Elapsed: 0h 6m 7s | Remaining: 1h 10m 20s

 Pythia::next(): 13000 events have been generated 

 Pythia::next(): 14000 events have been generated 

 Pythia::next(): 15000 events have been generated 
9% | Elapsed: 0h 7m 3s | Remaining: 1h 11m 17s

 Pythia::next(): 16000 events have been generated 
10% | Elapsed: 0h 7m 39s | Remaining: 1h 8m 51s
 PYTHIA Error in SimpleSpaceShower::pT2nearThreshold: xPDF = 0

 Pythia::next(): 17000 events have been generated 
11% | Elapsed: 0h 8m 26s | Remaining: 1h 8m 14s

 Pythia::next(): 18000 events have been generated 
 PYTHIA Error in StringFragmentation::fragment: stuck in joining
 PYTHIA Error in Pythia::next: hadronLevel failed; try again
12% | Elapsed: 0h 8m 59s | Remaining: 1h 5m 52s

 Pythia::next(): 19000 events have been generated 

 Pythia::next(): 20000 events have been generated 
13% | Elapsed: 0h 9m 35s | Remaining: 1h 4m 8s
 PYTHIA Warning in HadronWidths::pickMasses: angular momentum and running widths not used

 Pythia::next(): 21000 events have been generated 
 PYTHIA Warning in Pythia::check: energy-momentum not quite conserved
14% | Elapsed: 0h 10m 27s | Remaining: 1h 4m 11s

 Pythia::next(): 22000 events have been generated 

 Pythia::next(): 23000 events have been generated 
15% | Elapsed: 0h 11m 16s | Remaining: 1h 3m 50s

 Pythia::next(): 24000 events have been generated 
16% | Elapsed: 0h 11m 36s | Remaining: 1h 0m 54s

 Pythia::next(): 25000 events have been generated 
17% | Elapsed: 0h 12m 5s | Remaining: 0h 58m 59s

 Pythia::next(): 26000 events have been generated 
18% | Elapsed: 0h 12m 34s | Remaining: 0h 57m 14s

 Pythia::next(): 27000 events have been generated 
19% | Elapsed: 0h 13m 13s | Remaining: 0h 56m 20s

 Pythia::next(): 28000 events have been generated 

 Pythia::next(): 29000 events have been generated 
20% | Elapsed: 0h 14m 6s | Remaining: 0h 56m 24s

 Pythia::next(): 30000 events have been generated 
21% | Elapsed: 0h 14m 40s | Remaining: 0h 55m 10s

 Pythia::next(): 31000 events have been generated 

 Pythia::next(): 32000 events have been generated 
22% | Elapsed: 0h 15m 30s | Remaining: 0h 54m 57s

 Pythia::next(): 33000 events have been generated 

 Pythia::next(): 34000 events have been generated 
23% | Elapsed: 0h 15m 56s | Remaining: 0h 53m 20s

 Pythia::next(): 35000 events have been generated 
24% | Elapsed: 0h 16m 31s | Remaining: 0h 52m 18s

 Pythia::next(): 36000 events have been generated 

 Pythia::next(): 37000 events have been generated 
25% | Elapsed: 0h 17m 1s | Remaining: 0h 51m 3s

 Pythia::next(): 38000 events have been generated 
26% | Elapsed: 0h 17m 48s | Remaining: 0h 50m 39s

 Pythia::next(): 39000 events have been generated 
27% | Elapsed: 0h 18m 32s | Remaining: 0h 50m 6s

 Pythia::next(): 40000 events have been generated 

 Pythia::next(): 41000 events have been generated 

 Pythia::next(): 42000 events have been generated 
28% | Elapsed: 0h 19m 14s | Remaining: 0h 49m 27s

 Pythia::next(): 43000 events have been generated 
29% | Elapsed: 0h 19m 41s | Remaining: 0h 48m 11s

 Pythia::next(): 44000 events have been generated 

 Pythia::next(): 45000 events have been generated 
30% | Elapsed: 0h 20m 36s | Remaining: 0h 48m 4s

 Pythia::next(): 46000 events have been generated 
31% | Elapsed: 0h 21m 0s | Remaining: 0h 46m 44s

 Pythia::next(): 47000 events have been generated 

 Pythia::next(): 48000 events have been generated 
32% | Elapsed: 0h 21m 32s | Remaining: 0h 45m 45s
33% | Elapsed: 0h 21m 53s | Remaining: 0h 44m 25s

 Pythia::next(): 49000 events have been generated 
34% | Elapsed: 0h 22m 25s | Remaining: 0h 43m 30s

 Pythia::next(): 50000 events have been generated 

 Pythia::next(): 51000 events have been generated 
35% | Elapsed: 0h 23m 21s | Remaining: 0h 43m 21s

 Pythia::next(): 52000 events have been generated 

 Pythia::next(): 53000 events have been generated 
36% | Elapsed: 0h 23m 58s | Remaining: 0h 42m 36s

 Pythia::next(): 54000 events have been generated 

 Pythia::next(): 55000 events have been generated 
37% | Elapsed: 0h 24m 50s | Remaining: 0h 42m 17s

 Pythia::next(): 56000 events have been generated 
38% | Elapsed: 0h 25m 17s | Remaining: 0h 41m 15s

 Pythia::next(): 57000 events have been generated 

 Pythia::next(): 58000 events have been generated 
39% | Elapsed: 0h 26m 11s | Remaining: 0h 40m 57s

 Pythia::next(): 59000 events have been generated 
40% | Elapsed: 0h 26m 42s | Remaining: 0h 40m 3s

 Pythia::next(): 60000 events have been generated 
41% | Elapsed: 0h 27m 7s | Remaining: 0h 39m 1s

 Pythia::next(): 61000 events have been generated 

 Pythia::next(): 62000 events have been generated 
42% | Elapsed: 0h 27m 57s | Remaining: 0h 38m 35s

 Pythia::next(): 63000 events have been generated 

 Pythia::next(): 64000 events have been generated 
43% | Elapsed: 0h 28m 34s | Remaining: 0h 37m 52s

 Pythia::next(): 65000 events have been generated 
44% | Elapsed: 0h 29m 14s | Remaining: 0h 37m 12s

 Pythia::next(): 66000 events have been generated 
45% | Elapsed: 0h 30m 9s | Remaining: 0h 36m 51s

 Pythia::next(): 67000 events have been generated 

 Pythia::next(): 68000 events have been generated 
46% | Elapsed: 0h 30m 54s | Remaining: 0h 36m 16s

 Pythia::next(): 69000 events have been generated 
47% | Elapsed: 0h 31m 15s | Remaining: 0h 35m 14s

 Pythia::next(): 70000 events have been generated 

 Pythia::next(): 71000 events have been generated 
48% | Elapsed: 0h 31m 51s | Remaining: 0h 34m 30s

 Pythia::next(): 72000 events have been generated 
49% | Elapsed: 0h 32m 33s | Remaining: 0h 33m 52s

 Pythia::next(): 73000 events have been generated 
50% | Elapsed: 0h 33m 7s | Remaining: 0h 33m 7s

 Pythia::next(): 74000 events have been generated 

 Pythia::next(): 75000 events have been generated 
51% | Elapsed: 0h 33m 46s | Remaining: 0h 32m 26s

 Pythia::next(): 76000 events have been generated 

 Pythia::next(): 77000 events have been generated 
52% | Elapsed: 0h 34m 51s | Remaining: 0h 32m 10s

 Pythia::next(): 78000 events have been generated 
53% | Elapsed: 0h 35m 26s | Remaining: 0h 31m 17s

 Pythia::next(): 79000 events have been generated 
54% | Elapsed: 0h 36m 4s | Remaining: 0h 30m 43s

 Pythia::next(): 80000 events have been generated 
55% | Elapsed: 0h 36m 24s | Remaining: 0h 29m 46s

 Pythia::next(): 81000 events have been generated 
56% | Elapsed: 0h 36m 57s | Remaining: 0h 29m 1s

 Pythia::next(): 82000 events have been generated 
57% | Elapsed: 0h 37m 22s | Remaining: 0h 28m 11s

 Pythia::next(): 83000 events have been generated 
58% | Elapsed: 0h 37m 42s | Remaining: 0h 27m 18s

 Pythia::next(): 84000 events have been generated 

 Pythia::next(): 85000 events have been generated 
59% | Elapsed: 0h 38m 10s | Remaining: 0h 26m 24s

 Pythia::next(): 86000 events have been generated 
60% | Elapsed: 0h 38m 28s | Remaining: 0h 25m 38s

 Pythia::next(): 87000 events have been generated 
61% | Elapsed: 0h 39m 6s | Remaining: 0h 24m 59s

 Pythia::next(): 88000 events have been generated 

 Pythia::next(): 89000 events have been generated 
62% | Elapsed: 0h 40m 26s | Remaining: 0h 24m 46s

 Pythia::next(): 90000 events have been generated 
63% | Elapsed: 0h 40m 59s | Remaining: 0h 24m 4s

 Pythia::next(): 91000 events have been generated 
64% | Elapsed: 0h 41m 26s | Remaining: 0h 23m 18s

 Pythia::next(): 92000 events have been generated 
65% | Elapsed: 0h 42m 19s | Remaining: 0h 22m 47s

 Pythia::next(): 93000 events have been generated 
66% | Elapsed: 0h 42m 43s | Remaining: 0h 22m 0s

 Pythia::next(): 94000 events have been generated 

 Pythia::next(): 95000 events have been generated 

 Pythia::next(): 96000 events have been generated 
67% | Elapsed: 0h 43m 51s | Remaining: 0h 21m 35s

 Pythia::next(): 97000 events have been generated 
68% | Elapsed: 0h 44m 27s | Remaining: 0h 20m 55s

 Pythia::next(): 98000 events have been generated 

 Pythia::next(): 99000 events have been generated 
69% | Elapsed: 0h 45m 17s | Remaining: 0h 20m 20s

 Pythia::next(): 100000 events have been generated 
70% | Elapsed: 0h 46m 3s | Remaining: 0h 19m 44s

 Pythia::next(): 101000 events have been generated 

 Pythia::next(): 102000 events have been generated 
71% | Elapsed: 0h 46m 53s | Remaining: 0h 19m 8s

 Pythia::next(): 103000 events have been generated 

 Pythia::next(): 104000 events have been generated 
72% | Elapsed: 0h 47m 32s | Remaining: 0h 18m 29s

 Pythia::next(): 105000 events have been generated 

 Pythia::next(): 106000 events have been generated 
73% | Elapsed: 0h 48m 32s | Remaining: 0h 17m 57s

 Pythia::next(): 107000 events have been generated 
74% | Elapsed: 0h 49m 8s | Remaining: 0h 17m 15s

 Pythia::next(): 108000 events have been generated 
75% | Elapsed: 0h 49m 43s | Remaining: 0h 16m 34s

 Pythia::next(): 109000 events have been generated 

 Pythia::next(): 110000 events have been generated 
76% | Elapsed: 0h 50m 14s | Remaining: 0h 15m 51s

 Pythia::next(): 111000 events have been generated 
77% | Elapsed: 0h 50m 42s | Remaining: 0h 15m 8s

 Pythia::next(): 112000 events have been generated 
78% | Elapsed: 0h 50m 58s | Remaining: 0h 14m 22s

 Pythia::next(): 113000 events have been generated 

 Pythia::next(): 114000 events have been generated 
79% | Elapsed: 0h 52m 1s | Remaining: 0h 13m 49s

 Pythia::next(): 115000 events have been generated 
80% | Elapsed: 0h 52m 32s | Remaining: 0h 13m 8s

 Pythia::next(): 116000 events have been generated 

 Pythia::next(): 117000 events have been generated 
81% | Elapsed: 0h 53m 16s | Remaining: 0h 12m 29s

 Pythia::next(): 118000 events have been generated 
82% | Elapsed: 0h 53m 35s | Remaining: 0h 11m 45s

 Pythia::next(): 119000 events have been generated 

 Pythia::next(): 120000 events have been generated 
83% | Elapsed: 0h 54m 14s | Remaining: 0h 11m 6s

 Pythia::next(): 121000 events have been generated 
84% | Elapsed: 0h 54m 41s | Remaining: 0h 10m 24s

 Pythia::next(): 122000 events have been generated 

 Pythia::next(): 123000 events have been generated 
85% | Elapsed: 0h 55m 34s | Remaining: 0h 9m 48s

 Pythia::next(): 124000 events have been generated 
86% | Elapsed: 0h 56m 23s | Remaining: 0h 9m 10s

 Pythia::next(): 125000 events have been generated 
87% | Elapsed: 0h 56m 53s | Remaining: 0h 8m 29s

 Pythia::next(): 126000 events have been generated 

 Pythia::next(): 127000 events have been generated 
88% | Elapsed: 0h 57m 50s | Remaining: 0h 7m 53s

 Pythia::next(): 128000 events have been generated 
89% | Elapsed: 0h 58m 36s | Remaining: 0h 7m 14s

 Pythia::next(): 129000 events have been generated 

 Pythia::next(): 130000 events have been generated 
90% | Elapsed: 0h 59m 25s | Remaining: 0h 6m 36s

 Pythia::next(): 131000 events have been generated 

 Pythia::next(): 132000 events have been generated 
91% | Elapsed: 1h 0m 46s | Remaining: 0h 6m 0s

 Pythia::next(): 133000 events have been generated 

 Pythia::next(): 134000 events have been generated 
92% | Elapsed: 1h 1m 41s | Remaining: 0h 5m 21s

 Pythia::next(): 135000 events have been generated 
93% | Elapsed: 1h 2m 20s | Remaining: 0h 4m 41s

 Pythia::next(): 136000 events have been generated 

 Pythia::next(): 137000 events have been generated 
94% | Elapsed: 1h 3m 27s | Remaining: 0h 4m 3s

 Pythia::next(): 138000 events have been generated 

 Pythia::next(): 139000 events have been generated 
 PYTHIA Warning in TauDecays::decay: maximum decay weight exceeded in tau decay

 Pythia::next(): 140000 events have been generated 
95% | Elapsed: 1h 4m 43s | Remaining: 0h 3m 24s

 Pythia::next(): 141000 events have been generated 
96% | Elapsed: 1h 5m 22s | Remaining: 0h 2m 43s

 Pythia::next(): 142000 events have been generated 

 Pythia::next(): 143000 events have been generated 
97% | Elapsed: 1h 6m 16s | Remaining: 0h 2m 2s

 Pythia::next(): 144000 events have been generated 
98% | Elapsed: 1h 6m 47s | Remaining: 0h 1m 21s

 Pythia::next(): 145000 events have been generated 
99% | Elapsed: 1h 7m 24s | Remaining: 0h 0m 40s

 Pythia::next(): 146000 events have been generated 

 Pythia::next(): 147000 events have been generated 
100% | Elapsed: 1h 8m 10s | Remaining: 0h 0m 0s
Events saved to /eos/cms/store/group/phys_smp/ec/shuangyu/Jpsi/HardQCD_Pt15to7000_Oniaoff_CR0_PYTHIA8311/pythia8_jpsi_events_0.root

Thanks for using LHAPDF 6.4.0. Please make sure to cite the paper:
  Eur.Phys.J. C75 (2015) 3, 132  (http://arxiv.org/abs/1412.7420)
Job finished.
