Setting up CMSSW environment...
/pool/condor/dir_1802681
Compiling pythia.cpp ...

 *------------------------------------------------------------------------------------* 
 |                                                                                    | 
 |  *------------------------------------------------------------------------------*  | 
 |  |                                                                              |  | 
 |  |                                                                              |  | 
 |  |   PPP   Y   Y  TTTTT  H   H  III    A      Welcome to the Lund Monte Carlo!  |  | 
 |  |   P  P   Y Y     T    H   H   I    A A     This is PYTHIA version 8.311      |  | 
 |  |   PPP     Y      T    HHHHH   I   AAAAA    Last date of change:  8 Mar 2024  |  | 
 |  |   P       Y      T    H   H   I   A   A                                      |  | 
 |  |   P       Y      T    H   H  III  A   A    Now is 29 Jul 2026 at 11:28:19    |  | 
 |  |                                                                              |  | 
 |  |   Program documentation and an archive of historic versions is found on:     |  | 
 |  |                                                                              |  | 
 |  |                               https://pythia.org/                            |  | 
 |  |                                                                              |  | 
 |  |   PYTHIA is authored by a collaboration consisting of:                       |  | 
 |  |                                                                              |  | 
 |  |   Javira Altmann, Christian Bierlich, Naomi Cooke, Nishita Desai,            |  | 
 |  |   Leif Gellersen, Ilkka Helenius, Philip Ilten, Leif Lonnblad,               |  | 
 |  |   Stephen Mrenna, Christian Preuss, Torbjorn Sjostrand, Peter Skands,        |  | 
 |  |   Marius Utheim, and Rob Verheyen.                                           |  | 
 |  |                                                                              |  | 
 |  |   The complete list of authors, including contact information and            |  | 
 |  |   affiliations, can be found on https://pythia.org/.                         |  | 
 |  |   Problems or bugs should be reported on email at authors@pythia.org.        |  | 
 |  |                                                                              |  | 
 |  |   The main program reference is C. Bierlich et al,                           |  | 
 |  |   'A comprehensive guide to the physics and usage of Pythia 8.3',            |  | 
 |  |   SciPost Phys. Codebases 8-r8.3 (2022) [arXiv:2203.11601 [hep-ph]]          |  | 
 |  |                                                                              |  | 
 |  |   PYTHIA is released under the GNU General Public Licence version 2 or later.|  | 
 |  |   Please respect the MCnet Guidelines for Event Generator Authors and Users. |  | 
 |  |                                                                              |  | 
 |  |   Disclaimer: this program comes without any guarantees.                     |  | 
 |  |   Beware of errors and use common sense when interpreting results.           |  | 
 |  |                                                                              |  | 
 |  |   Copyright (C) 2024 Torbjorn Sjostrand                                      |  | 
 |  |                                                                              |  | 
 |  |                                                                              |  | 
 |  *------------------------------------------------------------------------------*  | 
 |                                                                                    | 
 *------------------------------------------------------------------------------------* 

LHAPDF 6.4.0 loading /cvmfs/cms.cern.ch/el9_amd64_gcc12/external/lhapdf/6.4.0-4aa384870ea6380250957dc033c78953/share/LHAPDF/NNPDF31_nnlo_as_0118/NNPDF31_nnlo_as_0118_0000.dat
NNPDF31_nnlo_as_0118 PDF set, member #0, version 1; LHAPDF ID = 303600
LHAPDF 6.4.0 loading /cvmfs/cms.cern.ch/el9_amd64_gcc12/external/lhapdf/6.4.0-4aa384870ea6380250957dc033c78953/share/LHAPDF/NNPDF31_nnlo_as_0118/NNPDF31_nnlo_as_0118_0000.dat
NNPDF31_nnlo_as_0118 PDF set, member #0, version 1; LHAPDF ID = 303600

 *-------  PYTHIA Process Initialization  --------------------------*
 |                                                                  |
 | We collide p+ with p+ at a CM energy of 1.360e+04 GeV            |
 |                                                                  |
 |------------------------------------------------------------------|
 |                                                    |             |
 | Subprocess                                    Code |   Estimated |
 |                                                    |    max (mb) |
 |                                                    |             |
 |------------------------------------------------------------------|
 |                                                    |             |
 | g g -> g g                                     111 |   5.088e+02 |
 | g g -> q qbar (uds)                            112 |   2.035e+01 |
 | q g -> q g                                     113 |   1.648e+03 |
 | q q(bar)' -> q q(bar)'                         114 |   5.639e+02 |
 | q qbar -> g g                                  115 |   4.263e+00 |
 | q qbar -> q' qbar' (uds)                       116 |   4.231e+00 |
 | g g -> c cbar                                  121 |   6.778e+00 |
 | q qbar -> c cbar                               122 |   1.409e+00 |
 | g g -> b bbar                                  123 |   6.713e+00 |
 | q qbar -> b bbar                               124 |   1.396e+00 |
 |                                                                  |
 *-------  End PYTHIA Process Initialization -----------------------*
 PYTHIA Warning in SimpleTimeShower::init: pTmin too low , raised to 0.611

 *-------  PYTHIA Multiparton Interactions Initialization  ---------* 
 |                                                                  | 
 |                   sigmaNonDiffractive =    55.96 mb              | 
 |                                                                  | 
 |    pT0 =  1.44 gives sigmaInteraction =   498.16 mb: accepted    | 
 |                                                                  | 
 *-------  End PYTHIA Multiparton Interactions Initialization  -----* 

 *-------  PYTHIA Flag + Mode + Parm + Word + FVec + MVec + PVec + WVec Settings (changes only)  ------------------* 
 |                                                                                                                 | 
 | Name                                          |                      Now |      Default         Min         Max | 
 |                                               |                          |                                      | 
 | Beams:eCM                                     |                13600.000 |    14000.000         0.0             | 
 | Check:epTolErr                                |                0.0100000 |   1.0000e-04                         | 
 | ColourReconnection:range                      |                  5.17600 |      1.80000         0.0    10.00000 | 
 | HardQCD:all                                   |                       on |          off                         | 
 | Main:timesAllowErrors                         |                    10000 |           10           0             | 
 | MultipartonInteractions:alphaSorder           |                        2 |            1           0           3 | 
 | MultipartonInteractions:alphaSvalue           |                  0.11800 |      0.13000   0.0600000     0.25000 | 
 | MultipartonInteractions:bProfile              |                        2 |            3           0           4 | 
 | MultipartonInteractions:coreFraction          |                  0.63000 |      0.50000         0.0     1.00000 | 
 | MultipartonInteractions:coreRadius            |                  0.76340 |      0.40000     0.10000     1.00000 | 
 | MultipartonInteractions:ecmPow                |                0.0334400 |      0.21500         0.0     0.50000 | 
 | MultipartonInteractions:pT0Ref                |                  1.41000 |      2.28000     0.50000    10.00000 | 
 | ParticleDecays:limitTau0                      |                       on |          off                         | 
 | PDF:lepton                                    |                      off |           on                         | 
 | PDF:pSet                                      | LHAPDF6:NNPDF31_nnlo_as_0118 |           13                     | 
 | PhaseSpace:bias2Selection                     |                       on |          off                         | 
 | PhaseSpace:bias2SelectionPow                  |                  4.50000 |      4.00000         0.0    10.00000 | 
 | PhaseSpace:bias2SelectionRef                  |                 15.00000 |     10.00000     1.00000             | 
 | PhaseSpace:pTHatMax                           |                 7000.000 |     -1.00000                         | 
 | PhaseSpace:pTHatMin                           |                 15.00000 |          0.0         0.0             | 
 | Random:seed                                   |                318775403 |           -1               900000000 | 
 | Random:setSeed                                |                       on |          off                         | 
 | SigmaProcess:alphaSorder                      |                        2 |            1           0           3 | 
 | SigmaProcess:alphaSvalue                      |                  0.11800 |      0.13000   0.0600000     0.25000 | 
 | SigmaTotal:mode                               |                        0 |            1           0           4 | 
 | SigmaTotal:sigmaEl                            |                 22.08000 |     25.00000         0.0             | 
 | SigmaTotal:sigmaTot                           |                101.03700 |    100.00000         0.0             | 
 | SigmaTotal:zeroAXB                            |                      off |           on                         | 
 | SLHA:minMassSM                                |                 1000.000 |    100.00000                         | 
 | SpaceShower:alphaSorder                       |                        2 |            1           0           3 | 
 | SpaceShower:alphaSvalue                       |                  0.11800 |      0.13650   0.0600000     0.25000 | 
 | TimeShower:alphaSorder                        |                        2 |            1           0           3 | 
 | TimeShower:alphaSvalue                        |                  0.11800 |      0.13650   0.0600000     0.25000 | 
 |                                                                                                                 | 
 *-------  End PYTHIA Flag + Mode + Parm + Word + FVec + MVec + PVec + WVec Settings  -----------------------------* 

 --------  PYTHIA Particle Data Table (changed only)  ------------------------------------------------------------------------------
 
      id   name            antiName         spn chg col      m0        mWidth      mMin       mMax       tau0    res dec ext vis wid
             no onMode   bRatio   meMode     products 

     443  J/psi                               3   0   0    3.09692    0.00009    3.09602    3.09782  0.00000e+00   0   1   0   1   0
              0     0   0.8023950   43       83      -83 
              1     0   0.0594000    0       11      -11 
              2     1   0.0593000    0       13      -13 
              3     0   0.0130000    0      441       22 
              4     0   0.0056000    0      113      111 
              5     0   0.0056500    0      213     -211 
              6     0   0.0056500    0     -213      211 
              7     0   0.0036000    0      115      113 
              8     0   0.0036000    0     -215      213 
              9     0   0.0036000    0      215     -213 
             10     0   0.0043000    0      225      223 
             11     0   0.0022000    0      313     -315 
             12     0   0.0022000    0      323     -325 
             13     0   0.0022000    0     -323      325 
             14     0   0.0025000    0      321     -323 
             15     0   0.0025000    0     -321      323 
             16     0   0.0021000    0      311     -313 
             17     0   0.0021000    0     -311      313 
             18     0   0.0019000    0    20323     -321 
             19     0   0.0019000    0   -20323      321 
             20     0   0.0015000    0    10213     -211 
             21     0   0.0015000    0   -10213      211 
             22     0   0.0023000    0    10113      111 
             23     0   0.0004800    0    10331      223 
             24     0   0.0007400    0      223      221 
             25     0   0.0003600    0    10331      333 
             26     0   0.0008000    0      333      335 
             27     0   0.0006800    0    20333      223 
             28     0   0.0007400    0      333      221 
             29     0   0.0004500    0      223      111 
             30     0   0.0004000    0      333      331 
             31     0   0.0003200    0      333  9010221 
             32     0   0.0002600    0      333    20223 
             33     0   0.0001930    0      113      221 
             34     0   0.0001820    0      223      331 
             35     0   0.0001400    0      223  9010221 
             36     0   0.0001050    0      113      331 
             37     0   0.0011000    0     2224    -2224 
             38     0   0.0005150    0     3112    -3112 
             39     0   0.0005900    0     3314    -3314 
             40     0   0.0003200    0     3324    -3324 
             41     0   0.0003200    0     3324    -3324 
             42     0   0.0001550    0     3114    -3114 
             43     0   0.0001550    0     3224    -3224 

 --------  End PYTHIA Particle Data Table  -----------------------------------------------------------------------------------------


 --------  PYTHIA Info Listing  ---------------------------------------- 
 
 Beam A: id =   2212, pz =  6.800e+03, e =  6.800e+03, m =  9.383e-01.
 Beam B: id =   2212, pz = -6.800e+03, e =  6.800e+03, m =  9.383e-01.

 In 1: id =   21, x =  2.142e-03, pdf =  1.464e+01 at Q2 =  2.802e+02.
 In 2: id =    4, x =  6.762e-02, pdf =  4.544e-02 at same Q2.

 Subprocess q g -> q g with code 113 is 2 -> 2.
 It has sHat =  2.680e+04,    tHat = -2.832e+02,    uHat = -2.651e+04,
       pTHat =  1.674e+01,   m3Hat =  0.000e+00,   m4Hat =  1.500e+00,
    thetaHat =  2.060e-01,  phiHat =  2.746e+00.
     alphaEM =  7.670e-03,  alphaS =  1.591e-01    at Q2 =  2.802e+02.

 Impact parameter b =  6.729e-01 gives enhancement factor =  1.712e+00.
 Max pT scale for MPI =  1.674e+01, ISR =  1.674e+01, FSR =  1.674e+01.
 Number of MPI =    12, ISR =    25, FSRproc =    66, FSRreson =     0.

 --------  End PYTHIA Info Listing  ------------------------------------

 --------  PYTHIA Event Listing  (hard process)  -----------------------------------------------------------------------------------
 
    no         id  name            status     mothers   daughters     colours      p_x        p_y        p_z         e          m 
     0         90  (system)           -11     0     0     0     0     0     0      0.000      0.000      0.000  13600.000  13600.000
     1       2212  (p+)               -12     0     0     3     0     0     0      0.000      0.000   6800.000   6800.000      0.938
     2       2212  (p+)               -12     0     0     4     0     0     0      0.000      0.000  -6800.000   6800.000      0.938
     3         21  (g)                -21     1     0     5     6   102   101      0.000      0.000     14.569     14.569      0.000
     4          4  (c)                -21     2     0     5     6   101     0      0.000      0.000   -459.812    459.812      0.000
     5         21  g                   23     3     4     0     0   102   103    -15.443      6.458      9.553     19.273      0.000
     6          4  c                   23     3     4     0     0   103     0     15.443     -6.458   -454.797    455.107      1.500
                                   Charge sum:  0.667           Momentum sum:      0.000      0.000   -445.244    474.381    163.692

 --------  End PYTHIA Event Listing  -----------------------------------------------------------------------------------------------

 --------  PYTHIA Event Listing  (complete event)  ---------------------------------------------------------------------------------
 
    no         id  name            status     mothers   daughters     colours      p_x        p_y        p_z         e          m 
     0         90  (system)           -11     0     0     0     0     0     0      0.000      0.000      0.000  13600.000  13600.000
     1       2212  (p+)               -12     0     0   435     0     0     0      0.000      0.000   6800.000   6800.000      0.938
     2       2212  (p+)               -12     0     0   436     0     0     0      0.000      0.000  -6800.000   6800.000      0.938
     3         21  (g)                -21     7     7     5     6   102   101      0.000      0.000     14.569     14.569      0.000
     4          4  (c)                -21     8     0     5     6   101     0      0.000      0.000   -459.812    459.812      0.000
     5         21  (g)                -23     3     4     9     9   102   103    -15.443      6.458      9.553     19.273      0.000
     6          4  (c)                -23     3     4    10    10   103     0     15.443     -6.458   -454.797    455.107      1.500
     7         21  (g)                -42    12     0     3     3   102   101      0.000     -0.000     14.569     14.569      0.000
     8         21  (g)                -41    13    13    11     4   101   104     -0.000      0.000   -861.989    861.989      0.000
     9         21  (g)                -44     5     5    14    14   102   103    -15.332      6.384      9.086     18.931      0.000
    10          4  (c)                -44     6     6    15    15   103     0     25.790    -13.363   -460.376    461.294      1.500
    11         -4  (cbar)             -43     8     0    16    16     0   104    -10.457      6.978   -396.130    396.332      1.500
    12         21  (g)                -41   107     0    17     7   105   101      0.000      0.000     28.334     28.334      0.000
    13         21  (g)                -42   108   108     8     8   101   104      0.000     -0.000   -861.989    861.989      0.000
    14         21  (g)                -44     9     9    68    69   102   103    -19.595     -0.951      7.207     20.900      0.000
    15          4  (c)                -44    10    10    70    70   103     0     25.650    -13.603   -458.523    459.444      1.500
    16         -4  (cbar)             -44    11    11   111   111     0   104    -10.488      6.926   -394.639    394.842      1.500
    17         21  (g)                -43    12     0    71    72   105   102      4.432      7.628     12.301     15.137      0.000
    18         21  (g)                -31    22     0    20    21   107   106      0.000      0.000     10.696     10.696      0.000
    19         21  (g)                -31    23    23    20    21   106   108      0.000      0.000    -11.426     11.426      0.000
    20         21  (g)                -33    18    19    24    24   109   108      3.640      4.380     -9.845     11.373      0.000
    21         21  (g)                -33    18    19    25    25   107   109     -3.640     -4.380      9.116     10.748      0.000
    22         21  (g)                -41    92     0    26    18   110   106     -0.000     -0.000     35.851     35.851      0.000
    23         21  (g)                -42    93    93    19    19   106   108      0.000      0.000    -11.426     11.426      0.000
    24         21  (g)                -44    20    20    94    94   109   108      3.953      4.583    -10.244     11.898      0.000
    25         21  (g)                -44    21    21    95    95   107   109      0.417     -1.741     10.673     10.822      0.000
    26         21  (g)                -43    22     0    96    96   110   107     -4.370     -2.842     23.997     24.556      0.000
    27         21  (g)                -31    31    31    29    30   112   111      0.000      0.000     13.158     13.158      0.000
    28         21  (g)                -31    32     0    29    30   114   113      0.000      0.000     -3.430      3.430      0.000
    29         21  (g)                -33    27    28    33    33   114   111      3.403     -2.937     -1.301      4.679      0.000
    30         21  (g)                -33    27    28    34    34   112   113     -3.403      2.937     11.029     11.910      0.000
    31         21  (g)                -42    77     0    27    27   112   111     -0.000      0.000     13.158     13.158      0.000
    32         21  (g)                -41    78    78    35    28   114   115      0.000     -0.000    -49.969     49.969      0.000
    33         21  (g)                -44    29    29    79    79   114   111      6.866     -3.739      1.360      7.935      0.000
    34         21  (g)                -44    30    30    80    80   112   113     -2.893      2.818      7.937      8.905      0.000
    35         21  (g)                -43    32     0    81    81   113   115     -3.973      0.920    -46.107     46.287      0.000
    36         21  (g)                -31   396   396    38    39   117   118      0.000      0.000      0.095      0.095      0.000
    37          2  (u)                -31   357   357    38    39   116     0      0.000      0.000   -292.760    292.760      0.000
    38         21  (g)                -33    36    37   355   356   116   118      2.602     -3.006    -50.426     50.582      0.000
    39          2  (u)                -33    36    37   394   395   117     0     -2.602      3.006   -242.239    242.272      0.330
    40         21  (g)                -31    48     0    42    43   119   120      0.000      0.000      4.698      4.698      0.000
    41         21  (g)                -31    49    49    42    43   121   119      0.000      0.000    -18.407     18.407      0.000
    42         21  (g)                -33    40    41    50    50   121   122      2.705      2.534    -17.450     17.839      0.000
    43         21  (g)                -33    40    41    51    51   122   120     -2.705     -2.534      3.741      5.266      0.000
    44         21  (g)                -31   206     0    46    47   123   124      0.000      0.000      0.320      0.320      0.000
    45         21  (g)                -31   207   207    46    47   125   126      0.000      0.000   -421.831    421.831      0.000
    46         21  (g)                -33    44    45   208   208   123   126      1.996      2.939     -9.782     10.408      0.000
    47         21  (g)                -33    44    45   209   209   125   124     -1.996     -2.939   -411.728    411.744      0.000
    48         21  (g)                -41    62     0    52    40   119   127     -0.000      0.000     29.641     29.641      0.000
    49         21  (g)                -42    63    63    41    41   121   119      0.000     -0.000    -18.407     18.407      0.000
    50         21  (g)                -44    42    42    64    64   121   122      2.802      2.641    -18.070     18.476      0.000
    51         21  (g)                -44    43    43    65    65   122   120     -0.449     -0.054      4.684      4.705      0.000
    52         21  (g)                -43    48     0    66    66   120   127     -2.353     -2.587     24.621     24.868      0.000
    53         21  (g)                -31    57    57    55    56   129   128      0.000      0.000    114.999    114.999      0.000
    54          2  (u)                -31    58     0    55    56   128     0      0.000      0.000     -0.787      0.787      0.000
    55         21  (g)                -33    53    54    59    59   129   130     -2.750      1.877    111.304    111.354      0.000
    56          2  (u)                -33    53    54    60    60   130     0      2.750     -1.877      2.907      4.432      0.330
    57         21  (g)                -42   384   384    53    53   129   128     -0.000      0.000    114.999    114.999      0.000
    58          2  (u)                -41   527   527    61    54   131     0      0.000      0.000     -5.817      5.817      0.000
    59         21  (g)                -44    55    55   387   387   129   130     -2.771      1.973    112.670    112.721      0.000
    60          2  (u)                -44    56    56   385   386   130     0      2.101      1.086      1.027      2.600      0.330
    61         21  (g)                -43    58     0   382   383   131   128      0.670     -3.059     -4.515      5.495      0.000
    62         21  (g)                -41   128   128    67    48   132   127      0.000      0.000     73.645     73.645      0.000
    63         21  (g)                -42   129     0    49    49   121   119      0.000     -0.000    -18.407     18.407      0.000
    64         21  (g)                -44    50    50   130   130   121   122      2.814      2.623    -17.897     18.306      0.000
    65         21  (g)                -44    51    51   131   131   122   120     -0.181     -0.469      4.716      4.743      0.000
    66         21  (g)                -44    52    52   132   132   120   127     -0.941     -4.771     24.692     25.166      0.000
    67         21  (g)                -43    62     0   133   133   132   119     -1.692      2.616     43.726     43.837      0.000
    68         21  (g)                -51    14     0    73    73   102   133    -15.891      0.974      7.950     17.795      0.000
    69         21  (g)                -51    14     0    74    75   133   103     -3.611     -1.974     -2.399      4.763      0.000
    70          4  (c)                -52    15    15    76    76   103     0     25.557    -13.554   -456.867    457.785      1.500
    71         21  (g)                -51    17     0   112   112   105   134      4.138      4.612     11.842     13.365      0.000
    72         21  (g)                -51    17     0   114   114   134   102     -1.382      3.119      1.297      3.650      0.000
    73         21  (g)                -52    68    68   109   109   102   133    -14.215      0.871      7.111     15.918      0.000
    74         21  (g)                -51    69     0   113   113   133   135     -1.362      0.581      0.372      1.527      0.000
    75         21  (g)                -51    69     0   115   115   135   103     -1.777     -2.805    -11.198     11.679      0.000
    76          4  (c)                -52    70    70   110   110   103     0     25.086    -13.304   -448.441    449.342      1.500
    77         21  (g)                -41   259   259    82    31   136   111     -0.000      0.000    105.524    105.524      0.000
    78         21  (g)                -42   476   476    32    32   114   115     -0.000      0.000    -49.969     49.969      0.000
    79         21  (g)                -44    33    33   257   258   114   111      7.552     -4.381      0.574      8.750      0.000
    80         21  (g)                -44    34    34   274   274   112   113     -1.650      1.655      8.285      8.608      0.000
    81         21  (g)                -44    35    35   272   273   113   115     -3.960      0.908    -45.610     45.791      0.000
    82         21  (g)                -43    77     0   480   480   136   112     -1.942      1.818     92.306     92.344      0.000
    83         21  (g)                -31    87     0    85    86   137   138      0.000      0.000      0.929      0.929      0.000
    84         21  (g)                -31    88    88    85    86   138   139      0.000      0.000    -15.799     15.799      0.000
    85         21  (g)                -33    83    84    89    89   137   140     -2.066     -1.566     -1.278      2.890      0.000
    86         21  (g)                -33    83    84    90    90   140   139      2.066      1.566    -13.592     13.837      0.000
    87         21  (g)                -41    98    98    91    83   137   141      0.000      0.000    179.262    179.262      0.000
    88         21  (g)                -42    99     0    84    84   138   139     -0.000      0.000    -15.799     15.799      0.000
    89         21  (g)                -44    85    85   100   100   137   140     -1.110     -3.595     -3.041      4.837      0.000
    90         21  (g)                -44    86    86   101   101   140   139      2.212      1.257    -11.714     11.987      0.000
    91         21  (g)                -43    87     0   102   102   138   141     -1.102      2.338    178.217    178.236      0.000
    92         21  (g)                -41   152     0    97    22   142   106      0.000     -0.000    191.667    191.667      0.000
    93         21  (g)                -42   153   153    23    23   106   108      0.000     -0.000    -11.426     11.426      0.000
    94         21  (g)                -44    24    24   151   151   109   108      4.006      4.556    -10.238     11.901      0.000
    95         21  (g)                -44    25    25   149   150   107   109      1.105     -2.089     10.671     10.930      0.000
    96         21  (g)                -44    26    26   156   156   110   107     -2.817     -3.627     24.181     24.613      0.000
    97         21  (g)                -43    92     0   157   157   142   110     -2.293      1.160    155.627    155.649      0.000
    98         21  (g)                -42   138     0    87    87   137   141     -0.000      0.000    179.262    179.262      0.000
    99         21  (g)                -41   139   139   103    88   143   139      0.000     -0.000    -36.039     36.039      0.000
   100         21  (g)                -44    89    89   140   140   137   140     -0.898     -4.155     -2.797      5.088      0.000
   101         21  (g)                -44    90    90   141   141   140   139      2.848     -0.426    -11.687     12.036      0.000
   102         21  (g)                -44    91    91   104   105   138   141     -1.101      2.336    177.861    177.879      0.000
   103         21  (g)                -43    99     0   106   106   143   138     -0.848      2.245    -20.155     20.297      0.000
   104         21  (g)                -51   102     0   142   142   144   141     -2.056      0.148    162.165    162.179      0.000
   105         21  (g)                -51   102     0   144   144   138   144      0.951      2.198     15.607     15.790      0.000
   106         21  (g)                -52   103   103   143   143   143   138     -0.845      2.235    -20.066     20.208      0.000
   107         21  (g)                -41   117   117   116    12   145   101     -0.000      0.000     56.325     56.325      0.000
   108         21  (g)                -42   118     0    13    13   101   104      0.000     -0.000   -861.989    861.989      0.000
   109         21  (g)                -44    73    73   119   119   102   133    -14.498      1.739      6.887     16.145      0.000
   110          4  (c)                -44    76    76   120   120   103     0     25.075    -13.270   -447.585    448.486      1.500
   111         -4  (cbar)             -44    16    16   121   121     0   104    -10.490      6.933   -394.988    395.191      1.500
   112         21  (g)                -44    71    71   122   122   105   134      3.827      5.561     11.701     13.509      0.000
   113         21  (g)                -44    74    74   123   123   133   135     -1.386      0.652      0.332      1.567      0.000
   114         21  (g)                -44    72    72   124   124   134   102     -1.443      3.305      1.159      3.788      0.000
   115         21  (g)                -44    75    75   125   125   135   103     -1.783     -2.787    -11.113     11.595      0.000
   116         21  (g)                -43   107     0   126   126   145   105      0.698     -2.134     27.943     28.033      0.000
   117         21  (g)                -42   192   192   107   107   145   101     -0.000     -0.000     56.325     56.325      0.000
   118         21  (g)                -41   193     0   127   108   101   146      0.000      0.000  -1271.561   1271.561      0.000
   119         21  (g)                -44   109   109   137   137   102   133    -14.496      1.750      6.885     16.143      0.000
   120          4  (c)                -44   110   110   168   168   103     0     25.275    -12.126   -447.631    448.511      1.500
   121         -4  (cbar)             -44   111   111   196   196     0   104    -10.314      7.942   -395.013    395.230      1.500
   122         21  (g)                -44   112   112   197   197   105   134      3.828      5.564     11.708     13.516      0.000
   123         21  (g)                -44   113   113   198   198   133   135     -1.385      0.654      0.333      1.568      0.000
   124         21  (g)                -44   114   114   135   136   134   102     -1.442      3.309      1.163      3.792      0.000
   125         21  (g)                -44   115   115   166   167   135   103     -1.778     -2.758    -11.118     11.592      0.000
   126         21  (g)                -44   116   116   201   201   145   105      0.698     -2.134     27.938     28.028      0.000
   127         21  (g)                -43   118     0   202   202   104   146     -0.386     -2.201   -409.500    409.506      0.000
   128         21  (g)                -42   178     0    62    62   132   127      0.000     -0.000     73.645     73.645      0.000
   129         21  (g)                -41   179   179   134    63   121   147     -0.000      0.000    -19.625     19.625      0.000
   130         21  (g)                -44    64    64   163   164   121   122      2.321      4.485    -18.019     18.713      0.000
   131         21  (g)                -44    65    65   165   165   122   120     -0.181     -0.467      4.627      4.654      0.000
   132         21  (g)                -44    66    66   182   182   120   127     -0.947     -4.746     24.100     24.581      0.000
   133         21  (g)                -44    67    67   146   147   132   119     -1.693      2.622     43.249     43.361      0.000
   134         21  (g)                -43   129     0   148   148   119   147      0.501     -1.894      0.062      1.960      0.000
   135         21  (g)                -51   124     0   199   199   134   148     -0.405      1.908      2.098      2.864      0.000
   136         21  (g)                -51   124     0   203   203   148   102     -6.671      2.081      1.740      7.201      0.000
   137         21  (g)                -52   119   119   194   194   102   133     -8.863      1.070      4.209      9.870      0.000
   138         21  (g)                -41   533   533   145    98   137   149      0.000     -0.000    629.394    629.394      0.000
   139         21  (g)                -42   534   534    99    99   143   139      0.000      0.000    -36.039     36.039      0.000
   140         21  (g)                -44   100   100   535   535   137   140     -0.908     -4.163     -2.815      5.106      0.000
   141         21  (g)                -44   101   101   536   536   140   139      2.847     -0.428    -11.674     12.023      0.000
   142         21  (g)                -44   104   104   172   173   144   141     -3.399     -1.022    162.187    162.225      0.000
   143         21  (g)                -44   106   106   275   276   143   138     -0.845      2.234    -20.058     20.199      0.000
   144         21  (g)                -44   105   105   174   174   138   144      0.821      2.084     15.622     15.782      0.000
   145         21  (g)                -43   138     0   540   540   141   149      1.484      1.294    450.092    450.097      0.000
   146         21  (g)                -51   133     0   183   183   132   150     -1.627      1.571     42.466     42.526      0.000
   147         21  (g)                -51   133     0   185   185   150   119      0.005      0.783      0.792      1.113      0.000
   148         21  (g)                -52   134   134   184   184   119   147      0.430     -1.625      0.054      1.682      0.000
   149         21  (g)                -51    95     0   155   155   107   151      2.373     -0.575      7.492      7.880      0.000
   150         21  (g)                -51    95     0   158   158   151   109     -1.151     -1.381      2.882      3.397      0.000
   151         21  (g)                -52    94    94   154   154   109   108      3.889      4.424     -9.940     11.554      0.000
   152         21  (g)                -41   461   461   159    92   152   106     -0.000     -0.000    966.566    966.566      0.000
   153         21  (g)                -42   462   462    93    93   106   108      0.000      0.000    -11.426     11.426      0.000
   154         21  (g)                -44   151   151   463   463   109   108      3.886      4.417     -9.911     11.526      0.000
   155         21  (g)                -44   149   149   408   408   107   151      2.342     -0.635      7.497      7.880      0.000
   156         21  (g)                -44    96    96   169   170   110   107     -2.915     -3.815     24.171     24.643      0.000
   157         21  (g)                -44    97    97   162   162   142   110     -2.918     -0.038    155.686    155.713      0.000
   158         21  (g)                -44   150   150   467   467   151   109     -1.164     -1.405      2.875      3.405      0.000
   159         21  (g)                -43   152     0   160   161   152   142      0.769      1.476    774.822    774.824      0.000
   160         21  (g)                -51   159     0   397   398   152   153      1.334      1.106    235.369    235.376      0.000
   161         21  (g)                -51   159     0   248   249   153   142     -1.202      0.362    573.432    573.433      0.000
   162         21  (g)                -52   157   157   171   171   142   110     -2.281     -0.030    121.706    121.728      0.000
   163         21  (g)                -51   130     0   180   180   121   154      2.775      4.936    -17.524     18.416      0.000
   164         21  (g)                -51   130     0   186   186   154   122     -0.469     -0.489     -0.107      0.686      0.000
   165         21  (g)                -52   131   131   181   181   122   120     -0.166     -0.428      4.239      4.264      0.000
   166         21  (g)                -51   125     0   200   200   135   155     -1.123     -4.044    -19.306     19.757      0.000
   167         21  (g)                -51   125     0   204   204   155   103      0.227      0.864     -7.420      7.474      0.000
   168          4  (c)                -52   120   120   195   195   103     0     24.393    -11.704   -432.023    432.872      1.500
   169         21  (g)                -51   156     0   348   348   156   107     -1.904     -2.113      9.965     10.363      0.000
   170         21  (g)                -51   156     0   346   347   110   156     -1.304     -1.707     29.832     29.909      0.000
   171         21  (g)                -52   162   162   250   250   142   110     -1.988     -0.026    106.080    106.099      0.000
   172         21  (g)                -51   142     0   537   537   157   141     -0.151      0.057     80.134     80.134      0.000
   173         21  (g)                -51   142     0   177   177   144   157     -3.129     -0.779     84.300     84.362      0.000
   174         21  (g)                -52   144   144   175   176   138   144      0.703      1.785     13.374     13.511      0.000
   175         21  (g)                -51   174     0   277   277   138   158     -0.336      0.707      2.068      2.211      0.000
   176         21  (g)                -51   174     0   542   542   158   144      0.162      0.859     34.943     34.954      0.000
   177         21  (g)                -52   173   173   541   541   144   157     -2.252     -0.561     60.663     60.708      0.000
   178         21  (g)                -41   308   308   187   128   159   127     -0.000      0.000    231.716    231.716      0.000
   179         21  (g)                -42   271   271   129   129   121   147      0.000      0.000    -19.625     19.625      0.000
   180         21  (g)                -44   163   163   269   270   121   154      2.783      4.934    -17.531     18.423      0.000
   181         21  (g)                -44   165   165   311   311   122   120     -0.086     -0.447      4.242      4.266      0.000
   182         21  (g)                -44   132   132   312   312   120   127     -0.485     -4.851     24.110     24.598      0.000
   183         21  (g)                -44   146   146   313   313   132   150     -0.820      1.388     42.503     42.533      0.000
   184         21  (g)                -44   148   148   314   314   119   147      0.447     -1.629      0.047      1.690      0.000
   185         21  (g)                -44   147   147   315   315   150   119      0.023      0.779      0.794      1.112      0.000
   186         21  (g)                -44   164   164   316   316   154   122     -0.464     -0.491     -0.104      0.683      0.000
   187         21  (g)                -43   178     0   317   317   159   132     -1.399      0.317    158.030    158.037      0.000
   188         21  (g)                -31   230   230   190   191   161   160      0.000      0.000     47.859     47.859      0.000
   189         21  (g)                -31   231     0   190   191   162   161      0.000      0.000     -0.068      0.068      0.000
   190         21  (g)                -33   188   189   232   232   163   160     -0.954     -1.071     38.386     38.413      0.000
   191         21  (g)                -33   188   189   233   233   162   163      0.954      1.071      9.405      9.514      0.000
   192         21  (g)                -42   215     0   117   117   145   101      0.000     -0.000     56.325     56.325      0.000
   193         21  (g)                -41   216   216   205   118   164   146     -0.000      0.000  -2405.508   2405.508      0.000
   194         21  (g)                -44   137   137   217   217   102   133     -8.861      1.068      4.206      9.866      0.000
   195          4  (c)                -44   168   168   218   218   103     0     24.662    -12.079   -432.016    432.890      1.500
   196         -4  (cbar)             -44   121   121   219   219     0   104    -10.068      7.600   -395.025    395.229      1.500
   197         21  (g)                -44   122   122   220   220   105   134      3.828      5.563     11.706     13.514      0.000
   198         21  (g)                -44   123   123   221   221   133   135     -1.385      0.654      0.332      1.567      0.000
   199         21  (g)                -44   135   135   222   222   134   148     -0.405      1.907      2.097      2.863      0.000
   200         21  (g)                -44   166   166   223   223   135   155     -1.111     -4.061    -19.305     19.759      0.000
   201         21  (g)                -44   126   126   224   224   145   105      0.698     -2.134     27.939     28.029      0.000
   202         21  (g)                -44   127   127   225   225   104   146     -0.131     -2.555   -409.504    409.512      0.000
   203         21  (g)                -44   136   136   226   226   148   102     -6.669      2.079      1.737      7.198      0.000
   204         21  (g)                -44   167   167   227   227   155   103      0.232      0.858     -7.421      7.474      0.000
   205         21  (g)                -43   193     0   228   228   164   101     -0.791      1.101  -1133.930   1133.930      0.000
   206          2  (u)                -41   280   280   210    44   123     0      0.000      0.000   2583.060   2583.060      0.000
   207         21  (g)                -42   513   513    45    45   125   126      0.000      0.000   -421.831    421.831      0.000
   208         21  (g)                -44    46    46   278   279   123   126      2.404      4.193    -18.298     18.926      0.000
   209         21  (g)                -44    47    47   237   237   125   124     -1.986     -2.909   -403.211    403.226      0.000
   210          2  (u)                -43   206     0   235   236   124     0     -0.417     -1.284   2582.738   2582.739      0.330
   211         21  (g)                -31   263   263   213   214   165   166      0.000      0.000     17.895     17.895      0.000
   212         21  (g)                -31   240   240   213   214   167   168      0.000      0.000   -140.339    140.339      0.000
   213         21  (g)                -33   211   212   238   239   165   168     -1.120      0.740     17.867     17.917      0.000
   214         21  (g)                -33   211   212   266   266   167   166      1.120     -0.740   -140.311    140.317      0.000
   215         21  (g)                -41   435   435   229   192   145   169      0.000      0.000    132.299    132.299      0.000
   216         21  (g)                -42   436   436   193   193   164   146     -0.000     -0.000  -2405.508   2405.508      0.000
   217         21  (g)                -44   194   194   393   393   102   133     -8.739      1.182      4.273      9.800      0.000
   218          4  (c)                -44   195   195   438   438   103     0     24.670    -12.072   -432.128    433.003      1.500
   219         -4  (cbar)             -44   196   196   299   300     0   104    -10.066      7.601   -394.997    395.201      1.500
   220         21  (g)                -44   197   197   256   256   105   134      4.046      5.768     11.626     13.595      0.000
   221         21  (g)                -44   198   198   307   307   133   135     -1.368      0.669      0.339      1.560      0.000
   222         21  (g)                -44   199   199   331   331   134   148     -0.362      1.947      2.085      2.876      0.000
   223         21  (g)                -44   200   200   305   306   135   155     -1.107     -4.057    -19.262     19.716      0.000
   224         21  (g)                -44   201   201   254   255   145   105      1.182     -1.680     27.947     28.022      0.000
   225         21  (g)                -44   202   202   301   301   104   146     -0.131     -2.555   -409.480    409.488      0.000
   226         21  (g)                -44   203   203   329   330   148   102     -6.592      2.152      1.777      7.158      0.000
   227         21  (g)                -44   204   204   447   447   155   103      0.232      0.858     -7.430      7.483      0.000
   228         21  (g)                -44   205   205   251   252   164   101     -0.791      1.101  -1133.925   1133.926      0.000
   229         21  (g)                -43   215     0   253   253   101   169     -0.974     -0.915     75.967     75.979      0.000
   230         21  (g)                -42   545   545   188   188   161   160      0.000      0.000     47.859     47.859      0.000
   231          2  (u)                -41   546   546   234   189   162     0     -0.000     -0.000  -1801.886   1801.886      0.000
   232         21  (g)                -44   190   190   354   354   163   160     -0.815     -0.847     22.661     22.692      0.000
   233         21  (g)                -44   191   191   352   353   162   163      1.519      1.981     25.120     25.244      0.000
   234          2  (u)                -43   231     0   549   549   161     0     -0.704     -1.134  -1801.809   1801.810      0.330
   235          2  (u)                -51   210     0   379   380   170     0      0.288     -0.150   2487.651   2487.651      0.330
   236         21  (g)                -51   210     0   247   247   124   170     -0.706     -1.134     95.083     95.092      0.000
   237         21  (g)                -52   209   209   245   246   125   124     -1.986     -2.909   -403.206    403.222      0.000
   238         21  (g)                -51   213     0   265   265   165   171     -1.349      1.340      8.940      9.140      0.000
   239         21  (g)                -51   213     0   267   267   171   168      0.230     -0.600      8.841      8.864      0.000
   240         21  (g)                -53   264     0   212   212   167   168      0.000      0.000   -140.426    140.426      0.000
   241         21  (g)                -31   564   564   243   244   173   172      0.000      0.000      2.037      2.037      0.000
   242         21  (g)                -31   565   565   243   244   172   174      0.000      0.000     -2.343      2.343      0.000
   243         21  (g)                -33   241   242   323   324   175   174     -0.456      1.154     -1.955      2.316      0.000
   244         21  (g)                -33   241   242   325   325   173   175      0.456     -1.154      1.650      2.064      0.000
   245         21  (g)                -51   237     0   262   262   125   176     -0.998     -3.494   -400.335    400.352      0.000
   246         21  (g)                -51   237     0   260   261   176   124     -0.989      0.584     -2.756      2.986      0.000
   247         21  (g)                -52   236   236   302   303   124   170     -0.705     -1.133     94.967     94.977      0.000
   248         21  (g)                -51   161     0   399   399   153   177     -2.344     -0.285    461.299    461.305      0.000
   249         21  (g)                -51   161     0   471   471   177   142      0.433      0.637    149.984    149.986      0.000
   250         21  (g)                -52   171   171   466   466   142   110     -1.279     -0.017     68.229     68.241      0.000
   251         21  (g)                -51   228     0   448   448   164   178      0.241      1.728   -877.141    877.142      0.000
   252         21  (g)                -51   228     0   284   285   178   101     -1.032     -0.627   -256.783    256.786      0.000
   253         21  (g)                -52   229   229   286   286   101   169     -0.974     -0.915     75.965     75.977      0.000
   254          1  (d)                -51   224     0   444   444   145     0      1.272      0.136     18.744     18.791      0.330
   255         -1  (dbar)             -51   224     0   451   451     0   105      0.108     -1.532      9.773      9.899      0.330
   256         21  (g)                -52   220   220   440   440   105   134      3.847      5.485     11.055     12.927      0.000
   257         21  (g)                -51    79     0   293   294   114   179      6.969     -5.193      0.851      8.733      0.000
   258         21  (g)                -51    79     0   281   282   179   111      0.583      0.812      1.556      1.850      0.000
   259         21  (g)                -53   283   283    77    77   136   111     -0.000      0.000    107.357    107.357      0.000
   260         21  (g)                -51   246     0   304   304   180   124      0.166      0.691     -1.180      1.378      0.000
   261         21  (g)                -51   246     0   373   374   176   180     -1.209     -0.294    -23.024     23.057      0.000
   262         21  (g)                -52   245   245   375   375   125   176     -0.944     -3.307   -378.887    378.902      0.000
   263         21  (g)                -42   292   292   211   211   165   166     -0.000      0.000     17.895     17.895      0.000
   264         21  (g)                -41   339   339   268   240   181   168      0.000     -0.000   -144.826    144.826      0.000
   265         21  (g)                -44   238   238   340   340   165   171     -1.349      1.340      8.896      9.097      0.000
   266         21  (g)                -44   214   214   290   291   167   166      1.635     -1.639   -140.871    140.890      0.000
   267         21  (g)                -44   239   239   342   342   171   168      0.230     -0.600      8.807      8.831      0.000
   268         21  (g)                -43   264     0   343   343   181   167     -0.516      0.899     -3.763      3.903      0.000
   269         21  (g)                -51   180     0   310   310   182   154      3.102      4.050    -15.561     16.376      0.000
   270         21  (g)                -51   180     0   318   318   121   182     -0.319      0.884     -5.654      5.732      0.000
   271         21  (g)                -53   309     0   179   179   121   147     -0.000     -0.000    -23.311     23.311      0.000
   272         21  (g)                -51    81     0   334   334   184   115     -4.534      1.377    -44.502     44.754      0.000
   273         21  (g)                -51    81     0   332   333   113   184      0.544     -0.440     -0.961      1.189      0.000
   274         21  (g)                -52    80    80   423   423   112   113     -1.621      1.625      8.139      8.456      0.000
   275         21  (g)                -51   143     0   538   538   143   185     -1.409      0.858     -9.787      9.925      0.000
   276         21  (g)                -51   143     0   337   337   185   138      0.555      1.394    -10.220     10.329      0.000
   277         21  (g)                -52   175   175   335   336   138   158     -0.328      0.689      2.017      2.157      0.000
   278         21  (g)                -51   208     0   514   514   186   126      1.247      2.108     -5.241      5.785      0.000
   279         21  (g)                -51   208     0   520   520   123   186      1.157      2.085    -12.991     13.208      0.000
   280          2  (u)                -53   512   512   206   206   123     0      0.000      0.000   2583.127   2583.127      0.000
   281         21  (g)                -51   258     0   295   295   179   187     -0.800      0.316      3.876      3.971      0.000
   282         21  (g)                -51   258     0   483   483   187   111      1.384      0.496      5.325      5.524      0.000
   283         21  (g)                -53   475   475   259   259   136   111     -0.000      0.000    115.002    115.002      0.000
   284         21  (g)                -51   252     0   289   289   178   188     -1.499      0.192   -254.301    254.306      0.000
   285         21  (g)                -51   252     0   287   288   188   101      0.466     -0.820     -2.391      2.570      0.000
   286         21  (g)                -52   253   253   296   297   101   169     -0.972     -0.914     75.875     75.887      0.000
   287         21  (g)                -51   285     0   298   298   189   101      0.055     -1.516     -8.806      8.936      0.000
   288         21  (g)                -51   285     0   364   365   188   189      0.337      0.705     -6.094      6.143      0.000
   289         21  (g)                -52   284   284   450   450   178   188     -1.425      0.182   -241.792    241.796      0.000
   290         21  (g)                -51   266     0   341   341   167   190      1.188     -2.287   -113.601    113.630      0.000
   291         21  (g)                -51   266     0   344   344   190   166      0.447      0.648    -27.260     27.271      0.000
   292         21  (g)                -53   338     0   263   263   165   166     -0.000      0.000     17.906     17.906      0.000
   293         21  (g)                -51   257     0   477   477   114   191      5.837     -3.228      0.668      6.703      0.000
   294         21  (g)                -51   257     0   484   484   191   179      1.084     -1.947      0.414      2.266      0.000
   295         21  (g)                -52   281   281   481   481   179   187     -0.753      0.297      3.645      3.734      0.000
   296         21  (g)                -51   286     0   449   449   192   169     -1.523     -0.582     74.940     74.957      0.000
   297         21  (g)                -51   286     0   454   454   101   192      0.551     -0.352      0.819      1.048      0.000
   298         21  (g)                -52   287   287   366   366   189   101      0.055     -1.496     -8.690      8.818      0.000
   299         -4  (cbar)             -51   219     0   439   439     0   193     -5.328      3.153   -213.578    213.673      1.500
   300         21  (g)                -51   219     0   455   455   193   104     -4.741      4.391   -190.762    190.871      0.000
   301         21  (g)                -52   225   225   445   445   104   146     -0.128     -2.497   -400.138    400.146      0.000
   302         21  (g)                -51   247     0   349   350   194   170      0.051     -0.735     89.510     89.513      0.000
   303         21  (g)                -51   247     0   351   351   124   194     -0.752     -0.382      5.430      5.495      0.000
   304         21  (g)                -52   260   260   402   402   180   124      0.162      0.675     -1.153      1.346      0.000
   305         21  (g)                -51   223     0   443   443   195   155      0.170     -2.645    -11.576     11.876      0.000
   306         21  (g)                -51   223     0   456   456   135   195     -1.336     -1.383     -7.671      7.908      0.000
   307         21  (g)                -52   221   221   441   441   133   135     -1.309      0.640      0.324      1.492      0.000
   308         21  (g)                -42   494   494   178   178   159   127     -0.000     -0.000    231.716    231.716      0.000
   309         21  (g)                -41   495   495   319   271   121   196      0.000      0.000    -67.886     67.886      0.000
   310         21  (g)                -44   269   269   328   328   182   154      3.491      4.510    -15.460     16.479      0.000
   311         21  (g)                -44   181   181   497   497   122   120     -0.085     -0.446      4.234      4.258      0.000
   312         21  (g)                -44   182   182   498   498   120   127     -0.479     -4.844     24.033     24.521      0.000
   313         21  (g)                -44   183   183   322   322   132   150     -0.819      1.388     42.511     42.541      0.000
   314         21  (g)                -44   184   184   367   368   119   147      0.467     -1.605      0.029      1.672      0.000
   315         21  (g)                -44   185   185   320   321   150   119      0.027      0.783      0.806      1.124      0.000
   316         21  (g)                -44   186   186   326   327   154   122     -0.454     -0.479     -0.116      0.670      0.000
   317         21  (g)                -44   187   187   409   410   159   132     -1.399      0.317    158.009    158.015      0.000
   318         21  (g)                -44   270   270   504   504   121   182     -0.181      1.048     -5.644      5.743      0.000
   319         21  (g)                -43   309     0   369   369   147   196     -0.568     -0.672    -44.570     44.578      0.000
   320         21  (g)                -51   315     0   412   413   197   119     -0.762      0.572      1.552      1.821      0.000
   321         21  (g)                -51   315     0   414   414   150   197      0.664      0.423      5.743      5.797      0.000
   322         21  (g)                -52   313   313   411   411   132   150     -0.694      1.176     36.021     36.047      0.000
   323         21  (g)                -51   243     0   566   566   198   174      0.434      0.142     -1.359      1.433      0.000
   324         21  (g)                -51   243     0   417   417   175   198     -0.817      0.828     -0.334      1.211      0.000
   325         21  (g)                -52   244   244   415   416   173   175      0.383     -0.970      1.388      1.736      0.000
   326         21  (g)                -51   316     0   418   419   199   122     -0.828     -0.025     -0.402      0.921      0.000
   327         21  (g)                -51   316     0   420   420   154   199      0.992      0.344     -2.452      2.667      0.000
   328         21  (g)                -52   310   310   496   496   182   154      2.873      3.712    -12.723     13.561      0.000
   329         21  (g)                -51   226     0   391   392   200   102     -4.472      2.473      1.503      5.326      0.000
   330         21  (g)                -51   226     0   361   362   148   200     -2.172     -0.039      0.576      2.247      0.000
   331         21  (g)                -52   222   222   363   363   134   148     -0.310      1.666      1.783      2.460      0.000
   332         21  (g)                -51   273     0   421   422   113   201      0.654      0.028     -4.731      4.776      0.000
   333         21  (g)                -51   273     0   485   485   201   184     -0.593     -0.321     -0.980      1.189      0.000
   334         21  (g)                -52   272   272   479   479   184   115     -4.050      1.230    -39.753     39.978      0.000
   335         -1  (dbar)             -51   277     0   539   539     0   158      0.038      1.204      1.492      1.946      0.330
   336          1  (d)                -51   277     0   544   544   138     0     -0.341     -0.454      0.079      0.662      0.330
   337         21  (g)                -52   276   276   543   543   185   138      0.531      1.333     -9.773      9.878      0.000
   338         21  (g)                -41   551   551   345   292   165   202     -0.000      0.000    165.463    165.463      0.000
   339         21  (g)                -42   552   552   264   264   181   168     -0.000     -0.000   -144.826    144.826      0.000
   340         21  (g)                -44   265   265   378   378   165   171     -1.025      1.545      8.902      9.093      0.000
   341         21  (g)                -44   290   290   360   360   167   190      1.188     -2.286   -113.589    113.618      0.000
   342         21  (g)                -44   267   267   376   377   171   168      0.547     -0.398      8.807      8.833      0.000
   343         21  (g)                -44   268   268   358   359   181   167     -0.513      0.901     -3.764      3.904      0.000
   344         21  (g)                -44   291   291   370   371   190   166      0.448      0.648    -27.274     27.285      0.000
   345         21  (g)                -43   338     0   372   372   166   202     -0.645     -0.409    147.555    147.557      0.000
   346         21  (g)                -51   170     0   470   470   110   203     -1.277     -0.684     21.522     21.571      0.000
   347         21  (g)                -51   170     0   472   472   203   156     -0.418     -1.456     10.357     10.467      0.000
   348         21  (g)                -52   169   169   406   407   156   107     -1.512     -1.679      7.918      8.234      0.000
   349         21  (g)                -51   302     0   381   381   204   170     -0.359      0.394     25.769     25.774      0.000
   350         21  (g)                -51   302     0   522   522   194   204      0.245     -1.213     64.932     64.943      0.000
   351         21  (g)                -52   303   303   521   521   124   194     -0.587     -0.298      4.240      4.290      0.000
   352          2  (u)                -51   233     0   548   548   162     0      1.364      1.969     24.251     24.371      0.330
   353         -2  (ubar)             -51   233     0   550   550     0   163     -0.059     -0.211      6.818      6.830      0.330
   354         21  (g)                -52   232   232   547   547   163   160     -0.601     -0.625     16.712     16.734      0.000
   355         21  (g)                -51    38     0   430   430   206   118      0.787     -1.817    -21.179     21.271      0.000
   356         21  (g)                -51    38     0   432   432   116   206      1.815     -1.190    -36.664     36.728      0.000
   357          2  (u)                -53   429   429    37    37   116     0      0.000      0.000   -300.176    300.176      0.000
   358         21  (g)                -51   343     0   556   556   181   208     -0.378      0.968     -3.803      3.943      0.000
   359         21  (g)                -51   343     0   559   559   208   167      0.020     -0.367    -14.824     14.828      0.000
   360         21  (g)                -52   341   341   554   554   167   190      1.033     -1.987    -98.726     98.751      0.000
   361         21  (g)                -51   330     0   457   457   209   200     -0.810     -0.373      0.874      1.249      0.000
   362         21  (g)                -51   330     0   458   458   148   209     -1.443      0.772      0.171      1.645      0.000
   363         21  (g)                -52   331   331   442   442   134   148     -0.228      1.228      1.315      1.813      0.000
   364         21  (g)                -51   288     0   453   453   188   210      0.883     -0.094     -6.338      6.400      0.000
   365         21  (g)                -51   288     0   459   459   210   189     -0.524      0.158     -3.478      3.521      0.000
   366         21  (g)                -52   298   298   452   452   189   101      0.031     -0.855     -4.967      5.040      0.000
   367         21  (g)                -51   314     0   500   500   119   211      0.126     -0.765      0.517      0.932      0.000
   368         21  (g)                -51   314     0   508   508   211   147      0.327     -0.856     -1.545      1.796      0.000
   369         21  (g)                -52   319   319   505   505   147   196     -0.554     -0.656    -43.514     43.522      0.000
   370         21  (g)                -51   344     0   388   389   190   212      0.440      0.586    -27.273     27.283      0.000
   371         21  (g)                -51   344     0   390   390   212   166      0.004      0.060      0.798      0.800      0.000
   372         21  (g)                -52   345   345   558   558   166   202     -0.641     -0.407    146.757    146.759      0.000
   373         21  (g)                -51   261     0   400   401   213   180     -0.375     -0.746    -14.037     14.061      0.000
   374         21  (g)                -51   261     0   523   523   176   213     -0.918      0.158    -42.743     42.754      0.000
   375         21  (g)                -52   262   262   515   515   125   176     -0.860     -3.012   -345.130    345.145      0.000
   376         21  (g)                -51   342     0   555   555   214   168      0.139      0.486     10.103     10.115      0.000
   377         21  (g)                -51   342     0   561   561   171   214      0.104     -0.426      1.342      1.412      0.000
   378         21  (g)                -52   340   340   553   553   165   171     -0.721      1.087      6.264      6.399      0.000
   379          2  (u)                -51   235     0   516   516   216     0     -0.343     -0.502   1288.595   1288.595      0.330
   380         21  (g)                -51   235     0   524   524   170   216      0.608      0.377   1200.721   1200.721      0.000
   381         21  (g)                -52   349   349   517   517   204   170     -0.336      0.369     24.104     24.110      0.000
   382         21  (g)                -51    61     0   530   530   131   217     -0.324     -1.176     -2.128      2.453      0.000
   383         21  (g)                -51    61     0   531   531   217   128      0.994     -1.883     -2.297      3.132      0.000
   384         21  (g)                -53   526   526    57    57   129   128     -0.000      0.000    115.089    115.089      0.000
   385          2  (u)                -51    60     0   529   529   218     0      2.250      1.261      1.972      3.264      0.330
   386         21  (g)                -51    60     0   532   532   130   218     -0.171     -0.159     -0.044      0.238      0.000
   387         21  (g)                -52    59    59   528   528   129   130     -2.749      1.957    111.769    111.819      0.000
   388         21  (g)                -51   370     0   403   404   190   219      0.328      0.508     -2.067      2.153      0.000
   389         21  (g)                -51   370     0   405   405   219   212      0.113      0.081    -25.168     25.169      0.000
   390         21  (g)                -52   371   371   560   560   212   166      0.004      0.057      0.760      0.762      0.000
   391          2  (u)                -51   329     0   446   446   200     0     -2.985      0.783      1.686      3.532      0.330
   392         -2  (ubar)             -51   329     0   460   460     0   102     -4.063      2.038      1.076      4.683      0.330
   393         21  (g)                -52   217   217   437   437   102   133     -6.164      0.834      3.014      6.912      0.000
   394          2  (u)                -51    39     0   431   431   220     0     -2.874      2.519   -224.780    224.813      0.330
   395         21  (g)                -51    39     0   433   433   117   220      0.272      0.487    -17.455     17.464      0.000
   396         21  (g)                -53   428     0    36    36   117   118      0.000      0.000      0.099      0.099      0.000
   397         21  (g)                -51   160     0   468   468   152   221      0.224     -0.283     25.708     25.711      0.000
   398         21  (g)                -51   160     0   473   473   221   153      0.810      1.353    268.864    268.869      0.000
   399         21  (g)                -52   248   248   469   469   153   177     -2.043     -0.248    402.096    402.101      0.000
   400         21  (g)                -51   373     0   519   519   213   222     -0.495     -0.246     -2.063      2.136      0.000
   401         21  (g)                -51   373     0   525   525   222   180      0.165     -0.315    -12.291     12.296      0.000
   402         21  (g)                -52   304   304   518   518   180   124      0.118      0.489     -0.836      0.975      0.000
   403          2  (u)                -51   388     0   557   557   190     0     -0.062      0.648     -3.812      3.881      0.330
   404         -2  (ubar)             -51   388     0   563   563     0   219      0.438     -0.106     -8.971      8.988      0.330
   405         21  (g)                -52   389   389   562   562   219   212      0.065      0.047    -14.452     14.452      0.000
   406         21  (g)                -51   348     0   465   465   156   224     -1.406     -0.995      4.979      5.268      0.000
   407         21  (g)                -51   348     0   474   474   224   107      0.222     -0.772      3.989      4.069      0.000
   408         21  (g)                -52   155   155   464   464   107   151      2.014     -0.546      6.447      6.776      0.000
   409         21  (g)                -51   317     0   503   503   159   225     -0.169      0.514     80.581     80.583      0.000
   410         21  (g)                -51   317     0   509   509   225   132     -1.415      0.116     87.003     87.015      0.000
   411         21  (g)                -52   322   322   499   499   132   150     -0.510      0.864     26.445     26.464      0.000
   412         21  (g)                -51   320     0   501   501   226   119     -0.317     -0.241      0.452      0.603      0.000
   413         21  (g)                -51   320     0   510   510   197   226     -0.166      0.990      3.507      3.648      0.000
   414         21  (g)                -52   321   321   506   506   150   197      0.386      0.246      3.337      3.368      0.000
   415         21  (g)                -51   325     0   567   567   173   228     -0.016      0.030     -0.297      0.299      0.000
   416         21  (g)                -51   325     0   569   569   228   175      0.171     -0.769      1.591      1.775      0.000
   417         21  (g)                -52   324   324   568   568   175   198     -0.589      0.597     -0.241      0.873      0.000
   418         21  (g)                -51   326     0   502   502   230   122      0.153      0.543     -0.387      0.684      0.000
   419         21  (g)                -51   326     0   511   511   199   230     -0.636     -0.448     -0.869      1.166      0.000
   420         21  (g)                -52   327   327   507   507   154   199      0.647      0.224     -1.598      1.738      0.000
   421         21  (g)                -51   332     0   482   482   231   201      1.055      0.324     -4.319      4.457      0.000
   422         21  (g)                -51   332     0   486   486   113   231     -0.445     -0.252     -0.193      0.546      0.000
   423         21  (g)                -52   274   274   478   478   112   113     -1.577      1.582      7.919      8.228      0.000
   424         21  (g)                -31   570   570   426   427   233   232      0.000      0.000    103.159    103.159      0.000
   425         21  (g)                -31   571   571   426   427   234   233      0.000      0.000     -0.015      0.015      0.000
   426         21  (g)                -33   424   425   572   572   235   232     -0.309     -0.363     99.169     99.170      0.000
   427         21  (g)                -33   424   425   573   573   234   235      0.309      0.363      3.975      4.004      0.000
   428          1  (d)                -41   487   487   434   396   117     0     -0.000     -0.000    152.327    152.327      0.000
   429          2  (u)                -42   488   488   357   357   116     0     -0.000     -0.000   -300.176    300.176      0.000
   430         21  (g)                -44   355   355   489   489   206   118      0.659     -1.948    -22.820     22.913      0.000
   431          2  (u)                -44   394   394   490   490   220     0     -2.919      2.472   -224.958    224.990      0.330
   432         21  (g)                -44   356   356   491   491   116   206      1.726     -1.281    -35.917     35.981      0.000
   433         21  (g)                -44   395   395   492   492   117   220      0.259      0.475    -16.382     16.391      0.000
   434          1  (d)                -43   428     0   493   493   118     0      0.275      0.282    152.227    152.228      0.330
   435         21  (g)                -61     1     0   215   215   128   126      1.859      3.260    132.273    132.327      0.000
   436         21  (g)                -61     2     0   216   216   126   128      0.433      2.458  -2405.516   2405.518      0.000
   437         21  (g)                -62   393   393   689   689   102   133     -6.094      0.958      3.046      6.879      0.000
   438          4  (c)                -62   218   218   633   633   103     0     24.754    -11.619   -432.159    433.025      1.500
   439         -4  (cbar)             -62   299   299   740   740     0   193     -5.289      3.372   -213.579    213.676      1.500
   440         21  (g)                -62   256   256   649   649   105   134      4.016      5.781     10.962     13.027      0.000
   441         21  (g)                -62   307   307   688   688   133   175     -1.296      0.663      0.325      1.491      0.000
   442         21  (g)                -62   363   363   648   648   134   148     -0.206      1.267      1.301      1.828      0.000
   443         21  (g)                -62   305   305   684   684   195   211      0.174     -2.629    -11.546     11.843      0.000
   444          1  (d)                -62   254   254   595     0   145     0      1.536      0.599     18.730     18.806      0.330
   445         21  (g)                -62   301   301   578     0   104   128     -0.056     -2.088   -400.109    400.114      0.000
   446          2  (u)                -62   391   391   613   613   200     0     -2.948      0.848      1.697      3.521      0.330
   447         21  (g)                -62   227   227   591     0   155   190      0.234      0.867     -7.441      7.495      0.000
   448         21  (g)                -62   251   251   830   830   126   178      0.399      2.625   -877.166    877.170      0.000
   449         21  (g)                -62   296   296   834   834   192   204     -0.470      1.264     74.943     74.955      0.000
   450         21  (g)                -62   289   289   829   829   178   147     -1.381      0.429   -241.785    241.790      0.000
   451         -1  (dbar)             -62   255   255   582     0     0   224      0.247     -1.290      9.789      9.882      0.330
   452         21  (g)                -62   366   366   821   821   189   180      0.033     -0.849     -4.957      5.029      0.000
   453         21  (g)                -62   364   364   826   826   188   140      0.885     -0.086     -6.343      6.405      0.000
   454         21  (g)                -62   297   297   813   813   101   107      0.565     -0.329      0.819      1.047      0.000
   455         21  (g)                -62   300   300   739   739   193   176     -4.706      4.587   -190.781    190.894      0.000
   456         21  (g)                -62   306   306   589     0   135   195     -1.333     -1.372     -7.645      7.881      0.000
   457         21  (g)                -62   361   361   594     0   209   200     -0.795     -0.347      0.883      1.238      0.000
   458         21  (g)                -62   362   362   647   647   148   138     -1.430      0.795      0.172      1.645      0.000
   459         21  (g)                -62   365   365   602     0   210   184     -0.523      0.162     -3.477      3.520      0.000
   460         -2  (ubar)             -62   392   392   690   690     0   102     -4.022      2.111      1.079      4.681      0.330
   461         21  (g)                -61     1     0   152   152   108   108     -1.270      0.277    966.547    966.548      0.000
   462         21  (g)                -61     2     0   153   153   106   106     -0.228     -1.709    -11.361     11.491      0.000
   463         21  (g)                -62   154   154   608     0   109   154      3.672      2.815    -10.217     11.216      0.000
   464         21  (g)                -62   408   408   812   812   107   187      2.002     -0.568      6.470      6.796      0.000
   465         21  (g)                -62   406   406   616   616   156   151     -1.416     -1.016      5.067      5.358      0.000
   466         21  (g)                -62   250   250   843   843   142   136     -1.368      0.002     68.241     68.255      0.000
   467         21  (g)                -62   158   158   615   615   151   226     -1.174     -1.444      2.993      3.524      0.000
   468         21  (g)                -62   397   397   604     0   152   194      0.190     -0.276     25.727     25.729      0.000
   469         21  (g)                -62   399   399   841   841   153   157     -2.572     -0.133    402.126    402.134      0.000
   470         21  (g)                -62   346   346   810   810   110   144     -1.306     -0.682     21.585     21.635      0.000
   471         21  (g)                -62   249   249   599     0   177   221      0.236      0.680    149.929    149.931      0.000
   472         21  (g)                -62   347   347   581     0   203   122     -0.433     -1.461     10.470     10.581      0.000
   473         21  (g)                -62   398   398   599     0   221   141      0.456      1.430    268.750    268.754      0.000
   474         21  (g)                -62   407   407   582     0   224   171      0.216     -0.777      4.045      4.125      0.000
   475         21  (g)                -61     1     0   283   283   115   115      0.343     -1.148    114.994    115.000      0.000
   476         21  (g)                -61     2     0    78    78   111   111     -1.727     -0.345    -49.955     49.986      0.000
   477         21  (g)                -62   293   293   816   816   114   191      5.743     -3.285      0.554      6.640      0.000
   478         21  (g)                -62   423   423   651   651   112   165     -1.558      1.500      7.951      8.240      0.000
   479         21  (g)                -62   334   334   602     0   184   206     -5.427      0.954    -39.664     40.045      0.000
   480         21  (g)                -62    82    82   842   842   136   153     -1.666      0.896     92.339     92.358      0.000
   481         21  (g)                -62   295   295   652   652   179   112     -0.743      0.260      3.659      3.743      0.000
   482         21  (g)                -62   421   421   603     0   231   143      0.903      0.293     -4.337      4.439      0.000
   483         21  (g)                -62   282   282   811   811   187   110      1.396      0.441      5.300      5.498      0.000
   484         21  (g)                -62   294   294   815   815   191   119      1.056     -1.966      0.391      2.266      0.000
   485         21  (g)                -62   333   333   586     0   201   131     -0.630     -0.330     -0.969      1.202      0.000
   486         21  (g)                -62   422   422   585     0   113   199     -0.457     -0.256     -0.185      0.556      0.000
   487          1  (d)                -61     1     0   428   428   160     0      0.763     -1.743    152.323    152.335      0.000
   488          2  (u)                -61     2     0   429   429   118     0      0.604     -0.888   -300.177    300.179      0.000
   489         21  (g)                -62   430   430   822   822   206   189      0.705     -2.016    -22.830     22.929      0.000
   490          2  (u)                -62   431   431   762   762   160     0     -2.466      1.807   -224.943    224.964      0.330
   491         21  (g)                -62   432   432   634   634   116   103      1.799     -1.387    -35.925     35.997      0.000
   492         21  (g)                -62   433   433   827   827   117   188      0.292      0.426    -16.380     16.388      0.000
   493          1  (d)                -62   434   434   720   720   118     0      1.038     -1.460    152.225    152.235      0.330
   494         21  (g)                -61     1     0   308   308   196   196      0.470     -2.131    231.704    231.714      0.000
   495         21  (g)                -61     2     0   309   309   127   127      0.505      1.546    -67.872     67.891      0.000
   496         21  (g)                -62   328   328   819   819   182   109      2.972      4.007    -12.653     13.601      0.000
   497         21  (g)                -62   311   311   581     0   122   124     -0.077     -0.485      4.226      4.255      0.000
   498         21  (g)                -62   312   312   655   655   120   203     -0.428     -5.061     23.953     24.485      0.000
   499         21  (g)                -62   411   411   600     0   132   129     -0.456      0.620     26.456     26.467      0.000
   500         21  (g)                -62   367   367   601     0   119   228      0.129     -0.767      0.506      0.928      0.000
   501         21  (g)                -62   412   412   594     0   226   209     -0.316     -0.244      0.447      0.599      0.000
   502         21  (g)                -62   418   418   817   817   230   114      0.157      0.553     -0.378      0.688      0.000
   503         21  (g)                -62   409   409   606     0   159   166     -0.006     -0.227     80.585     80.585      0.000
   504         21  (g)                -62   318   318   590     0   121   185     -0.138      1.177     -5.626      5.750      0.000
   505         21  (g)                -62   369   369   828   828   147   117     -0.231      0.335    -43.517     43.518      0.000
   506         21  (g)                -62   414   414   595     0   150   145      0.393      0.215      3.341      3.371      0.000
   507         21  (g)                -62   420   420   608     0   154   230      0.659      0.262     -1.592      1.743      0.000
   508         21  (g)                -62   368   368   588     0   211   217      0.340     -0.819     -1.557      1.792      0.000
   509         21  (g)                -62   410   410   605     0   225   142     -1.238     -0.685     86.997     87.008      0.000
   510         21  (g)                -62   413   413   584     0   197   105     -0.159      0.959      3.522      3.654      0.000
   511         21  (g)                -62   419   419   586     0   199   201     -0.628     -0.426     -0.877      1.160      0.000
   512          2  (u)                -61     1     0   280   280   126     0     -1.787     -1.307   2583.126   2583.127      0.000
   513         21  (g)                -61     2     0   207   207   216   126      1.369     -0.029   -421.829    421.832      0.000
   514         21  (g)                -62   278   278   607     0   186   182      1.264      2.108     -5.238      5.786      0.000
   515         21  (g)                -62   375   375   737   737   125   219      0.260     -3.036   -345.132    345.145      0.000
   516          2  (u)                -62   379   379   763   763   216     0     -1.235     -1.154   1288.594   1288.595      0.330
   517         21  (g)                -62   381   381   600     0   204   132     -0.352      0.356     24.104     24.109      0.000
   518         21  (g)                -62   402   402   607     0   180   186      0.120      0.489     -0.835      0.975      0.000
   519         21  (g)                -62   400   400   589     0   213   135     -0.488     -0.246     -2.064      2.135      0.000
   520         21  (g)                -62   279   279   678   678   123   155      1.199      2.084    -12.988     13.209      0.000
   521         21  (g)                -62   351   351   653   653   124   179     -0.590     -0.300      4.238      4.290      0.000
   522         21  (g)                -62   350   350   604     0   194   177      0.200     -1.246     64.932     64.944      0.000
   523         21  (g)                -62   374   374   738   738   176   125     -0.779      0.155    -42.745     42.752      0.000
   524         21  (g)                -62   380   380   839   839   170   159     -0.222     -0.230   1200.721   1200.721      0.000
   525         21  (g)                -62   401   401   596     0   222   116      0.205     -0.316    -12.291     12.297      0.000
   526         21  (g)                -61     1     0   384   384   218   128     -1.762      1.673    115.292    115.317      0.000
   527          2  (u)                -61     2     0    58    58   128     0     -1.350      0.415     -5.734      5.905      0.000
   528         21  (g)                -62   387   387   832   832   129   158     -4.473      3.589    112.320    112.466      0.000
   529          2  (u)                -62   385   385   626   626   218     0      2.063      1.342      1.778      3.054      0.330
   530         21  (g)                -62   382   382   593     0   131   213     -0.858     -1.010     -2.093      2.477      0.000
   531         21  (g)                -62   383   383   588     0   217   198      0.360     -1.686     -2.419      2.970      0.000
   532         21  (g)                -62   386   386   585     0   130   113     -0.205     -0.147     -0.028      0.254      0.000
   533         21  (g)                -61     1     0   138   138   139   139     -1.843      1.628    629.427    629.432      0.000
   534         21  (g)                -61     2     0   139   139   149   149     -0.618      2.248    -36.003     36.079      0.000
   535         21  (g)                -62   140   140   681   681   137   181     -0.979     -3.913     -2.929      4.985      0.000
   536         21  (g)                -62   141   141   603     0   140   231      2.643      0.312    -11.695     11.994      0.000
   537         21  (g)                -62   172   172   840   840   157   170     -0.386      0.265     80.141     80.142      0.000
   538         21  (g)                -62   275   275   824   824   143   210     -1.578      1.473     -9.741      9.978      0.000
   539         -1  (dbar)             -62   335   335   617   617     0   156      0.029      1.223      1.528      1.985      0.330
   540         21  (g)                -62   145   145   835   835   141   192      0.166      2.458    450.144    450.151      0.000
   541         21  (g)                -62   177   177   809   809   144   163     -2.430     -0.402     60.666     60.716      0.000
   542         21  (g)                -62   176   176   831   831   158   126      0.059      0.950     34.969     34.982      0.000
   543         21  (g)                -62   337   337   679   679   185   123      0.362      1.946     -9.728      9.927      0.000
   544          1  (d)                -62   336   336   646   646   138     0     -0.347     -0.435      0.068      0.651      0.330
   545         21  (g)                -61     1     0   230   230   161   160      1.195      0.948     47.847     47.871      0.000
   546          2  (u)                -61     2     0   231   231   160     0      1.786     -0.401  -1801.898   1801.899      0.000
   547         21  (g)                -62   354   354   605     0   163   225     -0.184     -0.293     16.721     16.725      0.000
   548          2  (u)                -62   352   352   734   734   162     0      1.971      2.451     24.209     24.415      0.330
   549          2  (u)                -62   234   234   787   787   161     0      1.082     -1.535  -1801.801   1801.802      0.330
   550         -2  (ubar)             -62   353   353   610   610     0   150      0.112     -0.076      6.820      6.829      0.330
   551         21  (g)                -61     1     0   338   338   168   168      0.392     -0.254    165.462    165.462      0.000
   552         21  (g)                -61     2     0   339   339   202   202     -0.619     -1.224   -144.824    144.831      0.000
   553         21  (g)                -62   378   378   584     0   165   197     -0.706      1.077      6.263      6.394      0.000
   554         21  (g)                -62   360   360   596     0   167   222      0.611     -2.822    -98.721     98.764      0.000
   555         21  (g)                -62   376   376   580     0   128   234      0.163      0.470     10.100     10.113      0.000
   556         21  (g)                -62   358   358   590     0   181   121     -0.394      0.936     -3.805      3.938      0.000
   557          2  (u)                -62   403   403   591     0   190     0     -0.078      0.616     -3.814      3.878      0.330
   558         21  (g)                -62   372   372   598     0   166   235     -0.294     -0.632    146.759    146.760      0.000
   559         21  (g)                -62   359   359   597     0   208   167     -0.044     -0.492    -14.822     14.830      0.000
   560         21  (g)                -62   390   390   579     0   212   162      0.006      0.056      0.759      0.761      0.000
   561         21  (g)                -62   377   377   583     0   171   120      0.107     -0.429      1.343      1.414      0.000
   562         21  (g)                -62   405   405   578     0   219   104      0.003     -0.076    -14.452     14.452      0.000
   563         -2  (ubar)             -62   404   404   597     0     0   208      0.399     -0.182     -8.972      8.989      0.330
   564         21  (g)                -61     1     0   241   241   174   174      0.322     -0.892      1.923      2.144      0.000
   565         21  (g)                -61     2     0   242   242   172   172     -0.316     -2.375     -2.305      3.324      0.000
   566         21  (g)                -62   323   323   587     0   198   173      0.244     -1.274     -1.433      1.933      0.000
   567         21  (g)                -62   415   415   587     0   173   137     -0.057     -0.266     -0.296      0.402      0.000
   568         21  (g)                -62   417   417   592     0   175   130     -0.620      0.031     -0.296      0.687      0.000
   569         21  (g)                -62   416   416   601     0   228   101      0.438     -1.758      1.644      2.447      0.000
   570         21  (g)                -61     1     0   424   424   233   233      0.048     -0.049     97.744     97.744      0.000
   571         21  (g)                -61     2     0   425   425   232   232     -0.455      0.608      9.363      9.394      0.000
   572         21  (g)                -62   426   426   598     0   235   152     -0.282     -0.385     91.752     91.753      0.000
   573         21  (g)                -62   427   427   579     0   234   212     -0.126      0.944     15.355     15.385      0.000
   574       2101  (ud_0)             -63     1     0   788   788     0   161      0.512     -0.247   1524.524   1524.525      0.579
   575         -1  (dbar)             -63     1     0   627   627     0   218      0.758     -0.016     26.514     26.527      0.330
   576          1  (d)                -63     2     0   761   761   238     0      0.463     -0.032  -1540.409   1540.409      0.330
   577         -2  (ubar)             -63     2     0   721   721     0   118      0.151     -0.272    -11.181     11.190      0.330
   578         21  (g)                -73   445   562   736   736   219   128     -0.053     -2.164   -414.561    414.567      0.026
   579         21  (g)                -73   560   573   580     0   234   162     -0.120      1.000     16.114     16.146      0.068
   580         21  (g)                -73   555   579   735   735   128   162      0.043      1.470     26.215     26.259      0.371
   581         21  (g)                -73   472   497   654   654   203   124     -0.510     -1.946     14.697     14.836      0.225
   582         -1  (dbar)             -73   451   474   583     0     0   171      0.462     -2.067     13.834     14.006      0.570
   583         -1  (dbar)             -73   582   561   656   656     0   120      0.570     -2.496     15.177     15.420      0.950
   584         21  (g)                -73   510   553   650   650   165   105     -0.865      2.036      9.785     10.047      0.563
   585         21  (g)                -73   486   532   592     0   130   199     -0.663     -0.404     -0.213      0.810      0.095
   586         21  (g)                -73   485   511   593     0   199   131     -1.258     -0.756     -1.846      2.362      0.126
   587         21  (g)                -73   566   567   682   682   198   137      0.188     -1.539     -1.730      2.335      0.236
   588         21  (g)                -73   508   531   683   683   211   198      0.700     -2.505     -3.976      4.762      0.325
   589         21  (g)                -73   456   519   685   685   213   195     -1.822     -1.618     -9.709     10.016      0.344
   590         21  (g)                -73   504   556   680   680   181   185     -0.532      2.113     -9.431      9.688      0.398
   591          2  (u)                -73   557   447   677   677   155     0      0.155      1.482    -11.255     11.374      0.673
   592         21  (g)                -73   568   585   687   687   175   199     -1.282     -0.373     -0.509      1.497      0.448
   593         21  (g)                -73   530   586   686   686   199   213     -2.116     -1.766     -3.939      4.839      0.552
   594         21  (g)                -73   457   501   614   614   226   200     -1.111     -0.591      1.331      1.838      0.151
   595          1  (d)                -73   444   506   609   609   150     0      1.929      0.814     22.072     22.177      0.522
   596         21  (g)                -73   525   554   635   635   167   116      0.816     -3.137   -111.012    111.060      0.378
   597         -2  (ubar)             -73   563   559   636   636     0   167      0.356     -0.674    -23.794     23.819      0.781
   598         21  (g)                -73   558   572   606     0   166   152     -0.576     -1.018    238.511    238.514      0.124
   599         21  (g)                -73   471   473   836   836   177   141      0.692      2.109    418.679    418.685      0.160
   600         21  (g)                -73   499   517   833   833   204   129     -0.808      0.977     50.560     50.576      0.228
   601         21  (g)                -73   500   569   814   814   119   101      0.567     -2.525      2.150      3.374      0.258
   602         21  (g)                -73   459   479   823   823   210   206     -5.949      1.115    -43.141     43.564      0.307
   603         21  (g)                -73   482   536   825   825   140   143      3.546      0.605    -16.032     16.433      0.317
   604         21  (g)                -73   468   522   837   837   152   177      0.390     -1.522     90.659     90.673      0.388
   605         21  (g)                -73   509   547   808   808   163   142     -1.422     -0.978    103.718    103.733      0.389
   606         21  (g)                -73   503   598   838   838   159   152     -0.581     -1.245    319.096    319.099      0.408
   607         21  (g)                -73   514   518   820   820   180   182      1.385      2.596     -6.073      6.761      0.413
   608         21  (g)                -73   463   507   818   818   109   230      4.331      3.076    -11.809     12.959      0.499
   609          1  (d)                -71   595   595   611   612   150     0      1.929      0.814     22.072     22.177      0.522
   610         -2  (ubar)             -71   550   550   611   612     0   150      0.112     -0.076      6.820      6.829      0.330
   611        111  (pi0)              -82   609   610  1051  1052     0     0      0.913      0.417     14.446     14.481      0.135
   612       -213  (rho-)             -82   609   610   928   929     0     0      1.127      0.322     14.446     14.525      0.957
   613          2  (u)                -71   446   446   618   625   200     0     -2.948      0.848      1.697      3.521      0.330
   614         21  (g)                -71   594   594   618   625   226   200     -1.111     -0.591      1.331      1.838      0.151
   615         21  (g)                -71   467   467   618   625   151   226     -1.174     -1.444      2.993      3.524      0.000
   616         21  (g)                -71   465   465   618   625   156   151     -1.416     -1.016      5.067      5.358      0.000
   617         -1  (dbar)             -71   539   539   618   625     0   156      0.029      1.223      1.528      1.985      0.330
   618        211  pi+                 83   613   617     0     0     0     0     -0.467      0.275      0.277      0.624      0.140
   619       -213  (rho-)             -83   613   617   930   931     0     0     -2.009     -0.139      2.614      3.404      0.838
   620        213  (rho+)             -83   613   617   932   933     0     0     -1.232     -0.629      0.878      1.891      0.944
   621        111  (pi0)              -83   613   617  1053  1054     0     0     -2.885     -1.349      4.853      5.806      0.135
   622       -211  pi-                 84   613   617     0     0     0     0      0.335      0.171      0.842      0.932      0.140
   623        211  pi+                 84   613   617     0     0     0     0     -0.004      0.331      0.362      0.510      0.140
   624        111  (pi0)              -84   613   617  1055  1056     0     0      0.202     -0.056      1.913      1.929      0.135
   625        111  (pi0)              -84   613   617  1057  1058     0     0     -0.560      0.416      0.877      1.129      0.135
   626          2  (u)                -71   529   529   628   632   218     0      2.063      1.342      1.778      3.054      0.330
   627         -1  (dbar)             -71   575   575   628   632     0   218      0.758     -0.016     26.514     26.527      0.330
   628        211  pi+                 83   626   627     0     0     0     0     -0.116      0.162      0.327      0.408      0.140
   629        111  (pi0)              -83   626   627  1059  1060     0     0      0.789      0.644      0.879      1.352      0.135
   630        311  (K0)               -83   626   627   934   934     0     0      1.216      0.634      1.897      2.394      0.498
   631        333  (phi)              -84   626   627  1061  1062     0     0      0.339     -0.174      2.501      2.727      1.018
   632       -311  (Kbar0)            -84   626   627   935   935     0     0      0.593      0.059     22.687     22.701      0.498
   633          4  (c)                -71   438   438   637   645   103     0     24.754    -11.619   -432.159    433.025      1.500
   634         21  (g)                -71   491   491   637   645   116   103      1.799     -1.387    -35.925     35.997      0.000
   635         21  (g)                -71   596   596   637   645   167   116      0.816     -3.137   -111.012    111.060      0.378
   636         -2  (ubar)             -71   597   597   637   645     0   167      0.356     -0.674    -23.794     23.819      0.781
   637        423  (D*0)              -83   633   636  1063  1064     0     0     18.395     -9.139   -320.402    321.066      2.007
   638        111  (pi0)              -83   633   636  1065  1066     0     0      2.633     -1.366    -57.085     57.163      0.135
   639        211  pi+                 83   633   636     0     0     0     0      1.045     -0.387    -16.450     16.488      0.140
   640       -211  pi-                 83   633   636     0     0     0     0      3.171     -2.175    -61.820     61.939      0.140
   641        113  (rho0)             -83   633   636   936   937     0     0      1.273     -0.821    -30.926     30.976      0.900
   642        211  pi+                 83   633   636     0     0     0     0      1.109     -2.018    -65.083     65.124      0.140
   643       -211  pi-                 84   633   636     0     0     0     0     -0.029      0.162    -13.054     13.056      0.140
   644        211  pi+                 84   633   636     0     0     0     0     -0.003     -1.004    -33.207     33.222      0.140
   645       -211  pi-                 84   633   636     0     0     0     0      0.130     -0.070     -4.864      4.868      0.140
   646          1  (d)                -71   544   544   657   676   138     0     -0.347     -0.435      0.068      0.651      0.330
   647         21  (g)                -71   458   458   657   676   148   138     -1.430      0.795      0.172      1.645      0.000
   648         21  (g)                -71   442   442   657   676   134   148     -0.206      1.267      1.301      1.828      0.000
   649         21  (g)                -71   440   440   657   676   105   134      4.016      5.781     10.962     13.027      0.000
   650         21  (g)                -71   584   584   657   676   165   105     -0.865      2.036      9.785     10.047      0.563
   651         21  (g)                -71   478   478   657   676   112   165     -1.558      1.500      7.951      8.240      0.000
   652         21  (g)                -71   481   481   657   676   179   112     -0.743      0.260      3.659      3.743      0.000
   653         21  (g)                -71   521   521   657   676   124   179     -0.590     -0.300      4.238      4.290      0.000
   654         21  (g)                -71   581   581   657   676   203   124     -0.510     -1.946     14.697     14.836      0.225
   655         21  (g)                -71   498   498   657   676   120   203     -0.428     -5.061     23.953     24.485      0.000
   656         -1  (dbar)             -71   583   583   657   676     0   120      0.570     -2.496     15.177     15.420      0.950
   657       -211  pi-                 83   646   656     0     0     0     0     -0.664      0.025      0.215      0.712      0.140
   658        111  (pi0)              -83   646   656  1067  1068     0     0     -0.234      0.351     -0.151      0.469      0.135
   659        211  pi+                 83   646   656     0     0     0     0      0.172     -0.119      0.382      0.457      0.140
   660       -211  pi-                 83   646   656     0     0     0     0     -0.276     -0.130      0.093      0.348      0.140
   661        211  pi+                 83   646   656     0     0     0     0     -0.471      0.180      0.093      0.532      0.140
   662       -211  pi-                 83   646   656     0     0     0     0      0.070      0.065     -0.050      0.176      0.140
   663       3212  (Sigma0)           -83   646   656  1069  1070     0     0      1.528      2.916      5.332      6.379      1.193
   664      -3112  Sigmabar+           83   646   656     0     0     0     0      0.214      2.297      4.371      5.086      1.197
   665       -211  pi-                 83   646   656     0     0     0     0      0.525      0.400      0.940      1.157      0.140
   666        321  K+                  83   646   656     0     0     0     0      0.694      2.365      4.844      5.457      0.494
   667       -311  (Kbar0)            -83   646   656   938   938     0     0      0.391      0.685      3.196      3.329      0.498
   668       -211  pi-                 84   646   656     0     0     0     0     -1.986      0.923     10.672     10.895      0.140
   669        213  (rho+)             -84   646   656   939   940     0     0     -0.577      0.385      2.644      2.835      0.751
   670       -211  pi-                 84   646   656     0     0     0     0     -0.295     -0.223      5.825      5.838      0.140
   671        221  (eta)              -84   646   656  1071  1073     0     0     -0.701     -0.467      4.373      4.487      0.548
   672       2224  (Delta++)          -84   646   656   941   942     0     0     -0.442     -1.189      7.691      7.879      1.142
   673        111  (pi0)              -84   646   656  1074  1075     0     0      0.122     -1.040      5.866      5.961      0.135
   674      -2214  (Deltabar-)        -84   646   656   943   944     0     0     -0.259     -2.189     14.218     14.438      1.203
   675        111  (pi0)              -84   646   656  1076  1077     0     0      0.320     -0.673      3.175      3.265      0.135
   676        221  (eta)              -84   646   656  1078  1079     0     0     -0.221     -3.161     18.233     18.514      0.548
   677          2  (u)                -71   591   591   691   719   155     0      0.155      1.482    -11.255     11.374      0.673
   678         21  (g)                -71   520   520   691   719   123   155      1.199      2.084    -12.988     13.209      0.000
   679         21  (g)                -71   543   543   691   719   185   123      0.362      1.946     -9.728      9.927      0.000
   680         21  (g)                -71   590   590   691   719   181   185     -0.532      2.113     -9.431      9.688      0.398
   681         21  (g)                -71   535   535   691   719   137   181     -0.979     -3.913     -2.929      4.985      0.000
   682         21  (g)                -71   587   587   691   719   198   137      0.188     -1.539     -1.730      2.335      0.236
   683         21  (g)                -71   588   588   691   719   211   198      0.700     -2.505     -3.976      4.762      0.325
   684         21  (g)                -71   443   443   691   719   195   211      0.174     -2.629    -11.546     11.843      0.000
   685         21  (g)                -71   589   589   691   719   213   195     -1.822     -1.618     -9.709     10.016      0.344
   686         21  (g)                -71   593   593   691   719   199   213     -2.116     -1.766     -3.939      4.839      0.552
   687         21  (g)                -71   592   592   691   719   175   199     -1.282     -0.373     -0.509      1.497      0.448
   688         21  (g)                -71   441   441   691   719   133   175     -1.296      0.663      0.325      1.491      0.000
   689         21  (g)                -71   437   437   691   719   102   133     -6.094      0.958      3.046      6.879      0.000
   690         -2  (ubar)             -71   460   460   691   719     0   102     -4.022      2.111      1.079      4.681      0.330
   691        223  (omega)            -83   677   690  1080  1081     0     0      0.383      2.775    -17.219     17.463      0.772
   692        211  pi+                 83   677   690     0     0     0     0      0.727      0.809     -4.266      4.405      0.140
   693        111  (pi0)              -83   677   690  1082  1083     0     0      0.197      1.232     -5.544      5.684      0.135
   694       -211  pi-                 83   677   690     0     0     0     0     -0.170      0.397     -5.202      5.222      0.140
   695        211  pi+                 83   677   690     0     0     0     0      0.022      0.147     -1.051      1.071      0.140
   696       2112  n0                  83   677   690     0     0     0     0      0.082      0.986     -4.977      5.160      0.940
   697        113  (rho0)             -83   677   690   945   946     0     0     -0.535     -0.187     -1.222      1.511      0.686
   698      -2212  pbar-               83   677   690     0     0     0     0     -0.163     -0.795     -3.727      3.928      0.938
   699        113  (rho0)             -83   677   690   947   948     0     0      0.311     -0.359     -0.519      1.236      1.017
   700        111  (pi0)              -83   677   690  1084  1085     0     0     -0.168     -0.091     -0.366      0.435      0.135
   701        213  (rho+)             -83   677   690   949   950     0     0      0.762     -1.009     -3.955      4.193      0.588
   702        111  (pi0)              -83   677   690  1086  1087     0     0     -0.513     -0.380     -1.030      1.219      0.135
   703       -211  pi-                 83   677   690     0     0     0     0     -1.790      1.503      0.452      2.384      0.140
   704        211  pi+                 84   677   690     0     0     0     0     -1.373      0.569      0.956      1.773      0.140
   705        113  (rho0)             -84   677   690   951   952     0     0     -0.801     -1.834     -2.650      3.428      0.851
   706        113  (rho0)             -84   677   690   953   954     0     0     -0.361     -0.722     -3.230      3.452      0.915
   707        311  (K0)               -84   677   690   955   955     0     0      0.365     -2.144     -3.314      3.995      0.498
   708       -321  K-                  84   677   690     0     0     0     0     -0.380     -0.218     -1.944      2.053      0.494
   709        213  (rho+)             -84   677   690   956   957     0     0     -0.734     -1.312     -2.674      3.171      0.802
   710       -211  pi-                 84   677   690     0     0     0     0     -0.232     -2.025     -8.344      8.590      0.140
   711       2212  p+                  84   677   690     0     0     0     0     -0.678     -0.415     -2.063      2.401      0.938
   712       -211  pi-                 84   677   690     0     0     0     0     -1.353     -0.356     -3.047      3.356      0.140
   713      -2112  nbar0               84   677   690     0     0     0     0     -0.442     -0.413     -0.151      1.128      0.940
   714        113  (rho0)             -84   677   690   958   959     0     0     -1.203      0.243     -0.766      1.639      0.772
   715        211  pi+                 84   677   690     0     0     0     0     -0.195     -0.361      0.389      0.582      0.140
   716        111  (pi0)              -84   677   690  1088  1089     0     0     -1.728      0.195      0.172      1.752      0.135
   717       2112  n0                  84   677   690     0     0     0     0     -2.394      0.262      0.848      2.721      0.940
   718       -211  pi-                 84   677   690     0     0     0     0     -0.101     -0.039      0.000      0.177      0.140
   719      -2114  (Deltabar0)        -84   677   690   960   961     0     0     -2.899      0.553      1.153      3.396      1.221
   720          1  (d)                -71   493   493   722   733   118     0      1.038     -1.460    152.225    152.235      0.330
   721         -2  (ubar)             -71   577   577   722   733     0   118      0.151     -0.272    -11.181     11.190      0.330
   722        111  (pi0)              -83   720   721  1090  1091     0     0      0.186     -0.284      8.479      8.487      0.135
   723        111  (pi0)              -83   720   721  1092  1093     0     0      0.253     -0.344     38.787     38.789      0.135
   724       -213  (rho-)             -83   720   721   962   963     0     0      0.505     -0.410     87.095     87.101      0.763
   725        211  pi+                 83   720   721     0     0     0     0     -0.291     -0.283      3.700      3.724      0.140
   726        113  (rho0)             -83   720   721   964   965     0     0      0.472     -0.105     12.262     12.298      0.806
   727       -211  pi-                 83   720   721     0     0     0     0     -0.158     -0.087      1.442      1.460      0.140
   728        211  pi+                 84   720   721     0     0     0     0      0.061      0.170     -0.810      0.841      0.140
   729       -211  pi-                 84   720   721     0     0     0     0     -0.165     -0.416      0.163      0.496      0.140
   730        111  (pi0)              -84   720   721  1094  1095     0     0      0.053      0.159     -3.198      3.205      0.135
   731        111  (pi0)              -84   720   721  1096  1097     0     0      0.047      0.165     -0.537      0.579      0.135
   732        321  K+                  84   720   721     0     0     0     0      0.105     -0.044     -1.753      1.825      0.494
   733       -321  K-                  84   720   721     0     0     0     0      0.122     -0.252     -4.586      4.621      0.494
   734          2  (u)                -71   548   548   741   760   162     0      1.971      2.451     24.209     24.415      0.330
   735         21  (g)                -71   580   580   741   760   128   162      0.043      1.470     26.215     26.259      0.371
   736         21  (g)                -71   578   578   741   760   219   128     -0.053     -2.164   -414.561    414.567      0.026
   737         21  (g)                -71   515   515   741   760   125   219      0.260     -3.036   -345.132    345.145      0.000
   738         21  (g)                -71   523   523   741   760   176   125     -0.779      0.155    -42.745     42.752      0.000
   739         21  (g)                -71   455   455   741   760   193   176     -4.706      4.587   -190.781    190.894      0.000
   740         -4  (cbar)             -71   439   439   741   760     0   193     -5.289      3.372   -213.579    213.676      1.500
   741        223  (omega)            -83   734   740  1098  1100     0     0      0.738      0.970     12.855     12.937      0.786
   742        211  pi+                 83   734   740     0     0     0     0      0.206      0.610      6.473      6.507      0.140
   743       -211  pi-                 83   734   740     0     0     0     0      0.558      0.595      5.581      5.642      0.140
   744        221  (eta)              -83   734   740  1101  1103     0     0      0.313      0.599      8.594      8.638      0.548
   745       2114  (Delta0)           -83   734   740   966   967     0     0      0.264      0.472      5.732      5.897      1.275
   746        211  pi+                 83   734   740     0     0     0     0      0.008      1.071      9.220      9.283      0.140
   747      -2212  pbar-               84   734   740     0     0     0     0     -0.138     -0.396      1.180      1.565      0.938
   748        213  (rho+)             -84   734   740   968   969     0     0      0.340     -0.212     -0.746      1.122      0.736
   749        113  (rho0)             -84   734   740   970   971     0     0      0.122      0.226     -0.810      1.099      0.696
   750       -211  pi-                 84   734   740     0     0     0     0     -0.124     -0.284     -0.026      0.341      0.140
   751        211  pi+                 84   734   740     0     0     0     0     -0.422      0.383    -29.924     29.930      0.140
   752        311  (K0)               -84   734   740   972   972     0     0     -0.474     -1.157   -162.328    162.334      0.498
   753       -311  (Kbar0)            -84   734   740   973   973     0     0      0.819     -1.100   -105.926    105.936      0.498
   754        223  (omega)            -84   734   740  1104  1106     0     0     -0.354     -0.326   -113.270    113.274      0.785
   755       -213  (rho-)             -84   734   740   974   975     0     0      0.121     -1.805   -295.287    295.293      0.783
   756        323  (K*+)              -84   734   740   976   977     0     0     -0.557     -0.287    -52.432     52.442      0.853
   757       -313  (K*bar0)           -84   734   740   978   979     0     0     -1.214      0.525    -58.799     58.821      0.899
   758        221  (eta)              -84   734   740  1107  1109     0     0     -0.786      1.380    -44.728     44.760      0.548
   759        111  (pi0)              -84   734   740  1110  1111     0     0     -1.607      0.629    -92.135     92.151      0.135
   760       -413  (D*-)              -84   734   740  1112  1113     0     0     -6.368      4.943   -249.600    249.738      2.010
   761          1  (d)                -71   576   576   764   786   238     0      0.463     -0.032  -1540.409   1540.409      0.330
   762          2  (u)                -71   490   490   764   786   160     0     -2.466      1.807   -224.943    224.964      0.330
   763          2  (u)                -71   516   516   764   786   216     0     -1.235     -1.154   1288.594   1288.595      0.330
   764        211  pi+                 85   761   763     0     0     0     0     -0.131      0.280    -34.037     34.039      0.140
   765       -211  pi-                 85   761   763     0     0     0     0     -1.104      0.045    -60.737     60.748      0.140
   766        111  (pi0)              -86   761   763  1114  1115     0     0      0.195      0.104   -688.365    688.365      0.135
   767        111  (pi0)              -86   761   763  1116  1117     0     0     -0.187     -0.091   -366.789    366.789      0.135
   768       -213  (rho-)             -86   761   763   980   981     0     0      0.028      0.107   -261.743    261.745      0.969
   769        211  pi+                 86   761   763     0     0     0     0      0.350      0.285   -122.984    122.985      0.140
   770        213  (rho+)             -83   761   763   982   983     0     0     -0.930     -0.696    769.789    769.790      0.760
   771        111  (pi0)              -83   761   763  1118  1119     0     0     -0.405      0.262    395.453    395.453      0.135
   772        221  (eta)              -83   761   763  1120  1122     0     0      0.341     -0.857     83.693     83.700      0.548
   773        111  (pi0)              -83   761   763  1123  1124     0     0     -0.167     -0.041      3.876      3.882      0.135
   774        221  (eta)              -83   761   763  1125  1126     0     0     -0.298      0.382     15.210     15.228      0.548
   775       2112  n0                  83   761   763     0     0     0     0     -0.186     -0.025      9.708      9.755      0.940
   776      -2112  nbar0               83   761   763     0     0     0     0      0.644     -0.063      8.183      8.262      0.940
   777       -211  pi-                 83   761   763     0     0     0     0     -0.069      0.168      0.198      0.303      0.140
   778        211  pi+                 83   761   763     0     0     0     0     -0.176     -0.399      2.101      2.150      0.140
   779       -211  pi-                 84   761   763     0     0     0     0      0.033     -0.197     -0.763      0.801      0.140
   780        111  (pi0)              -84   761   763  1127  1128     0     0     -0.252      0.531     -0.501      0.785      0.135
   781        111  (pi0)              -84   761   763  1129  1130     0     0      0.172     -0.241     -6.629      6.637      0.135
   782       2212  p+                  84   761   763     0     0     0     0     -0.155      0.454    -18.102     18.133      0.938
   783      -2212  pbar-               84   761   763     0     0     0     0      0.148     -0.122    -11.717     11.756      0.938
   784        111  (pi0)              -84   761   763  1131  1132     0     0     -0.051     -0.351     -1.516      1.563      0.135
   785        111  (pi0)              -84   761   763  1133  1134     0     0     -0.163      0.964   -100.281    100.286      0.135
   786       2212  p+                  87   761   763     0     0     0     0     -0.873      0.122    -90.805     90.814      0.938
   787          2  (u)                -71   549   549   789   807   161     0      1.082     -1.535  -1801.801   1801.802      0.330
   788       2101  (ud_0)             -71   574   574   789   807     0   161      0.512     -0.247   1524.524   1524.525      0.579
   789        113  (rho0)             -83   787   788   984   985     0     0      0.953     -0.205   -722.096    722.097      0.676
   790        211  pi+                 83   787   788     0     0     0     0     -0.014     -1.319  -1017.294   1017.295      0.140
   791       -211  pi-                 83   787   788     0     0     0     0     -0.194      0.069    -25.552     25.553      0.140
   792        321  K+                  83   787   788     0     0     0     0      0.149      0.296    -23.134     23.141      0.494
   793       -321  K-                  83   787   788     0     0     0     0     -0.434     -0.519     -6.490      6.544      0.494
   794        113  (rho0)             -83   787   788   986   987     0     0      0.642      0.141     -5.276      5.430      1.102
   795        213  (rho+)             -83   787   788   988   989     0     0     -0.301      0.307     -1.069      1.351      0.705
   796       -211  pi-                 84   787   788     0     0     0     0      0.311     -0.328      0.571      0.741      0.140
   797        111  (pi0)              -84   787   788  1135  1136     0     0      0.157     -0.117     -0.131      0.271      0.135
   798        113  (rho0)             -84   787   788   990   991     0     0     -0.522      0.596      2.082      2.394      0.876
   799        213  (rho+)             -84   787   788   992   993     0     0      0.047     -0.778      3.079      3.320      0.967
   800        111  (pi0)              -84   787   788  1137  1138     0     0      0.531      0.153      1.817      1.904      0.135
   801       -211  pi-                 84   787   788     0     0     0     0     -0.188     -0.282      2.101      2.133      0.140
   802        321  K+                  84   787   788     0     0     0     0      0.165      0.892     21.249     21.274      0.494
   803       -321  K-                  84   787   788     0     0     0     0     -0.055     -0.515     59.782     59.787      0.494
   804        221  (eta)              -84   787   788  1139  1141     0     0     -0.262      0.137     57.826     57.830      0.548
   805        223  (omega)            -84   787   788  1142  1144     0     0      0.377      0.005    109.444    109.447      0.781
   806        323  (K*+)              -84   787   788   994   995     0     0     -0.256     -0.378    661.715    661.716      0.873
   807       3122  Lambda0             84   787   788     0     0     0     0      0.490      0.064    604.097    604.099      1.116
   808         21  (g)                -71   605   605   844   927   163   142     -1.422     -0.978    103.718    103.733      0.389
   809         21  (g)                -71   541   541   844   927   144   163     -2.430     -0.402     60.666     60.716      0.000
   810         21  (g)                -71   470   470   844   927   110   144     -1.306     -0.682     21.585     21.635      0.000
   811         21  (g)                -71   483   483   844   927   187   110      1.396      0.441      5.300      5.498      0.000
   812         21  (g)                -71   464   464   844   927   107   187      2.002     -0.568      6.470      6.796      0.000
   813         21  (g)                -71   454   454   844   927   101   107      0.565     -0.329      0.819      1.047      0.000
   814         21  (g)                -71   601   601   844   927   119   101      0.567     -2.525      2.150      3.374      0.258
   815         21  (g)                -71   484   484   844   927   191   119      1.056     -1.966      0.391      2.266      0.000
   816         21  (g)                -71   477   477   844   927   114   191      5.743     -3.285      0.554      6.640      0.000
   817         21  (g)                -71   502   502   844   927   230   114      0.157      0.553     -0.378      0.688      0.000
   818         21  (g)                -71   608   608   844   927   109   230      4.331      3.076    -11.809     12.959      0.499
   819         21  (g)                -71   496   496   844   927   182   109      2.972      4.007    -12.653     13.601      0.000
   820         21  (g)                -71   607   607   844   927   180   182      1.385      2.596     -6.073      6.761      0.413
   821         21  (g)                -71   452   452   844   927   189   180      0.033     -0.849     -4.957      5.029      0.000
   822         21  (g)                -71   489   489   844   927   206   189      0.705     -2.016    -22.830     22.929      0.000
   823         21  (g)                -71   602   602   844   927   210   206     -5.949      1.115    -43.141     43.564      0.307
   824         21  (g)                -71   538   538   844   927   143   210     -1.578      1.473     -9.741      9.978      0.000
   825         21  (g)                -71   603   603   844   927   140   143      3.546      0.605    -16.032     16.433      0.317
   826         21  (g)                -71   453   453   844   927   188   140      0.885     -0.086     -6.343      6.405      0.000
   827         21  (g)                -71   492   492   844   927   117   188      0.292      0.426    -16.380     16.388      0.000
   828         21  (g)                -71   505   505   844   927   147   117     -0.231      0.335    -43.517     43.518      0.000
   829         21  (g)                -71   450   450   844   927   178   147     -1.381      0.429   -241.785    241.790      0.000
   830         21  (g)                -71   448   448   844   927   126   178      0.399      2.625   -877.166    877.170      0.000
   831         21  (g)                -71   542   542   844   927   158   126      0.059      0.950     34.969     34.982      0.000
   832         21  (g)                -71   528   528   844   927   129   158     -4.473      3.589    112.320    112.466      0.000
   833         21  (g)                -71   600   600   844   927   204   129     -0.808      0.977     50.560     50.576      0.228
   834         21  (g)                -71   449   449   844   927   192   204     -0.470      1.264     74.943     74.955      0.000
   835         21  (g)                -71   540   540   844   927   141   192      0.166      2.458    450.144    450.151      0.000
   836         21  (g)                -71   599   599   844   927   177   141      0.692      2.109    418.679    418.685      0.160
   837         21  (g)                -71   604   604   844   927   152   177      0.390     -1.522     90.659     90.673      0.388
   838         21  (g)                -71   606   606   844   927   159   152     -0.581     -1.245    319.096    319.099      0.408
   839         21  (g)                -71   524   524   844   927   170   159     -0.222     -0.230   1200.721   1200.721      0.000
   840         21  (g)                -71   537   537   844   927   157   170     -0.386      0.265     80.141     80.142      0.000
   841         21  (g)                -71   469   469   844   927   153   157     -2.572     -0.133    402.126    402.134      0.000
   842         21  (g)                -71   480   480   844   927   136   153     -1.666      0.896     92.339     92.358      0.000
   843         21  (g)                -71   466   466   844   927   142   136     -1.368      0.002     68.241     68.255      0.000
   844        111  (pi0)              -83   808   843  1145  1146     0     0      0.337     -0.870    -14.062     14.094      0.135
   845        211  pi+                 83   808   843     0     0     0     0     -0.172      0.633    -18.187     18.199      0.140
   846        111  (pi0)              -83   808   843  1147  1148     0     0     -0.434     -0.168     -3.684      3.716      0.135
   847        113  (rho0)             -83   808   843   996   997     0     0      0.116      0.045     -1.592      1.801      0.832
   848        111  (pi0)              -83   808   843  1149  1150     0     0      0.194      0.188     -0.175      0.349      0.135
   849       -211  pi-                 83   808   843     0     0     0     0      0.189     -0.009     -0.199      0.308      0.140
   850        321  K+                  83   808   843     0     0     0     0     -0.486     -0.231      1.965      2.096      0.494
   851       -321  K-                  83   808   843     0     0     0     0      0.262     -0.003      1.477      1.579      0.494
   852        211  pi+                 83   808   843     0     0     0     0      0.430      0.165      0.039      0.483      0.140
   853        223  (omega)            -83   808   843  1151  1153     0     0     -0.287     -0.127      4.147      4.229      0.765
   854       2214  (Delta+)           -83   808   843   998   999     0     0     -2.252      2.368     64.405     64.499      1.225
   855        223  (omega)            -83   808   843  1154  1156     0     0     -0.251      1.146     56.040     56.057      0.782
   856      -2224  (Deltabar--)       -83   808   843  1000  1001     0     0     -1.644      2.015     72.254     72.312      1.275
   857        211  pi+                 83   808   843     0     0     0     0     -0.338      0.185      9.801      9.809      0.140
   858       -211  pi-                 83   808   843     0     0     0     0     -0.327      0.062     26.428     26.431      0.140
   859        111  (pi0)              -83   808   843  1157  1158     0     0     -0.483     -0.015     12.350     12.360      0.135
   860        213  (rho+)             -83   808   843  1002  1003     0     0     -0.015      1.391    111.933    111.943      0.706
   861        223  (omega)            -83   808   843  1159  1160     0     0     -0.143      0.512    121.496    121.499      0.780
   862        111  (pi0)              -83   808   843  1161  1162     0     0     -0.090      0.028      7.116      7.118      0.135
   863        313  (K*0)              -83   808   843  1004  1005     0     0      0.161      1.388    181.556    181.563      0.894
   864       -323  (K*-)              -83   808   843  1006  1007     0     0      0.510      1.834    415.609    415.614      0.954
   865        211  pi+                 83   808   843     0     0     0     0      0.400     -0.111     72.832     72.833      0.140
   866       2212  p+                  83   808   843     0     0     0     0     -0.850     -0.773    193.832    193.838      0.938
   867       -211  pi-                 83   808   843     0     0     0     0      0.187     -0.210     30.577     30.579      0.140
   868      -2212  pbar-               83   808   843     0     0     0     0     -0.021     -0.268    220.228    220.230      0.938
   869        211  pi+                 83   808   843     0     0     0     0     -0.111      0.256    147.873    147.874      0.140
   870        111  (pi0)              -83   808   843  1163  1164     0     0      0.562     -0.550    246.690    246.691      0.135
   871        311  (K0)               -83   808   843  1008  1008     0     0     -0.517      0.251     86.351     86.354      0.498
   872       -323  (K*-)              -83   808   843  1009  1010     0     0     -1.666     -0.676    570.494    570.498      1.065
   873        323  (K*+)              -83   808   843  1011  1012     0     0      0.092     -0.274    262.337    262.339      0.904
   874       -313  (K*bar0)           -83   808   843  1013  1014     0     0     -1.067      0.045    248.798    248.802      1.019
   875       -211  pi-                 83   808   843     0     0     0     0     -0.218      0.405     33.988     33.992      0.140
   876        111  (pi0)              -83   808   843  1165  1166     0     0     -2.564     -0.073    142.436    142.459      0.135
   877        111  (pi0)              -83   808   843  1167  1168     0     0     -0.130      0.168     25.815     25.816      0.135
   878        211  pi+                 83   808   843     0     0     0     0     -0.017     -0.191     17.892     17.893      0.140
   879       3122  Lambda0             83   808   843     0     0     0     0     -2.870     -0.562    114.134    114.177      1.116
   880      -3222  Sigmabar-           83   808   843     0     0     0     0     -0.998     -0.810     39.319     39.358      1.189
   881        211  pi+                 83   808   843     0     0     0     0     -0.043      0.059      2.066      2.072      0.140
   882        223  (omega)            -83   808   843  1169  1171     0     0     -0.455      0.051     27.892     27.906      0.780
   883       -211  pi-                 83   808   843     0     0     0     0     -0.650      0.196      6.475      6.512      0.140
   884        213  (rho+)             -83   808   843  1015  1016     0     0      0.109      0.226      6.616      6.658      0.698
   885        111  (pi0)              -83   808   843  1172  1173     0     0      0.526     -0.116      4.209      4.245      0.135
   886        111  (pi0)              -84   808   843  1174  1175     0     0      1.827     -1.158      3.683      4.273      0.135
   887       -213  (rho-)             -84   808   843  1017  1018     0     0      0.681     -0.820      2.107      2.577      1.031
   888        213  (rho+)             -84   808   843  1019  1020     0     0      1.145     -1.475      0.609      2.122      0.804
   889        113  (rho0)             -84   808   843  1021  1022     0     0      1.030     -0.366      0.222      1.384      0.821
   890       3112  Sigma-              84   808   843     0     0     0     0      1.454     -1.133      0.843      2.354      1.197
   891      -3112  Sigmabar+           84   808   843     0     0     0     0      1.516     -2.281      0.362      3.011      1.197
   892       -213  (rho-)             -84   808   843  1023  1024     0     0      0.771      0.055      0.238      1.131      0.790
   893        111  (pi0)              -84   808   843  1176  1177     0     0      0.434      0.202     -1.088      1.196      0.135
   894        211  pi+                 84   808   843     0     0     0     0      1.048     -0.752     -0.789      1.518      0.140
   895        221  (eta)              -84   808   843  1178  1180     0     0      0.056     -0.224     -1.148      1.293      0.548
   896        111  (pi0)              -84   808   843  1181  1182     0     0      1.151      0.794     -1.201      1.849      0.135
   897       3214  (Sigma*0)          -84   808   843  1025  1026     0     0      1.595      0.561     -3.327      3.972      1.361
   898        111  (pi0)              -84   808   843  1183  1184     0     0      0.508      0.375     -0.457      0.790      0.135
   899      -3222  Sigmabar-           84   808   843     0     0     0     0      0.665      1.633     -5.643      6.031      1.189
   900        213  (rho+)             -84   808   843  1027  1028     0     0      2.137      2.201     -5.004      5.917      0.748
   901       2112  n0                  84   808   843     0     0     0     0      1.303      1.274     -4.954      5.362      0.940
   902      -2112  nbar0               84   808   843     0     0     0     0      0.389      0.576     -5.091      5.223      0.940
   903       -213  (rho-)             -84   808   843  1029  1030     0     0      0.666     -0.160     -4.390      4.511      0.779
   904        211  pi+                 84   808   843     0     0     0     0     -0.166      0.483     -0.736      0.907      0.140
   905       -211  pi-                 84   808   843     0     0     0     0      1.187      0.646     -5.092      5.270      0.140
   906        113  (rho0)             -84   808   843  1031  1032     0     0     -0.411     -0.334     -9.971     10.014      0.765
   907        211  pi+                 84   808   843     0     0     0     0      0.161     -0.122     -0.576      0.626      0.140
   908        221  (eta)              -84   808   843  1185  1186     0     0     -0.512     -0.509     -7.310      7.366      0.548
   909        313  (K*0)              -84   808   843  1033  1034     0     0     -1.445     -0.126    -16.124     16.215      0.915
   910       -321  K-                  84   808   843     0     0     0     0     -0.773      0.229     -5.113      5.200      0.494
   911       2214  (Delta+)           -84   808   843  1035  1036     0     0     -1.121      0.426     -8.404      8.574      1.206
   912       -313  (K*bar0)           -84   808   843  1037  1038     0     0     -0.833      0.137     -9.243      9.349      1.124
   913      -3212  (Sigmabar0)        -84   808   843  1187  1188     0     0     -1.136      0.512    -14.705     14.806      1.193
   914       -211  pi-                 84   808   843     0     0     0     0     -0.045      0.350     -0.700      0.796      0.140
   915        113  (rho0)             -84   808   843  1039  1040     0     0      0.779      0.044     -3.452      3.579      0.537
   916        221  (eta)              -84   808   843  1189  1191     0     0      0.226      0.117     -7.383      7.407      0.548
   917       2224  (Delta++)          -84   808   843  1041  1042     0     0      1.557      1.122    -13.615     13.876      1.869
   918      -2214  (Deltabar-)        -84   808   843  1043  1044     0     0     -0.037      0.009    -29.228     29.252      1.182
   919       -211  pi-                 84   808   843     0     0     0     0      0.477     -0.067     -8.444      8.459      0.140
   920        321  K+                  84   808   843     0     0     0     0      0.097      0.031    -10.550     10.562      0.494
   921        333  (phi)              -84   808   843  1192  1193     0     0     -0.248      0.161   -151.871    151.875      1.024
   922       -321  K-                  84   808   843     0     0     0     0      0.257      0.449    -67.134     67.137      0.494
   923        111  (pi0)              -84   808   843  1194  1195     0     0     -1.128      1.935   -634.246    634.250      0.135
   924        223  (omega)            -84   808   843  1196  1198     0     0      0.191      0.047    -99.567     99.570      0.821
   925        113  (rho0)             -84   808   843  1045  1046     0     0      0.166      0.828   -103.638    103.644      0.711
   926        211  pi+                 84   808   843     0     0     0     0      0.106     -0.441    -24.167     24.171      0.140
   927       -211  pi-                 84   808   843     0     0     0     0     -0.200      0.571     -9.490      9.511      0.140
   928       -211  pi-                 91   612     0     0     0     0     0     -0.100     -0.005      0.742      0.761      0.140
   929        111  (pi0)              -91   612     0  1199  1200     0     0      1.228      0.326     13.704     13.763      0.135
   930       -211  pi-                 91   619     0     0     0     0     0     -0.326     -0.039      1.020      1.081      0.140
   931        111  (pi0)              -91   619     0  1201  1202     0     0     -1.682     -0.100      1.594      2.323      0.135
   932        211  pi+                 91   620     0     0     0     0     0     -1.046     -0.250      0.235      1.110      0.140
   933        111  (pi0)              -91   620     0  1203  1204     0     0     -0.186     -0.379      0.643      0.781      0.135
   934        310  K_S0                91   630   630     0     0     0     0      1.216      0.634      1.897      2.394      0.498
   935        130  K_L0                91   632   632     0     0     0     0      0.593      0.059     22.687     22.701      0.498
   936        211  pi+                 91   641     0     0     0     0     0      1.362     -0.654    -25.576     25.621      0.140
   937       -211  pi-                 91   641     0     0     0     0     0     -0.089     -0.167     -5.350      5.355      0.140
   938        310  K_S0                91   667   667     0     0     0     0      0.391      0.685      3.196      3.329      0.498
   939        211  pi+                 91   669     0     0     0     0     0     -0.528      0.562      1.855      2.013      0.140
   940        111  (pi0)              -91   669     0  1205  1206     0     0     -0.049     -0.177      0.789      0.821      0.135
   941       2212  p+                  91   672     0     0     0     0     0     -0.225     -0.973      6.149      6.300      0.938
   942        211  pi+                 91   672     0     0     0     0     0     -0.217     -0.215      1.542      1.578      0.140
   943      -2212  pbar-               91   674     0     0     0     0     0     -0.227     -1.401      9.058      9.217      0.938
   944        111  (pi0)              -91   674     0  1207  1208     0     0     -0.033     -0.788      5.160      5.222      0.135
   945        211  pi+                 91   697     0     0     0     0     0     -0.352      0.094     -1.028      1.100      0.140
   946       -211  pi-                 91   697     0     0     0     0     0     -0.183     -0.281     -0.193      0.412      0.140
   947        211  pi+                 91   699     0     0     0     0     0      0.618     -0.340     -0.148      0.734      0.140
   948       -211  pi-                 91   699     0     0     0     0     0     -0.308     -0.020     -0.371      0.502      0.140
   949        211  pi+                 91   701     0     0     0     0     0      0.667     -0.742     -3.489      3.632      0.140
   950        111  (pi0)              -91   701     0  1209  1210     0     0      0.095     -0.267     -0.465      0.562      0.135
   951        211  pi+                 91   705     0     0     0     0     0     -0.783     -0.794     -1.307      1.724      0.140
   952       -211  pi-                 91   705     0     0     0     0     0     -0.018     -1.040     -1.343      1.704      0.140
   953        111  (pi0)              -91   706     0  1211  1212     0     0      0.154      0.111     -0.472      0.526      0.135
   954         22  gamma               91   706     0     0     0     0     0     -0.514     -0.833     -2.758      2.926      0.000
   955        310  K_S0                91   707   707     0     0     0     0      0.365     -2.144     -3.314      3.995      0.498
   956        211  pi+                 91   709     0     0     0     0     0     -0.084     -0.037     -0.042      0.172      0.140
   957        111  (pi0)              -91   709     0  1213  1214     0     0     -0.650     -1.275     -2.632      2.999      0.135
   958        211  pi+                 91   714     0     0     0     0     0     -1.007     -0.033     -0.328      1.068      0.140
   959       -211  pi-                 91   714     0     0     0     0     0     -0.196      0.276     -0.438      0.571      0.140
   960      -2112  nbar0               91   719     0     0     0     0     0     -2.083      0.346      0.630      2.396      0.940
   961        111  (pi0)              -91   719     0  1215  1216     0     0     -0.816      0.207      0.523      1.000      0.135
   962       -211  pi-                 91   724     0     0     0     0     0      0.111     -0.515     58.658     58.660      0.140
   963        111  (pi0)              -91   724     0  1217  1218     0     0      0.394      0.104     28.437     28.440      0.135
   964        211  pi+                 91   726     0     0     0     0     0      0.643     -0.209      8.386      8.414      0.140
   965       -211  pi-                 91   726     0     0     0     0     0     -0.170      0.103      3.876      3.884      0.140
   966       2112  n0                  91   745     0     0     0     0     0      0.075      0.584      4.236      4.378      0.940
   967        111  (pi0)              -91   745     0  1219  1220     0     0      0.190     -0.112      1.496      1.519      0.135
   968        211  pi+                 91   748     0     0     0     0     0     -0.172     -0.192     -0.170      0.339      0.140
   969        111  (pi0)              -91   748     0  1221  1222     0     0      0.513     -0.020     -0.576      0.783      0.135
   970        211  pi+                 91   749     0     0     0     0     0      0.003      0.438     -0.547      0.714      0.140
   971       -211  pi-                 91   749     0     0     0     0     0      0.119     -0.211     -0.263      0.384      0.140
   972        130  K_L0                91   752   752     0     0     0     0     -0.474     -1.157   -162.328    162.334      0.498
   973        310  K_S0                91   753   753     0     0     0     0      0.819     -1.100   -105.926    105.936      0.498
   974       -211  pi-                 91   755     0     0     0     0     0     -0.286     -0.513    -79.898     79.901      0.140
   975        111  (pi0)              -91   755     0  1223  1224     0     0      0.406     -1.292   -215.388    215.393      0.135
   976        321  K+                  91   756     0     0     0     0     0     -0.308     -0.182    -45.527     45.531      0.494
   977        111  (pi0)              -91   756     0  1225  1226     0     0     -0.249     -0.104     -6.905      6.911      0.135
   978       -311  (Kbar0)            -91   757     0  1047  1047     0     0     -0.535      0.495    -37.834     37.844      0.498
   979        111  (pi0)              -91   757     0  1227  1228     0     0     -0.679      0.030    -20.965     20.977      0.135
   980       -211  pi-                 91   768     0     0     0     0     0     -0.322     -0.255   -144.796    144.796      0.140
   981        111  (pi0)              -91   768     0  1229  1230     0     0      0.351      0.362   -116.948    116.949      0.135
   982        211  pi+                 91   770     0     0     0     0     0     -0.728     -0.559    374.090    374.091      0.140
   983        111  (pi0)              -91   770     0  1231  1232     0     0     -0.201     -0.137    395.699    395.699      0.135
   984        211  pi+                 91   789     0     0     0     0     0      0.316     -0.238   -145.394    145.395      0.140
   985       -211  pi-                 91   789     0     0     0     0     0      0.637      0.033   -576.702    576.703      0.140
   986        211  pi+                 91   794     0     0     0     0     0     -0.102     -0.323     -2.114      2.145      0.140
   987       -211  pi-                 91   794     0     0     0     0     0      0.744      0.464     -3.163      3.285      0.140
   988        211  pi+                 91   795     0     0     0     0     0      0.180      0.173     -0.540      0.611      0.140
   989        111  (pi0)              -91   795     0  1233  1234     0     0     -0.481      0.134     -0.529      0.740      0.135
   990        211  pi+                 91   798     0     0     0     0     0     -0.686      0.415      1.074      1.348      0.140
   991       -211  pi-                 91   798     0     0     0     0     0      0.164      0.181      1.008      1.046      0.140
   992        211  pi+                 91   799     0     0     0     0     0     -0.267     -0.766      2.629      2.755      0.140
   993        111  (pi0)              -91   799     0  1235  1236     0     0      0.314     -0.012      0.450      0.565      0.135
   994        321  K+                  91   806     0     0     0     0     0     -0.094     -0.355    608.276    608.276      0.494
   995        111  (pi0)              -91   806     0  1237  1238     0     0     -0.163     -0.023     53.440     53.440      0.135
   996        211  pi+                 91   847     0     0     0     0     0      0.269     -0.129     -0.206      0.388      0.140
   997       -211  pi-                 91   847     0     0     0     0     0     -0.153      0.174     -1.387      1.413      0.140
   998       2112  n0                  91   854     0     0     0     0     0     -1.389      1.580     44.763     44.823      0.940
   999        211  pi+                 91   854     0     0     0     0     0     -0.863      0.788     19.641     19.676      0.140
  1000      -2212  pbar-               91   856     0     0     0     0     0     -1.394      1.337     50.682     50.727      0.938
  1001       -211  pi-                 91   856     0     0     0     0     0     -0.250      0.678     21.572     21.585      0.140
  1002        211  pi+                 91   860     0     0     0     0     0     -0.217      0.998     60.373     60.382      0.140
  1003        111  (pi0)              -91   860     0  1239  1240     0     0      0.202      0.393     51.559     51.561      0.135
  1004        321  K+                  91   863     0     0     0     0     0     -0.008      0.519     59.983     59.987      0.494
  1005       -211  pi-                 91   863     0     0     0     0     0      0.169      0.869    121.573    121.576      0.140
  1006       -311  (Kbar0)            -91   864     0  1048  1048     0     0      0.036      0.502    132.734    132.736      0.498
  1007       -211  pi-                 91   864     0     0     0     0     0      0.474      1.332    282.875    282.879      0.140
  1008        310  K_S0                91   871   871     0     0     0     0     -0.517      0.251     86.351     86.354      0.498
  1009       -311  (Kbar0)            -91   872     0  1049  1049     0     0     -0.330     -0.384    212.984    212.985      0.498
  1010       -211  pi-                 91   872     0     0     0     0     0     -1.336     -0.292    357.510    357.512      0.140
  1011        321  K+                  91   873     0     0     0     0     0     -0.055      0.116    139.779    139.780      0.494
  1012        111  (pi0)              -91   873     0  1241  1242     0     0      0.148     -0.390    122.559    122.559      0.135
  1013       -321  K-                  91   874     0     0     0     0     0     -1.021      0.303    206.456    206.459      0.494
  1014        211  pi+                 91   874     0     0     0     0     0     -0.046     -0.258     42.342     42.343      0.140
  1015        211  pi+                 91   884     0     0     0     0     0      0.095      0.071      6.087      6.090      0.140
  1016        111  (pi0)              -91   884     0  1243  1244     0     0      0.014      0.155      0.529      0.568      0.135
  1017       -211  pi-                 91   887     0     0     0     0     0     -0.245     -0.274      0.456      0.602      0.140
  1018        111  (pi0)              -91   887     0  1245  1246     0     0      0.926     -0.546      1.651      1.974      0.135
  1019        211  pi+                 91   888     0     0     0     0     0      0.446     -1.145      0.482      1.327      0.140
  1020        111  (pi0)              -91   888     0  1247  1248     0     0      0.699     -0.330      0.127      0.795      0.135
  1021        211  pi+                 91   889     0     0     0     0     0      0.022     -0.121     -0.185      0.262      0.140
  1022       -211  pi-                 91   889     0     0     0     0     0      1.007     -0.245      0.407      1.122      0.140
  1023       -211  pi-                 91   892     0     0     0     0     0      0.001      0.256      0.010      0.292      0.140
  1024        111  (pi0)              -91   892     0  1249  1250     0     0      0.770     -0.201      0.228      0.839      0.135
  1025       3122  Lambda0             91   897     0     0     0     0     0      1.087      0.316     -2.491      2.955      1.116
  1026        111  (pi0)              -91   897     0  1251  1252     0     0      0.508      0.245     -0.835      1.017      0.135
  1027        211  pi+                 91   900     0     0     0     0     0      0.980      1.503     -2.858      3.378      0.140
  1028        111  (pi0)              -91   900     0  1253  1254     0     0      1.157      0.699     -2.145      2.539      0.135
  1029       -211  pi-                 91   903     0     0     0     0     0      0.505     -0.089     -4.151      4.185      0.140
  1030        111  (pi0)              -91   903     0  1255  1256     0     0      0.161     -0.070     -0.239      0.326      0.135
  1031        211  pi+                 91   906     0     0     0     0     0     -0.325     -0.383     -9.481      9.495      0.140
  1032       -211  pi-                 91   906     0     0     0     0     0     -0.086      0.049     -0.490      0.519      0.140
  1033        311  (K0)               -91   909     0  1050  1050     0     0     -0.768     -0.160     -6.485      6.551      0.498
  1034        111  (pi0)              -91   909     0  1257  1258     0     0     -0.677      0.035     -9.639      9.664      0.135
  1035       2212  p+                  91   911     0     0     0     0     0     -0.959      0.554     -7.348      7.489      0.938
  1036        111  (pi0)              -91   911     0  1259  1260     0     0     -0.163     -0.128     -1.056      1.085      0.135
  1037       -321  K-                  91   912     0     0     0     0     0     -0.846      0.267     -8.892      8.949      0.494
  1038        211  pi+                 91   912     0     0     0     0     0      0.013     -0.130     -0.351      0.400      0.140
  1039        211  pi+                 91   915     0     0     0     0     0      0.784      0.083     -3.004      3.109      0.140
  1040       -211  pi-                 91   915     0     0     0     0     0     -0.004     -0.039     -0.448      0.471      0.140
  1041       2212  p+                  91   917     0     0     0     0     0      1.607      1.053     -8.719      8.977      0.938
  1042        211  pi+                 91   917     0     0     0     0     0     -0.049      0.069     -4.896      4.899      0.140
  1043      -2112  nbar0               91   918     0     0     0     0     0     -0.174      0.042    -21.308     21.329      0.940
  1044       -211  pi-                 91   918     0     0     0     0     0      0.137     -0.033     -7.920      7.923      0.140
  1045        211  pi+                 91   925     0     0     0     0     0     -0.152      0.475    -32.197     32.201      0.140
  1046       -211  pi-                 91   925     0     0     0     0     0      0.318      0.354    -71.441     71.443      0.140
  1047        310  K_S0                91   978   978     0     0     0     0     -0.535      0.495    -37.834     37.844      0.498
  1048        130  K_L0                91  1006  1006     0     0     0     0      0.036      0.502    132.734    132.736      0.498
  1049        310  K_S0                91  1009  1009     0     0     0     0     -0.330     -0.384    212.984    212.985      0.498
  1050        130  K_L0                91  1033  1033     0     0     0     0     -0.768     -0.160     -6.485      6.551      0.498
  1051         22  gamma               91   611     0     0     0     0     0      0.508      0.266      9.074      9.092      0.000
  1052         22  gamma               91   611     0     0     0     0     0      0.405      0.151      5.371      5.389      0.000
  1053         22  gamma               91   621     0     0     0     0     0     -0.986     -0.503      1.593      1.940      0.000
  1054         22  gamma               91   621     0     0     0     0     0     -1.899     -0.846      3.261      3.867      0.000
  1055         22  gamma               91   624     0     0     0     0     0      0.102     -0.089      0.826      0.837      0.000
  1056         22  gamma               91   624     0     0     0     0     0      0.100      0.034      1.086      1.092      0.000
  1057         22  gamma               91   625     0     0     0     0     0     -0.390      0.209      0.534      0.693      0.000
  1058         22  gamma               91   625     0     0     0     0     0     -0.170      0.208      0.343      0.436      0.000
  1059         22  gamma               91   629     0     0     0     0     0      0.713      0.621      0.782      1.227      0.000
  1060         22  gamma               91   629     0     0     0     0     0      0.075      0.024      0.097      0.125      0.000
  1061        130  K_L0                91   631     0     0     0     0     0      0.147     -0.046      0.973      1.103      0.498
  1062        310  K_S0                91   631     0     0     0     0     0      0.192     -0.128      1.528      1.624      0.498
  1063        421  (D0)               -91   637     0  1261  1262     0     0     17.403     -8.659   -301.080    301.712      1.865
  1064         22  gamma               91   637     0     0     0     0     0      0.992     -0.481    -19.322     19.354      0.000
  1065         22  gamma               91   638     0     0     0     0     0      2.541     -1.312    -54.494     54.569      0.000
  1066         22  gamma               91   638     0     0     0     0     0      0.093     -0.054     -2.591      2.593      0.000
  1067         22  gamma               91   658     0     0     0     0     0     -0.187      0.348     -0.142      0.420      0.000
  1068         22  gamma               91   658     0     0     0     0     0     -0.048      0.003     -0.009      0.049      0.000
  1069       3122  Lambda0             91   663     0     0     0     0     0      1.350      2.546      4.746      5.663      1.116
  1070         22  gamma               91   663     0     0     0     0     0      0.179      0.370      0.586      0.716      0.000
  1071        111  (pi0)              -91   671     0  1263  1264     0     0     -0.389     -0.342      2.487      2.544      0.135
  1072        111  (pi0)              -91   671     0  1265  1266     0     0     -0.050     -0.064      0.840      0.854      0.135
  1073        111  (pi0)              -91   671     0  1267  1268     0     0     -0.262     -0.061      1.046      1.089      0.135
  1074         22  gamma               91   673     0     0     0     0     0     -0.008     -0.507      2.782      2.827      0.000
  1075         22  gamma               91   673     0     0     0     0     0      0.130     -0.533      3.085      3.133      0.000
  1076         22  gamma               91   675     0     0     0     0     0      0.149     -0.229      0.936      0.975      0.000
  1077         22  gamma               91   675     0     0     0     0     0      0.171     -0.444      2.240      2.290      0.000
  1078         22  gamma               91   676     0     0     0     0     0      0.143     -1.469      7.702      7.842      0.000
  1079         22  gamma               91   676     0     0     0     0     0     -0.364     -1.691     10.531     10.672      0.000
  1080        211  pi+                 91   691     0     0     0     0     0     -0.152      0.665     -3.206      3.281      0.140
  1081       -211  pi-                 91   691     0     0     0     0     0      0.534      2.110    -14.013     14.182      0.140
  1082         22  gamma               91   693     0     0     0     0     0      0.055      0.133     -0.769      0.783      0.000
  1083         22  gamma               91   693     0     0     0     0     0      0.142      1.099     -4.775      4.902      0.000
  1084         22  gamma               91   700     0     0     0     0     0      0.004     -0.050     -0.043      0.066      0.000
  1085         22  gamma               91   700     0     0     0     0     0     -0.172     -0.040     -0.323      0.368      0.000
  1086         22  gamma               91   702     0     0     0     0     0     -0.362     -0.294     -0.847      0.967      0.000
  1087         22  gamma               91   702     0     0     0     0     0     -0.151     -0.086     -0.183      0.252      0.000
  1088         22  gamma               91   716     0     0     0     0     0     -0.221      0.007      0.064      0.230      0.000
  1089         22  gamma               91   716     0     0     0     0     0     -1.507      0.188      0.108      1.523      0.000
  1090         22  gamma               91   722     0     0     0     0     0      0.045     -0.040      0.648      0.651      0.000
  1091         22  gamma               91   722     0     0     0     0     0      0.141     -0.244      7.831      7.836      0.000
  1092         22  gamma               91   723     0     0     0     0     0      0.173     -0.123     19.333     19.334      0.000
  1093         22  gamma               91   723     0     0     0     0     0      0.079     -0.221     19.454     19.455      0.000
  1094         22  gamma               91   730     0     0     0     0     0      0.008     -0.015     -0.924      0.924      0.000
  1095         22  gamma               91   730     0     0     0     0     0      0.044      0.174     -2.274      2.281      0.000
  1096         22  gamma               91   731     0     0     0     0     0     -0.026      0.130     -0.388      0.410      0.000
  1097         22  gamma               91   731     0     0     0     0     0      0.073      0.035     -0.148      0.169      0.000
  1098        211  pi+                 91   741     0     0     0     0     0      0.514      0.266      4.856      4.892      0.140
  1099       -211  pi-                 91   741     0     0     0     0     0      0.273      0.581      5.774      5.811      0.140
  1100        111  (pi0)              -91   741     0  1269  1270     0     0     -0.048      0.123      2.226      2.234      0.135
  1101        211  pi+                 91   744     0     0     0     0     0     -0.025      0.155      1.665      1.678      0.140
  1102       -211  pi-                 91   744     0     0     0     0     0      0.073      0.257      3.317      3.330      0.140
  1103        111  (pi0)              -91   744     0  1271  1272     0     0      0.265      0.186      3.612      3.629      0.135
  1104        211  pi+                 91   754     0     0     0     0     0      0.055     -0.189    -26.362     26.363      0.140
  1105       -211  pi-                 91   754     0     0     0     0     0     -0.226     -0.213    -71.217     71.218      0.140
  1106        111  (pi0)              -91   754     0  1273  1274     0     0     -0.182      0.076    -15.691     15.693      0.135
  1107        211  pi+                 91   758     0     0     0     0     0     -0.220      0.433    -10.802     10.814      0.140
  1108       -211  pi-                 91   758     0     0     0     0     0     -0.091      0.281    -10.349     10.354      0.140
  1109        111  (pi0)              -91   758     0  1275  1276     0     0     -0.475      0.666    -23.577     23.591      0.135
  1110         22  gamma               91   759     0     0     0     0     0     -0.505      0.266    -30.049     30.055      0.000
  1111         22  gamma               91   759     0     0     0     0     0     -1.102      0.364    -62.085     62.096      0.000
  1112       -411  (D-)               -91   760     0  1277  1279     0     0     -5.966      4.666   -234.970    235.099      1.870
  1113        111  (pi0)              -91   760     0  1280  1281     0     0     -0.401      0.277    -14.630     14.639      0.135
  1114         22  gamma               91   766     0     0     0     0     0      0.199      0.087   -676.941    676.941      0.000
  1115         22  gamma               91   766     0     0     0     0     0     -0.004      0.017    -11.424     11.424      0.000
  1116         22  gamma               91   767     0     0     0     0     0     -0.148     -0.042   -325.880    325.880      0.000
  1117         22  gamma               91   767     0     0     0     0     0     -0.039     -0.048    -40.909     40.909      0.000
  1118         22  gamma               91   771     0     0     0     0     0     -0.054      0.075    111.630    111.630      0.000
  1119         22  gamma               91   771     0     0     0     0     0     -0.352      0.187    283.823    283.823      0.000
  1120        211  pi+                 91   772     0     0     0     0     0      0.067     -0.585     53.674     53.677      0.140
  1121       -211  pi-                 91   772     0     0     0     0     0      0.133     -0.092     10.868     10.870      0.140
  1122         22  gamma               91   772     0     0     0     0     0      0.140     -0.179     19.151     19.153      0.000
  1123         22  gamma               91   773     0     0     0     0     0     -0.157     -0.047      3.849      3.853      0.000
  1124         22  gamma               91   773     0     0     0     0     0     -0.010      0.007      0.027      0.030      0.000
  1125         22  gamma               91   774     0     0     0     0     0     -0.342      0.171     13.285     13.291      0.000
  1126         22  gamma               91   774     0     0     0     0     0      0.043      0.212      1.925      1.937      0.000
  1127         22  gamma               91   780     0     0     0     0     0     -0.001      0.013      0.008      0.015      0.000
  1128         22  gamma               91   780     0     0     0     0     0     -0.251      0.518     -0.510      0.769      0.000
  1129         22  gamma               91   781     0     0     0     0     0      0.184     -0.244     -5.955      5.963      0.000
  1130         22  gamma               91   781     0     0     0     0     0     -0.012      0.003     -0.674      0.674      0.000
  1131         22  gamma               91   784     0     0     0     0     0      0.036     -0.154     -0.509      0.533      0.000
  1132         22  gamma               91   784     0     0     0     0     0     -0.087     -0.196     -1.007      1.030      0.000
  1133         22  gamma               91   785     0     0     0     0     0     -0.158      0.703    -78.032     78.035      0.000
  1134         22  gamma               91   785     0     0     0     0     0     -0.005      0.261    -22.249     22.251      0.000
  1135         22  gamma               91   797     0     0     0     0     0      0.094      0.012     -0.051      0.107      0.000
  1136         22  gamma               91   797     0     0     0     0     0      0.063     -0.128     -0.080      0.164      0.000
  1137         22  gamma               91   800     0     0     0     0     0      0.520      0.120      1.712      1.793      0.000
  1138         22  gamma               91   800     0     0     0     0     0      0.011      0.034      0.105      0.111      0.000
  1139        111  (pi0)              -91   804     0  1282  1283     0     0     -0.044     -0.018      8.866      8.868      0.135
  1140        111  (pi0)              -91   804     0  1284  1285     0     0     -0.014      0.069      8.471      8.472      0.135
  1141        111  (pi0)              -91   804     0  1286  1287     0     0     -0.204      0.085     40.489     40.490      0.135
  1142        211  pi+                 91   805     0     0     0     0     0      0.251     -0.193     44.983     44.984      0.140
  1143       -211  pi-                 91   805     0     0     0     0     0      0.196      0.004     43.298     43.299      0.140
  1144        111  (pi0)              -91   805     0  1288  1289     0     0     -0.071      0.193     21.162     21.164      0.135
  1145         22  gamma               91   844     0     0     0     0     0      0.019     -0.133     -2.622      2.625      0.000
  1146         22  gamma               91   844     0     0     0     0     0      0.318     -0.737    -11.440     11.468      0.000
  1147         22  gamma               91   846     0     0     0     0     0     -0.251     -0.025     -1.996      2.012      0.000
  1148         22  gamma               91   846     0     0     0     0     0     -0.183     -0.142     -1.688      1.704      0.000
  1149         22  gamma               91   848     0     0     0     0     0      0.117      0.159     -0.058      0.206      0.000
  1150         22  gamma               91   848     0     0     0     0     0      0.077      0.029     -0.118      0.143      0.000
  1151        211  pi+                 91   853     0     0     0     0     0     -0.127     -0.281      1.521      1.558      0.140
  1152       -211  pi-                 91   853     0     0     0     0     0     -0.212      0.000      1.046      1.077      0.140
  1153        111  (pi0)              -91   853     0  1290  1291     0     0      0.052      0.154      1.580      1.594      0.135
  1154        211  pi+                 91   855     0     0     0     0     0      0.095      0.114     11.129     11.131      0.140
  1155       -211  pi-                 91   855     0     0     0     0     0     -0.066      0.755     31.415     31.424      0.140
  1156        111  (pi0)              -91   855     0  1292  1293     0     0     -0.280      0.277     13.495     13.502      0.135
  1157         22  gamma               91   859     0     0     0     0     0     -0.467     -0.037     11.075     11.085      0.000
  1158         22  gamma               91   859     0     0     0     0     0     -0.016      0.022      1.275      1.275      0.000
  1159        111  (pi0)              -91   861     0  1294  1295     0     0      0.295      0.306     48.146     48.148      0.135
  1160         22  gamma               91   861     0     0     0     0     0     -0.438      0.206     73.350     73.352      0.000
  1161         22  gamma               91   862     0     0     0     0     0     -0.026      0.040      0.716      0.718      0.000
  1162         22  gamma               91   862     0     0     0     0     0     -0.064     -0.012      6.400      6.400      0.000
  1163         22  gamma               91   870     0     0     0     0     0      0.152     -0.235     92.555     92.556      0.000
  1164         22  gamma               91   870     0     0     0     0     0      0.410     -0.315    154.135    154.136      0.000
  1165         22  gamma               91   876     0     0     0     0     0     -1.333      0.015     76.225     76.237      0.000
  1166         22  gamma               91   876     0     0     0     0     0     -1.231     -0.089     66.211     66.222      0.000
  1167         22  gamma               91   877     0     0     0     0     0     -0.015      0.121     15.536     15.536      0.000
  1168         22  gamma               91   877     0     0     0     0     0     -0.115      0.048     10.279     10.280      0.000
  1169        211  pi+                 91   882     0     0     0     0     0     -0.010     -0.077      4.390      4.393      0.140
  1170       -211  pi-                 91   882     0     0     0     0     0     -0.268      0.245      7.747      7.757      0.140
  1171        111  (pi0)              -91   882     0  1296  1297     0     0     -0.177     -0.118     15.754     15.756      0.135
  1172         22  gamma               91   885     0     0     0     0     0      0.130      0.030      1.002      1.011      0.000
  1173         22  gamma               91   885     0     0     0     0     0      0.396     -0.146      3.207      3.235      0.000
  1174         22  gamma               91   886     0     0     0     0     0      0.867     -0.629      1.826      2.117      0.000
  1175         22  gamma               91   886     0     0     0     0     0      0.960     -0.529      1.857      2.156      0.000
  1176         22  gamma               91   893     0     0     0     0     0      0.197      0.165     -0.576      0.631      0.000
  1177         22  gamma               91   893     0     0     0     0     0      0.238      0.036     -0.512      0.566      0.000
  1178        111  (pi0)              -91   895     0  1298  1299     0     0      0.112     -0.109     -0.468      0.511      0.135
  1179        111  (pi0)              -91   895     0  1300  1301     0     0      0.043      0.036     -0.371      0.399      0.135
  1180        111  (pi0)              -91   895     0  1302  1303     0     0     -0.099     -0.151     -0.309      0.382      0.135
  1181         22  gamma               91   896     0     0     0     0     0      0.979      0.692     -1.085      1.617      0.000
  1182         22  gamma               91   896     0     0     0     0     0      0.173      0.103     -0.116      0.232      0.000
  1183         22  gamma               91   898     0     0     0     0     0      0.085      0.011     -0.040      0.094      0.000
  1184         22  gamma               91   898     0     0     0     0     0      0.423      0.364     -0.417      0.696      0.000
  1185         22  gamma               91   908     0     0     0     0     0     -0.072     -0.081     -3.876      3.877      0.000
  1186         22  gamma               91   908     0     0     0     0     0     -0.440     -0.428     -3.434      3.488      0.000
  1187      -3122  Lambdabar0          91   913     0     0     0     0     0     -1.038      0.543    -14.054     14.147      1.116
  1188         22  gamma               91   913     0     0     0     0     0     -0.098     -0.031     -0.651      0.659      0.000
  1189        111  (pi0)              -91   916     0  1304  1305     0     0      0.067     -0.056     -2.597      2.602      0.135
  1190        111  (pi0)              -91   916     0  1306  1307     0     0      0.195      0.133     -3.707      3.717      0.135
  1191        111  (pi0)              -91   916     0  1308  1309     0     0     -0.036      0.041     -1.078      1.088      0.135
  1192        321  K+                  91   921     0     0     0     0     0      0.005      0.079    -79.181     79.183      0.494
  1193       -321  K-                  91   921     0     0     0     0     0     -0.253      0.082    -72.690     72.692      0.494
  1194         22  gamma               91   923     0     0     0     0     0     -0.993      1.781   -576.256    576.260      0.000
  1195         22  gamma               91   923     0     0     0     0     0     -0.134      0.154    -57.990     57.990      0.000
  1196        211  pi+                 91   924     0     0     0     0     0      0.004      0.276    -40.892     40.894      0.140
  1197       -211  pi-                 91   924     0     0     0     0     0      0.269     -0.206    -44.595     44.597      0.140
  1198        111  (pi0)              -91   924     0  1310  1311     0     0     -0.082     -0.023    -14.079     14.080      0.135
  1199         22  gamma               91   929     0     0     0     0     0      1.194      0.339     13.251     13.309      0.000
  1200         22  gamma               91   929     0     0     0     0     0      0.034     -0.012      0.453      0.454      0.000
  1201         22  gamma               91   931     0     0     0     0     0     -0.801      0.006      0.813      1.141      0.000
  1202         22  gamma               91   931     0     0     0     0     0     -0.881     -0.106      0.781      1.182      0.000
  1203         22  gamma               91   933     0     0     0     0     0     -0.111     -0.343      0.525      0.636      0.000
  1204         22  gamma               91   933     0     0     0     0     0     -0.075     -0.037      0.119      0.145      0.000
  1205         22  gamma               91   940     0     0     0     0     0      0.030     -0.134      0.449      0.470      0.000
  1206         22  gamma               91   940     0     0     0     0     0     -0.079     -0.043      0.340      0.351      0.000
  1207         22  gamma               91   944     0     0     0     0     0     -0.004     -0.750      4.748      4.807      0.000
  1208         22  gamma               91   944     0     0     0     0     0     -0.029     -0.037      0.412      0.414      0.000
  1209         22  gamma               91   950     0     0     0     0     0      0.004      0.012     -0.002      0.013      0.000
  1210         22  gamma               91   950     0     0     0     0     0      0.090     -0.279     -0.463      0.549      0.000
  1211         22  gamma               91   953     0     0     0     0     0      0.073      0.004     -0.065      0.098      0.000
  1212         22  gamma               91   953     0     0     0     0     0      0.081      0.106     -0.407      0.428      0.000
  1213         22  gamma               91   957     0     0     0     0     0     -0.072     -0.069     -0.168      0.195      0.000
  1214         22  gamma               91   957     0     0     0     0     0     -0.578     -1.206     -2.464      2.803      0.000
  1215         22  gamma               91   961     0     0     0     0     0     -0.779      0.165      0.482      0.931      0.000
  1216         22  gamma               91   961     0     0     0     0     0     -0.037      0.042      0.041      0.069      0.000
  1217         22  gamma               91   963     0     0     0     0     0      0.222      0.095     20.192     20.193      0.000
  1218         22  gamma               91   963     0     0     0     0     0      0.172      0.010      8.245      8.247      0.000
  1219         22  gamma               91   967     0     0     0     0     0      0.015      0.025      0.084      0.089      0.000
  1220         22  gamma               91   967     0     0     0     0     0      0.174     -0.137      1.413      1.430      0.000
  1221         22  gamma               91   969     0     0     0     0     0      0.397     -0.006     -0.352      0.531      0.000
  1222         22  gamma               91   969     0     0     0     0     0      0.116     -0.014     -0.224      0.252      0.000
  1223         22  gamma               91   975     0     0     0     0     0      0.258     -0.788   -141.952    141.954      0.000
  1224         22  gamma               91   975     0     0     0     0     0      0.148     -0.504    -73.436     73.438      0.000
  1225         22  gamma               91   977     0     0     0     0     0     -0.018      0.029     -1.030      1.030      0.000
  1226         22  gamma               91   977     0     0     0     0     0     -0.231     -0.133     -5.875      5.881      0.000
  1227         22  gamma               91   979     0     0     0     0     0     -0.306     -0.053     -9.786      9.791      0.000
  1228         22  gamma               91   979     0     0     0     0     0     -0.372      0.082    -11.179     11.186      0.000
  1229         22  gamma               91   981     0     0     0     0     0      0.345      0.339   -115.069    115.070      0.000
  1230         22  gamma               91   981     0     0     0     0     0      0.006      0.023     -1.879      1.879      0.000
  1231         22  gamma               91   983     0     0     0     0     0     -0.125     -0.064    127.365    127.365      0.000
  1232         22  gamma               91   983     0     0     0     0     0     -0.077     -0.073    268.334    268.334      0.000
  1233         22  gamma               91   989     0     0     0     0     0     -0.303      0.072     -0.233      0.389      0.000
  1234         22  gamma               91   989     0     0     0     0     0     -0.178      0.062     -0.296      0.351      0.000
  1235         22  gamma               91   993     0     0     0     0     0      0.076     -0.023      0.220      0.234      0.000
  1236         22  gamma               91   993     0     0     0     0     0      0.238      0.011      0.229      0.331      0.000
  1237         22  gamma               91   995     0     0     0     0     0      0.006      0.034      8.253      8.253      0.000
  1238         22  gamma               91   995     0     0     0     0     0     -0.168     -0.057     45.186     45.187      0.000
  1239         22  gamma               91  1003     0     0     0     0     0      0.146      0.190     21.519     21.520      0.000
  1240         22  gamma               91  1003     0     0     0     0     0      0.057      0.203     30.041     30.041      0.000
  1241         22  gamma               91  1012     0     0     0     0     0      0.058     -0.028     15.242     15.242      0.000
  1242         22  gamma               91  1012     0     0     0     0     0      0.090     -0.362    107.317    107.317      0.000
  1243         22  gamma               91  1016     0     0     0     0     0     -0.015      0.168      0.388      0.423      0.000
  1244         22  gamma               91  1016     0     0     0     0     0      0.029     -0.013      0.141      0.144      0.000
  1245         22  gamma               91  1018     0     0     0     0     0      0.177     -0.166      0.405      0.473      0.000
  1246         22  gamma               91  1018     0     0     0     0     0      0.748     -0.380      1.245      1.502      0.000
  1247         22  gamma               91  1020     0     0     0     0     0      0.339     -0.109      0.008      0.356      0.000
  1248         22  gamma               91  1020     0     0     0     0     0      0.361     -0.221      0.119      0.439      0.000
  1249         22  gamma               91  1024     0     0     0     0     0      0.493     -0.061      0.144      0.517      0.000
  1250         22  gamma               91  1024     0     0     0     0     0      0.277     -0.140      0.084      0.322      0.000
  1251         22  gamma               91  1026     0     0     0     0     0      0.280      0.083     -0.512      0.589      0.000
  1252         22  gamma               91  1026     0     0     0     0     0      0.228      0.162     -0.324      0.428      0.000
  1253         22  gamma               91  1028     0     0     0     0     0      1.111      0.663     -2.095      2.463      0.000
  1254         22  gamma               91  1028     0     0     0     0     0      0.046      0.035     -0.050      0.076      0.000
  1255         22  gamma               91  1030     0     0     0     0     0      0.145     -0.023     -0.233      0.276      0.000
  1256         22  gamma               91  1030     0     0     0     0     0      0.016     -0.047     -0.005      0.050      0.000
  1257         22  gamma               91  1034     0     0     0     0     0     -0.452     -0.039     -6.563      6.578      0.000
  1258         22  gamma               91  1034     0     0     0     0     0     -0.226      0.073     -3.077      3.086      0.000
  1259         22  gamma               91  1036     0     0     0     0     0     -0.049      0.014     -0.421      0.424      0.000
  1260         22  gamma               91  1036     0     0     0     0     0     -0.113     -0.142     -0.635      0.660      0.000
  1261       -313  (K*bar0)           -91  1063     0  1312  1313     0     0     12.707     -6.517   -221.000    221.463      0.874
  1262        223  (omega)            -91  1063     0  1314  1316     0     0      4.696     -2.141    -80.079     80.249      0.779
  1263         22  gamma               91  1071     0     0     0     0     0     -0.032      0.003      0.283      0.285      0.000
  1264         22  gamma               91  1071     0     0     0     0     0     -0.357     -0.344      2.204      2.259      0.000
  1265         22  gamma               91  1072     0     0     0     0     0     -0.011     -0.023      0.734      0.735      0.000
  1266         22  gamma               91  1072     0     0     0     0     0     -0.039     -0.041      0.106      0.120      0.000
  1267         22  gamma               91  1073     0     0     0     0     0     -0.247     -0.014      0.797      0.835      0.000
  1268         22  gamma               91  1073     0     0     0     0     0     -0.015     -0.047      0.249      0.254      0.000
  1269         22  gamma               91  1100     0     0     0     0     0      0.001      0.137      1.656      1.662      0.000
  1270         22  gamma               91  1100     0     0     0     0     0     -0.049     -0.014      0.569      0.572      0.000
  1271         22  gamma               91  1103     0     0     0     0     0      0.166      0.102      2.790      2.796      0.000
  1272         22  gamma               91  1103     0     0     0     0     0      0.099      0.085      0.823      0.833      0.000
  1273         22  gamma               91  1106     0     0     0     0     0     -0.117      0.048     -5.011      5.012      0.000
  1274         22  gamma               91  1106     0     0     0     0     0     -0.066      0.028    -10.680     10.680      0.000
  1275         22  gamma               91  1109     0     0     0     0     0     -0.277      0.274    -10.900     10.907      0.000
  1276         22  gamma               91  1109     0     0     0     0     0     -0.197      0.392    -12.677     12.685      0.000
  1277       -321  K-                  91  1112     0     0     0     0     0     -1.787      1.827    -81.555     81.596      0.494
  1278       -311  (Kbar0)            -91  1112     0  1317  1317     0     0     -1.253      0.595    -42.316     42.342      0.498
  1279       -311  (Kbar0)            -91  1112     0  1318  1318     0     0     -2.926      2.244   -111.098    111.161      0.498
  1280         22  gamma               91  1113     0     0     0     0     0     -0.271      0.116     -9.460      9.464      0.000
  1281         22  gamma               91  1113     0     0     0     0     0     -0.130      0.161     -5.170      5.175      0.000
  1282         22  gamma               91  1139     0     0     0     0     0     -0.015      0.035      0.794      0.795      0.000
  1283         22  gamma               91  1139     0     0     0     0     0     -0.029     -0.053      8.072      8.072      0.000
  1284         22  gamma               91  1140     0     0     0     0     0     -0.034     -0.009      0.647      0.648      0.000
  1285         22  gamma               91  1140     0     0     0     0     0      0.020      0.077      7.824      7.824      0.000
  1286         22  gamma               91  1141     0     0     0     0     0     -0.151      0.117     34.031     34.032      0.000
  1287         22  gamma               91  1141     0     0     0     0     0     -0.053     -0.031      6.458      6.458      0.000
  1288         22  gamma               91  1144     0     0     0     0     0     -0.012      0.005      0.154      0.155      0.000
  1289         22  gamma               91  1144     0     0     0     0     0     -0.059      0.189     21.008     21.009      0.000
  1290         22  gamma               91  1153     0     0     0     0     0     -0.030      0.025      0.682      0.683      0.000
  1291         22  gamma               91  1153     0     0     0     0     0      0.082      0.129      0.898      0.911      0.000
  1292         22  gamma               91  1156     0     0     0     0     0     -0.163      0.234      8.198      8.203      0.000
  1293         22  gamma               91  1156     0     0     0     0     0     -0.117      0.043      5.297      5.299      0.000
  1294         22  gamma               91  1159     0     0     0     0     0      0.030      0.101     14.957     14.957      0.000
  1295         22  gamma               91  1159     0     0     0     0     0      0.266      0.205     33.188     33.190      0.000
  1296         22  gamma               91  1171     0     0     0     0     0     -0.189     -0.081     11.469     11.471      0.000
  1297         22  gamma               91  1171     0     0     0     0     0      0.012     -0.037      4.285      4.285      0.000
  1298         22  gamma               91  1178     0     0     0     0     0     -0.015     -0.070     -0.202      0.214      0.000
  1299         22  gamma               91  1178     0     0     0     0     0      0.127     -0.039     -0.266      0.297      0.000
  1300         22  gamma               91  1179     0     0     0     0     0     -0.014      0.056     -0.301      0.306      0.000
  1301         22  gamma               91  1179     0     0     0     0     0      0.057     -0.020     -0.071      0.093      0.000
  1302         22  gamma               91  1180     0     0     0     0     0      0.023     -0.032     -0.127      0.133      0.000
  1303         22  gamma               91  1180     0     0     0     0     0     -0.122     -0.120     -0.182      0.250      0.000
  1304         22  gamma               91  1189     0     0     0     0     0     -0.028     -0.013     -1.429      1.429      0.000
  1305         22  gamma               91  1189     0     0     0     0     0      0.095     -0.043     -1.168      1.173      0.000
  1306         22  gamma               91  1190     0     0     0     0     0      0.103      0.102     -2.974      2.978      0.000
  1307         22  gamma               91  1190     0     0     0     0     0      0.092      0.031     -0.733      0.740      0.000
  1308         22  gamma               91  1191     0     0     0     0     0     -0.027      0.085     -0.880      0.885      0.000
  1309         22  gamma               91  1191     0     0     0     0     0     -0.009     -0.045     -0.198      0.203      0.000
  1310         22  gamma               91  1198     0     0     0     0     0      0.017     -0.052     -5.589      5.589      0.000
  1311         22  gamma               91  1198     0     0     0     0     0     -0.099      0.029     -8.490      8.491      0.000
  1312       -321  K-                  91  1261     0     0     0     0     0      4.580     -2.229    -78.861     79.027      0.494
  1313        211  pi+                 91  1261     0     0     0     0     0      8.127     -4.288   -142.139    142.436      0.140
  1314        211  pi+                 91  1262     0     0     0     0     0      2.271     -1.235    -36.324     36.416      0.140
  1315       -211  pi-                 91  1262     0     0     0     0     0      0.862     -0.379    -17.038     17.065      0.140
  1316        111  (pi0)              -91  1262     0  1319  1320     0     0      1.562     -0.527    -26.717     26.768      0.135
  1317        130  K_L0                91  1278  1278     0     0     0     0     -1.253      0.595    -42.316     42.342      0.498
  1318        130  K_L0                91  1279  1279     0     0     0     0     -2.926      2.244   -111.098    111.161      0.498
  1319         22  gamma               91  1316     0     0     0     0     0      1.423     -0.445    -23.728     23.774      0.000
  1320         22  gamma               91  1316     0     0     0     0     0      0.139     -0.082     -2.989      2.994      0.000
                                   Charge sum:  2.000           Momentum sum:      0.000      0.000     -0.000  13600.000  13600.000

 --------  End PYTHIA Event Listing  -----------------------------------------------------------------------------------------------
 PYTHIA Warning in SimpleSpaceShower::pT2nextQCD: weight above unity
 PYTHIA Warning in SimpleSpaceShower::pT2nextQCD: small daughter PDF
 PYTHIA Error in BeamRemnants::setKinematics: kinematics construction failed after retrying 10 times

 Pythia::next(): 1000 events have been generated 

 Pythia::next(): 2000 events have been generated 
1% | Elapsed: 0h 1m 6s | Remaining: 1h 48m 54s
 PYTHIA Warning in MultipartonInteractions::pTnext: weight above unity

 Pythia::next(): 3000 events have been generated 
2% | Elapsed: 0h 1m 22s | Remaining: 1h 6m 58s
 PYTHIA Error in SimpleSpaceShower::pT2nearThreshold: stuck in loop

 Pythia::next(): 4000 events have been generated 
3% | Elapsed: 0h 2m 12s | Remaining: 1h 11m 8s

 Pythia::next(): 5000 events have been generated 
4% | Elapsed: 0h 2m 40s | Remaining: 1h 4m 0s

 Pythia::next(): 6000 events have been generated 

 Pythia::next(): 7000 events have been generated 
5% | Elapsed: 0h 3m 46s | Remaining: 1h 11m 34s

 Pythia::next(): 8000 events have been generated 
 PYTHIA Error in StringFragmentation::fragment: stuck in joining
 PYTHIA Error in Pythia::next: hadronLevel failed; try again

 Pythia::next(): 9000 events have been generated 
6% | Elapsed: 0h 4m 30s | Remaining: 1h 10m 30s

 Pythia::next(): 10000 events have been generated 
 PYTHIA Warning in Pythia::check: energy-momentum not quite conserved

 Pythia::next(): 11000 events have been generated 
7% | Elapsed: 0h 5m 9s | Remaining: 1h 8m 25s

 Pythia::next(): 12000 events have been generated 
8% | Elapsed: 0h 5m 43s | Remaining: 1h 5m 44s

 Pythia::next(): 13000 events have been generated 
9% | Elapsed: 0h 6m 16s | Remaining: 1h 3m 21s

 Pythia::next(): 14000 events have been generated 

 Pythia::next(): 15000 events have been generated 
10% | Elapsed: 0h 7m 1s | Remaining: 1h 3m 9s

 Pythia::next(): 16000 events have been generated 
11% | Elapsed: 0h 7m 31s | Remaining: 1h 0m 49s

 Pythia::next(): 17000 events have been generated 
12% | Elapsed: 0h 8m 2s | Remaining: 0h 58m 54s

 Pythia::next(): 18000 events have been generated 
13% | Elapsed: 0h 8m 39s | Remaining: 0h 57m 53s

 Pythia::next(): 19000 events have been generated 
 PYTHIA Error in SimpleSpaceShower::pT2nearThreshold: xPDF = 0
14% | Elapsed: 0h 9m 10s | Remaining: 0h 56m 18s

 Pythia::next(): 20000 events have been generated 
15% | Elapsed: 0h 9m 48s | Remaining: 0h 55m 32s

 Pythia::next(): 21000 events have been generated 

 Pythia::next(): 22000 events have been generated 
16% | Elapsed: 0h 10m 29s | Remaining: 0h 55m 2s

 Pythia::next(): 23000 events have been generated 
17% | Elapsed: 0h 11m 10s | Remaining: 0h 54m 31s

 Pythia::next(): 24000 events have been generated 
18% | Elapsed: 0h 11m 49s | Remaining: 0h 53m 49s

 Pythia::next(): 25000 events have been generated 

 Pythia::next(): 26000 events have been generated 
 PYTHIA Warning in HadronWidths::pickMasses: angular momentum and running widths not used
19% | Elapsed: 0h 12m 42s | Remaining: 0h 54m 8s

 Pythia::next(): 27000 events have been generated 

 Pythia::next(): 28000 events have been generated 
20% | Elapsed: 0h 13m 31s | Remaining: 0h 54m 4s

 Pythia::next(): 29000 events have been generated 
21% | Elapsed: 0h 14m 17s | Remaining: 0h 53m 43s

 Pythia::next(): 30000 events have been generated 

 Pythia::next(): 31000 events have been generated 
22% | Elapsed: 0h 14m 55s | Remaining: 0h 52m 53s

 Pythia::next(): 32000 events have been generated 
23% | Elapsed: 0h 15m 48s | Remaining: 0h 52m 53s

 Pythia::next(): 33000 events have been generated 

 Pythia::next(): 34000 events have been generated 
24% | Elapsed: 0h 16m 25s | Remaining: 0h 51m 59s

 Pythia::next(): 35000 events have been generated 

 Pythia::next(): 36000 events have been generated 
25% | Elapsed: 0h 17m 29s | Remaining: 0h 52m 27s

 Pythia::next(): 37000 events have been generated 

 Pythia::next(): 38000 events have been generated 
 PYTHIA Warning in TauDecays::decay: unknown correlated tau production, assuming from unpolarized photon
26% | Elapsed: 0h 18m 18s | Remaining: 0h 52m 5s

 Pythia::next(): 39000 events have been generated 
27% | Elapsed: 0h 18m 53s | Remaining: 0h 51m 3s

 Pythia::next(): 40000 events have been generated 

 Pythia::next(): 41000 events have been generated 

 Pythia::next(): 42000 events have been generated 
28% | Elapsed: 0h 20m 8s | Remaining: 0h 51m 46s

 Pythia::next(): 43000 events have been generated 
29% | Elapsed: 0h 20m 36s | Remaining: 0h 50m 26s

 Pythia::next(): 44000 events have been generated 
30% | Elapsed: 0h 21m 12s | Remaining: 0h 49m 28s

 Pythia::next(): 45000 events have been generated 
31% | Elapsed: 0h 21m 49s | Remaining: 0h 48m 33s

 Pythia::next(): 46000 events have been generated 

 Pythia::next(): 47000 events have been generated 
32% | Elapsed: 0h 22m 26s | Remaining: 0h 47m 40s

 Pythia::next(): 48000 events have been generated 

 Pythia::next(): 49000 events have been generated 
33% | Elapsed: 0h 23m 18s | Remaining: 0h 47m 18s

 Pythia::next(): 50000 events have been generated 
34% | Elapsed: 0h 24m 2s | Remaining: 0h 46m 39s

 Pythia::next(): 51000 events have been generated 

 Pythia::next(): 52000 events have been generated 
35% | Elapsed: 0h 24m 46s | Remaining: 0h 45m 59s

 Pythia::next(): 53000 events have been generated 
36% | Elapsed: 0h 25m 17s | Remaining: 0h 44m 56s

 Pythia::next(): 54000 events have been generated 
37% | Elapsed: 0h 25m 55s | Remaining: 0h 44m 7s

 Pythia::next(): 55000 events have been generated 

 Pythia::next(): 56000 events have been generated 

 Pythia::next(): 57000 events have been generated 
38% | Elapsed: 0h 26m 54s | Remaining: 0h 43m 53s

 Pythia::next(): 58000 events have been generated 
39% | Elapsed: 0h 27m 24s | Remaining: 0h 42m 51s

 Pythia::next(): 59000 events have been generated 

 Pythia::next(): 60000 events have been generated 
40% | Elapsed: 0h 28m 46s | Remaining: 0h 43m 9s

 Pythia::next(): 61000 events have been generated 
41% | Elapsed: 0h 29m 1s | Remaining: 0h 41m 45s

 Pythia::next(): 62000 events have been generated 

 Pythia::next(): 63000 events have been generated 
42% | Elapsed: 0h 29m 43s | Remaining: 0h 41m 2s

 Pythia::next(): 64000 events have been generated 
43% | Elapsed: 0h 30m 16s | Remaining: 0h 40m 7s
44% | Elapsed: 0h 30m 46s | Remaining: 0h 39m 9s

 Pythia::next(): 65000 events have been generated 

 Pythia::next(): 66000 events have been generated 
45% | Elapsed: 0h 31m 33s | Remaining: 0h 38m 33s

 Pythia::next(): 67000 events have been generated 

 Pythia::next(): 68000 events have been generated 
46% | Elapsed: 0h 32m 5s | Remaining: 0h 37m 39s

 Pythia::next(): 69000 events have been generated 
47% | Elapsed: 0h 32m 28s | Remaining: 0h 36m 36s

 Pythia::next(): 70000 events have been generated 
48% | Elapsed: 0h 32m 59s | Remaining: 0h 35m 43s

 Pythia::next(): 71000 events have been generated 
49% | Elapsed: 0h 33m 19s | Remaining: 0h 34m 40s

 Pythia::next(): 72000 events have been generated 
50% | Elapsed: 0h 33m 50s | Remaining: 0h 33m 50s

 Pythia::next(): 73000 events have been generated 
51% | Elapsed: 0h 34m 17s | Remaining: 0h 32m 56s

 Pythia::next(): 74000 events have been generated 
52% | Elapsed: 0h 34m 40s | Remaining: 0h 32m 0s

 Pythia::next(): 75000 events have been generated 

 Pythia::next(): 76000 events have been generated 
53% | Elapsed: 0h 35m 26s | Remaining: 0h 31m 17s

 Pythia::next(): 77000 events have been generated 
54% | Elapsed: 0h 35m 46s | Remaining: 0h 30m 28s

 Pythia::next(): 78000 events have been generated 
55% | Elapsed: 0h 36m 24s | Remaining: 0h 29m 46s

 Pythia::next(): 79000 events have been generated 

 Pythia::next(): 80000 events have been generated 
56% | Elapsed: 0h 37m 5s | Remaining: 0h 29m 8s

 Pythia::next(): 81000 events have been generated 
57% | Elapsed: 0h 37m 48s | Remaining: 0h 28m 30s

 Pythia::next(): 82000 events have been generated 

 Pythia::next(): 83000 events have been generated 
58% | Elapsed: 0h 38m 39s | Remaining: 0h 27m 59s

 Pythia::next(): 84000 events have been generated 
59% | Elapsed: 0h 39m 14s | Remaining: 0h 27m 9s

 Pythia::next(): 85000 events have been generated 
60% | Elapsed: 0h 39m 35s | Remaining: 0h 26m 23s

 Pythia::next(): 86000 events have been generated 
61% | Elapsed: 0h 40m 2s | Remaining: 0h 25m 35s

 Pythia::next(): 87000 events have been generated 

 Pythia::next(): 88000 events have been generated 
62% | Elapsed: 0h 40m 50s | Remaining: 0h 25m 1s
63% | Elapsed: 0h 41m 14s | Remaining: 0h 24m 12s

 Pythia::next(): 89000 events have been generated 

 Pythia::next(): 90000 events have been generated 
64% | Elapsed: 0h 42m 4s | Remaining: 0h 23m 39s

 Pythia::next(): 91000 events have been generated 

 Pythia::next(): 92000 events have been generated 
65% | Elapsed: 0h 43m 15s | Remaining: 0h 23m 17s

 Pythia::next(): 93000 events have been generated 
66% | Elapsed: 0h 43m 34s | Remaining: 0h 22m 26s

 Pythia::next(): 94000 events have been generated 

 Pythia::next(): 95000 events have been generated 
67% | Elapsed: 0h 44m 18s | Remaining: 0h 21m 49s

 Pythia::next(): 96000 events have been generated 

 Pythia::next(): 97000 events have been generated 

 Pythia::next(): 98000 events have been generated 
68% | Elapsed: 0h 45m 51s | Remaining: 0h 21m 34s

 Pythia::next(): 99000 events have been generated 
69% | Elapsed: 0h 46m 33s | Remaining: 0h 20m 54s

 Pythia::next(): 100000 events have been generated 
70% | Elapsed: 0h 47m 12s | Remaining: 0h 20m 13s

 Pythia::next(): 101000 events have been generated 

 Pythia::next(): 102000 events have been generated 
71% | Elapsed: 0h 47m 51s | Remaining: 0h 19m 32s

 Pythia::next(): 103000 events have been generated 

 Pythia::next(): 104000 events have been generated 

 Pythia::next(): 105000 events have been generated 
72% | Elapsed: 0h 49m 11s | Remaining: 0h 19m 7s

 Pythia::next(): 106000 events have been generated 

 Pythia::next(): 107000 events have been generated 
73% | Elapsed: 0h 50m 23s | Remaining: 0h 18m 38s

 Pythia::next(): 108000 events have been generated 
74% | Elapsed: 0h 51m 20s | Remaining: 0h 18m 2s

 Pythia::next(): 109000 events have been generated 

 Pythia::next(): 110000 events have been generated 
75% | Elapsed: 0h 51m 56s | Remaining: 0h 17m 18s

 Pythia::next(): 111000 events have been generated 
76% | Elapsed: 0h 52m 41s | Remaining: 0h 16m 38s

 Pythia::next(): 112000 events have been generated 

 Pythia::next(): 113000 events have been generated 
77% | Elapsed: 0h 53m 16s | Remaining: 0h 15m 54s

 Pythia::next(): 114000 events have been generated 
78% | Elapsed: 0h 53m 38s | Remaining: 0h 15m 7s

 Pythia::next(): 115000 events have been generated 
79% | Elapsed: 0h 54m 2s | Remaining: 0h 14m 21s

 Pythia::next(): 116000 events have been generated 
80% | Elapsed: 0h 54m 59s | Remaining: 0h 13m 44s

 Pythia::next(): 117000 events have been generated 
81% | Elapsed: 0h 55m 28s | Remaining: 0h 13m 0s

 Pythia::next(): 118000 events have been generated 

 Pythia::next(): 119000 events have been generated 
82% | Elapsed: 0h 56m 5s | Remaining: 0h 12m 18s

 Pythia::next(): 120000 events have been generated 
83% | Elapsed: 0h 56m 32s | Remaining: 0h 11m 34s

 Pythia::next(): 121000 events have been generated 

 Pythia::next(): 122000 events have been generated 
84% | Elapsed: 0h 57m 49s | Remaining: 0h 11m 0s

 Pythia::next(): 123000 events have been generated 

 Pythia::next(): 124000 events have been generated 

 Pythia::next(): 125000 events have been generated 
85% | Elapsed: 0h 59m 21s | Remaining: 0h 10m 28s

 Pythia::next(): 126000 events have been generated 
86% | Elapsed: 1h 0m 4s | Remaining: 0h 9m 46s

 Pythia::next(): 127000 events have been generated 

 Pythia::next(): 128000 events have been generated 
87% | Elapsed: 1h 0m 54s | Remaining: 0h 9m 6s

 Pythia::next(): 129000 events have been generated 
88% | Elapsed: 1h 1m 22s | Remaining: 0h 8m 22s

 Pythia::next(): 130000 events have been generated 
89% | Elapsed: 1h 2m 4s | Remaining: 0h 7m 40s

 Pythia::next(): 131000 events have been generated 

 Pythia::next(): 132000 events have been generated 
90% | Elapsed: 1h 2m 53s | Remaining: 0h 6m 59s

 Pythia::next(): 133000 events have been generated 

 Pythia::next(): 134000 events have been generated 
91% | Elapsed: 1h 3m 24s | Remaining: 0h 6m 16s

 Pythia::next(): 135000 events have been generated 
92% | Elapsed: 1h 4m 4s | Remaining: 0h 5m 34s

 Pythia::next(): 136000 events have been generated 

 Pythia::next(): 137000 events have been generated 
93% | Elapsed: 1h 4m 40s | Remaining: 0h 4m 52s
94% | Elapsed: 1h 4m 53s | Remaining: 0h 4m 8s

 Pythia::next(): 138000 events have been generated 

 Pythia::next(): 139000 events have been generated 
95% | Elapsed: 1h 5m 33s | Remaining: 0h 3m 27s

 Pythia::next(): 140000 events have been generated 
96% | Elapsed: 1h 5m 57s | Remaining: 0h 2m 44s

 Pythia::next(): 141000 events have been generated 

 Pythia::next(): 142000 events have been generated 
97% | Elapsed: 1h 6m 48s | Remaining: 0h 2m 3s

 Pythia::next(): 143000 events have been generated 
98% | Elapsed: 1h 7m 35s | Remaining: 0h 1m 22s
 PYTHIA Warning in TauDecays::decay: maximum decay weight exceeded in tau decay

 Pythia::next(): 144000 events have been generated 
99% | Elapsed: 1h 8m 21s | Remaining: 0h 0m 41s

 Pythia::next(): 145000 events have been generated 

 Pythia::next(): 146000 events have been generated 

 Pythia::next(): 147000 events have been generated 
100% | Elapsed: 1h 9m 28s | Remaining: 0h 0m 0s

 Pythia::next(): 148000 events have been generated 
Events saved to /eos/cms/store/group/phys_smp/ec/shuangyu/Jpsi/HardQCD_Pt15to7000_Oniaoff_CR0_PYTHIA8311/pythia8_jpsi_events_1994.root

Thanks for using LHAPDF 6.4.0. Please make sure to cite the paper:
  Eur.Phys.J. C75 (2015) 3, 132  (http://arxiv.org/abs/1412.7420)
Job finished.
