000 (9144434.000.000) 07/31 09:58:58 Job submitted from host: <188.185.125.71:9618?addrs=188.185.125.71-9618+[2001-1458-d00-4a--100-15e]-9618&alias=bigbird28.cern.ch&noUDP&sock=schedd_1249217_88f9>
...
000 (9144434.001.000) 07/31 09:58:58 Job submitted from host: <188.185.125.71:9618?addrs=188.185.125.71-9618+[2001-1458-d00-4a--100-15e]-9618&alias=bigbird28.cern.ch&noUDP&sock=schedd_1249217_88f9>
...
000 (9144434.010.000) 07/31 09:58:58 Job submitted from host: <188.185.125.71:9618?addrs=188.185.125.71-9618+[2001-1458-d00-4a--100-15e]-9618&alias=bigbird28.cern.ch&noUDP&sock=schedd_1249217_88f9>
...
000 (9144434.011.000) 07/31 09:58:58 Job submitted from host: <188.185.125.71:9618?addrs=188.185.125.71-9618+[2001-1458-d00-4a--100-15e]-9618&alias=bigbird28.cern.ch&noUDP&sock=schedd_1249217_88f9>
...
000 (9144434.012.000) 07/31 09:58:58 Job submitted from host: <188.185.125.71:9618?addrs=188.185.125.71-9618+[2001-1458-d00-4a--100-15e]-9618&alias=bigbird28.cern.ch&noUDP&sock=schedd_1249217_88f9>
...
000 (9144434.013.000) 07/31 09:58:58 Job submitted from host: <188.185.125.71:9618?addrs=188.185.125.71-9618+[2001-1458-d00-4a--100-15e]-9618&alias=bigbird28.cern.ch&noUDP&sock=schedd_1249217_88f9>
...
000 (9144434.014.000) 07/31 09:58:58 Job submitted from host: <188.185.125.71:9618?addrs=188.185.125.71-9618+[2001-1458-d00-4a--100-15e]-9618&alias=bigbird28.cern.ch&noUDP&sock=schedd_1249217_88f9>
...
000 (9144434.015.000) 07/31 09:58:58 Job submitted from host: <188.185.125.71:9618?addrs=188.185.125.71-9618+[2001-1458-d00-4a--100-15e]-9618&alias=bigbird28.cern.ch&noUDP&sock=schedd_1249217_88f9>
...
000 (9144434.016.000) 07/31 09:58:58 Job submitted from host: <188.185.125.71:9618?addrs=188.185.125.71-9618+[2001-1458-d00-4a--100-15e]-9618&alias=bigbird28.cern.ch&noUDP&sock=schedd_1249217_88f9>
...
000 (9144434.017.000) 07/31 09:58:58 Job submitted from host: <188.185.125.71:9618?addrs=188.185.125.71-9618+[2001-1458-d00-4a--100-15e]-9618&alias=bigbird28.cern.ch&noUDP&sock=schedd_1249217_88f9>
...
000 (9144434.018.000) 07/31 09:58:58 Job submitted from host: <188.185.125.71:9618?addrs=188.185.125.71-9618+[2001-1458-d00-4a--100-15e]-9618&alias=bigbird28.cern.ch&noUDP&sock=schedd_1249217_88f9>
...
000 (9144434.019.000) 07/31 09:58:58 Job submitted from host: <188.185.125.71:9618?addrs=188.185.125.71-9618+[2001-1458-d00-4a--100-15e]-9618&alias=bigbird28.cern.ch&noUDP&sock=schedd_1249217_88f9>
...
000 (9144434.002.000) 07/31 09:58:58 Job submitted from host: <188.185.125.71:9618?addrs=188.185.125.71-9618+[2001-1458-d00-4a--100-15e]-9618&alias=bigbird28.cern.ch&noUDP&sock=schedd_1249217_88f9>
...
000 (9144434.003.000) 07/31 09:58:58 Job submitted from host: <188.185.125.71:9618?addrs=188.185.125.71-9618+[2001-1458-d00-4a--100-15e]-9618&alias=bigbird28.cern.ch&noUDP&sock=schedd_1249217_88f9>
...
000 (9144434.004.000) 07/31 09:58:58 Job submitted from host: <188.185.125.71:9618?addrs=188.185.125.71-9618+[2001-1458-d00-4a--100-15e]-9618&alias=bigbird28.cern.ch&noUDP&sock=schedd_1249217_88f9>
...
000 (9144434.005.000) 07/31 09:58:58 Job submitted from host: <188.185.125.71:9618?addrs=188.185.125.71-9618+[2001-1458-d00-4a--100-15e]-9618&alias=bigbird28.cern.ch&noUDP&sock=schedd_1249217_88f9>
...
000 (9144434.006.000) 07/31 09:58:58 Job submitted from host: <188.185.125.71:9618?addrs=188.185.125.71-9618+[2001-1458-d00-4a--100-15e]-9618&alias=bigbird28.cern.ch&noUDP&sock=schedd_1249217_88f9>
...
000 (9144434.007.000) 07/31 09:58:58 Job submitted from host: <188.185.125.71:9618?addrs=188.185.125.71-9618+[2001-1458-d00-4a--100-15e]-9618&alias=bigbird28.cern.ch&noUDP&sock=schedd_1249217_88f9>
...
000 (9144434.008.000) 07/31 09:58:58 Job submitted from host: <188.185.125.71:9618?addrs=188.185.125.71-9618+[2001-1458-d00-4a--100-15e]-9618&alias=bigbird28.cern.ch&noUDP&sock=schedd_1249217_88f9>
...
000 (9144434.009.000) 07/31 09:58:58 Job submitted from host: <188.185.125.71:9618?addrs=188.185.125.71-9618+[2001-1458-d00-4a--100-15e]-9618&alias=bigbird28.cern.ch&noUDP&sock=schedd_1249217_88f9>
...
040 (9144434.000.000) 07/31 10:00:38 Started transferring input files
	Transferring to host: <188.185.197.129:9618?addrs=188.185.197.129-9618+[2001-1458-303-24--100-7d]-9618&alias=b9p14p8680.cern.ch&noUDP&sock=slot1_30_7475_9049_6969>
...
040 (9144434.000.000) 07/31 10:00:38 Finished transferring input files
...
001 (9144434.000.000) 07/31 10:00:38 Job executing on host: <188.185.197.129:9618?addrs=188.185.197.129-9618+[2001-1458-303-24--100-7d]-9618&alias=b9p14p8680.cern.ch&noUDP&sock=startd_6749_d4c4>
	SlotName: slot1_30@b9p14p8680.cern.ch
	CondorScratchDir = "/pool/condor/dir_3662150"
	Cpus = 1
	Disk = 3931
	GPUs = 0
	Memory = 3000
...
040 (9144434.002.000) 07/31 10:00:39 Started transferring input files
	Transferring to host: <128.142.248.88:9618?addrs=128.142.248.88-9618+[2001-1458-301-73--100-148]-9618&alias=b9g23p7810.cern.ch&noUDP&sock=slot1_29_7346_abe4_7110>
...
040 (9144434.002.000) 07/31 10:00:39 Finished transferring input files
...
001 (9144434.002.000) 07/31 10:00:39 Job executing on host: <128.142.248.88:9618?addrs=128.142.248.88-9618+[2001-1458-301-73--100-148]-9618&alias=b9g23p7810.cern.ch&noUDP&sock=startd_6651_9c7c>
	SlotName: slot1_29@b9g23p7810.cern.ch
	CondorScratchDir = "/pool/condor/dir_2901612"
	Cpus = 1
	Disk = 3911
	GPUs = 0
	Memory = 3000
...
040 (9144434.003.000) 07/31 10:00:39 Started transferring input files
	Transferring to host: <188.185.194.86:9618?addrs=188.185.194.86-9618+[2001-1458-303-21--100-52]-9618&alias=b9p20p2583.cern.ch&noUDP&sock=slot1_46_4167_c743_15979>
...
040 (9144434.003.000) 07/31 10:00:39 Finished transferring input files
...
001 (9144434.003.000) 07/31 10:00:39 Job executing on host: <188.185.194.86:9618?addrs=188.185.194.86-9618+[2001-1458-303-21--100-52]-9618&alias=b9p20p2583.cern.ch&noUDP&sock=startd_3084_f22a>
	SlotName: slot1_46@b9p20p2583.cern.ch
	CondorScratchDir = "/pool/condor/dir_4101159"
	Cpus = 1
	Disk = 3962
	GPUs = 0
	Memory = 3000
...
040 (9144434.005.000) 07/31 10:00:39 Started transferring input files
	Transferring to host: <188.185.192.98:9618?addrs=188.185.192.98-9618+[2001-1458-303-1f--100-5e]-9618&alias=b9p13p1563.cern.ch&noUDP&sock=slot1_51_7259_5f40_15401>
...
040 (9144434.005.000) 07/31 10:00:39 Finished transferring input files
...
001 (9144434.005.000) 07/31 10:00:39 Job executing on host: <188.185.192.98:9618?addrs=188.185.192.98-9618+[2001-1458-303-1f--100-5e]-9618&alias=b9p13p1563.cern.ch&noUDP&sock=startd_5853_3fe8>
	SlotName: slot1_51@b9p13p1563.cern.ch
	CondorScratchDir = "/pool/condor/dir_3037150"
	Cpus = 1
	Disk = 3933
	GPUs = 0
	Memory = 3000
...
040 (9144434.006.000) 07/31 10:00:39 Started transferring input files
	Transferring to host: <188.185.194.187:9618?addrs=188.185.194.187-9618+[2001-1458-303-21--100-b7]-9618&alias=b9p20p9130.cern.ch&noUDP&sock=slot1_3_5060_fa47_13848>
...
040 (9144434.006.000) 07/31 10:00:39 Finished transferring input files
...
001 (9144434.006.000) 07/31 10:00:39 Job executing on host: <188.185.194.187:9618?addrs=188.185.194.187-9618+[2001-1458-303-21--100-b7]-9618&alias=b9p20p9130.cern.ch&noUDP&sock=startd_4053_996f>
	SlotName: slot1_3@b9p20p9130.cern.ch
	CondorScratchDir = "/pool/condor/dir_73274"
	Cpus = 1
	Disk = 3885
	GPUs = 0
	Memory = 3000
...
040 (9144434.008.000) 07/31 10:00:40 Started transferring input files
	Transferring to host: <188.185.192.120:9618?addrs=188.185.192.120-9618+[2001-1458-303-1f--100-74]-9618&alias=b9p13p2670.cern.ch&noUDP&sock=slot1_49_5317_0eb1_14901>
...
040 (9144434.007.000) 07/31 10:00:40 Started transferring input files
	Transferring to host: <188.185.196.143:9618?addrs=188.185.196.143-9618+[2001-1458-303-23--100-8b]-9618&alias=b9p16p7506.cern.ch&noUDP&sock=slot1_58_5631_4c7e_15755>
...
040 (9144434.008.000) 07/31 10:00:40 Finished transferring input files
...
040 (9144434.007.000) 07/31 10:00:40 Finished transferring input files
...
040 (9144434.009.000) 07/31 10:00:40 Started transferring input files
	Transferring to host: <188.185.193.69:9618?addrs=188.185.193.69-9618+[2001-1458-303-20--100-41]-9618&alias=b9p19p6242.cern.ch&noUDP&sock=slot1_47_3614_23cc_14190>
...
040 (9144434.009.000) 07/31 10:00:40 Finished transferring input files
...
001 (9144434.008.000) 07/31 10:00:40 Job executing on host: <188.185.192.120:9618?addrs=188.185.192.120-9618+[2001-1458-303-1f--100-74]-9618&alias=b9p13p2670.cern.ch&noUDP&sock=startd_4281_fd07>
	SlotName: slot1_49@b9p13p2670.cern.ch
	CondorScratchDir = "/pool/condor/dir_130041"
	Cpus = 1
	Disk = 3970
	GPUs = 0
	Memory = 3000
...
001 (9144434.007.000) 07/31 10:00:40 Job executing on host: <188.185.196.143:9618?addrs=188.185.196.143-9618+[2001-1458-303-23--100-8b]-9618&alias=b9p16p7506.cern.ch&noUDP&sock=startd_4562_bb24>
	SlotName: slot1_58@b9p16p7506.cern.ch
	CondorScratchDir = "/pool/condor/dir_2307028"
	Cpus = 1
	Disk = 3870
	GPUs = 0
	Memory = 3000
...
001 (9144434.009.000) 07/31 10:00:40 Job executing on host: <188.185.193.69:9618?addrs=188.185.193.69-9618+[2001-1458-303-20--100-41]-9618&alias=b9p19p6242.cern.ch&noUDP&sock=startd_2619_fea0>
	SlotName: slot1_47@b9p19p6242.cern.ch
	CondorScratchDir = "/pool/condor/dir_2931410"
	Cpus = 1
	Disk = 3953
	GPUs = 0
	Memory = 3000
...
040 (9144434.014.000) 07/31 10:00:41 Started transferring input files
	Transferring to host: <128.142.161.113:9618?addrs=128.142.161.113-9618+[2001-1458-301-b8--100-2f]-9618&alias=b9g03p5497.cern.ch&noUDP&sock=slot1_17_3393_6ce3_21465>
...
040 (9144434.014.000) 07/31 10:00:41 Finished transferring input files
...
001 (9144434.014.000) 07/31 10:00:41 Job executing on host: <128.142.161.113:9618?addrs=128.142.161.113-9618+[2001-1458-301-b8--100-2f]-9618&alias=b9g03p5497.cern.ch&noUDP&sock=startd_2598_9723>
	SlotName: slot1_17@b9g03p5497.cern.ch
	CondorScratchDir = "/pool/condor/dir_4141055"
	Cpus = 1
	Disk = 4126
	GPUs = 0
	Memory = 3000
...
040 (9144434.010.000) 07/31 10:00:41 Started transferring input files
	Transferring to host: <188.185.197.125:9618?addrs=188.185.197.125-9618+[2001-1458-303-24--100-79]-9618&alias=b9p14p5292.cern.ch&noUDP&sock=slot1_49_5555_bffb_7236>
...
040 (9144434.010.000) 07/31 10:00:41 Finished transferring input files
...
001 (9144434.010.000) 07/31 10:00:41 Job executing on host: <188.185.197.125:9618?addrs=188.185.197.125-9618+[2001-1458-303-24--100-79]-9618&alias=b9p14p5292.cern.ch&noUDP&sock=startd_4488_f922>
	SlotName: slot1_49@b9p14p5292.cern.ch
	CondorScratchDir = "/pool/condor/dir_1751853"
	Cpus = 1
	Disk = 3957
	GPUs = 0
	Memory = 3000
...
040 (9144434.011.000) 07/31 10:00:41 Started transferring input files
	Transferring to host: <188.185.192.41:9618?addrs=188.185.192.41-9618+[2001-1458-303-1f--100-25]-9618&alias=b9p13p1507.cern.ch&noUDP&sock=slot1_6_1113316_9652_13615>
...
040 (9144434.011.000) 07/31 10:00:41 Finished transferring input files
...
001 (9144434.011.000) 07/31 10:00:41 Job executing on host: <188.185.192.41:9618?addrs=188.185.192.41-9618+[2001-1458-303-1f--100-25]-9618&alias=b9p13p1507.cern.ch&noUDP&sock=startd_6341_fa20>
	SlotName: slot1_6@b9p13p1507.cern.ch
	CondorScratchDir = "/pool/condor/dir_3859841"
	Cpus = 1
	Disk = 3984
	GPUs = 0
	Memory = 3000
...
040 (9144434.001.000) 07/31 10:00:42 Started transferring input files
	Transferring to host: <188.185.193.131:9618?addrs=188.185.193.131-9618+[2001-1458-303-20--100-7f]-9618&alias=b9p19p0714.cern.ch&noUDP&sock=slot1_18_3966_27da_13554>
...
040 (9144434.001.000) 07/31 10:00:42 Finished transferring input files
...
001 (9144434.001.000) 07/31 10:00:42 Job executing on host: <188.185.193.131:9618?addrs=188.185.193.131-9618+[2001-1458-303-20--100-7f]-9618&alias=b9p19p0714.cern.ch&noUDP&sock=startd_3616_da8c>
	SlotName: slot1_18@b9p19p0714.cern.ch
	CondorScratchDir = "/pool/condor/dir_180273"
	Cpus = 1
	Disk = 3940
	GPUs = 0
	Memory = 3000
...
040 (9144434.015.000) 07/31 10:00:42 Started transferring input files
	Transferring to host: <128.142.161.93:9618?addrs=128.142.161.93-9618+[2001-1458-301-b8--100-1b]-9618&alias=b9g03p6806.cern.ch&noUDP&sock=slot1_34_5085_97a8_20851>
...
040 (9144434.015.000) 07/31 10:00:42 Finished transferring input files
...
001 (9144434.015.000) 07/31 10:00:42 Job executing on host: <128.142.161.93:9618?addrs=128.142.161.93-9618+[2001-1458-301-b8--100-1b]-9618&alias=b9g03p6806.cern.ch&noUDP&sock=startd_4187_8320>
	SlotName: slot1_34@b9g03p6806.cern.ch
	CondorScratchDir = "/pool/condor/dir_213629"
	Cpus = 1
	Disk = 4006
	GPUs = 0
	Memory = 3000
...
040 (9144434.016.000) 07/31 10:00:42 Started transferring input files
	Transferring to host: <188.185.194.70:9618?addrs=188.185.194.70-9618+[2001-1458-303-21--100-42]-9618&alias=b9p20p0149.cern.ch&noUDP&sock=slot1_27_3945_5bf9_13652>
...
040 (9144434.016.000) 07/31 10:00:42 Finished transferring input files
...
040 (9144434.017.000) 07/31 10:00:43 Started transferring input files
	Transferring to host: <188.185.192.150:9618?addrs=188.185.192.150-9618+[2001-1458-303-1f--100-92]-9618&alias=b9p13p1188.cern.ch&noUDP&sock=slot1_50_4495_e250_13350>
...
001 (9144434.016.000) 07/31 10:00:43 Job executing on host: <188.185.194.70:9618?addrs=188.185.194.70-9618+[2001-1458-303-21--100-42]-9618&alias=b9p20p0149.cern.ch&noUDP&sock=startd_3894_89e0>
	SlotName: slot1_27@b9p20p0149.cern.ch
	CondorScratchDir = "/pool/condor/dir_4138748"
	Cpus = 1
	Disk = 3895
	GPUs = 0
	Memory = 3000
...
040 (9144434.017.000) 07/31 10:00:43 Finished transferring input files
...
001 (9144434.017.000) 07/31 10:00:43 Job executing on host: <188.185.192.150:9618?addrs=188.185.192.150-9618+[2001-1458-303-1f--100-92]-9618&alias=b9p13p1188.cern.ch&noUDP&sock=startd_3457_cafd>
	SlotName: slot1_50@b9p13p1188.cern.ch
	CondorScratchDir = "/pool/condor/dir_209964"
	Cpus = 1
	Disk = 3874
	GPUs = 0
	Memory = 3000
...
040 (9144434.019.000) 07/31 10:00:43 Started transferring input files
	Transferring to host: <188.185.193.150:9618?addrs=188.185.193.150-9618+[2001-1458-303-20--100-92]-9618&alias=b9p19p1485.cern.ch&noUDP&sock=slot1_39_4316_c329_14292>
...
040 (9144434.019.000) 07/31 10:00:43 Finished transferring input files
...
001 (9144434.019.000) 07/31 10:00:43 Job executing on host: <188.185.193.150:9618?addrs=188.185.193.150-9618+[2001-1458-303-20--100-92]-9618&alias=b9p19p1485.cern.ch&noUDP&sock=startd_3203_91ef>
	SlotName: slot1_39@b9p19p1485.cern.ch
	CondorScratchDir = "/pool/condor/dir_3412481"
	Cpus = 1
	Disk = 3883
	GPUs = 0
	Memory = 3000
...
040 (9144434.018.000) 07/31 10:00:43 Started transferring input files
	Transferring to host: <188.185.195.140:9618?addrs=188.185.195.140-9618+[2001-1458-303-22--100-88]-9618&alias=b9p17p8009.cern.ch&noUDP&sock=slot1_51_3957_d07a_13860>
...
040 (9144434.018.000) 07/31 10:00:43 Finished transferring input files
...
001 (9144434.018.000) 07/31 10:00:43 Job executing on host: <188.185.195.140:9618?addrs=188.185.195.140-9618+[2001-1458-303-22--100-88]-9618&alias=b9p17p8009.cern.ch&noUDP&sock=startd_3907_749c>
	SlotName: slot1_51@b9p17p8009.cern.ch
	CondorScratchDir = "/pool/condor/dir_1872317"
	Cpus = 1
	Disk = 3868
	GPUs = 0
	Memory = 3000
...
040 (9144434.013.000) 07/31 10:00:45 Started transferring input files
	Transferring to host: <128.142.161.98:9618?addrs=128.142.161.98-9618+[2001-1458-301-b8--100-20]-9618&alias=b9g03p9785.cern.ch&noUDP&sock=slot1_18_5497_e239_20347>
...
040 (9144434.013.000) 07/31 10:00:45 Finished transferring input files
...
001 (9144434.013.000) 07/31 10:00:45 Job executing on host: <128.142.161.98:9618?addrs=128.142.161.98-9618+[2001-1458-301-b8--100-20]-9618&alias=b9g03p9785.cern.ch&noUDP&sock=startd_4343_83e6>
	SlotName: slot1_18@b9g03p9785.cern.ch
	CondorScratchDir = "/pool/condor/dir_3977548"
	Cpus = 1
	Disk = 3958
	GPUs = 0
	Memory = 3000
...
006 (9144434.002.000) 07/31 10:00:47 Image size of job updated: 216004
	211  -  MemoryUsage of job (MB)
	216004  -  ResidentSetSize of job (KB)
...
006 (9144434.000.000) 07/31 10:00:47 Image size of job updated: 10056
	9  -  MemoryUsage of job (MB)
	8532  -  ResidentSetSize of job (KB)
...
006 (9144434.008.000) 07/31 10:00:48 Image size of job updated: 210404
	206  -  MemoryUsage of job (MB)
	210404  -  ResidentSetSize of job (KB)
...
006 (9144434.007.000) 07/31 10:00:48 Image size of job updated: 200592
	196  -  MemoryUsage of job (MB)
	200592  -  ResidentSetSize of job (KB)
...
006 (9144434.009.000) 07/31 10:00:48 Image size of job updated: 154564
	151  -  MemoryUsage of job (MB)
	154564  -  ResidentSetSize of job (KB)
...
006 (9144434.003.000) 07/31 10:00:48 Image size of job updated: 222024
	217  -  MemoryUsage of job (MB)
	222024  -  ResidentSetSize of job (KB)
...
006 (9144434.005.000) 07/31 10:00:48 Image size of job updated: 104440
	102  -  MemoryUsage of job (MB)
	104440  -  ResidentSetSize of job (KB)
...
006 (9144434.006.000) 07/31 10:00:48 Image size of job updated: 16508
	17  -  MemoryUsage of job (MB)
	16508  -  ResidentSetSize of job (KB)
...
006 (9144434.001.000) 07/31 10:00:50 Image size of job updated: 175016
	171  -  MemoryUsage of job (MB)
	175016  -  ResidentSetSize of job (KB)
...
040 (9144434.004.000) 07/31 10:00:50 Started transferring input files
	Transferring to host: <188.185.193.183:9618?addrs=188.185.193.183-9618+[2001-1458-303-20--100-b3]-9618&alias=b9p19p3024.cern.ch&noUDP&sock=slot1_18_3944_a799_13756>
...
040 (9144434.004.000) 07/31 10:00:50 Finished transferring input files
...
001 (9144434.004.000) 07/31 10:00:50 Job executing on host: <188.185.193.183:9618?addrs=188.185.193.183-9618+[2001-1458-303-20--100-b3]-9618&alias=b9p19p3024.cern.ch&noUDP&sock=startd_3897_98a9>
	SlotName: slot1_18@b9p19p3024.cern.ch
	CondorScratchDir = "/pool/condor/dir_768613"
	Cpus = 1
	Disk = 3894
	GPUs = 0
	Memory = 3000
...
006 (9144434.014.000) 07/31 10:00:50 Image size of job updated: 154512
	22  -  MemoryUsage of job (MB)
	21608  -  ResidentSetSize of job (KB)
...
006 (9144434.010.000) 07/31 10:00:50 Image size of job updated: 253984
	249  -  MemoryUsage of job (MB)
	253984  -  ResidentSetSize of job (KB)
...
006 (9144434.011.000) 07/31 10:00:50 Image size of job updated: 152268
	149  -  MemoryUsage of job (MB)
	152268  -  ResidentSetSize of job (KB)
...
006 (9144434.016.000) 07/31 10:00:51 Image size of job updated: 232688
	228  -  MemoryUsage of job (MB)
	232688  -  ResidentSetSize of job (KB)
...
006 (9144434.017.000) 07/31 10:00:51 Image size of job updated: 161008
	158  -  MemoryUsage of job (MB)
	161008  -  ResidentSetSize of job (KB)
...
006 (9144434.019.000) 07/31 10:00:51 Image size of job updated: 114236
	112  -  MemoryUsage of job (MB)
	114236  -  ResidentSetSize of job (KB)
...
006 (9144434.018.000) 07/31 10:00:51 Image size of job updated: 924
	1  -  MemoryUsage of job (MB)
	88  -  ResidentSetSize of job (KB)
...
006 (9144434.015.000) 07/31 10:00:51 Image size of job updated: 285892
	280  -  MemoryUsage of job (MB)
	285892  -  ResidentSetSize of job (KB)
...
006 (9144434.013.000) 07/31 10:00:53 Image size of job updated: 56864
	56  -  MemoryUsage of job (MB)
	56864  -  ResidentSetSize of job (KB)
...
040 (9144434.012.000) 07/31 10:00:58 Started transferring input files
	Transferring to host: <188.185.215.163:9618?addrs=188.185.215.163-9618+[2001-1458-303-26--100-1f]-9618&alias=b9p18p8103.cern.ch&noUDP&sock=slot1_40_6835_a02f_13681>
...
006 (9144434.004.000) 07/31 10:00:59 Image size of job updated: 16588
	17  -  MemoryUsage of job (MB)
	16588  -  ResidentSetSize of job (KB)
...
040 (9144434.012.000) 07/31 10:01:01 Finished transferring input files
...
001 (9144434.012.000) 07/31 10:01:01 Job executing on host: <188.185.215.163:9618?addrs=188.185.215.163-9618+[2001-1458-303-26--100-1f]-9618&alias=b9p18p8103.cern.ch&noUDP&sock=startd_6022_2b6a>
	SlotName: slot1_40@b9p18p8103.cern.ch
	CondorScratchDir = "/pool/condor/dir_2683612"
	Cpus = 1
	Disk = 3793
	GPUs = 0
	Memory = 3000
...
006 (9144434.012.000) 07/31 10:01:10 Image size of job updated: 8908
	9  -  MemoryUsage of job (MB)
	8908  -  ResidentSetSize of job (KB)
...
006 (9144434.002.000) 07/31 10:05:47 Image size of job updated: 278716
	212  -  MemoryUsage of job (MB)
	216148  -  ResidentSetSize of job (KB)
...
006 (9144434.000.000) 07/31 10:05:48 Image size of job updated: 209144
	95  -  MemoryUsage of job (MB)
	96264  -  ResidentSetSize of job (KB)
...
006 (9144434.008.000) 07/31 10:05:48 Image size of job updated: 277828
	206  -  MemoryUsage of job (MB)
	210512  -  ResidentSetSize of job (KB)
...
006 (9144434.007.000) 07/31 10:05:48 Image size of job updated: 277320
	196  -  MemoryUsage of job (MB)
	200592  -  ResidentSetSize of job (KB)
...
006 (9144434.003.000) 07/31 10:05:49 Image size of job updated: 256088
	217  -  MemoryUsage of job (MB)
	222028  -  ResidentSetSize of job (KB)
...
006 (9144434.005.000) 07/31 10:05:49 Image size of job updated: 293992
	103  -  MemoryUsage of job (MB)
	104624  -  ResidentSetSize of job (KB)
...
006 (9144434.006.000) 07/31 10:05:49 Image size of job updated: 286720
	90  -  MemoryUsage of job (MB)
	91244  -  ResidentSetSize of job (KB)
...
006 (9144434.009.000) 07/31 10:05:49 Image size of job updated: 269688
	151  -  MemoryUsage of job (MB)
	154564  -  ResidentSetSize of job (KB)
...
006 (9144434.001.000) 07/31 10:05:50 Image size of job updated: 267344
	172  -  MemoryUsage of job (MB)
	175116  -  ResidentSetSize of job (KB)
...
006 (9144434.014.000) 07/31 10:05:51 Image size of job updated: 154512
	96  -  MemoryUsage of job (MB)
	97400  -  ResidentSetSize of job (KB)
...
006 (9144434.010.000) 07/31 10:05:51 Image size of job updated: 277404
	249  -  MemoryUsage of job (MB)
	253984  -  ResidentSetSize of job (KB)
...
006 (9144434.011.000) 07/31 10:05:51 Image size of job updated: 304348
	149  -  MemoryUsage of job (MB)
	152416  -  ResidentSetSize of job (KB)
...
006 (9144434.016.000) 07/31 10:05:51 Image size of job updated: 283784
	230  -  MemoryUsage of job (MB)
	234792  -  ResidentSetSize of job (KB)
...
006 (9144434.017.000) 07/31 10:05:51 Image size of job updated: 263928
	158  -  MemoryUsage of job (MB)
	161164  -  ResidentSetSize of job (KB)
...
006 (9144434.019.000) 07/31 10:05:51 Image size of job updated: 228364
	112  -  MemoryUsage of job (MB)
	114236  -  ResidentSetSize of job (KB)
...
006 (9144434.018.000) 07/31 10:05:51 Image size of job updated: 297612
	91  -  MemoryUsage of job (MB)
	92764  -  ResidentSetSize of job (KB)
...
006 (9144434.015.000) 07/31 10:05:52 Image size of job updated: 298140
	280  -  MemoryUsage of job (MB)
	285892  -  ResidentSetSize of job (KB)
...
006 (9144434.013.000) 07/31 10:05:53 Image size of job updated: 295236
	94  -  MemoryUsage of job (MB)
	95496  -  ResidentSetSize of job (KB)
...
006 (9144434.004.000) 07/31 10:06:00 Image size of job updated: 287924
	92  -  MemoryUsage of job (MB)
	94176  -  ResidentSetSize of job (KB)
...
040 (9144434.019.000) 07/31 10:06:06 Started transferring output files
...
040 (9144434.019.000) 07/31 10:06:06 Finished transferring output files
...
005 (9144434.019.000) 07/31 10:06:06 Job terminated.
	(1) Normal termination (return value 0)
		Usr 0 00:03:42, Sys 0 00:00:21  -  Run Remote Usage
		Usr 0 00:00:00, Sys 0 00:00:00  -  Run Local Usage
		Usr 0 00:03:42, Sys 0 00:00:21  -  Total Remote Usage
		Usr 0 00:00:00, Sys 0 00:00:00  -  Total Local Usage
	145940  -  Run Bytes Sent By Job
	657735  -  Run Bytes Received By Job
	145940  -  Total Bytes Sent By Job
	657735  -  Total Bytes Received By Job
	Partitionable Resources :    Usage  Request Allocated 
	   Cpus                 :     0.80        1         1 
	   Disk (KB)            :   971         750      3883 
	   GPUs                 :                           0 
	   Memory (MB)          :   112        3000      3000 
	   TimeExecute (s)      :   322                       
	   TimeSlotBusy (s)     :   324                       
...
040 (9144434.014.000) 07/31 10:06:10 Started transferring output files
...
040 (9144434.014.000) 07/31 10:06:10 Finished transferring output files
...
005 (9144434.014.000) 07/31 10:06:10 Job terminated.
	(1) Normal termination (return value 0)
		Usr 0 00:03:24, Sys 0 00:00:22  -  Run Remote Usage
		Usr 0 00:00:00, Sys 0 00:00:00  -  Run Local Usage
		Usr 0 00:03:24, Sys 0 00:00:22  -  Total Remote Usage
		Usr 0 00:00:00, Sys 0 00:00:00  -  Total Local Usage
	149736  -  Run Bytes Sent By Job
	657735  -  Run Bytes Received By Job
	149736  -  Total Bytes Sent By Job
	657735  -  Total Bytes Received By Job
	Partitionable Resources :    Usage  Request Allocated 
	   Cpus                 :     0.83        1         1 
	   Disk (KB)            :  1216         750      4126 
	   GPUs                 :                           0 
	   Memory (MB)          :    96        3000      3000 
	   TimeExecute (s)      :   328                       
	   TimeSlotBusy (s)     :   330                       
...
006 (9144434.012.000) 07/31 10:06:11 Image size of job updated: 283356
	79  -  MemoryUsage of job (MB)
	80536  -  ResidentSetSize of job (KB)
...
040 (9144434.010.000) 07/31 10:06:17 Started transferring output files
...
040 (9144434.010.000) 07/31 10:06:17 Finished transferring output files
...
005 (9144434.010.000) 07/31 10:06:17 Job terminated.
	(1) Normal termination (return value 0)
		Usr 0 00:03:48, Sys 0 00:00:22  -  Run Remote Usage
		Usr 0 00:00:00, Sys 0 00:00:00  -  Run Local Usage
		Usr 0 00:03:48, Sys 0 00:00:22  -  Total Remote Usage
		Usr 0 00:00:00, Sys 0 00:00:00  -  Total Local Usage
	153534  -  Run Bytes Sent By Job
	657735  -  Run Bytes Received By Job
	153534  -  Total Bytes Sent By Job
	657735  -  Total Bytes Received By Job
	Partitionable Resources :    Usage  Request Allocated 
	   Cpus                 :        0        1         1 
	   Disk (KB)            :      979      750      3957 
	   GPUs                 :                           0 
	   Memory (MB)          :      249     3000      3000 
	   TimeExecute (s)      :      335                    
	   TimeSlotBusy (s)     :      337                    
...
040 (9144434.015.000) 07/31 10:06:22 Started transferring output files
...
040 (9144434.015.000) 07/31 10:06:22 Finished transferring output files
...
005 (9144434.015.000) 07/31 10:06:23 Job terminated.
	(1) Normal termination (return value 0)
		Usr 0 00:03:44, Sys 0 00:00:20  -  Run Remote Usage
		Usr 0 00:00:00, Sys 0 00:00:00  -  Run Local Usage
		Usr 0 00:03:44, Sys 0 00:00:20  -  Total Remote Usage
		Usr 0 00:00:00, Sys 0 00:00:00  -  Total Local Usage
	152153  -  Run Bytes Sent By Job
	657735  -  Run Bytes Received By Job
	152153  -  Total Bytes Sent By Job
	657735  -  Total Bytes Received By Job
	Partitionable Resources :    Usage  Request Allocated 
	   Cpus                 :        0        1         1 
	   Disk (KB)            :      977      750      4006 
	   GPUs                 :                           0 
	   Memory (MB)          :      280     3000      3000 
	   TimeExecute (s)      :      339                    
	   TimeSlotBusy (s)     :      341                    
...
040 (9144434.011.000) 07/31 10:06:30 Started transferring output files
...
040 (9144434.011.000) 07/31 10:06:30 Finished transferring output files
...
005 (9144434.011.000) 07/31 10:06:31 Job terminated.
	(1) Normal termination (return value 0)
		Usr 0 00:03:49, Sys 0 00:00:23  -  Run Remote Usage
		Usr 0 00:00:00, Sys 0 00:00:00  -  Run Local Usage
		Usr 0 00:03:49, Sys 0 00:00:23  -  Total Remote Usage
		Usr 0 00:00:00, Sys 0 00:00:00  -  Total Local Usage
	154761  -  Run Bytes Sent By Job
	657735  -  Run Bytes Received By Job
	154761  -  Total Bytes Sent By Job
	657735  -  Total Bytes Received By Job
	Partitionable Resources :    Usage  Request Allocated 
	   Cpus                 :     0.77        1         1 
	   Disk (KB)            :   980         750      3984 
	   GPUs                 :                           0 
	   Memory (MB)          :   149        3000      3000 
	   TimeExecute (s)      :   348                       
	   TimeSlotBusy (s)     :   350                       
...
040 (9144434.000.000) 07/31 10:06:34 Started transferring output files
...
040 (9144434.000.000) 07/31 10:06:34 Finished transferring output files
...
005 (9144434.000.000) 07/31 10:06:34 Job terminated.
	(1) Normal termination (return value 0)
		Usr 0 00:03:45, Sys 0 00:00:20  -  Run Remote Usage
		Usr 0 00:00:00, Sys 0 00:00:00  -  Run Local Usage
		Usr 0 00:03:45, Sys 0 00:00:20  -  Total Remote Usage
		Usr 0 00:00:00, Sys 0 00:00:00  -  Total Local Usage
	146000  -  Run Bytes Sent By Job
	657735  -  Run Bytes Received By Job
	146000  -  Total Bytes Sent By Job
	657735  -  Total Bytes Received By Job
	Partitionable Resources :    Usage  Request Allocated 
	   Cpus                 :     0.78        1         1 
	   Disk (KB)            :   971         750      3931 
	   GPUs                 :                           0 
	   Memory (MB)          :    95        3000      3000 
	   TimeExecute (s)      :   355                       
	   TimeSlotBusy (s)     :   357                       
...
040 (9144434.016.000) 07/31 10:06:37 Started transferring output files
...
040 (9144434.016.000) 07/31 10:06:37 Finished transferring output files
...
005 (9144434.016.000) 07/31 10:06:37 Job terminated.
	(1) Normal termination (return value 0)
		Usr 0 00:04:01, Sys 0 00:00:25  -  Run Remote Usage
		Usr 0 00:00:00, Sys 0 00:00:00  -  Run Local Usage
		Usr 0 00:04:01, Sys 0 00:00:25  -  Total Remote Usage
		Usr 0 00:00:00, Sys 0 00:00:00  -  Total Local Usage
	153392  -  Run Bytes Sent By Job
	657735  -  Run Bytes Received By Job
	153392  -  Total Bytes Sent By Job
	657735  -  Total Bytes Received By Job
	Partitionable Resources :    Usage  Request Allocated 
	   Cpus                 :        0        1         1 
	   Disk (KB)            :      978      750      3895 
	   GPUs                 :                           0 
	   Memory (MB)          :      230     3000      3000 
	   TimeExecute (s)      :      353                    
	   TimeSlotBusy (s)     :      356                    
...
040 (9144434.007.000) 07/31 10:06:43 Started transferring output files
...
040 (9144434.007.000) 07/31 10:06:43 Finished transferring output files
...
005 (9144434.007.000) 07/31 10:06:43 Job terminated.
	(1) Normal termination (return value 0)
		Usr 0 00:04:03, Sys 0 00:00:24  -  Run Remote Usage
		Usr 0 00:00:00, Sys 0 00:00:00  -  Run Local Usage
		Usr 0 00:04:03, Sys 0 00:00:24  -  Total Remote Usage
		Usr 0 00:00:00, Sys 0 00:00:00  -  Total Local Usage
	156038  -  Run Bytes Sent By Job
	657735  -  Run Bytes Received By Job
	156038  -  Total Bytes Sent By Job
	657735  -  Total Bytes Received By Job
	Partitionable Resources :    Usage  Request Allocated 
	   Cpus                 :     0.79        1         1 
	   Disk (KB)            :   981         750      3870 
	   GPUs                 :                           0 
	   Memory (MB)          :   196        3000      3000 
	   TimeExecute (s)      :   361                       
	   TimeSlotBusy (s)     :   364                       
...
040 (9144434.002.000) 07/31 10:06:46 Started transferring output files
...
040 (9144434.002.000) 07/31 10:06:46 Finished transferring output files
...
005 (9144434.002.000) 07/31 10:06:46 Job terminated.
	(1) Normal termination (return value 0)
		Usr 0 00:03:59, Sys 0 00:00:22  -  Run Remote Usage
		Usr 0 00:00:00, Sys 0 00:00:00  -  Run Local Usage
		Usr 0 00:03:59, Sys 0 00:00:22  -  Total Remote Usage
		Usr 0 00:00:00, Sys 0 00:00:00  -  Total Local Usage
	145909  -  Run Bytes Sent By Job
	657735  -  Run Bytes Received By Job
	145909  -  Total Bytes Sent By Job
	657735  -  Total Bytes Received By Job
	Partitionable Resources :    Usage  Request Allocated 
	   Cpus                 :        0        1         1 
	   Disk (KB)            :      971      750      3911 
	   GPUs                 :                           0 
	   Memory (MB)          :      212     3000      3000 
	   TimeExecute (s)      :      366                    
	   TimeSlotBusy (s)     :      369                    
...
040 (9144434.017.000) 07/31 10:06:52 Started transferring output files
...
040 (9144434.017.000) 07/31 10:06:52 Finished transferring output files
...
005 (9144434.017.000) 07/31 10:06:52 Job terminated.
	(1) Normal termination (return value 0)
		Usr 0 00:04:00, Sys 0 00:00:23  -  Run Remote Usage
		Usr 0 00:00:00, Sys 0 00:00:00  -  Run Local Usage
		Usr 0 00:04:00, Sys 0 00:00:23  -  Total Remote Usage
		Usr 0 00:00:00, Sys 0 00:00:00  -  Total Local Usage
	148454  -  Run Bytes Sent By Job
	657735  -  Run Bytes Received By Job
	148454  -  Total Bytes Sent By Job
	657735  -  Total Bytes Received By Job
	Partitionable Resources :    Usage  Request Allocated 
	   Cpus                 :     0.35        1         1 
	   Disk (KB)            :   974         750      3874 
	   GPUs                 :                           0 
	   Memory (MB)          :   158        3000      3000 
	   TimeExecute (s)      :   368                       
	   TimeSlotBusy (s)     :   371                       
...
040 (9144434.013.000) 07/31 10:06:52 Started transferring output files
...
040 (9144434.013.000) 07/31 10:06:52 Finished transferring output files
...
005 (9144434.013.000) 07/31 10:06:53 Job terminated.
	(1) Normal termination (return value 0)
		Usr 0 00:03:55, Sys 0 00:00:24  -  Run Remote Usage
		Usr 0 00:00:00, Sys 0 00:00:00  -  Run Local Usage
		Usr 0 00:03:55, Sys 0 00:00:24  -  Total Remote Usage
		Usr 0 00:00:00, Sys 0 00:00:00  -  Total Local Usage
	153509  -  Run Bytes Sent By Job
	657735  -  Run Bytes Received By Job
	153509  -  Total Bytes Sent By Job
	657735  -  Total Bytes Received By Job
	Partitionable Resources :    Usage  Request Allocated 
	   Cpus                 :     0.69        1         1 
	   Disk (KB)            :   978         750      3958 
	   GPUs                 :                           0 
	   Memory (MB)          :    94        3000      3000 
	   TimeExecute (s)      :   366                       
	   TimeSlotBusy (s)     :   369                       
...
040 (9144434.003.000) 07/31 10:06:54 Started transferring output files
...
040 (9144434.003.000) 07/31 10:06:54 Finished transferring output files
...
005 (9144434.003.000) 07/31 10:06:55 Job terminated.
	(1) Normal termination (return value 0)
		Usr 0 00:04:22, Sys 0 00:00:24  -  Run Remote Usage
		Usr 0 00:00:00, Sys 0 00:00:00  -  Run Local Usage
		Usr 0 00:04:22, Sys 0 00:00:24  -  Total Remote Usage
		Usr 0 00:00:00, Sys 0 00:00:00  -  Total Local Usage
	145978  -  Run Bytes Sent By Job
	657735  -  Run Bytes Received By Job
	145978  -  Total Bytes Sent By Job
	657735  -  Total Bytes Received By Job
	Partitionable Resources :    Usage  Request Allocated 
	   Cpus                 :        0        1         1 
	   Disk (KB)            :      971      750      3962 
	   GPUs                 :                           0 
	   Memory (MB)          :      217     3000      3000 
	   TimeExecute (s)      :      375                    
	   TimeSlotBusy (s)     :      376                    
...
040 (9144434.001.000) 07/31 10:07:00 Started transferring output files
...
040 (9144434.001.000) 07/31 10:07:00 Finished transferring output files
...
005 (9144434.001.000) 07/31 10:07:00 Job terminated.
	(1) Normal termination (return value 0)
		Usr 0 00:04:18, Sys 0 00:00:24  -  Run Remote Usage
		Usr 0 00:00:00, Sys 0 00:00:00  -  Run Local Usage
		Usr 0 00:04:18, Sys 0 00:00:24  -  Total Remote Usage
		Usr 0 00:00:00, Sys 0 00:00:00  -  Total Local Usage
	145930  -  Run Bytes Sent By Job
	657735  -  Run Bytes Received By Job
	145930  -  Total Bytes Sent By Job
	657735  -  Total Bytes Received By Job
	Partitionable Resources :    Usage  Request Allocated 
	   Cpus                 :        0        1         1 
	   Disk (KB)            :      971      750      3940 
	   GPUs                 :                           0 
	   Memory (MB)          :      172     3000      3000 
	   TimeExecute (s)      :      376                    
	   TimeSlotBusy (s)     :      383                    
...
040 (9144434.009.000) 07/31 10:07:12 Started transferring output files
...
040 (9144434.009.000) 07/31 10:07:12 Finished transferring output files
...
005 (9144434.009.000) 07/31 10:07:12 Job terminated.
	(1) Normal termination (return value 0)
		Usr 0 00:03:55, Sys 0 00:00:24  -  Run Remote Usage
		Usr 0 00:00:00, Sys 0 00:00:00  -  Run Local Usage
		Usr 0 00:03:55, Sys 0 00:00:24  -  Total Remote Usage
		Usr 0 00:00:00, Sys 0 00:00:00  -  Total Local Usage
	151021  -  Run Bytes Sent By Job
	657735  -  Run Bytes Received By Job
	151021  -  Total Bytes Sent By Job
	657735  -  Total Bytes Received By Job
	Partitionable Resources :    Usage  Request Allocated 
	   Cpus                 :     0.78        1         1 
	   Disk (KB)            :   976         750      3953 
	   GPUs                 :                           0 
	   Memory (MB)          :   151        3000      3000 
	   TimeExecute (s)      :   391                       
	   TimeSlotBusy (s)     :   393                       
...
040 (9144434.008.000) 07/31 10:07:12 Started transferring output files
...
040 (9144434.008.000) 07/31 10:07:12 Finished transferring output files
...
005 (9144434.008.000) 07/31 10:07:12 Job terminated.
	(1) Normal termination (return value 0)
		Usr 0 00:04:02, Sys 0 00:00:24  -  Run Remote Usage
		Usr 0 00:00:00, Sys 0 00:00:00  -  Run Local Usage
		Usr 0 00:04:02, Sys 0 00:00:24  -  Total Remote Usage
		Usr 0 00:00:00, Sys 0 00:00:00  -  Total Local Usage
	156330  -  Run Bytes Sent By Job
	657735  -  Run Bytes Received By Job
	156330  -  Total Bytes Sent By Job
	657735  -  Total Bytes Received By Job
	Partitionable Resources :    Usage  Request Allocated 
	   Cpus                 :     0.81        1         1 
	   Disk (KB)            :   981         750      3970 
	   GPUs                 :                           0 
	   Memory (MB)          :   206        3000      3000 
	   TimeExecute (s)      :   391                       
	   TimeSlotBusy (s)     :   393                       
...
040 (9144434.005.000) 07/31 10:07:22 Started transferring output files
...
040 (9144434.005.000) 07/31 10:07:22 Finished transferring output files
...
005 (9144434.005.000) 07/31 10:07:22 Job terminated.
	(1) Normal termination (return value 0)
		Usr 0 00:03:53, Sys 0 00:00:22  -  Run Remote Usage
		Usr 0 00:00:00, Sys 0 00:00:00  -  Run Local Usage
		Usr 0 00:03:53, Sys 0 00:00:22  -  Total Remote Usage
		Usr 0 00:00:00, Sys 0 00:00:00  -  Total Local Usage
	148675  -  Run Bytes Sent By Job
	657735  -  Run Bytes Received By Job
	148675  -  Total Bytes Sent By Job
	657735  -  Total Bytes Received By Job
	Partitionable Resources :    Usage  Request Allocated 
	   Cpus                 :     0.00        1         1 
	   Disk (KB)            :   974         750      3933 
	   GPUs                 :                           0 
	   Memory (MB)          :   103        3000      3000 
	   TimeExecute (s)      :   402                       
	   TimeSlotBusy (s)     :   404                       
...
040 (9144434.004.000) 07/31 10:07:49 Started transferring output files
...
040 (9144434.004.000) 07/31 10:07:49 Finished transferring output files
...
005 (9144434.004.000) 07/31 10:07:50 Job terminated.
	(1) Normal termination (return value 0)
		Usr 0 00:04:16, Sys 0 00:00:26  -  Run Remote Usage
		Usr 0 00:00:00, Sys 0 00:00:00  -  Run Local Usage
		Usr 0 00:04:16, Sys 0 00:00:26  -  Total Remote Usage
		Usr 0 00:00:00, Sys 0 00:00:00  -  Total Local Usage
	146002  -  Run Bytes Sent By Job
	657735  -  Run Bytes Received By Job
	146002  -  Total Bytes Sent By Job
	657735  -  Total Bytes Received By Job
	Partitionable Resources :    Usage  Request Allocated 
	   Cpus                 :     0.75        1         1 
	   Disk (KB)            :   971         750      3894 
	   GPUs                 :                           0 
	   Memory (MB)          :    92        3000      3000 
	   TimeExecute (s)      :   418                       
	   TimeSlotBusy (s)     :   420                       
...
040 (9144434.018.000) 07/31 10:07:51 Started transferring output files
...
040 (9144434.018.000) 07/31 10:07:51 Finished transferring output files
...
005 (9144434.018.000) 07/31 10:07:51 Job terminated.
	(1) Normal termination (return value 0)
		Usr 0 00:03:56, Sys 0 00:00:22  -  Run Remote Usage
		Usr 0 00:00:00, Sys 0 00:00:00  -  Run Local Usage
		Usr 0 00:03:56, Sys 0 00:00:22  -  Total Remote Usage
		Usr 0 00:00:00, Sys 0 00:00:00  -  Total Local Usage
	146483  -  Run Bytes Sent By Job
	657735  -  Run Bytes Received By Job
	146483  -  Total Bytes Sent By Job
	657735  -  Total Bytes Received By Job
	Partitionable Resources :    Usage  Request Allocated 
	   Cpus                 :     0.80        1         1 
	   Disk (KB)            :   971         750      3868 
	   GPUs                 :                           0 
	   Memory (MB)          :    91        3000      3000 
	   TimeExecute (s)      :   426                       
	   TimeSlotBusy (s)     :   429                       
...
040 (9144434.006.000) 07/31 10:10:09 Started transferring output files
...
040 (9144434.006.000) 07/31 10:10:09 Finished transferring output files
...
005 (9144434.006.000) 07/31 10:10:09 Job terminated.
	(1) Normal termination (return value 0)
		Usr 0 00:04:19, Sys 0 00:00:23  -  Run Remote Usage
		Usr 0 00:00:00, Sys 0 00:00:00  -  Run Local Usage
		Usr 0 00:04:19, Sys 0 00:00:23  -  Total Remote Usage
		Usr 0 00:00:00, Sys 0 00:00:00  -  Total Local Usage
	146010  -  Run Bytes Sent By Job
	657735  -  Run Bytes Received By Job
	146010  -  Total Bytes Sent By Job
	657735  -  Total Bytes Received By Job
	Partitionable Resources :    Usage  Request Allocated 
	   Cpus                 :     0.56        1         1 
	   Disk (KB)            :   971         750      3885 
	   GPUs                 :                           0 
	   Memory (MB)          :    90        3000      3000 
	   TimeExecute (s)      :   568                       
	   TimeSlotBusy (s)     :   571                       
...
006 (9144434.012.000) 07/31 10:11:11 Image size of job updated: 283356
	79  -  MemoryUsage of job (MB)
	80860  -  ResidentSetSize of job (KB)
...
006 (9144434.012.000) 07/31 10:16:12 Image size of job updated: 283356
	82  -  MemoryUsage of job (MB)
	83888  -  ResidentSetSize of job (KB)
...
006 (9144434.012.000) 07/31 10:21:13 Image size of job updated: 283356
	83  -  MemoryUsage of job (MB)
	84260  -  ResidentSetSize of job (KB)
...
006 (9144434.012.000) 07/31 10:26:13 Image size of job updated: 283356
	83  -  MemoryUsage of job (MB)
	84396  -  ResidentSetSize of job (KB)
...
006 (9144434.012.000) 07/31 10:31:14 Image size of job updated: 283356
	83  -  MemoryUsage of job (MB)
	84760  -  ResidentSetSize of job (KB)
...
006 (9144434.012.000) 07/31 10:36:14 Image size of job updated: 283356
	83  -  MemoryUsage of job (MB)
	84972  -  ResidentSetSize of job (KB)
...
006 (9144434.012.000) 07/31 10:41:15 Image size of job updated: 283356
	84  -  MemoryUsage of job (MB)
	85112  -  ResidentSetSize of job (KB)
...
006 (9144434.012.000) 07/31 10:46:15 Image size of job updated: 283356
	84  -  MemoryUsage of job (MB)
	85340  -  ResidentSetSize of job (KB)
...
006 (9144434.012.000) 07/31 10:51:16 Image size of job updated: 283356
	84  -  MemoryUsage of job (MB)
	85764  -  ResidentSetSize of job (KB)
...
006 (9144434.012.000) 07/31 10:56:16 Image size of job updated: 283356
	84  -  MemoryUsage of job (MB)
	85924  -  ResidentSetSize of job (KB)
...
006 (9144434.012.000) 07/31 11:01:16 Image size of job updated: 283356
	85  -  MemoryUsage of job (MB)
	86124  -  ResidentSetSize of job (KB)
...
040 (9144434.012.000) 07/31 11:01:17 Started transferring output files
...
040 (9144434.012.000) 07/31 11:01:17 Finished transferring output files
...
021 (9144434.012.000) 07/31 11:01:17 Error from starter on slot1_40@b9p18p8103.cern.ch:
	STARTER at 188.185.215.163 failed to send file(s) to <188.185.125.71:9618>: |Error: 1 total failures: first failure: reading from file /pool/condor/dir_2683612/HardQCD_Pt15to7000_Oniaon_CR1_PYTHIA8311_Chunk12_Part0.root: (errno 2) No such file or directory; SHADOW failed to receive file(s) from <188.185.215.163:43569>
	Code 13 Subcode 2
...
004 (9144434.012.000) 07/31 11:01:17 Job was evicted. Code 12 Subcode 2
	(0) CPU times
		Usr 0 00:00:55, Sys 0 00:00:12  -  Run Remote Usage
		Usr 0 00:00:00, Sys 0 00:00:00  -  Run Local Usage
	0  -  Run Bytes Sent By Job
	657735  -  Run Bytes Received By Job
	Reason: Transfer output files failure at execution point slot1_40@b9p18p8103.cern.ch while sending files to access point bigbird28. Details: 1 total failures: first failure: reading from file /pool/condor/dir_2683612/HardQCD_Pt15to7000_Oniaon_CR1_PYTHIA8311_Chunk12_Part0.root: (errno 2) No such file or directory
	Partitionable Resources :    Usage  Request Allocated 
	   Cpus                 :     0.02        1         1 
	   Disk (KB)            :   834         750      3793 
	   GPUs                 :                           0 
	   Memory (MB)          :    85        3000      3000 
	   TimeExecute (s)      :  3615                       
	   TimeSlotBusy (s)     :  3627                       
...
012 (9144434.012.000) 07/31 11:01:17 Job was held.
	Transfer output files failure at execution point slot1_40@b9p18p8103.cern.ch while sending files to access point bigbird28. Details: 1 total failures: first failure: reading from file /pool/condor/dir_2683612/HardQCD_Pt15to7000_Oniaon_CR1_PYTHIA8311_Chunk12_Part0.root: (errno 2) No such file or directory
	Code 12 Subcode 2
...
009 (9144434.012.000) 08/01 11:01:53 Job was aborted.
	Job removed by SYSTEM_PERIODIC_REMOVE due to wall time exceeded allowed max.
...
000 (9146980.000.000) 08/03 09:20:18 Job submitted from host: <188.185.125.71:9618?addrs=188.185.125.71-9618+[2001-1458-d00-4a--100-15e]-9618&alias=bigbird28.cern.ch&noUDP&sock=schedd_1249217_88f9>
...
000 (9146980.001.000) 08/03 09:20:18 Job submitted from host: <188.185.125.71:9618?addrs=188.185.125.71-9618+[2001-1458-d00-4a--100-15e]-9618&alias=bigbird28.cern.ch&noUDP&sock=schedd_1249217_88f9>
...
000 (9146980.010.000) 08/03 09:20:18 Job submitted from host: <188.185.125.71:9618?addrs=188.185.125.71-9618+[2001-1458-d00-4a--100-15e]-9618&alias=bigbird28.cern.ch&noUDP&sock=schedd_1249217_88f9>
...
000 (9146980.011.000) 08/03 09:20:18 Job submitted from host: <188.185.125.71:9618?addrs=188.185.125.71-9618+[2001-1458-d00-4a--100-15e]-9618&alias=bigbird28.cern.ch&noUDP&sock=schedd_1249217_88f9>
...
000 (9146980.012.000) 08/03 09:20:18 Job submitted from host: <188.185.125.71:9618?addrs=188.185.125.71-9618+[2001-1458-d00-4a--100-15e]-9618&alias=bigbird28.cern.ch&noUDP&sock=schedd_1249217_88f9>
...
000 (9146980.013.000) 08/03 09:20:18 Job submitted from host: <188.185.125.71:9618?addrs=188.185.125.71-9618+[2001-1458-d00-4a--100-15e]-9618&alias=bigbird28.cern.ch&noUDP&sock=schedd_1249217_88f9>
...
000 (9146980.014.000) 08/03 09:20:18 Job submitted from host: <188.185.125.71:9618?addrs=188.185.125.71-9618+[2001-1458-d00-4a--100-15e]-9618&alias=bigbird28.cern.ch&noUDP&sock=schedd_1249217_88f9>
...
000 (9146980.015.000) 08/03 09:20:18 Job submitted from host: <188.185.125.71:9618?addrs=188.185.125.71-9618+[2001-1458-d00-4a--100-15e]-9618&alias=bigbird28.cern.ch&noUDP&sock=schedd_1249217_88f9>
...
000 (9146980.016.000) 08/03 09:20:18 Job submitted from host: <188.185.125.71:9618?addrs=188.185.125.71-9618+[2001-1458-d00-4a--100-15e]-9618&alias=bigbird28.cern.ch&noUDP&sock=schedd_1249217_88f9>
...
000 (9146980.017.000) 08/03 09:20:18 Job submitted from host: <188.185.125.71:9618?addrs=188.185.125.71-9618+[2001-1458-d00-4a--100-15e]-9618&alias=bigbird28.cern.ch&noUDP&sock=schedd_1249217_88f9>
...
000 (9146980.018.000) 08/03 09:20:18 Job submitted from host: <188.185.125.71:9618?addrs=188.185.125.71-9618+[2001-1458-d00-4a--100-15e]-9618&alias=bigbird28.cern.ch&noUDP&sock=schedd_1249217_88f9>
...
000 (9146980.019.000) 08/03 09:20:18 Job submitted from host: <188.185.125.71:9618?addrs=188.185.125.71-9618+[2001-1458-d00-4a--100-15e]-9618&alias=bigbird28.cern.ch&noUDP&sock=schedd_1249217_88f9>
...
000 (9146980.002.000) 08/03 09:20:18 Job submitted from host: <188.185.125.71:9618?addrs=188.185.125.71-9618+[2001-1458-d00-4a--100-15e]-9618&alias=bigbird28.cern.ch&noUDP&sock=schedd_1249217_88f9>
...
000 (9146980.003.000) 08/03 09:20:18 Job submitted from host: <188.185.125.71:9618?addrs=188.185.125.71-9618+[2001-1458-d00-4a--100-15e]-9618&alias=bigbird28.cern.ch&noUDP&sock=schedd_1249217_88f9>
...
000 (9146980.004.000) 08/03 09:20:18 Job submitted from host: <188.185.125.71:9618?addrs=188.185.125.71-9618+[2001-1458-d00-4a--100-15e]-9618&alias=bigbird28.cern.ch&noUDP&sock=schedd_1249217_88f9>
...
000 (9146980.005.000) 08/03 09:20:18 Job submitted from host: <188.185.125.71:9618?addrs=188.185.125.71-9618+[2001-1458-d00-4a--100-15e]-9618&alias=bigbird28.cern.ch&noUDP&sock=schedd_1249217_88f9>
...
000 (9146980.006.000) 08/03 09:20:18 Job submitted from host: <188.185.125.71:9618?addrs=188.185.125.71-9618+[2001-1458-d00-4a--100-15e]-9618&alias=bigbird28.cern.ch&noUDP&sock=schedd_1249217_88f9>
...
000 (9146980.007.000) 08/03 09:20:18 Job submitted from host: <188.185.125.71:9618?addrs=188.185.125.71-9618+[2001-1458-d00-4a--100-15e]-9618&alias=bigbird28.cern.ch&noUDP&sock=schedd_1249217_88f9>
...
000 (9146980.008.000) 08/03 09:20:18 Job submitted from host: <188.185.125.71:9618?addrs=188.185.125.71-9618+[2001-1458-d00-4a--100-15e]-9618&alias=bigbird28.cern.ch&noUDP&sock=schedd_1249217_88f9>
...
000 (9146980.009.000) 08/03 09:20:18 Job submitted from host: <188.185.125.71:9618?addrs=188.185.125.71-9618+[2001-1458-d00-4a--100-15e]-9618&alias=bigbird28.cern.ch&noUDP&sock=schedd_1249217_88f9>
...
040 (9146980.000.000) 08/03 09:21:26 Started transferring input files
	Transferring to host: <128.142.248.108:9618?addrs=128.142.248.108-9618+[2001-1458-301-73--100-15c]-9618&alias=b9g23p8657.cern.ch&noUDP&sock=slot1_25_7465_8489_10011>
...
040 (9146980.000.000) 08/03 09:21:27 Finished transferring input files
...
001 (9146980.000.000) 08/03 09:21:27 Job executing on host: <128.142.248.108:9618?addrs=128.142.248.108-9618+[2001-1458-301-73--100-15c]-9618&alias=b9g23p8657.cern.ch&noUDP&sock=startd_6625_c705>
	SlotName: slot1_25@b9g23p8657.cern.ch
	CondorScratchDir = "/pool/condor/dir_3643862"
	Cpus = 1
	Disk = 3934
	GPUs = 0
	Memory = 3000
...
040 (9146980.001.000) 08/03 09:21:27 Started transferring input files
	Transferring to host: <188.185.193.49:9618?addrs=188.185.193.49-9618+[2001-1458-303-20--100-2d]-9618&alias=b9p19p4128.cern.ch&noUDP&sock=slot1_34_3328_a080_18627>
...
040 (9146980.001.000) 08/03 09:21:27 Finished transferring input files
...
001 (9146980.001.000) 08/03 09:21:27 Job executing on host: <188.185.193.49:9618?addrs=188.185.193.49-9618+[2001-1458-303-20--100-2d]-9618&alias=b9p19p4128.cern.ch&noUDP&sock=startd_2584_fccf>
	SlotName: slot1_34@b9p19p4128.cern.ch
	CondorScratchDir = "/pool/condor/dir_19425"
	Cpus = 1
	Disk = 3747
	GPUs = 0
	Memory = 3000
...
040 (9146980.002.000) 08/03 09:21:28 Started transferring input files
	Transferring to host: <188.185.192.107:9618?addrs=188.185.192.107-9618+[2001-1458-303-1f--100-67]-9618&alias=b9p13p5496.cern.ch&noUDP&sock=slot1_9_5733_2ac2_14308>
...
040 (9146980.002.000) 08/03 09:21:28 Finished transferring input files
...
001 (9146980.002.000) 08/03 09:21:28 Job executing on host: <188.185.192.107:9618?addrs=188.185.192.107-9618+[2001-1458-303-1f--100-67]-9618&alias=b9p13p5496.cern.ch&noUDP&sock=startd_4697_546d>
	SlotName: slot1_9@b9p13p5496.cern.ch
	CondorScratchDir = "/pool/condor/dir_1306958"
	Cpus = 1
	Disk = 3805
	GPUs = 0
	Memory = 3000
...
040 (9146980.005.000) 08/03 09:21:28 Started transferring input files
	Transferring to host: <188.185.197.167:9618?addrs=188.185.197.167-9618+[2001-1458-303-24--100-a3]-9618&alias=b9p14p8721.cern.ch&noUDP&sock=slot1_38_6391_c99d_9523>
...
040 (9146980.005.000) 08/03 09:21:28 Finished transferring input files
...
040 (9146980.003.000) 08/03 09:21:28 Started transferring input files
	Transferring to host: <188.185.195.23:9618?addrs=188.185.195.23-9618+[2001-1458-303-22--100-13]-9618&alias=b9p17p9165.cern.ch&noUDP&sock=slot1_21_6117_bad2_14854>
...
001 (9146980.005.000) 08/03 09:21:28 Job executing on host: <188.185.197.167:9618?addrs=188.185.197.167-9618+[2001-1458-303-24--100-a3]-9618&alias=b9p14p8721.cern.ch&noUDP&sock=startd_5366_3549>
	SlotName: slot1_38@b9p14p8721.cern.ch
	CondorScratchDir = "/pool/condor/dir_383409"
	Cpus = 1
	Disk = 3966
	GPUs = 0
	Memory = 3000
...
040 (9146980.003.000) 08/03 09:21:28 Finished transferring input files
...
001 (9146980.003.000) 08/03 09:21:28 Job executing on host: <188.185.195.23:9618?addrs=188.185.195.23-9618+[2001-1458-303-22--100-13]-9618&alias=b9p17p9165.cern.ch&noUDP&sock=startd_4970_95c8>
	SlotName: slot1_21@b9p17p9165.cern.ch
	CondorScratchDir = "/pool/condor/dir_1511425"
	Cpus = 1
	Disk = 3856
	GPUs = 0
	Memory = 3000
...
040 (9146980.006.000) 08/03 09:21:28 Started transferring input files
	Transferring to host: <188.185.194.126:9618?addrs=188.185.194.126-9618+[2001-1458-303-21--100-7a]-9618&alias=b9p20p8030.cern.ch&noUDP&sock=slot1_8_3214_4dbc_16844>
...
040 (9146980.006.000) 08/03 09:21:28 Finished transferring input files
...
001 (9146980.006.000) 08/03 09:21:28 Job executing on host: <188.185.194.126:9618?addrs=188.185.194.126-9618+[2001-1458-303-21--100-7a]-9618&alias=b9p20p8030.cern.ch&noUDP&sock=startd_2579_8ed6>
	SlotName: slot1_8@b9p20p8030.cern.ch
	CondorScratchDir = "/pool/condor/dir_785653"
	Cpus = 1
	Disk = 3921
	GPUs = 0
	Memory = 3000
...
040 (9146980.004.000) 08/03 09:21:29 Started transferring input files
	Transferring to host: <188.185.192.181:9618?addrs=188.185.192.181-9618+[2001-1458-303-1f--100-b1]-9618&alias=b9p13p0613.cern.ch&noUDP&sock=slot1_19_4531_3fd1_18961>
...
040 (9146980.004.000) 08/03 09:21:29 Finished transferring input files
...
001 (9146980.004.000) 08/03 09:21:29 Job executing on host: <188.185.192.181:9618?addrs=188.185.192.181-9618+[2001-1458-303-1f--100-b1]-9618&alias=b9p13p0613.cern.ch&noUDP&sock=startd_3480_91ab>
	SlotName: slot1_19@b9p13p0613.cern.ch
	CondorScratchDir = "/pool/condor/dir_326263"
	Cpus = 1
	Disk = 3822
	GPUs = 0
	Memory = 3000
...
040 (9146980.007.000) 08/03 09:21:29 Started transferring input files
	Transferring to host: <188.185.193.113:9618?addrs=188.185.193.113-9618+[2001-1458-303-20--100-6d]-9618&alias=b9p19p9894.cern.ch&noUDP&sock=slot1_43_7097_3a7a_17073>
...
040 (9146980.007.000) 08/03 09:21:29 Finished transferring input files
...
001 (9146980.007.000) 08/03 09:21:29 Job executing on host: <188.185.193.113:9618?addrs=188.185.193.113-9618+[2001-1458-303-20--100-6d]-9618&alias=b9p19p9894.cern.ch&noUDP&sock=startd_6248_2fd1>
	SlotName: slot1_43@b9p19p9894.cern.ch
	CondorScratchDir = "/pool/condor/dir_2007938"
	Cpus = 1
	Disk = 3861
	GPUs = 0
	Memory = 3000
...
040 (9146980.009.000) 08/03 09:21:29 Started transferring input files
	Transferring to host: <188.185.195.75:9618?addrs=188.185.195.75-9618+[2001-1458-303-22--100-47]-9618&alias=b9p17p7899.cern.ch&noUDP&sock=slot1_40_4372_382b_16812>
...
040 (9146980.009.000) 08/03 09:21:29 Finished transferring input files
...
001 (9146980.009.000) 08/03 09:21:29 Job executing on host: <188.185.195.75:9618?addrs=188.185.195.75-9618+[2001-1458-303-22--100-47]-9618&alias=b9p17p7899.cern.ch&noUDP&sock=startd_3222_9a3c>
	SlotName: slot1_40@b9p17p7899.cern.ch
	CondorScratchDir = "/pool/condor/dir_2914683"
	Cpus = 1
	Disk = 3863
	GPUs = 0
	Memory = 3000
...
040 (9146980.008.000) 08/03 09:21:30 Started transferring input files
	Transferring to host: <188.185.194.136:9618?addrs=188.185.194.136-9618+[2001-1458-303-21--100-84]-9618&alias=b9p20p9239.cern.ch&noUDP&sock=slot1_34_5129_982a_17181>
...
040 (9146980.008.000) 08/03 09:21:30 Finished transferring input files
...
040 (9146980.012.000) 08/03 09:21:30 Started transferring input files
	Transferring to host: <188.185.197.141:9618?addrs=188.185.197.141-9618+[2001-1458-303-24--100-89]-9618&alias=b9p14p3350.cern.ch&noUDP&sock=slot1_20_4532_f431_9370>
...
001 (9146980.008.000) 08/03 09:21:30 Job executing on host: <188.185.194.136:9618?addrs=188.185.194.136-9618+[2001-1458-303-21--100-84]-9618&alias=b9p20p9239.cern.ch&noUDP&sock=startd_4151_d1b7>
	SlotName: slot1_34@b9p20p9239.cern.ch
	CondorScratchDir = "/pool/condor/dir_1329315"
	Cpus = 1
	Disk = 3879
	GPUs = 0
	Memory = 3000
...
040 (9146980.012.000) 08/03 09:21:30 Finished transferring input files
...
040 (9146980.011.000) 08/03 09:21:30 Started transferring input files
	Transferring to host: <188.185.193.14:9618?addrs=188.185.193.14-9618+[2001-1458-303-20--100-a]-9618&alias=b9p19p9524.cern.ch&noUDP&sock=slot1_45_6397_03dd_18839>
...
001 (9146980.012.000) 08/03 09:21:30 Job executing on host: <188.185.197.141:9618?addrs=188.185.197.141-9618+[2001-1458-303-24--100-89]-9618&alias=b9p14p3350.cern.ch&noUDP&sock=startd_3454_bc35>
	SlotName: slot1_20@b9p14p3350.cern.ch
	CondorScratchDir = "/pool/condor/dir_3635611"
	Cpus = 1
	Disk = 3822
	GPUs = 0
	Memory = 3000
...
040 (9146980.011.000) 08/03 09:21:30 Finished transferring input files
...
001 (9146980.011.000) 08/03 09:21:30 Job executing on host: <188.185.193.14:9618?addrs=188.185.193.14-9618+[2001-1458-303-20--100-a]-9618&alias=b9p19p9524.cern.ch&noUDP&sock=startd_5512_5a1d>
	SlotName: slot1_45@b9p19p9524.cern.ch
	CondorScratchDir = "/pool/condor/dir_1465047"
	Cpus = 1
	Disk = 3874
	GPUs = 0
	Memory = 3000
...
040 (9146980.010.000) 08/03 09:21:30 Started transferring input files
	Transferring to host: <188.185.194.145:9618?addrs=188.185.194.145-9618+[2001-1458-303-21--100-8d]-9618&alias=b9p20p3694.cern.ch&noUDP&sock=slot1_17_3822_b1d4_16203>
...
040 (9146980.010.000) 08/03 09:21:30 Finished transferring input files
...
001 (9146980.010.000) 08/03 09:21:30 Job executing on host: <188.185.194.145:9618?addrs=188.185.194.145-9618+[2001-1458-303-21--100-8d]-9618&alias=b9p20p3694.cern.ch&noUDP&sock=startd_3196_c4c5>
	SlotName: slot1_17@b9p20p3694.cern.ch
	CondorScratchDir = "/pool/condor/dir_2466892"
	Cpus = 1
	Disk = 3861
	GPUs = 0
	Memory = 3000
...
040 (9146980.015.000) 08/03 09:21:31 Started transferring input files
	Transferring to host: <188.185.192.26:9618?addrs=188.185.192.26-9618+[2001-1458-303-1f--100-16]-9618&alias=b9p13p7848.cern.ch&noUDP&sock=slot1_34_10318_b6dd_19220>
...
040 (9146980.015.000) 08/03 09:21:31 Finished transferring input files
...
001 (9146980.015.000) 08/03 09:21:31 Job executing on host: <188.185.192.26:9618?addrs=188.185.192.26-9618+[2001-1458-303-1f--100-16]-9618&alias=b9p13p7848.cern.ch&noUDP&sock=startd_9029_b8b2>
	SlotName: slot1_34@b9p13p7848.cern.ch
	CondorScratchDir = "/pool/condor/dir_2142698"
	Cpus = 1
	Disk = 3900
	GPUs = 0
	Memory = 3000
...
040 (9146980.014.000) 08/03 09:21:31 Started transferring input files
	Transferring to host: <188.185.192.150:9618?addrs=188.185.192.150-9618+[2001-1458-303-1f--100-92]-9618&alias=b9p13p1188.cern.ch&noUDP&sock=slot1_44_4495_e250_16143>
...
040 (9146980.014.000) 08/03 09:21:31 Finished transferring input files
...
001 (9146980.014.000) 08/03 09:21:31 Job executing on host: <188.185.192.150:9618?addrs=188.185.192.150-9618+[2001-1458-303-1f--100-92]-9618&alias=b9p13p1188.cern.ch&noUDP&sock=startd_3457_cafd>
	SlotName: slot1_44@b9p13p1188.cern.ch
	CondorScratchDir = "/pool/condor/dir_517265"
	Cpus = 1
	Disk = 3822
	GPUs = 0
	Memory = 3000
...
040 (9146980.013.000) 08/03 09:21:32 Started transferring input files
	Transferring to host: <128.142.51.201:9618?addrs=128.142.51.201-9618+[2001-1458-301-3--100-6]-9618&alias=b9g02p2419.cern.ch&noUDP&sock=slot1_40_8782_769e_16486>
...
040 (9146980.013.000) 08/03 09:21:32 Finished transferring input files
...
001 (9146980.013.000) 08/03 09:21:32 Job executing on host: <128.142.51.201:9618?addrs=128.142.51.201-9618+[2001-1458-301-3--100-6]-9618&alias=b9g02p2419.cern.ch&noUDP&sock=startd_7671_3f16>
	SlotName: slot1_40@b9g02p2419.cern.ch
	CondorScratchDir = "/pool/condor/dir_1430717"
	Cpus = 1
	Disk = 3920
	GPUs = 0
	Memory = 3000
...
040 (9146980.016.000) 08/03 09:21:32 Started transferring input files
	Transferring to host: <188.185.195.128:9618?addrs=188.185.195.128-9618+[2001-1458-303-22--100-7c]-9618&alias=b9p17p8721.cern.ch&noUDP&sock=slot1_26_6278_2b38_16966>
...
040 (9146980.016.000) 08/03 09:21:32 Finished transferring input files
...
001 (9146980.016.000) 08/03 09:21:32 Job executing on host: <188.185.195.128:9618?addrs=188.185.195.128-9618+[2001-1458-303-22--100-7c]-9618&alias=b9p17p8721.cern.ch&noUDP&sock=startd_5270_5c31>
	SlotName: slot1_26@b9p17p8721.cern.ch
	CondorScratchDir = "/pool/condor/dir_2744091"
	Cpus = 1
	Disk = 3852
	GPUs = 0
	Memory = 3000
...
040 (9146980.017.000) 08/03 09:21:32 Started transferring input files
	Transferring to host: <128.142.161.95:9618?addrs=128.142.161.95-9618+[2001-1458-301-b8--100-1d]-9618&alias=b9g03p2461.cern.ch&noUDP&sock=slot1_26_6277_76d8_17928>
...
040 (9146980.017.000) 08/03 09:21:32 Finished transferring input files
...
001 (9146980.017.000) 08/03 09:21:32 Job executing on host: <128.142.161.95:9618?addrs=128.142.161.95-9618+[2001-1458-301-b8--100-1d]-9618&alias=b9g03p2461.cern.ch&noUDP&sock=startd_5254_62ad>
	SlotName: slot1_26@b9g03p2461.cern.ch
	CondorScratchDir = "/pool/condor/dir_1548570"
	Cpus = 1
	Disk = 3961
	GPUs = 0
	Memory = 3000
...
040 (9146980.019.000) 08/03 09:21:33 Started transferring input files
	Transferring to host: <188.185.197.72:9618?addrs=188.185.197.72-9618+[2001-1458-303-24--100-44]-9618&alias=b9p14p9143.cern.ch&noUDP&sock=slot1_17_5728_a4e2_9540>
...
040 (9146980.018.000) 08/03 09:21:33 Started transferring input files
	Transferring to host: <188.185.197.127:9618?addrs=188.185.197.127-9618+[2001-1458-303-24--100-7b]-9618&alias=b9p14p8815.cern.ch&noUDP&sock=slot1_39_7005_67f6_9798>
...
040 (9146980.019.000) 08/03 09:21:33 Finished transferring input files
...
040 (9146980.018.000) 08/03 09:21:33 Finished transferring input files
...
001 (9146980.019.000) 08/03 09:21:33 Job executing on host: <188.185.197.72:9618?addrs=188.185.197.72-9618+[2001-1458-303-24--100-44]-9618&alias=b9p14p9143.cern.ch&noUDP&sock=startd_4549_d069>
	SlotName: slot1_17@b9p14p9143.cern.ch
	CondorScratchDir = "/pool/condor/dir_328191"
	Cpus = 1
	Disk = 3869
	GPUs = 0
	Memory = 3000
...
001 (9146980.018.000) 08/03 09:21:33 Job executing on host: <188.185.197.127:9618?addrs=188.185.197.127-9618+[2001-1458-303-24--100-7b]-9618&alias=b9p14p8815.cern.ch&noUDP&sock=startd_6227_c854>
	SlotName: slot1_39@b9p14p8815.cern.ch
	CondorScratchDir = "/pool/condor/dir_3415973"
	Cpus = 1
	Disk = 3895
	GPUs = 0
	Memory = 3000
...
006 (9146980.000.000) 08/03 09:21:35 Image size of job updated: 290328
	284  -  MemoryUsage of job (MB)
	290328  -  ResidentSetSize of job (KB)
...
006 (9146980.001.000) 08/03 09:21:35 Image size of job updated: 279908
	274  -  MemoryUsage of job (MB)
	279908  -  ResidentSetSize of job (KB)
...
006 (9146980.002.000) 08/03 09:21:36 Image size of job updated: 278112
	272  -  MemoryUsage of job (MB)
	278112  -  ResidentSetSize of job (KB)
...
006 (9146980.005.000) 08/03 09:21:36 Image size of job updated: 284064
	278  -  MemoryUsage of job (MB)
	284064  -  ResidentSetSize of job (KB)
...
006 (9146980.003.000) 08/03 09:21:36 Image size of job updated: 271984
	266  -  MemoryUsage of job (MB)
	271984  -  ResidentSetSize of job (KB)
...
006 (9146980.006.000) 08/03 09:21:36 Image size of job updated: 280212
	274  -  MemoryUsage of job (MB)
	280212  -  ResidentSetSize of job (KB)
...
006 (9146980.004.000) 08/03 09:21:37 Image size of job updated: 279912
	274  -  MemoryUsage of job (MB)
	279912  -  ResidentSetSize of job (KB)
...
006 (9146980.007.000) 08/03 09:21:37 Image size of job updated: 282004
	276  -  MemoryUsage of job (MB)
	282004  -  ResidentSetSize of job (KB)
...
006 (9146980.009.000) 08/03 09:21:38 Image size of job updated: 286140
	280  -  MemoryUsage of job (MB)
	286140  -  ResidentSetSize of job (KB)
...
006 (9146980.015.000) 08/03 09:21:39 Image size of job updated: 274668
	269  -  MemoryUsage of job (MB)
	274668  -  ResidentSetSize of job (KB)
...
006 (9146980.014.000) 08/03 09:21:39 Image size of job updated: 272612
	267  -  MemoryUsage of job (MB)
	272612  -  ResidentSetSize of job (KB)
...
006 (9146980.008.000) 08/03 09:21:39 Image size of job updated: 277808
	272  -  MemoryUsage of job (MB)
	277808  -  ResidentSetSize of job (KB)
...
006 (9146980.012.000) 08/03 09:21:39 Image size of job updated: 292944
	287  -  MemoryUsage of job (MB)
	292944  -  ResidentSetSize of job (KB)
...
006 (9146980.011.000) 08/03 09:21:39 Image size of job updated: 296328
	290  -  MemoryUsage of job (MB)
	296328  -  ResidentSetSize of job (KB)
...
006 (9146980.010.000) 08/03 09:21:39 Image size of job updated: 281964
	276  -  MemoryUsage of job (MB)
	281964  -  ResidentSetSize of job (KB)
...
006 (9146980.013.000) 08/03 09:21:40 Image size of job updated: 279872
	274  -  MemoryUsage of job (MB)
	279872  -  ResidentSetSize of job (KB)
...
006 (9146980.016.000) 08/03 09:21:41 Image size of job updated: 288232
	282  -  MemoryUsage of job (MB)
	288232  -  ResidentSetSize of job (KB)
...
006 (9146980.017.000) 08/03 09:21:41 Image size of job updated: 290344
	284  -  MemoryUsage of job (MB)
	290344  -  ResidentSetSize of job (KB)
...
006 (9146980.019.000) 08/03 09:21:42 Image size of job updated: 284088
	278  -  MemoryUsage of job (MB)
	284088  -  ResidentSetSize of job (KB)
...
006 (9146980.018.000) 08/03 09:21:42 Image size of job updated: 305068
	298  -  MemoryUsage of job (MB)
	305068  -  ResidentSetSize of job (KB)
...
006 (9146980.001.000) 08/03 09:26:35 Image size of job updated: 302792
	274  -  MemoryUsage of job (MB)
	279908  -  ResidentSetSize of job (KB)
...
006 (9146980.002.000) 08/03 09:26:36 Image size of job updated: 294448
	272  -  MemoryUsage of job (MB)
	278112  -  ResidentSetSize of job (KB)
...
006 (9146980.005.000) 08/03 09:26:36 Image size of job updated: 306156
	278  -  MemoryUsage of job (MB)
	284064  -  ResidentSetSize of job (KB)
...
006 (9146980.003.000) 08/03 09:26:36 Image size of job updated: 292972
	266  -  MemoryUsage of job (MB)
	271984  -  ResidentSetSize of job (KB)
...
006 (9146980.006.000) 08/03 09:26:36 Image size of job updated: 303292
	274  -  MemoryUsage of job (MB)
	280212  -  ResidentSetSize of job (KB)
...
006 (9146980.004.000) 08/03 09:26:37 Image size of job updated: 296444
	274  -  MemoryUsage of job (MB)
	279912  -  ResidentSetSize of job (KB)
...
006 (9146980.007.000) 08/03 09:26:38 Image size of job updated: 305360
	276  -  MemoryUsage of job (MB)
	282004  -  ResidentSetSize of job (KB)
...
006 (9146980.015.000) 08/03 09:26:39 Image size of job updated: 292916
	269  -  MemoryUsage of job (MB)
	274668  -  ResidentSetSize of job (KB)
...
006 (9146980.009.000) 08/03 09:26:39 Image size of job updated: 294404
	280  -  MemoryUsage of job (MB)
	286140  -  ResidentSetSize of job (KB)
...
006 (9146980.008.000) 08/03 09:26:40 Image size of job updated: 286164
	272  -  MemoryUsage of job (MB)
	277808  -  ResidentSetSize of job (KB)
...
006 (9146980.013.000) 08/03 09:26:40 Image size of job updated: 305080
	274  -  MemoryUsage of job (MB)
	279872  -  ResidentSetSize of job (KB)
...
006 (9146980.014.000) 08/03 09:26:40 Image size of job updated: 296336
	267  -  MemoryUsage of job (MB)
	272984  -  ResidentSetSize of job (KB)
...
006 (9146980.012.000) 08/03 09:26:40 Image size of job updated: 305364
	287  -  MemoryUsage of job (MB)
	292944  -  ResidentSetSize of job (KB)
...
006 (9146980.011.000) 08/03 09:26:40 Image size of job updated: 305604
	290  -  MemoryUsage of job (MB)
	296328  -  ResidentSetSize of job (KB)
...
006 (9146980.010.000) 08/03 09:26:40 Image size of job updated: 288240
	276  -  MemoryUsage of job (MB)
	281964  -  ResidentSetSize of job (KB)
...
006 (9146980.016.000) 08/03 09:26:42 Image size of job updated: 298592
	282  -  MemoryUsage of job (MB)
	288232  -  ResidentSetSize of job (KB)
...
006 (9146980.017.000) 08/03 09:26:42 Image size of job updated: 305096
	284  -  MemoryUsage of job (MB)
	290344  -  ResidentSetSize of job (KB)
...
006 (9146980.019.000) 08/03 09:26:43 Image size of job updated: 292988
	278  -  MemoryUsage of job (MB)
	284088  -  ResidentSetSize of job (KB)
...
040 (9146980.005.000) 08/03 09:40:52 Started transferring output files
...
040 (9146980.005.000) 08/03 09:40:52 Finished transferring output files
...
005 (9146980.005.000) 08/03 09:40:52 Job terminated.
	(1) Normal termination (return value 0)
		Usr 0 00:04:00, Sys 0 00:00:22  -  Run Remote Usage
		Usr 0 00:00:00, Sys 0 00:00:00  -  Run Local Usage
		Usr 0 00:04:00, Sys 0 00:00:22  -  Total Remote Usage
		Usr 0 00:00:00, Sys 0 00:00:00  -  Total Local Usage
	180984  -  Run Bytes Sent By Job
	658794  -  Run Bytes Received By Job
	180984  -  Total Bytes Sent By Job
	658794  -  Total Bytes Received By Job
	Partitionable Resources :    Usage  Request Allocated 
	   Cpus                 :     0.78        1         1 
	   Disk (KB)            :   973         750      3966 
	   GPUs                 :                           0 
	   Memory (MB)          :   278        3000      3000 
	   TimeExecute (s)      :  1163                       
	   TimeSlotBusy (s)     :  1166                       
...
040 (9146980.012.000) 08/03 09:40:53 Started transferring output files
...
040 (9146980.012.000) 08/03 09:40:53 Finished transferring output files
...
005 (9146980.012.000) 08/03 09:40:53 Job terminated.
	(1) Normal termination (return value 0)
		Usr 0 00:03:48, Sys 0 00:00:19  -  Run Remote Usage
		Usr 0 00:00:00, Sys 0 00:00:00  -  Run Local Usage
		Usr 0 00:03:48, Sys 0 00:00:19  -  Total Remote Usage
		Usr 0 00:00:00, Sys 0 00:00:00  -  Total Local Usage
	183896  -  Run Bytes Sent By Job
	658794  -  Run Bytes Received By Job
	183896  -  Total Bytes Sent By Job
	658794  -  Total Bytes Received By Job
	Partitionable Resources :    Usage  Request Allocated 
	   Cpus                 :        0        1         1 
	   Disk (KB)            :      976      750      3822 
	   GPUs                 :                           0 
	   Memory (MB)          :      287     3000      3000 
	   TimeExecute (s)      :     1162                    
	   TimeSlotBusy (s)     :     1164                    
...
040 (9146980.002.000) 08/03 09:41:13 Started transferring output files
...
040 (9146980.002.000) 08/03 09:41:13 Finished transferring output files
...
040 (9146980.009.000) 08/03 09:41:13 Started transferring output files
...
040 (9146980.019.000) 08/03 09:41:13 Started transferring output files
...
040 (9146980.009.000) 08/03 09:41:13 Finished transferring output files
...
040 (9146980.019.000) 08/03 09:41:13 Finished transferring output files
...
005 (9146980.002.000) 08/03 09:41:13 Job terminated.
	(1) Normal termination (return value 0)
		Usr 0 00:04:01, Sys 0 00:00:20  -  Run Remote Usage
		Usr 0 00:00:00, Sys 0 00:00:00  -  Run Local Usage
		Usr 0 00:04:01, Sys 0 00:00:20  -  Total Remote Usage
		Usr 0 00:00:00, Sys 0 00:00:00  -  Total Local Usage
	178183  -  Run Bytes Sent By Job
	658794  -  Run Bytes Received By Job
	178183  -  Total Bytes Sent By Job
	658794  -  Total Bytes Received By Job
	Partitionable Resources :    Usage  Request Allocated 
	   Cpus                 :     0.81        1         1 
	   Disk (KB)            :   970         750      3805 
	   GPUs                 :                           0 
	   Memory (MB)          :   272        3000      3000 
	   TimeExecute (s)      :  1184                       
	   TimeSlotBusy (s)     :  1188                       
...
005 (9146980.009.000) 08/03 09:41:13 Job terminated.
	(1) Normal termination (return value 0)
		Usr 0 00:03:55, Sys 0 00:00:21  -  Run Remote Usage
		Usr 0 00:00:00, Sys 0 00:00:00  -  Run Local Usage
		Usr 0 00:03:55, Sys 0 00:00:21  -  Total Remote Usage
		Usr 0 00:00:00, Sys 0 00:00:00  -  Total Local Usage
	183306  -  Run Bytes Sent By Job
	658794  -  Run Bytes Received By Job
	183306  -  Total Bytes Sent By Job
	658794  -  Total Bytes Received By Job
	Partitionable Resources :    Usage  Request Allocated 
	   Cpus                 :        0        1         1 
	   Disk (KB)            :      975      750      3863 
	   GPUs                 :                           0 
	   Memory (MB)          :      280     3000      3000 
	   TimeExecute (s)      :     1183                    
	   TimeSlotBusy (s)     :     1185                    
...
005 (9146980.019.000) 08/03 09:41:13 Job terminated.
	(1) Normal termination (return value 0)
		Usr 0 00:03:29, Sys 0 00:00:20  -  Run Remote Usage
		Usr 0 00:00:00, Sys 0 00:00:00  -  Run Local Usage
		Usr 0 00:03:29, Sys 0 00:00:20  -  Total Remote Usage
		Usr 0 00:00:00, Sys 0 00:00:00  -  Total Local Usage
	178609  -  Run Bytes Sent By Job
	658794  -  Run Bytes Received By Job
	178609  -  Total Bytes Sent By Job
	658794  -  Total Bytes Received By Job
	Partitionable Resources :    Usage  Request Allocated 
	   Cpus                 :        0        1         1 
	   Disk (KB)            :      970      750      3869 
	   GPUs                 :                           0 
	   Memory (MB)          :      278     3000      3000 
	   TimeExecute (s)      :     1179                    
	   TimeSlotBusy (s)     :     1181                    
...
040 (9146980.017.000) 08/03 09:41:18 Started transferring output files
...
040 (9146980.017.000) 08/03 09:41:18 Finished transferring output files
...
005 (9146980.017.000) 08/03 09:41:18 Job terminated.
	(1) Normal termination (return value 0)
		Usr 0 00:04:05, Sys 0 00:00:21  -  Run Remote Usage
		Usr 0 00:00:00, Sys 0 00:00:00  -  Run Local Usage
		Usr 0 00:04:05, Sys 0 00:00:21  -  Total Remote Usage
		Usr 0 00:00:00, Sys 0 00:00:00  -  Total Local Usage
	180323  -  Run Bytes Sent By Job
	658794  -  Run Bytes Received By Job
	180323  -  Total Bytes Sent By Job
	658794  -  Total Bytes Received By Job
	Partitionable Resources :    Usage  Request Allocated 
	   Cpus                 :     0.83        1         1 
	   Disk (KB)            :   972         750      3961 
	   GPUs                 :                           0 
	   Memory (MB)          :   284        3000      3000 
	   TimeExecute (s)      :  1184                       
	   TimeSlotBusy (s)     :  1187                       
...
040 (9146980.007.000) 08/03 09:41:19 Started transferring output files
...
040 (9146980.007.000) 08/03 09:41:19 Finished transferring output files
...
005 (9146980.007.000) 08/03 09:41:19 Job terminated.
	(1) Normal termination (return value 0)
		Usr 0 00:04:02, Sys 0 00:00:22  -  Run Remote Usage
		Usr 0 00:00:00, Sys 0 00:00:00  -  Run Local Usage
		Usr 0 00:04:02, Sys 0 00:00:22  -  Total Remote Usage
		Usr 0 00:00:00, Sys 0 00:00:00  -  Total Local Usage
	187949  -  Run Bytes Sent By Job
	658794  -  Run Bytes Received By Job
	187949  -  Total Bytes Sent By Job
	658794  -  Total Bytes Received By Job
	Partitionable Resources :    Usage  Request Allocated 
	   Cpus                 :     0.00        1         1 
	   Disk (KB)            :   980         750      3861 
	   GPUs                 :                           0 
	   Memory (MB)          :   276        3000      3000 
	   TimeExecute (s)      :  1189                       
	   TimeSlotBusy (s)     :  1191                       
...
040 (9146980.003.000) 08/03 09:41:22 Started transferring output files
...
040 (9146980.003.000) 08/03 09:41:22 Finished transferring output files
...
005 (9146980.003.000) 08/03 09:41:22 Job terminated.
	(1) Normal termination (return value 0)
		Usr 0 00:04:14, Sys 0 00:00:21  -  Run Remote Usage
		Usr 0 00:00:00, Sys 0 00:00:00  -  Run Local Usage
		Usr 0 00:04:14, Sys 0 00:00:21  -  Total Remote Usage
		Usr 0 00:00:00, Sys 0 00:00:00  -  Total Local Usage
	178116  -  Run Bytes Sent By Job
	658794  -  Run Bytes Received By Job
	178116  -  Total Bytes Sent By Job
	658794  -  Total Bytes Received By Job
	Partitionable Resources :    Usage  Request Allocated 
	   Cpus                 :     0.80        1         1 
	   Disk (KB)            :   970         750      3856 
	   GPUs                 :                           0 
	   Memory (MB)          :   266        3000      3000 
	   TimeExecute (s)      :  1193                       
	   TimeSlotBusy (s)     :  1196                       
...
040 (9146980.016.000) 08/03 09:41:30 Started transferring output files
...
040 (9146980.016.000) 08/03 09:41:30 Finished transferring output files
...
005 (9146980.016.000) 08/03 09:41:31 Job terminated.
	(1) Normal termination (return value 0)
		Usr 0 00:04:10, Sys 0 00:00:24  -  Run Remote Usage
		Usr 0 00:00:00, Sys 0 00:00:00  -  Run Local Usage
		Usr 0 00:04:10, Sys 0 00:00:24  -  Total Remote Usage
		Usr 0 00:00:00, Sys 0 00:00:00  -  Total Local Usage
	185229  -  Run Bytes Sent By Job
	658794  -  Run Bytes Received By Job
	185229  -  Total Bytes Sent By Job
	658794  -  Total Bytes Received By Job
	Partitionable Resources :    Usage  Request Allocated 
	   Cpus                 :     0.82        1         1 
	   Disk (KB)            :   977         750      3852 
	   GPUs                 :                           0 
	   Memory (MB)          :   282        3000      3000 
	   TimeExecute (s)      :  1197                       
	   TimeSlotBusy (s)     :  1199                       
...
040 (9146980.000.000) 08/03 09:41:38 Started transferring output files
...
040 (9146980.000.000) 08/03 09:41:38 Finished transferring output files
...
005 (9146980.000.000) 08/03 09:41:38 Job terminated.
	(1) Normal termination (return value 0)
		Usr 0 00:03:52, Sys 0 00:00:19  -  Run Remote Usage
		Usr 0 00:00:00, Sys 0 00:00:00  -  Run Local Usage
		Usr 0 00:03:52, Sys 0 00:00:19  -  Total Remote Usage
		Usr 0 00:00:00, Sys 0 00:00:00  -  Total Local Usage
	177911  -  Run Bytes Sent By Job
	658794  -  Run Bytes Received By Job
	177911  -  Total Bytes Sent By Job
	658794  -  Total Bytes Received By Job
	Partitionable Resources :    Usage  Request Allocated 
	   Cpus                 :     0.79        1         1 
	   Disk (KB)            :   970         750      3934 
	   GPUs                 :                           0 
	   Memory (MB)          :   284        3000      3000 
	   TimeExecute (s)      :  1210                       
	   TimeSlotBusy (s)     :  1213                       
...
040 (9146980.008.000) 08/03 09:41:42 Started transferring output files
...
040 (9146980.008.000) 08/03 09:41:42 Finished transferring output files
...
005 (9146980.008.000) 08/03 09:41:42 Job terminated.
	(1) Normal termination (return value 0)
		Usr 0 00:04:09, Sys 0 00:00:24  -  Run Remote Usage
		Usr 0 00:00:00, Sys 0 00:00:00  -  Run Local Usage
		Usr 0 00:04:09, Sys 0 00:00:24  -  Total Remote Usage
		Usr 0 00:00:00, Sys 0 00:00:00  -  Total Local Usage
	188262  -  Run Bytes Sent By Job
	658794  -  Run Bytes Received By Job
	188262  -  Total Bytes Sent By Job
	658794  -  Total Bytes Received By Job
	Partitionable Resources :    Usage  Request Allocated 
	   Cpus                 :     0.00        1         1 
	   Disk (KB)            :   980         750      3879 
	   GPUs                 :                           0 
	   Memory (MB)          :   272        3000      3000 
	   TimeExecute (s)      :  1211                       
	   TimeSlotBusy (s)     :  1214                       
...
040 (9146980.013.000) 08/03 09:41:52 Started transferring output files
...
040 (9146980.013.000) 08/03 09:41:52 Finished transferring output files
...
005 (9146980.013.000) 08/03 09:41:52 Job terminated.
	(1) Normal termination (return value 0)
		Usr 0 00:03:55, Sys 0 00:00:21  -  Run Remote Usage
		Usr 0 00:00:00, Sys 0 00:00:00  -  Run Local Usage
		Usr 0 00:03:55, Sys 0 00:00:21  -  Total Remote Usage
		Usr 0 00:00:00, Sys 0 00:00:00  -  Total Local Usage
	185449  -  Run Bytes Sent By Job
	658794  -  Run Bytes Received By Job
	185449  -  Total Bytes Sent By Job
	658794  -  Total Bytes Received By Job
	Partitionable Resources :    Usage  Request Allocated 
	   Cpus                 :     0.79        1         1 
	   Disk (KB)            :   977         750      3920 
	   GPUs                 :                           0 
	   Memory (MB)          :   274        3000      3000 
	   TimeExecute (s)      :  1219                       
	   TimeSlotBusy (s)     :  1222                       
...
040 (9146980.018.000) 08/03 09:41:58 Started transferring output files
...
040 (9146980.018.000) 08/03 09:41:58 Finished transferring output files
...
005 (9146980.018.000) 08/03 09:41:58 Job terminated.
	(1) Normal termination (return value 0)
		Usr 0 00:03:59, Sys 0 00:00:20  -  Run Remote Usage
		Usr 0 00:00:00, Sys 0 00:00:00  -  Run Local Usage
		Usr 0 00:03:59, Sys 0 00:00:20  -  Total Remote Usage
		Usr 0 00:00:00, Sys 0 00:00:00  -  Total Local Usage
	178621  -  Run Bytes Sent By Job
	658794  -  Run Bytes Received By Job
	178621  -  Total Bytes Sent By Job
	658794  -  Total Bytes Received By Job
	Partitionable Resources :    Usage  Request Allocated 
	   Cpus                 :     0.80        1         1 
	   Disk (KB)            :   970         750      3895 
	   GPUs                 :                           0 
	   Memory (MB)          :   298        3000      3000 
	   TimeExecute (s)      :  1224                       
	   TimeSlotBusy (s)     :  1227                       
...
040 (9146980.015.000) 08/03 09:42:00 Started transferring output files
...
040 (9146980.015.000) 08/03 09:42:00 Finished transferring output files
...
005 (9146980.015.000) 08/03 09:42:00 Job terminated.
	(1) Normal termination (return value 0)
		Usr 0 00:03:50, Sys 0 00:00:20  -  Run Remote Usage
		Usr 0 00:00:00, Sys 0 00:00:00  -  Run Local Usage
		Usr 0 00:03:50, Sys 0 00:00:20  -  Total Remote Usage
		Usr 0 00:00:00, Sys 0 00:00:00  -  Total Local Usage
	184236  -  Run Bytes Sent By Job
	658794  -  Run Bytes Received By Job
	184236  -  Total Bytes Sent By Job
	658794  -  Total Bytes Received By Job
	Partitionable Resources :    Usage  Request Allocated 
	   Cpus                 :     0.74        1         1 
	   Disk (KB)            :   976         750      3900 
	   GPUs                 :                           0 
	   Memory (MB)          :   269        3000      3000 
	   TimeExecute (s)      :  1227                       
	   TimeSlotBusy (s)     :  1230                       
...
040 (9146980.010.000) 08/03 09:42:02 Started transferring output files
...
040 (9146980.010.000) 08/03 09:42:02 Finished transferring output files
...
005 (9146980.010.000) 08/03 09:42:02 Job terminated.
	(1) Normal termination (return value 0)
		Usr 0 00:04:05, Sys 0 00:00:23  -  Run Remote Usage
		Usr 0 00:00:00, Sys 0 00:00:00  -  Run Local Usage
		Usr 0 00:04:05, Sys 0 00:00:23  -  Total Remote Usage
		Usr 0 00:00:00, Sys 0 00:00:00  -  Total Local Usage
	186111  -  Run Bytes Sent By Job
	658794  -  Run Bytes Received By Job
	186111  -  Total Bytes Sent By Job
	658794  -  Total Bytes Received By Job
	Partitionable Resources :    Usage  Request Allocated 
	   Cpus                 :        0        1         1 
	   Disk (KB)            :      978      750      3861 
	   GPUs                 :                           0 
	   Memory (MB)          :      276     3000      3000 
	   TimeExecute (s)      :     1231                    
	   TimeSlotBusy (s)     :     1233                    
...
040 (9146980.011.000) 08/03 09:42:03 Started transferring output files
...
040 (9146980.011.000) 08/03 09:42:03 Finished transferring output files
...
005 (9146980.011.000) 08/03 09:42:03 Job terminated.
	(1) Normal termination (return value 0)
		Usr 0 00:04:09, Sys 0 00:00:24  -  Run Remote Usage
		Usr 0 00:00:00, Sys 0 00:00:00  -  Run Local Usage
		Usr 0 00:04:09, Sys 0 00:00:24  -  Total Remote Usage
		Usr 0 00:00:00, Sys 0 00:00:00  -  Total Local Usage
	186569  -  Run Bytes Sent By Job
	658794  -  Run Bytes Received By Job
	186569  -  Total Bytes Sent By Job
	658794  -  Total Bytes Received By Job
	Partitionable Resources :    Usage  Request Allocated 
	   Cpus                 :     0.79        1         1 
	   Disk (KB)            :   978         750      3874 
	   GPUs                 :                           0 
	   Memory (MB)          :   290        3000      3000 
	   TimeExecute (s)      :  1232                       
	   TimeSlotBusy (s)     :  1234                       
...
040 (9146980.006.000) 08/03 09:42:20 Started transferring output files
...
040 (9146980.006.000) 08/03 09:42:20 Finished transferring output files
...
005 (9146980.006.000) 08/03 09:42:21 Job terminated.
	(1) Normal termination (return value 0)
		Usr 0 00:04:14, Sys 0 00:00:23  -  Run Remote Usage
		Usr 0 00:00:00, Sys 0 00:00:00  -  Run Local Usage
		Usr 0 00:04:14, Sys 0 00:00:23  -  Total Remote Usage
		Usr 0 00:00:00, Sys 0 00:00:00  -  Total Local Usage
	178204  -  Run Bytes Sent By Job
	658794  -  Run Bytes Received By Job
	178204  -  Total Bytes Sent By Job
	658794  -  Total Bytes Received By Job
	Partitionable Resources :    Usage  Request Allocated 
	   Cpus                 :     0.01        1         1 
	   Disk (KB)            :   970         750      3921 
	   GPUs                 :                           0 
	   Memory (MB)          :   274        3000      3000 
	   TimeExecute (s)      :  1251                       
	   TimeSlotBusy (s)     :  1253                       
...
040 (9146980.004.000) 08/03 09:42:24 Started transferring output files
...
040 (9146980.004.000) 08/03 09:42:25 Finished transferring output files
...
005 (9146980.004.000) 08/03 09:42:25 Job terminated.
	(1) Normal termination (return value 0)
		Usr 0 00:04:08, Sys 0 00:00:21  -  Run Remote Usage
		Usr 0 00:00:00, Sys 0 00:00:00  -  Run Local Usage
		Usr 0 00:04:08, Sys 0 00:00:21  -  Total Remote Usage
		Usr 0 00:00:00, Sys 0 00:00:00  -  Total Local Usage
	177693  -  Run Bytes Sent By Job
	658794  -  Run Bytes Received By Job
	177693  -  Total Bytes Sent By Job
	658794  -  Total Bytes Received By Job
	Partitionable Resources :    Usage  Request Allocated 
	   Cpus                 :     0.00        1         1 
	   Disk (KB)            :   970         750      3822 
	   GPUs                 :                           0 
	   Memory (MB)          :   274        3000      3000 
	   TimeExecute (s)      :  1254                       
	   TimeSlotBusy (s)     :  1259                       
...
040 (9146980.014.000) 08/03 09:42:35 Started transferring output files
...
040 (9146980.014.000) 08/03 09:42:35 Finished transferring output files
...
005 (9146980.014.000) 08/03 09:42:35 Job terminated.
	(1) Normal termination (return value 0)
		Usr 0 00:04:28, Sys 0 00:00:24  -  Run Remote Usage
		Usr 0 00:00:00, Sys 0 00:00:00  -  Run Local Usage
		Usr 0 00:04:28, Sys 0 00:00:24  -  Total Remote Usage
		Usr 0 00:00:00, Sys 0 00:00:00  -  Total Local Usage
	182529  -  Run Bytes Sent By Job
	658794  -  Run Bytes Received By Job
	182529  -  Total Bytes Sent By Job
	658794  -  Total Bytes Received By Job
	Partitionable Resources :    Usage  Request Allocated 
	   Cpus                 :        0        1         1 
	   Disk (KB)            :      974      750      3822 
	   GPUs                 :                           0 
	   Memory (MB)          :      267     3000      3000 
	   TimeExecute (s)      :     1263                    
	   TimeSlotBusy (s)     :     1265                    
...
040 (9146980.001.000) 08/03 09:48:52 Started transferring output files
...
040 (9146980.001.000) 08/03 09:48:52 Finished transferring output files
...
005 (9146980.001.000) 08/03 09:48:52 Job terminated.
	(1) Normal termination (return value 0)
		Usr 0 00:04:04, Sys 0 00:00:22  -  Run Remote Usage
		Usr 0 00:00:00, Sys 0 00:00:00  -  Run Local Usage
		Usr 0 00:04:04, Sys 0 00:00:22  -  Total Remote Usage
		Usr 0 00:00:00, Sys 0 00:00:00  -  Total Local Usage
	177937  -  Run Bytes Sent By Job
	658794  -  Run Bytes Received By Job
	177937  -  Total Bytes Sent By Job
	658794  -  Total Bytes Received By Job
	Partitionable Resources :    Usage  Request Allocated 
	   Cpus                 :     0.78        1         1 
	   Disk (KB)            :   990         750      3747 
	   GPUs                 :                           0 
	   Memory (MB)          :   274        3000      3000 
	   TimeExecute (s)      :  1644                       
	   TimeSlotBusy (s)     :  1647                       
...
000 (9146989.000.000) 08/03 10:30:47 Job submitted from host: <188.185.125.71:9618?addrs=188.185.125.71-9618+[2001-1458-d00-4a--100-15e]-9618&alias=bigbird28.cern.ch&noUDP&sock=schedd_1249217_88f9>
...
000 (9146989.001.000) 08/03 10:30:47 Job submitted from host: <188.185.125.71:9618?addrs=188.185.125.71-9618+[2001-1458-d00-4a--100-15e]-9618&alias=bigbird28.cern.ch&noUDP&sock=schedd_1249217_88f9>
...
000 (9146989.010.000) 08/03 10:30:47 Job submitted from host: <188.185.125.71:9618?addrs=188.185.125.71-9618+[2001-1458-d00-4a--100-15e]-9618&alias=bigbird28.cern.ch&noUDP&sock=schedd_1249217_88f9>
...
000 (9146989.011.000) 08/03 10:30:47 Job submitted from host: <188.185.125.71:9618?addrs=188.185.125.71-9618+[2001-1458-d00-4a--100-15e]-9618&alias=bigbird28.cern.ch&noUDP&sock=schedd_1249217_88f9>
...
000 (9146989.012.000) 08/03 10:30:47 Job submitted from host: <188.185.125.71:9618?addrs=188.185.125.71-9618+[2001-1458-d00-4a--100-15e]-9618&alias=bigbird28.cern.ch&noUDP&sock=schedd_1249217_88f9>
...
000 (9146989.013.000) 08/03 10:30:47 Job submitted from host: <188.185.125.71:9618?addrs=188.185.125.71-9618+[2001-1458-d00-4a--100-15e]-9618&alias=bigbird28.cern.ch&noUDP&sock=schedd_1249217_88f9>
...
000 (9146989.014.000) 08/03 10:30:47 Job submitted from host: <188.185.125.71:9618?addrs=188.185.125.71-9618+[2001-1458-d00-4a--100-15e]-9618&alias=bigbird28.cern.ch&noUDP&sock=schedd_1249217_88f9>
...
000 (9146989.015.000) 08/03 10:30:47 Job submitted from host: <188.185.125.71:9618?addrs=188.185.125.71-9618+[2001-1458-d00-4a--100-15e]-9618&alias=bigbird28.cern.ch&noUDP&sock=schedd_1249217_88f9>
...
000 (9146989.016.000) 08/03 10:30:47 Job submitted from host: <188.185.125.71:9618?addrs=188.185.125.71-9618+[2001-1458-d00-4a--100-15e]-9618&alias=bigbird28.cern.ch&noUDP&sock=schedd_1249217_88f9>
...
000 (9146989.017.000) 08/03 10:30:47 Job submitted from host: <188.185.125.71:9618?addrs=188.185.125.71-9618+[2001-1458-d00-4a--100-15e]-9618&alias=bigbird28.cern.ch&noUDP&sock=schedd_1249217_88f9>
...
000 (9146989.018.000) 08/03 10:30:47 Job submitted from host: <188.185.125.71:9618?addrs=188.185.125.71-9618+[2001-1458-d00-4a--100-15e]-9618&alias=bigbird28.cern.ch&noUDP&sock=schedd_1249217_88f9>
...
000 (9146989.019.000) 08/03 10:30:47 Job submitted from host: <188.185.125.71:9618?addrs=188.185.125.71-9618+[2001-1458-d00-4a--100-15e]-9618&alias=bigbird28.cern.ch&noUDP&sock=schedd_1249217_88f9>
...
000 (9146989.002.000) 08/03 10:30:47 Job submitted from host: <188.185.125.71:9618?addrs=188.185.125.71-9618+[2001-1458-d00-4a--100-15e]-9618&alias=bigbird28.cern.ch&noUDP&sock=schedd_1249217_88f9>
...
000 (9146989.003.000) 08/03 10:30:47 Job submitted from host: <188.185.125.71:9618?addrs=188.185.125.71-9618+[2001-1458-d00-4a--100-15e]-9618&alias=bigbird28.cern.ch&noUDP&sock=schedd_1249217_88f9>
...
000 (9146989.004.000) 08/03 10:30:47 Job submitted from host: <188.185.125.71:9618?addrs=188.185.125.71-9618+[2001-1458-d00-4a--100-15e]-9618&alias=bigbird28.cern.ch&noUDP&sock=schedd_1249217_88f9>
...
000 (9146989.005.000) 08/03 10:30:47 Job submitted from host: <188.185.125.71:9618?addrs=188.185.125.71-9618+[2001-1458-d00-4a--100-15e]-9618&alias=bigbird28.cern.ch&noUDP&sock=schedd_1249217_88f9>
...
000 (9146989.006.000) 08/03 10:30:47 Job submitted from host: <188.185.125.71:9618?addrs=188.185.125.71-9618+[2001-1458-d00-4a--100-15e]-9618&alias=bigbird28.cern.ch&noUDP&sock=schedd_1249217_88f9>
...
000 (9146989.007.000) 08/03 10:30:47 Job submitted from host: <188.185.125.71:9618?addrs=188.185.125.71-9618+[2001-1458-d00-4a--100-15e]-9618&alias=bigbird28.cern.ch&noUDP&sock=schedd_1249217_88f9>
...
000 (9146989.008.000) 08/03 10:30:47 Job submitted from host: <188.185.125.71:9618?addrs=188.185.125.71-9618+[2001-1458-d00-4a--100-15e]-9618&alias=bigbird28.cern.ch&noUDP&sock=schedd_1249217_88f9>
...
000 (9146989.009.000) 08/03 10:30:47 Job submitted from host: <188.185.125.71:9618?addrs=188.185.125.71-9618+[2001-1458-d00-4a--100-15e]-9618&alias=bigbird28.cern.ch&noUDP&sock=schedd_1249217_88f9>
...
040 (9146989.000.000) 08/03 10:31:34 Started transferring input files
	Transferring to host: <128.142.162.81:9618?addrs=128.142.162.81-9618+[2001-1458-301-7d--100-a]-9618&alias=b9g42p2039.cern.ch&noUDP&sock=slot1_11_6880_5511_10582>
...
040 (9146989.000.000) 08/03 10:31:34 Finished transferring input files
...
001 (9146989.000.000) 08/03 10:31:34 Job executing on host: <128.142.162.81:9618?addrs=128.142.162.81-9618+[2001-1458-301-7d--100-a]-9618&alias=b9g42p2039.cern.ch&noUDP&sock=startd_5998_b524>
	SlotName: slot1_11@b9g42p2039.cern.ch
	CondorScratchDir = "/pool/condor/dir_786641"
	Cpus = 1
	Disk = 3828
	GPUs = 0
	Memory = 3000
...
040 (9146989.001.000) 08/03 10:31:35 Started transferring input files
	Transferring to host: <128.142.33.13:9618?addrs=128.142.33.13-9618+[2001-1458-301-53--100-3d]-9618&alias=b9g34p8066.cern.ch&noUDP&sock=slot1_7_8223_98e7_15549>
...
040 (9146989.001.000) 08/03 10:31:35 Finished transferring input files
...
001 (9146989.001.000) 08/03 10:31:35 Job executing on host: <128.142.33.13:9618?addrs=128.142.33.13-9618+[2001-1458-301-53--100-3d]-9618&alias=b9g34p8066.cern.ch&noUDP&sock=startd_7226_0371>
	SlotName: slot1_7@b9g34p8066.cern.ch
	CondorScratchDir = "/pool/condor/dir_225909"
	Cpus = 1
	Disk = 3659
	GPUs = 0
	Memory = 3000
...
040 (9146989.002.000) 08/03 10:31:35 Started transferring input files
	Transferring to host: <188.185.195.12:9618?addrs=188.185.195.12-9618+[2001-1458-303-22--100-8]-9618&alias=b9p17p6034.cern.ch&noUDP&sock=slot1_62_5471_9078_16836>
...
040 (9146989.002.000) 08/03 10:31:35 Finished transferring input files
...
001 (9146989.002.000) 08/03 10:31:35 Job executing on host: <188.185.195.12:9618?addrs=188.185.195.12-9618+[2001-1458-303-22--100-8]-9618&alias=b9p17p6034.cern.ch&noUDP&sock=startd_4341_24b6>
	SlotName: slot1_62@b9p17p6034.cern.ch
	CondorScratchDir = "/pool/condor/dir_2587900"
	Cpus = 1
	Disk = 3896
	GPUs = 0
	Memory = 3000
...
040 (9146989.004.000) 08/03 10:31:35 Started transferring input files
	Transferring to host: <128.142.248.47:9618?addrs=128.142.248.47-9618+[2001-1458-301-73--100-11f]-9618&alias=b9g23p9580.cern.ch&noUDP&sock=slot1_18_8767_e4fe_9967>
...
040 (9146989.004.000) 08/03 10:31:35 Finished transferring input files
...
001 (9146989.004.000) 08/03 10:31:35 Job executing on host: <128.142.248.47:9618?addrs=128.142.248.47-9618+[2001-1458-301-73--100-11f]-9618&alias=b9g23p9580.cern.ch&noUDP&sock=startd_7888_1723>
	SlotName: slot1_18@b9g23p9580.cern.ch
	CondorScratchDir = "/pool/condor/dir_4167709"
	Cpus = 1
	Disk = 3758
	GPUs = 0
	Memory = 3000
...
040 (9146989.007.000) 08/03 10:31:36 Started transferring input files
	Transferring to host: <188.185.194.184:9618?addrs=188.185.194.184-9618+[2001-1458-303-21--100-b4]-9618&alias=b9p20p7797.cern.ch&noUDP&sock=slot1_11_3284_9fff_18490>
...
040 (9146989.006.000) 08/03 10:31:36 Started transferring input files
	Transferring to host: <188.185.196.69:9618?addrs=188.185.196.69-9618+[2001-1458-303-23--100-41]-9618&alias=b9p16p6064.cern.ch&noUDP&sock=slot1_40_2617623_f466_15285>
...
040 (9146989.007.000) 08/03 10:31:36 Finished transferring input files
...
040 (9146989.006.000) 08/03 10:31:36 Finished transferring input files
...
001 (9146989.007.000) 08/03 10:31:36 Job executing on host: <188.185.194.184:9618?addrs=188.185.194.184-9618+[2001-1458-303-21--100-b4]-9618&alias=b9p20p7797.cern.ch&noUDP&sock=startd_2554_68f8>
	SlotName: slot1_11@b9p20p7797.cern.ch
	CondorScratchDir = "/pool/condor/dir_1795557"
	Cpus = 1
	Disk = 3917
	GPUs = 0
	Memory = 3000
...
001 (9146989.006.000) 08/03 10:31:36 Job executing on host: <188.185.196.69:9618?addrs=188.185.196.69-9618+[2001-1458-303-23--100-41]-9618&alias=b9p16p6064.cern.ch&noUDP&sock=startd_4057_57d0>
	SlotName: slot1_40@b9p16p6064.cern.ch
	CondorScratchDir = "/pool/condor/dir_1239186"
	Cpus = 1
	Disk = 3789
	GPUs = 0
	Memory = 3000
...
040 (9146989.005.000) 08/03 10:31:36 Started transferring input files
	Transferring to host: <188.185.193.24:9618?addrs=188.185.193.24-9618+[2001-1458-303-20--100-14]-9618&alias=b9p19p2774.cern.ch&noUDP&sock=slot1_16_3978_9c5b_15964>
...
040 (9146989.005.000) 08/03 10:31:36 Finished transferring input files
...
001 (9146989.005.000) 08/03 10:31:36 Job executing on host: <188.185.193.24:9618?addrs=188.185.193.24-9618+[2001-1458-303-20--100-14]-9618&alias=b9p19p2774.cern.ch&noUDP&sock=startd_3926_7ce8>
	SlotName: slot1_16@b9p19p2774.cern.ch
	CondorScratchDir = "/pool/condor/dir_763769"
	Cpus = 1
	Disk = 3842
	GPUs = 0
	Memory = 3000
...
040 (9146989.008.000) 08/03 10:31:38 Started transferring input files
	Transferring to host: <188.185.195.42:9618?addrs=188.185.195.42-9618+[2001-1458-303-22--100-26]-9618&alias=b9p17p4836.cern.ch&noUDP&sock=slot1_37_4971_44e3_16240>
...
040 (9146989.010.000) 08/03 10:31:38 Started transferring input files
	Transferring to host: <188.185.194.37:9618?addrs=188.185.194.37-9618+[2001-1458-303-21--100-21]-9618&alias=b9p20p0271.cern.ch&noUDP&sock=slot1_25_1041180_3fdc_15634>
...
040 (9146989.008.000) 08/03 10:31:38 Finished transferring input files
...
040 (9146989.010.000) 08/03 10:31:38 Finished transferring input files
...
001 (9146989.008.000) 08/03 10:31:38 Job executing on host: <188.185.195.42:9618?addrs=188.185.195.42-9618+[2001-1458-303-22--100-26]-9618&alias=b9p17p4836.cern.ch&noUDP&sock=startd_4093_0939>
	SlotName: slot1_37@b9p17p4836.cern.ch
	CondorScratchDir = "/pool/condor/dir_661215"
	Cpus = 1
	Disk = 3943
	GPUs = 0
	Memory = 3000
...
040 (9146989.011.000) 08/03 10:31:38 Started transferring input files
	Transferring to host: <128.142.248.18:9618?addrs=128.142.248.18-9618+[2001-1458-301-73--100-102]-9618&alias=b9g23p6130.cern.ch&noUDP&sock=slot1_27_7033_2277_9880>
...
001 (9146989.010.000) 08/03 10:31:38 Job executing on host: <188.185.194.37:9618?addrs=188.185.194.37-9618+[2001-1458-303-21--100-21]-9618&alias=b9p20p0271.cern.ch&noUDP&sock=startd_3408_2ed9>
	SlotName: slot1_25@b9p20p0271.cern.ch
	CondorScratchDir = "/pool/condor/dir_3936977"
	Cpus = 1
	Disk = 3880
	GPUs = 0
	Memory = 3000
...
040 (9146989.011.000) 08/03 10:31:38 Finished transferring input files
...
001 (9146989.011.000) 08/03 10:31:38 Job executing on host: <128.142.248.18:9618?addrs=128.142.248.18-9618+[2001-1458-301-73--100-102]-9618&alias=b9g23p6130.cern.ch&noUDP&sock=startd_6193_761b>
	SlotName: slot1_27@b9g23p6130.cern.ch
	CondorScratchDir = "/pool/condor/dir_2667866"
	Cpus = 1
	Disk = 3913
	GPUs = 0
	Memory = 3000
...
040 (9146989.014.000) 08/03 10:31:38 Started transferring input files
	Transferring to host: <188.185.193.9:9618?addrs=188.185.193.9-9618+[2001-1458-303-20--100-5]-9618&alias=b9p19p4166.cern.ch&noUDP&sock=slot1_45_3632_d28d_19271>
...
040 (9146989.014.000) 08/03 10:31:38 Finished transferring input files
...
001 (9146989.014.000) 08/03 10:31:38 Job executing on host: <188.185.193.9:9618?addrs=188.185.193.9-9618+[2001-1458-303-20--100-5]-9618&alias=b9p19p4166.cern.ch&noUDP&sock=startd_2894_9f2b>
	SlotName: slot1_45@b9p19p4166.cern.ch
	CondorScratchDir = "/pool/condor/dir_1489821"
	Cpus = 1
	Disk = 3946
	GPUs = 0
	Memory = 3000
...
040 (9146989.012.000) 08/03 10:31:38 Started transferring input files
	Transferring to host: <188.185.215.156:9618?addrs=188.185.215.156-9618+[2001-1458-303-26--100-18]-9618&alias=b9p18p6886.cern.ch&noUDP&sock=slot1_44_6303_c899_18506>
...
040 (9146989.013.000) 08/03 10:31:38 Started transferring input files
	Transferring to host: <188.185.195.176:9618?addrs=188.185.195.176-9618+[2001-1458-303-22--100-ac]-9618&alias=b9p17p6908.cern.ch&noUDP&sock=slot1_44_3618_f54c_17693>
...
040 (9146989.012.000) 08/03 10:31:38 Finished transferring input files
...
040 (9146989.013.000) 08/03 10:31:38 Finished transferring input files
...
001 (9146989.012.000) 08/03 10:31:38 Job executing on host: <188.185.215.156:9618?addrs=188.185.215.156-9618+[2001-1458-303-26--100-18]-9618&alias=b9p18p6886.cern.ch&noUDP&sock=startd_5262_df6f>
	SlotName: slot1_44@b9p18p6886.cern.ch
	CondorScratchDir = "/pool/condor/dir_3409202"
	Cpus = 1
	Disk = 3833
	GPUs = 0
	Memory = 3000
...
001 (9146989.013.000) 08/03 10:31:38 Job executing on host: <188.185.195.176:9618?addrs=188.185.195.176-9618+[2001-1458-303-22--100-ac]-9618&alias=b9p17p6908.cern.ch&noUDP&sock=startd_2571_1214>
	SlotName: slot1_44@b9p17p6908.cern.ch
	CondorScratchDir = "/pool/condor/dir_4092303"
	Cpus = 1
	Disk = 3888
	GPUs = 0
	Memory = 3000
...
040 (9146989.015.000) 08/03 10:31:39 Started transferring input files
	Transferring to host: <188.185.195.148:9618?addrs=188.185.195.148-9618+[2001-1458-303-22--100-90]-9618&alias=b9p17p8099.cern.ch&noUDP&sock=slot1_56_5424_72d6_16314>
...
040 (9146989.015.000) 08/03 10:31:39 Finished transferring input files
...
001 (9146989.015.000) 08/03 10:31:39 Job executing on host: <188.185.195.148:9618?addrs=188.185.195.148-9618+[2001-1458-303-22--100-90]-9618&alias=b9p17p8099.cern.ch&noUDP&sock=startd_4385_52e1>
	SlotName: slot1_56@b9p17p8099.cern.ch
	CondorScratchDir = "/pool/condor/dir_599242"
	Cpus = 1
	Disk = 3933
	GPUs = 0
	Memory = 3000
...
040 (9146989.016.000) 08/03 10:31:39 Started transferring input files
	Transferring to host: <188.185.195.67:9618?addrs=188.185.195.67-9618+[2001-1458-303-22--100-3f]-9618&alias=b9p17p1957.cern.ch&noUDP&sock=slot1_28_5760_30e3_17352>
...
040 (9146989.016.000) 08/03 10:31:39 Finished transferring input files
...
040 (9146989.018.000) 08/03 10:31:39 Started transferring input files
	Transferring to host: <188.185.194.103:9618?addrs=188.185.194.103-9618+[2001-1458-303-21--100-63]-9618&alias=b9p20p0998.cern.ch&noUDP&sock=slot1_1_4197_ea84_18301>
...
040 (9146989.018.000) 08/03 10:31:39 Finished transferring input files
...
001 (9146989.018.000) 08/03 10:31:39 Job executing on host: <188.185.194.103:9618?addrs=188.185.194.103-9618+[2001-1458-303-21--100-63]-9618&alias=b9p20p0998.cern.ch&noUDP&sock=startd_3182_2a72>
	SlotName: slot1_1@b9p20p0998.cern.ch
	CondorScratchDir = "/pool/condor/dir_109177"
	Cpus = 1
	Disk = 3764
	GPUs = 0
	Memory = 3000
...
001 (9146989.016.000) 08/03 10:31:39 Job executing on host: <188.185.195.67:9618?addrs=188.185.195.67-9618+[2001-1458-303-22--100-3f]-9618&alias=b9p17p1957.cern.ch&noUDP&sock=startd_4590_efcb>
	SlotName: slot1_28@b9p17p1957.cern.ch
	CondorScratchDir = "/pool/condor/dir_519665"
	Cpus = 1
	Disk = 3868
	GPUs = 0
	Memory = 3000
...
040 (9146989.019.000) 08/03 10:31:40 Started transferring input files
	Transferring to host: <188.185.192.38:9618?addrs=188.185.192.38-9618+[2001-1458-303-1f--100-22]-9618&alias=b9p13p3236.cern.ch&noUDP&sock=slot1_43_8840_5461_18773>
...
040 (9146989.009.000) 08/03 10:31:40 Started transferring input files
	Transferring to host: <188.185.197.154:9618?addrs=188.185.197.154-9618+[2001-1458-303-24--100-96]-9618&alias=b9p14p2464.cern.ch&noUDP&sock=slot1_40_3448_2d85_9600>
...
040 (9146989.019.000) 08/03 10:31:40 Finished transferring input files
...
040 (9146989.009.000) 08/03 10:31:40 Finished transferring input files
...
001 (9146989.019.000) 08/03 10:31:40 Job executing on host: <188.185.192.38:9618?addrs=188.185.192.38-9618+[2001-1458-303-1f--100-22]-9618&alias=b9p13p3236.cern.ch&noUDP&sock=startd_7470_608c>
	SlotName: slot1_43@b9p13p3236.cern.ch
	CondorScratchDir = "/pool/condor/dir_210678"
	Cpus = 1
	Disk = 3830
	GPUs = 0
	Memory = 3000
...
001 (9146989.009.000) 08/03 10:31:40 Job executing on host: <188.185.197.154:9618?addrs=188.185.197.154-9618+[2001-1458-303-24--100-96]-9618&alias=b9p14p2464.cern.ch&noUDP&sock=startd_2716_8750>
	SlotName: slot1_40@b9p14p2464.cern.ch
	CondorScratchDir = "/pool/condor/dir_2436948"
	Cpus = 1
	Disk = 3844
	GPUs = 0
	Memory = 3000
...
040 (9146989.017.000) 08/03 10:31:40 Started transferring input files
	Transferring to host: <188.185.197.156:9618?addrs=188.185.197.156-9618+[2001-1458-303-24--100-98]-9618&alias=b9p14p1913.cern.ch&noUDP&sock=slot1_17_5614_521d_9079>
...
040 (9146989.017.000) 08/03 10:31:40 Finished transferring input files
...
001 (9146989.017.000) 08/03 10:31:40 Job executing on host: <188.185.197.156:9618?addrs=188.185.197.156-9618+[2001-1458-303-24--100-98]-9618&alias=b9p14p1913.cern.ch&noUDP&sock=startd_4442_6bc7>
	SlotName: slot1_17@b9p14p1913.cern.ch
	CondorScratchDir = "/pool/condor/dir_340102"
	Cpus = 1
	Disk = 3845
	GPUs = 0
	Memory = 3000
...
040 (9146989.003.000) 08/03 10:31:41 Started transferring input files
	Transferring to host: <188.185.194.10:9618?addrs=188.185.194.10-9618+[2001-1458-303-21--100-6]-9618&alias=b9p20p0398.cern.ch&noUDP&sock=slot1_40_7404_89a6_17204>
...
040 (9146989.003.000) 08/03 10:31:41 Finished transferring input files
...
001 (9146989.003.000) 08/03 10:31:41 Job executing on host: <188.185.194.10:9618?addrs=188.185.194.10-9618+[2001-1458-303-21--100-6]-9618&alias=b9p20p0398.cern.ch&noUDP&sock=startd_6334_2cf6>
	SlotName: slot1_40@b9p20p0398.cern.ch
	CondorScratchDir = "/pool/condor/dir_1133602"
	Cpus = 1
	Disk = 3835
	GPUs = 0
	Memory = 3000
...
006 (9146989.000.000) 08/03 10:31:42 Image size of job updated: 276972
	271  -  MemoryUsage of job (MB)
	276972  -  ResidentSetSize of job (KB)
...
006 (9146989.001.000) 08/03 10:31:44 Image size of job updated: 286148
	280  -  MemoryUsage of job (MB)
	286148  -  ResidentSetSize of job (KB)
...
006 (9146989.002.000) 08/03 10:31:44 Image size of job updated: 276248
	270  -  MemoryUsage of job (MB)
	276248  -  ResidentSetSize of job (KB)
...
006 (9146989.004.000) 08/03 10:31:44 Image size of job updated: 284324
	278  -  MemoryUsage of job (MB)
	284324  -  ResidentSetSize of job (KB)
...
006 (9146989.007.000) 08/03 10:31:45 Image size of job updated: 282344
	276  -  MemoryUsage of job (MB)
	282344  -  ResidentSetSize of job (KB)
...
006 (9146989.006.000) 08/03 10:31:45 Image size of job updated: 285596
	279  -  MemoryUsage of job (MB)
	285596  -  ResidentSetSize of job (KB)
...
006 (9146989.005.000) 08/03 10:31:45 Image size of job updated: 133376
	131  -  MemoryUsage of job (MB)
	133376  -  ResidentSetSize of job (KB)
...
006 (9146989.008.000) 08/03 10:31:46 Image size of job updated: 279852
	274  -  MemoryUsage of job (MB)
	279852  -  ResidentSetSize of job (KB)
...
006 (9146989.010.000) 08/03 10:31:46 Image size of job updated: 269820
	264  -  MemoryUsage of job (MB)
	269820  -  ResidentSetSize of job (KB)
...
006 (9146989.011.000) 08/03 10:31:46 Image size of job updated: 269840
	264  -  MemoryUsage of job (MB)
	269840  -  ResidentSetSize of job (KB)
...
006 (9146989.014.000) 08/03 10:31:46 Image size of job updated: 277732
	272  -  MemoryUsage of job (MB)
	277732  -  ResidentSetSize of job (KB)
...
006 (9146989.012.000) 08/03 10:31:47 Image size of job updated: 290360
	284  -  MemoryUsage of job (MB)
	290360  -  ResidentSetSize of job (KB)
...
006 (9146989.013.000) 08/03 10:31:47 Image size of job updated: 279820
	274  -  MemoryUsage of job (MB)
	279820  -  ResidentSetSize of job (KB)
...
006 (9146989.009.000) 08/03 10:31:48 Image size of job updated: 286116
	280  -  MemoryUsage of job (MB)
	286116  -  ResidentSetSize of job (KB)
...
006 (9146989.019.000) 08/03 10:31:48 Image size of job updated: 283696
	278  -  MemoryUsage of job (MB)
	283696  -  ResidentSetSize of job (KB)
...
006 (9146989.017.000) 08/03 10:31:48 Image size of job updated: 279924
	274  -  MemoryUsage of job (MB)
	279924  -  ResidentSetSize of job (KB)
...
006 (9146989.015.000) 08/03 10:31:48 Image size of job updated: 286200
	280  -  MemoryUsage of job (MB)
	286200  -  ResidentSetSize of job (KB)
...
006 (9146989.018.000) 08/03 10:31:48 Image size of job updated: 288228
	282  -  MemoryUsage of job (MB)
	288228  -  ResidentSetSize of job (KB)
...
006 (9146989.016.000) 08/03 10:31:48 Image size of job updated: 284084
	278  -  MemoryUsage of job (MB)
	284084  -  ResidentSetSize of job (KB)
...
006 (9146989.003.000) 08/03 10:31:50 Image size of job updated: 296208
	290  -  MemoryUsage of job (MB)
	296208  -  ResidentSetSize of job (KB)
...
006 (9146989.000.000) 08/03 10:36:42 Image size of job updated: 304952
	271  -  MemoryUsage of job (MB)
	276972  -  ResidentSetSize of job (KB)
...
006 (9146989.001.000) 08/03 10:36:45 Image size of job updated: 296332
	280  -  MemoryUsage of job (MB)
	286148  -  ResidentSetSize of job (KB)
...
006 (9146989.002.000) 08/03 10:36:45 Image size of job updated: 283488
	270  -  MemoryUsage of job (MB)
	276264  -  ResidentSetSize of job (KB)
...
006 (9146989.004.000) 08/03 10:36:45 Image size of job updated: 293164
	278  -  MemoryUsage of job (MB)
	284324  -  ResidentSetSize of job (KB)
...
006 (9146989.007.000) 08/03 10:36:46 Image size of job updated: 291232
	276  -  MemoryUsage of job (MB)
	282344  -  ResidentSetSize of job (KB)
...
006 (9146989.006.000) 08/03 10:36:46 Image size of job updated: 293652
	279  -  MemoryUsage of job (MB)
	285596  -  ResidentSetSize of job (KB)
...
006 (9146989.005.000) 08/03 10:36:46 Image size of job updated: 294556
	131  -  MemoryUsage of job (MB)
	133520  -  ResidentSetSize of job (KB)
...
006 (9146989.011.000) 08/03 10:36:46 Image size of job updated: 292484
	264  -  MemoryUsage of job (MB)
	269844  -  ResidentSetSize of job (KB)
...
006 (9146989.008.000) 08/03 10:36:46 Image size of job updated: 305848
	274  -  MemoryUsage of job (MB)
	279852  -  ResidentSetSize of job (KB)
...
006 (9146989.010.000) 08/03 10:36:46 Image size of job updated: 292948
	264  -  MemoryUsage of job (MB)
	269820  -  ResidentSetSize of job (KB)
...
006 (9146989.014.000) 08/03 10:36:47 Image size of job updated: 295056
	272  -  MemoryUsage of job (MB)
	277736  -  ResidentSetSize of job (KB)
...
006 (9146989.012.000) 08/03 10:36:48 Image size of job updated: 302132
	284  -  MemoryUsage of job (MB)
	290364  -  ResidentSetSize of job (KB)
...
006 (9146989.013.000) 08/03 10:36:48 Image size of job updated: 288156
	274  -  MemoryUsage of job (MB)
	279824  -  ResidentSetSize of job (KB)
...
006 (9146989.019.000) 08/03 10:36:48 Image size of job updated: 283728
	278  -  MemoryUsage of job (MB)
	283728  -  ResidentSetSize of job (KB)
...
006 (9146989.017.000) 08/03 10:36:48 Image size of job updated: 298584
	274  -  MemoryUsage of job (MB)
	279924  -  ResidentSetSize of job (KB)
...
006 (9146989.009.000) 08/03 10:36:48 Image size of job updated: 306668
	282  -  MemoryUsage of job (MB)
	288164  -  ResidentSetSize of job (KB)
...
006 (9146989.018.000) 08/03 10:36:49 Image size of job updated: 302392
	284  -  MemoryUsage of job (MB)
	290276  -  ResidentSetSize of job (KB)
...
006 (9146989.016.000) 08/03 10:36:49 Image size of job updated: 292844
	278  -  MemoryUsage of job (MB)
	284084  -  ResidentSetSize of job (KB)
...
006 (9146989.015.000) 08/03 10:36:49 Image size of job updated: 294996
	280  -  MemoryUsage of job (MB)
	286200  -  ResidentSetSize of job (KB)
...
040 (9146989.019.000) 08/03 10:36:50 Started transferring output files
...
040 (9146989.019.000) 08/03 10:36:50 Finished transferring output files
...
005 (9146989.019.000) 08/03 10:36:50 Job terminated.
	(1) Normal termination (return value 0)
		Usr 0 00:03:39, Sys 0 00:00:18  -  Run Remote Usage
		Usr 0 00:00:00, Sys 0 00:00:00  -  Run Local Usage
		Usr 0 00:03:39, Sys 0 00:00:18  -  Total Remote Usage
		Usr 0 00:00:00, Sys 0 00:00:00  -  Total Local Usage
	251837  -  Run Bytes Sent By Job
	658818  -  Run Bytes Received By Job
	251837  -  Total Bytes Sent By Job
	658818  -  Total Bytes Received By Job
	Partitionable Resources :    Usage  Request Allocated 
	   Cpus                 :        0        1         1 
	   Disk (KB)            :     1042      750      3830 
	   GPUs                 :                           0 
	   Memory (MB)          :      278     3000      3000 
	   TimeExecute (s)      :      309                    
	   TimeSlotBusy (s)     :      311                    
...
006 (9146989.003.000) 08/03 10:36:51 Image size of job updated: 308800
	290  -  MemoryUsage of job (MB)
	296208  -  ResidentSetSize of job (KB)
...
040 (9146989.004.000) 08/03 10:37:10 Started transferring output files
...
040 (9146989.004.000) 08/03 10:37:10 Finished transferring output files
...
005 (9146989.004.000) 08/03 10:37:10 Job terminated.
	(1) Normal termination (return value 0)
		Usr 0 00:03:54, Sys 0 00:00:22  -  Run Remote Usage
		Usr 0 00:00:00, Sys 0 00:00:00  -  Run Local Usage
		Usr 0 00:03:54, Sys 0 00:00:22  -  Total Remote Usage
		Usr 0 00:00:00, Sys 0 00:00:00  -  Total Local Usage
	250987  -  Run Bytes Sent By Job
	658818  -  Run Bytes Received By Job
	250987  -  Total Bytes Sent By Job
	658818  -  Total Bytes Received By Job
	Partitionable Resources :    Usage  Request Allocated 
	   Cpus                 :        0        1         1 
	   Disk (KB)            :     1041      750      3758 
	   GPUs                 :                           0 
	   Memory (MB)          :      278     3000      3000 
	   TimeExecute (s)      :      334                    
	   TimeSlotBusy (s)     :      336                    
...
040 (9146989.011.000) 08/03 10:37:14 Started transferring output files
...
040 (9146989.011.000) 08/03 10:37:14 Finished transferring output files
...
005 (9146989.011.000) 08/03 10:37:14 Job terminated.
	(1) Normal termination (return value 0)
		Usr 0 00:03:52, Sys 0 00:00:22  -  Run Remote Usage
		Usr 0 00:00:00, Sys 0 00:00:00  -  Run Local Usage
		Usr 0 00:03:52, Sys 0 00:00:22  -  Total Remote Usage
		Usr 0 00:00:00, Sys 0 00:00:00  -  Total Local Usage
	259910  -  Run Bytes Sent By Job
	658818  -  Run Bytes Received By Job
	259910  -  Total Bytes Sent By Job
	658818  -  Total Bytes Received By Job
	Partitionable Resources :    Usage  Request Allocated 
	   Cpus                 :     0.24        1         1 
	   Disk (KB)            :  1050         750      3913 
	   GPUs                 :                           0 
	   Memory (MB)          :   264        3000      3000 
	   TimeExecute (s)      :   334                       
	   TimeSlotBusy (s)     :   338                       
...
040 (9146989.014.000) 08/03 10:37:23 Started transferring output files
...
040 (9146989.014.000) 08/03 10:37:23 Finished transferring output files
...
005 (9146989.014.000) 08/03 10:37:23 Job terminated.
	(1) Normal termination (return value 0)
		Usr 0 00:03:51, Sys 0 00:00:20  -  Run Remote Usage
		Usr 0 00:00:00, Sys 0 00:00:00  -  Run Local Usage
		Usr 0 00:03:51, Sys 0 00:00:20  -  Total Remote Usage
		Usr 0 00:00:00, Sys 0 00:00:00  -  Total Local Usage
	255851  -  Run Bytes Sent By Job
	658818  -  Run Bytes Received By Job
	255851  -  Total Bytes Sent By Job
	658818  -  Total Bytes Received By Job
	Partitionable Resources :    Usage  Request Allocated 
	   Cpus                 :     0.77        1         1 
	   Disk (KB)            :  1046         750      3946 
	   GPUs                 :                           0 
	   Memory (MB)          :   272        3000      3000 
	   TimeExecute (s)      :   344                       
	   TimeSlotBusy (s)     :   346                       
...
040 (9146989.012.000) 08/03 10:37:24 Started transferring output files
...
040 (9146989.012.000) 08/03 10:37:24 Finished transferring output files
...
005 (9146989.012.000) 08/03 10:37:24 Job terminated.
	(1) Normal termination (return value 0)
		Usr 0 00:03:53, Sys 0 00:00:22  -  Run Remote Usage
		Usr 0 00:00:00, Sys 0 00:00:00  -  Run Local Usage
		Usr 0 00:03:53, Sys 0 00:00:22  -  Total Remote Usage
		Usr 0 00:00:00, Sys 0 00:00:00  -  Total Local Usage
	257165  -  Run Bytes Sent By Job
	658818  -  Run Bytes Received By Job
	257165  -  Total Bytes Sent By Job
	658818  -  Total Bytes Received By Job
	Partitionable Resources :    Usage  Request Allocated 
	   Cpus                 :        0        1         1 
	   Disk (KB)            :     1047      750      3833 
	   GPUs                 :                           0 
	   Memory (MB)          :      284     3000      3000 
	   TimeExecute (s)      :      345                    
	   TimeSlotBusy (s)     :      347                    
...
040 (9146989.000.000) 08/03 10:37:25 Started transferring output files
...
040 (9146989.000.000) 08/03 10:37:25 Finished transferring output files
...
005 (9146989.000.000) 08/03 10:37:25 Job terminated.
	(1) Normal termination (return value 0)
		Usr 0 00:04:22, Sys 0 00:00:22  -  Run Remote Usage
		Usr 0 00:00:00, Sys 0 00:00:00  -  Run Local Usage
		Usr 0 00:04:22, Sys 0 00:00:22  -  Total Remote Usage
		Usr 0 00:00:00, Sys 0 00:00:00  -  Total Local Usage
	251274  -  Run Bytes Sent By Job
	658818  -  Run Bytes Received By Job
	251274  -  Total Bytes Sent By Job
	658818  -  Total Bytes Received By Job
	Partitionable Resources :    Usage  Request Allocated 
	   Cpus                 :     0.83        1         1 
	   Disk (KB)            :  1041         750      3828 
	   GPUs                 :                           0 
	   Memory (MB)          :   271        3000      3000 
	   TimeExecute (s)      :   349                       
	   TimeSlotBusy (s)     :   352                       
...
040 (9146989.003.000) 08/03 10:37:26 Started transferring output files
...
040 (9146989.003.000) 08/03 10:37:26 Finished transferring output files
...
040 (9146989.015.000) 08/03 10:37:27 Started transferring output files
...
040 (9146989.015.000) 08/03 10:37:27 Finished transferring output files
...
005 (9146989.003.000) 08/03 10:37:27 Job terminated.
	(1) Normal termination (return value 0)
		Usr 0 00:04:04, Sys 0 00:00:22  -  Run Remote Usage
		Usr 0 00:00:00, Sys 0 00:00:00  -  Run Local Usage
		Usr 0 00:04:04, Sys 0 00:00:22  -  Total Remote Usage
		Usr 0 00:00:00, Sys 0 00:00:00  -  Total Local Usage
	251392  -  Run Bytes Sent By Job
	658818  -  Run Bytes Received By Job
	251392  -  Total Bytes Sent By Job
	658818  -  Total Bytes Received By Job
	Partitionable Resources :    Usage  Request Allocated 
	   Cpus                 :        0        1         1 
	   Disk (KB)            :     1041      750      3835 
	   GPUs                 :                           0 
	   Memory (MB)          :      290     3000      3000 
	   TimeExecute (s)      :      344                    
	   TimeSlotBusy (s)     :      346                    
...
005 (9146989.015.000) 08/03 10:37:27 Job terminated.
	(1) Normal termination (return value 0)
		Usr 0 00:04:03, Sys 0 00:00:22  -  Run Remote Usage
		Usr 0 00:00:00, Sys 0 00:00:00  -  Run Local Usage
		Usr 0 00:04:03, Sys 0 00:00:22  -  Total Remote Usage
		Usr 0 00:00:00, Sys 0 00:00:00  -  Total Local Usage
	257385  -  Run Bytes Sent By Job
	658818  -  Run Bytes Received By Job
	257385  -  Total Bytes Sent By Job
	658818  -  Total Bytes Received By Job
	Partitionable Resources :    Usage  Request Allocated 
	   Cpus                 :        0        1         1 
	   Disk (KB)            :     1047      750      3933 
	   GPUs                 :                           0 
	   Memory (MB)          :      280     3000      3000 
	   TimeExecute (s)      :      346                    
	   TimeSlotBusy (s)     :      349                    
...
040 (9146989.010.000) 08/03 10:37:27 Started transferring output files
...
040 (9146989.010.000) 08/03 10:37:27 Finished transferring output files
...
005 (9146989.010.000) 08/03 10:37:27 Job terminated.
	(1) Normal termination (return value 0)
		Usr 0 00:03:57, Sys 0 00:00:22  -  Run Remote Usage
		Usr 0 00:00:00, Sys 0 00:00:00  -  Run Local Usage
		Usr 0 00:03:57, Sys 0 00:00:22  -  Total Remote Usage
		Usr 0 00:00:00, Sys 0 00:00:00  -  Total Local Usage
	259453  -  Run Bytes Sent By Job
	658818  -  Run Bytes Received By Job
	259453  -  Total Bytes Sent By Job
	658818  -  Total Bytes Received By Job
	Partitionable Resources :    Usage  Request Allocated 
	   Cpus                 :     0.80        1         1 
	   Disk (KB)            :  1049         750      3880 
	   GPUs                 :                           0 
	   Memory (MB)          :   264        3000      3000 
	   TimeExecute (s)      :   348                       
	   TimeSlotBusy (s)     :   351                       
...
040 (9146989.017.000) 08/03 10:37:28 Started transferring output files
...
040 (9146989.017.000) 08/03 10:37:28 Finished transferring output files
...
005 (9146989.017.000) 08/03 10:37:28 Job terminated.
	(1) Normal termination (return value 0)
		Usr 0 00:03:55, Sys 0 00:00:23  -  Run Remote Usage
		Usr 0 00:00:00, Sys 0 00:00:00  -  Run Local Usage
		Usr 0 00:03:55, Sys 0 00:00:23  -  Total Remote Usage
		Usr 0 00:00:00, Sys 0 00:00:00  -  Total Local Usage
	253402  -  Run Bytes Sent By Job
	658818  -  Run Bytes Received By Job
	253402  -  Total Bytes Sent By Job
	658818  -  Total Bytes Received By Job
	Partitionable Resources :    Usage  Request Allocated 
	   Cpus                 :        0        1         1 
	   Disk (KB)            :     1043      750      3845 
	   GPUs                 :                           0 
	   Memory (MB)          :      274     3000      3000 
	   TimeExecute (s)      :      346                    
	   TimeSlotBusy (s)     :      349                    
...
040 (9146989.007.000) 08/03 10:37:30 Started transferring output files
...
040 (9146989.007.000) 08/03 10:37:30 Finished transferring output files
...
005 (9146989.007.000) 08/03 10:37:30 Job terminated.
	(1) Normal termination (return value 0)
		Usr 0 00:03:54, Sys 0 00:00:22  -  Run Remote Usage
		Usr 0 00:00:00, Sys 0 00:00:00  -  Run Local Usage
		Usr 0 00:03:54, Sys 0 00:00:22  -  Total Remote Usage
		Usr 0 00:00:00, Sys 0 00:00:00  -  Total Local Usage
	261179  -  Run Bytes Sent By Job
	658818  -  Run Bytes Received By Job
	261179  -  Total Bytes Sent By Job
	658818  -  Total Bytes Received By Job
	Partitionable Resources :    Usage  Request Allocated 
	   Cpus                 :        0        1         1 
	   Disk (KB)            :     1051      750      3917 
	   GPUs                 :                           0 
	   Memory (MB)          :      276     3000      3000 
	   TimeExecute (s)      :      353                    
	   TimeSlotBusy (s)     :      355                    
...
040 (9146989.008.000) 08/03 10:37:31 Started transferring output files
...
040 (9146989.008.000) 08/03 10:37:31 Finished transferring output files
...
005 (9146989.008.000) 08/03 10:37:31 Job terminated.
	(1) Normal termination (return value 0)
		Usr 0 00:04:05, Sys 0 00:00:23  -  Run Remote Usage
		Usr 0 00:00:00, Sys 0 00:00:00  -  Run Local Usage
		Usr 0 00:04:05, Sys 0 00:00:23  -  Total Remote Usage
		Usr 0 00:00:00, Sys 0 00:00:00  -  Total Local Usage
	261435  -  Run Bytes Sent By Job
	658818  -  Run Bytes Received By Job
	261435  -  Total Bytes Sent By Job
	658818  -  Total Bytes Received By Job
	Partitionable Resources :    Usage  Request Allocated 
	   Cpus                 :     0.11        1         1 
	   Disk (KB)            :  1051         750      3943 
	   GPUs                 :                           0 
	   Memory (MB)          :   274        3000      3000 
	   TimeExecute (s)      :   351                       
	   TimeSlotBusy (s)     :   355                       
...
040 (9146989.009.000) 08/03 10:37:33 Started transferring output files
...
040 (9146989.009.000) 08/03 10:37:33 Finished transferring output files
...
040 (9146989.013.000) 08/03 10:37:33 Started transferring output files
...
040 (9146989.013.000) 08/03 10:37:33 Finished transferring output files
...
005 (9146989.009.000) 08/03 10:37:34 Job terminated.
	(1) Normal termination (return value 0)
		Usr 0 00:04:01, Sys 0 00:00:24  -  Run Remote Usage
		Usr 0 00:00:00, Sys 0 00:00:00  -  Run Local Usage
		Usr 0 00:04:01, Sys 0 00:00:24  -  Total Remote Usage
		Usr 0 00:00:00, Sys 0 00:00:00  -  Total Local Usage
	256404  -  Run Bytes Sent By Job
	658818  -  Run Bytes Received By Job
	256404  -  Total Bytes Sent By Job
	658818  -  Total Bytes Received By Job
	Partitionable Resources :    Usage  Request Allocated 
	   Cpus                 :     0.76        1         1 
	   Disk (KB)            :  1046         750      3844 
	   GPUs                 :                           0 
	   Memory (MB)          :   282        3000      3000 
	   TimeExecute (s)      :   352                       
	   TimeSlotBusy (s)     :   354                       
...
005 (9146989.013.000) 08/03 10:37:34 Job terminated.
	(1) Normal termination (return value 0)
		Usr 0 00:04:03, Sys 0 00:00:23  -  Run Remote Usage
		Usr 0 00:00:00, Sys 0 00:00:00  -  Run Local Usage
		Usr 0 00:04:03, Sys 0 00:00:23  -  Total Remote Usage
		Usr 0 00:00:00, Sys 0 00:00:00  -  Total Local Usage
	258699  -  Run Bytes Sent By Job
	658818  -  Run Bytes Received By Job
	258699  -  Total Bytes Sent By Job
	658818  -  Total Bytes Received By Job
	Partitionable Resources :    Usage  Request Allocated 
	   Cpus                 :        0        1         1 
	   Disk (KB)            :     1049      750      3888 
	   GPUs                 :                           0 
	   Memory (MB)          :      274     3000      3000 
	   TimeExecute (s)      :      354                    
	   TimeSlotBusy (s)     :      356                    
...
040 (9146989.016.000) 08/03 10:37:37 Started transferring output files
...
040 (9146989.016.000) 08/03 10:37:37 Finished transferring output files
...
040 (9146989.006.000) 08/03 10:37:37 Started transferring output files
...
040 (9146989.006.000) 08/03 10:37:37 Finished transferring output files
...
005 (9146989.016.000) 08/03 10:37:37 Job terminated.
	(1) Normal termination (return value 0)
		Usr 0 00:04:01, Sys 0 00:00:22  -  Run Remote Usage
		Usr 0 00:00:00, Sys 0 00:00:00  -  Run Local Usage
		Usr 0 00:04:01, Sys 0 00:00:22  -  Total Remote Usage
		Usr 0 00:00:00, Sys 0 00:00:00  -  Total Local Usage
	258320  -  Run Bytes Sent By Job
	658818  -  Run Bytes Received By Job
	258320  -  Total Bytes Sent By Job
	658818  -  Total Bytes Received By Job
	Partitionable Resources :    Usage  Request Allocated 
	   Cpus                 :        0        1         1 
	   Disk (KB)            :     1048      750      3868 
	   GPUs                 :                           0 
	   Memory (MB)          :      278     3000      3000 
	   TimeExecute (s)      :      357                    
	   TimeSlotBusy (s)     :      359                    
...
005 (9146989.006.000) 08/03 10:37:37 Job terminated.
	(1) Normal termination (return value 0)
		Usr 0 00:04:05, Sys 0 00:00:22  -  Run Remote Usage
		Usr 0 00:00:00, Sys 0 00:00:00  -  Run Local Usage
		Usr 0 00:04:05, Sys 0 00:00:22  -  Total Remote Usage
		Usr 0 00:00:00, Sys 0 00:00:00  -  Total Local Usage
	251379  -  Run Bytes Sent By Job
	658818  -  Run Bytes Received By Job
	251379  -  Total Bytes Sent By Job
	658818  -  Total Bytes Received By Job
	Partitionable Resources :    Usage  Request Allocated 
	   Cpus                 :        0        1         1 
	   Disk (KB)            :     1041      750      3789 
	   GPUs                 :                           0 
	   Memory (MB)          :      279     3000      3000 
	   TimeExecute (s)      :      360                    
	   TimeSlotBusy (s)     :      362                    
...
040 (9146989.001.000) 08/03 10:37:37 Started transferring output files
...
040 (9146989.001.000) 08/03 10:37:37 Finished transferring output files
...
005 (9146989.001.000) 08/03 10:37:38 Job terminated.
	(1) Normal termination (return value 0)
		Usr 0 00:04:20, Sys 0 00:00:23  -  Run Remote Usage
		Usr 0 00:00:00, Sys 0 00:00:00  -  Run Local Usage
		Usr 0 00:04:20, Sys 0 00:00:23  -  Total Remote Usage
		Usr 0 00:00:00, Sys 0 00:00:00  -  Total Local Usage
	251013  -  Run Bytes Sent By Job
	658818  -  Run Bytes Received By Job
	251013  -  Total Bytes Sent By Job
	658818  -  Total Bytes Received By Job
	Partitionable Resources :    Usage  Request Allocated 
	   Cpus                 :     0.82        1         1 
	   Disk (KB)            :  1041         750      3659 
	   GPUs                 :                           0 
	   Memory (MB)          :   280        3000      3000 
	   TimeExecute (s)      :   361                       
	   TimeSlotBusy (s)     :   363                       
...
040 (9146989.002.000) 08/03 10:37:41 Started transferring output files
...
040 (9146989.018.000) 08/03 10:37:41 Started transferring output files
...
040 (9146989.002.000) 08/03 10:37:42 Finished transferring output files
...
040 (9146989.018.000) 08/03 10:37:42 Finished transferring output files
...
005 (9146989.002.000) 08/03 10:37:42 Job terminated.
	(1) Normal termination (return value 0)
		Usr 0 00:04:11, Sys 0 00:00:23  -  Run Remote Usage
		Usr 0 00:00:00, Sys 0 00:00:00  -  Run Local Usage
		Usr 0 00:04:11, Sys 0 00:00:23  -  Total Remote Usage
		Usr 0 00:00:00, Sys 0 00:00:00  -  Total Local Usage
	251189  -  Run Bytes Sent By Job
	658818  -  Run Bytes Received By Job
	251189  -  Total Bytes Sent By Job
	658818  -  Total Bytes Received By Job
	Partitionable Resources :    Usage  Request Allocated 
	   Cpus                 :        0        1         1 
	   Disk (KB)            :     1041      750      3896 
	   GPUs                 :                           0 
	   Memory (MB)          :      270     3000      3000 
	   TimeExecute (s)      :      365                    
	   TimeSlotBusy (s)     :      368                    
...
005 (9146989.018.000) 08/03 10:37:42 Job terminated.
	(1) Normal termination (return value 0)
		Usr 0 00:04:05, Sys 0 00:00:23  -  Run Remote Usage
		Usr 0 00:00:00, Sys 0 00:00:00  -  Run Local Usage
		Usr 0 00:04:05, Sys 0 00:00:23  -  Total Remote Usage
		Usr 0 00:00:00, Sys 0 00:00:00  -  Total Local Usage
	251852  -  Run Bytes Sent By Job
	658818  -  Run Bytes Received By Job
	251852  -  Total Bytes Sent By Job
	658818  -  Total Bytes Received By Job
	Partitionable Resources :    Usage  Request Allocated 
	   Cpus                 :     0.79        1         1 
	   Disk (KB)            :  1042         750      3764 
	   GPUs                 :                           0 
	   Memory (MB)          :   284        3000      3000 
	   TimeExecute (s)      :   361                       
	   TimeSlotBusy (s)     :   364                       
...
040 (9146989.005.000) 08/03 10:40:54 Started transferring output files
...
040 (9146989.005.000) 08/03 10:40:54 Finished transferring output files
...
005 (9146989.005.000) 08/03 10:40:54 Job terminated.
	(1) Normal termination (return value 0)
		Usr 0 00:04:26, Sys 0 00:00:24  -  Run Remote Usage
		Usr 0 00:00:00, Sys 0 00:00:00  -  Run Local Usage
		Usr 0 00:04:26, Sys 0 00:00:24  -  Total Remote Usage
		Usr 0 00:00:00, Sys 0 00:00:00  -  Total Local Usage
	254274  -  Run Bytes Sent By Job
	658818  -  Run Bytes Received By Job
	254274  -  Total Bytes Sent By Job
	658818  -  Total Bytes Received By Job
	Partitionable Resources :    Usage  Request Allocated 
	   Cpus                 :     0.40        1         1 
	   Disk (KB)            :  1044         750      3842 
	   GPUs                 :                           0 
	   Memory (MB)          :   131        3000      3000 
	   TimeExecute (s)      :   556                       
	   TimeSlotBusy (s)     :   559                       
...
000 (9146992.000.000) 08/03 10:59:15 Job submitted from host: <188.185.125.71:9618?addrs=188.185.125.71-9618+[2001-1458-d00-4a--100-15e]-9618&alias=bigbird28.cern.ch&noUDP&sock=schedd_1249217_88f9>
...
000 (9146992.001.000) 08/03 10:59:15 Job submitted from host: <188.185.125.71:9618?addrs=188.185.125.71-9618+[2001-1458-d00-4a--100-15e]-9618&alias=bigbird28.cern.ch&noUDP&sock=schedd_1249217_88f9>
...
000 (9146992.010.000) 08/03 10:59:15 Job submitted from host: <188.185.125.71:9618?addrs=188.185.125.71-9618+[2001-1458-d00-4a--100-15e]-9618&alias=bigbird28.cern.ch&noUDP&sock=schedd_1249217_88f9>
...
000 (9146992.011.000) 08/03 10:59:15 Job submitted from host: <188.185.125.71:9618?addrs=188.185.125.71-9618+[2001-1458-d00-4a--100-15e]-9618&alias=bigbird28.cern.ch&noUDP&sock=schedd_1249217_88f9>
...
000 (9146992.012.000) 08/03 10:59:15 Job submitted from host: <188.185.125.71:9618?addrs=188.185.125.71-9618+[2001-1458-d00-4a--100-15e]-9618&alias=bigbird28.cern.ch&noUDP&sock=schedd_1249217_88f9>
...
000 (9146992.013.000) 08/03 10:59:15 Job submitted from host: <188.185.125.71:9618?addrs=188.185.125.71-9618+[2001-1458-d00-4a--100-15e]-9618&alias=bigbird28.cern.ch&noUDP&sock=schedd_1249217_88f9>
...
000 (9146992.014.000) 08/03 10:59:15 Job submitted from host: <188.185.125.71:9618?addrs=188.185.125.71-9618+[2001-1458-d00-4a--100-15e]-9618&alias=bigbird28.cern.ch&noUDP&sock=schedd_1249217_88f9>
...
000 (9146992.015.000) 08/03 10:59:15 Job submitted from host: <188.185.125.71:9618?addrs=188.185.125.71-9618+[2001-1458-d00-4a--100-15e]-9618&alias=bigbird28.cern.ch&noUDP&sock=schedd_1249217_88f9>
...
000 (9146992.016.000) 08/03 10:59:15 Job submitted from host: <188.185.125.71:9618?addrs=188.185.125.71-9618+[2001-1458-d00-4a--100-15e]-9618&alias=bigbird28.cern.ch&noUDP&sock=schedd_1249217_88f9>
...
000 (9146992.017.000) 08/03 10:59:15 Job submitted from host: <188.185.125.71:9618?addrs=188.185.125.71-9618+[2001-1458-d00-4a--100-15e]-9618&alias=bigbird28.cern.ch&noUDP&sock=schedd_1249217_88f9>
...
000 (9146992.018.000) 08/03 10:59:15 Job submitted from host: <188.185.125.71:9618?addrs=188.185.125.71-9618+[2001-1458-d00-4a--100-15e]-9618&alias=bigbird28.cern.ch&noUDP&sock=schedd_1249217_88f9>
...
000 (9146992.019.000) 08/03 10:59:15 Job submitted from host: <188.185.125.71:9618?addrs=188.185.125.71-9618+[2001-1458-d00-4a--100-15e]-9618&alias=bigbird28.cern.ch&noUDP&sock=schedd_1249217_88f9>
...
000 (9146992.002.000) 08/03 10:59:15 Job submitted from host: <188.185.125.71:9618?addrs=188.185.125.71-9618+[2001-1458-d00-4a--100-15e]-9618&alias=bigbird28.cern.ch&noUDP&sock=schedd_1249217_88f9>
...
000 (9146992.003.000) 08/03 10:59:15 Job submitted from host: <188.185.125.71:9618?addrs=188.185.125.71-9618+[2001-1458-d00-4a--100-15e]-9618&alias=bigbird28.cern.ch&noUDP&sock=schedd_1249217_88f9>
...
000 (9146992.004.000) 08/03 10:59:15 Job submitted from host: <188.185.125.71:9618?addrs=188.185.125.71-9618+[2001-1458-d00-4a--100-15e]-9618&alias=bigbird28.cern.ch&noUDP&sock=schedd_1249217_88f9>
...
000 (9146992.005.000) 08/03 10:59:15 Job submitted from host: <188.185.125.71:9618?addrs=188.185.125.71-9618+[2001-1458-d00-4a--100-15e]-9618&alias=bigbird28.cern.ch&noUDP&sock=schedd_1249217_88f9>
...
000 (9146992.006.000) 08/03 10:59:15 Job submitted from host: <188.185.125.71:9618?addrs=188.185.125.71-9618+[2001-1458-d00-4a--100-15e]-9618&alias=bigbird28.cern.ch&noUDP&sock=schedd_1249217_88f9>
...
000 (9146992.007.000) 08/03 10:59:15 Job submitted from host: <188.185.125.71:9618?addrs=188.185.125.71-9618+[2001-1458-d00-4a--100-15e]-9618&alias=bigbird28.cern.ch&noUDP&sock=schedd_1249217_88f9>
...
000 (9146992.008.000) 08/03 10:59:15 Job submitted from host: <188.185.125.71:9618?addrs=188.185.125.71-9618+[2001-1458-d00-4a--100-15e]-9618&alias=bigbird28.cern.ch&noUDP&sock=schedd_1249217_88f9>
...
000 (9146992.009.000) 08/03 10:59:15 Job submitted from host: <188.185.125.71:9618?addrs=188.185.125.71-9618+[2001-1458-d00-4a--100-15e]-9618&alias=bigbird28.cern.ch&noUDP&sock=schedd_1249217_88f9>
...
040 (9146992.000.000) 08/03 11:00:51 Started transferring input files
	Transferring to host: <188.185.214.21:9618?addrs=188.185.214.21-9618+[2001-1458-303-1c--100-11]-9618&alias=b9p29p8175.cern.ch&noUDP&sock=slot1_13_3289_25df_17535>
...
040 (9146992.000.000) 08/03 11:00:51 Finished transferring input files
...
001 (9146992.000.000) 08/03 11:00:51 Job executing on host: <188.185.214.21:9618?addrs=188.185.214.21-9618+[2001-1458-303-1c--100-11]-9618&alias=b9p29p8175.cern.ch&noUDP&sock=startd_2718_e680>
	SlotName: slot1_13@b9p29p8175.cern.ch
	CondorScratchDir = "/pool/condor/dir_2511650"
	Cpus = 1
	Disk = 3713
	GPUs = 0
	Memory = 3000
...
040 (9146992.001.000) 08/03 11:00:51 Started transferring input files
	Transferring to host: <188.185.213.219:9618?addrs=188.185.213.219-9618+[2001-1458-303-1b--100-57]-9618&alias=b9p28p0370.cern.ch&noUDP&sock=slot1_7_5220_b64d_19010>
...
040 (9146992.001.000) 08/03 11:00:51 Finished transferring input files
...
001 (9146992.001.000) 08/03 11:00:51 Job executing on host: <188.185.213.219:9618?addrs=188.185.213.219-9618+[2001-1458-303-1b--100-57]-9618&alias=b9p28p0370.cern.ch&noUDP&sock=startd_4265_0383>
	SlotName: slot1_7@b9p28p0370.cern.ch
	CondorScratchDir = "/pool/condor/dir_1817809"
	Cpus = 1
	Disk = 3906
	GPUs = 0
	Memory = 3000
...
040 (9146992.004.000) 08/03 11:00:51 Started transferring input files
	Transferring to host: <188.185.207.174:9618?addrs=188.185.207.174-9618+[2001-1458-303-e--100-2b]-9618&alias=b9p08p4180.cern.ch&noUDP&sock=slot1_19_5857_8947_17904>
...
040 (9146992.004.000) 08/03 11:00:51 Finished transferring input files
...
001 (9146992.004.000) 08/03 11:00:51 Job executing on host: <188.185.207.174:9618?addrs=188.185.207.174-9618+[2001-1458-303-e--100-2b]-9618&alias=b9p08p4180.cern.ch&noUDP&sock=startd_4925_b805>
	SlotName: slot1_19@b9p08p4180.cern.ch
	CondorScratchDir = "/pool/condor/dir_39501"
	Cpus = 1
	Disk = 3744
	GPUs = 0
	Memory = 3000
...
040 (9146992.005.000) 08/03 11:00:52 Started transferring input files
	Transferring to host: <188.185.211.224:9618?addrs=188.185.211.224-9618+[2001-1458-303-17--100-5c]-9618&alias=b9p24p8550.cern.ch&noUDP&sock=slot1_15_5322_9491_20178>
...
040 (9146992.005.000) 08/03 11:00:52 Finished transferring input files
...
001 (9146992.005.000) 08/03 11:00:52 Job executing on host: <188.185.211.224:9618?addrs=188.185.211.224-9618+[2001-1458-303-17--100-5c]-9618&alias=b9p24p8550.cern.ch&noUDP&sock=startd_4287_1a99>
	SlotName: slot1_15@b9p24p8550.cern.ch
	CondorScratchDir = "/pool/condor/dir_152196"
	Cpus = 1
	Disk = 3823
	GPUs = 0
	Memory = 3000
...
040 (9146992.007.000) 08/03 11:00:52 Started transferring input files
	Transferring to host: <188.185.212.25:9618?addrs=188.185.212.25-9618+[2001-1458-303-18--100-15]-9618&alias=b9p25p0187.cern.ch&noUDP&sock=slot1_26_4952_e1c2_16999>
...
040 (9146992.007.000) 08/03 11:00:52 Finished transferring input files
...
001 (9146992.007.000) 08/03 11:00:52 Job executing on host: <188.185.212.25:9618?addrs=188.185.212.25-9618+[2001-1458-303-18--100-15]-9618&alias=b9p25p0187.cern.ch&noUDP&sock=startd_4616_c541>
	SlotName: slot1_26@b9p25p0187.cern.ch
	CondorScratchDir = "/pool/condor/dir_4102726"
	Cpus = 1
	Disk = 3731
	GPUs = 0
	Memory = 3000
...
040 (9146992.003.000) 08/03 11:00:53 Started transferring input files
	Transferring to host: <128.142.192.215:9618?addrs=128.142.192.215-9618+[2001-1458-301-56--100-53]-9618&alias=b9g18p3246.cern.ch&noUDP&sock=slot1_11_4171822_bfe7_8999>
...
040 (9146992.003.000) 08/03 11:00:53 Finished transferring input files
...
040 (9146992.002.000) 08/03 11:00:53 Started transferring input files
	Transferring to host: <188.185.196.169:9618?addrs=188.185.196.169-9618+[2001-1458-303-23--100-a5]-9618&alias=b9p16p5471.cern.ch&noUDP&sock=slot1_10_4526_b9f1_17541>
...
001 (9146992.003.000) 08/03 11:00:53 Job executing on host: <128.142.192.215:9618?addrs=128.142.192.215-9618+[2001-1458-301-56--100-53]-9618&alias=b9g18p3246.cern.ch&noUDP&sock=startd_4376_2686>
	SlotName: slot1_11@b9g18p3246.cern.ch
	CondorScratchDir = "/pool/condor/dir_3730616"
	Cpus = 1
	Disk = 3823
	GPUs = 0
	Memory = 3000
...
040 (9146992.002.000) 08/03 11:00:53 Finished transferring input files
...
001 (9146992.002.000) 08/03 11:00:53 Job executing on host: <188.185.196.169:9618?addrs=188.185.196.169-9618+[2001-1458-303-23--100-a5]-9618&alias=b9p16p5471.cern.ch&noUDP&sock=startd_3355_d454>
	SlotName: slot1_10@b9p16p5471.cern.ch
	CondorScratchDir = "/pool/condor/dir_2442927"
	Cpus = 1
	Disk = 3960
	GPUs = 0
	Memory = 3000
...
040 (9146992.006.000) 08/03 11:00:54 Started transferring input files
	Transferring to host: <188.185.211.14:9618?addrs=188.185.211.14-9618+[2001-1458-303-16--100-a]-9618&alias=b9p23p3852.cern.ch&noUDP&sock=slot1_7_8692_0cdb_19567>
...
040 (9146992.006.000) 08/03 11:00:54 Finished transferring input files
...
001 (9146992.006.000) 08/03 11:00:54 Job executing on host: <188.185.211.14:9618?addrs=188.185.211.14-9618+[2001-1458-303-16--100-a]-9618&alias=b9p23p3852.cern.ch&noUDP&sock=startd_7617_34f8>
	SlotName: slot1_7@b9p23p3852.cern.ch
	CondorScratchDir = "/pool/condor/dir_2483268"
	Cpus = 1
	Disk = 3818
	GPUs = 0
	Memory = 3000
...
040 (9146992.008.000) 08/03 11:00:55 Started transferring input files
	Transferring to host: <188.185.207.150:9618?addrs=188.185.207.150-9618+[2001-1458-303-e--100-13]-9618&alias=b9p08p4939.cern.ch&noUDP&sock=slot1_10_5055_7467_19995>
...
040 (9146992.008.000) 08/03 11:00:55 Finished transferring input files
...
001 (9146992.008.000) 08/03 11:00:55 Job executing on host: <188.185.207.150:9618?addrs=188.185.207.150-9618+[2001-1458-303-e--100-13]-9618&alias=b9p08p4939.cern.ch&noUDP&sock=startd_4313_f00f>
	SlotName: slot1_10@b9p08p4939.cern.ch
	CondorScratchDir = "/pool/condor/dir_4098286"
	Cpus = 1
	Disk = 3766
	GPUs = 0
	Memory = 3000
...
040 (9146992.009.000) 08/03 11:00:55 Started transferring input files
	Transferring to host: <128.142.132.104:9618?addrs=128.142.132.104-9618+[2001-1458-301-5a--100-5c]-9618&alias=b9g12p5821.cern.ch&noUDP&sock=slot1_25_2964_27f2_17454>
...
040 (9146992.009.000) 08/03 11:00:55 Finished transferring input files
...
001 (9146992.009.000) 08/03 11:00:55 Job executing on host: <128.142.132.104:9618?addrs=128.142.132.104-9618+[2001-1458-301-5a--100-5c]-9618&alias=b9g12p5821.cern.ch&noUDP&sock=startd_2467_bc3b>
	SlotName: slot1_25@b9g12p5821.cern.ch
	CondorScratchDir = "/pool/condor/dir_2148878"
	Cpus = 1
	Disk = 2694
	GPUs = 0
	Memory = 3000
...
040 (9146992.010.000) 08/03 11:00:56 Started transferring input files
	Transferring to host: <188.185.197.80:9618?addrs=188.185.197.80-9618+[2001-1458-303-24--100-4c]-9618&alias=b9p14p5180.cern.ch&noUDP&sock=slot1_4_9837_ce69_9583>
...
040 (9146992.011.000) 08/03 11:00:56 Started transferring input files
	Transferring to host: <188.185.210.205:9618?addrs=188.185.210.205-9618+[2001-1458-303-15--100-49]-9618&alias=b9p22p3542.cern.ch&noUDP&sock=slot1_10_4059_aebe_18007>
...
040 (9146992.010.000) 08/03 11:00:56 Finished transferring input files
...
040 (9146992.011.000) 08/03 11:00:56 Finished transferring input files
...
040 (9146992.012.000) 08/03 11:00:56 Started transferring input files
	Transferring to host: <188.185.212.79:9618?addrs=188.185.212.79-9618+[2001-1458-303-18--100-4b]-9618&alias=b9p25p0173.cern.ch&noUDP&sock=slot1_19_4159_2442_20007>
...
001 (9146992.010.000) 08/03 11:00:56 Job executing on host: <188.185.197.80:9618?addrs=188.185.197.80-9618+[2001-1458-303-24--100-4c]-9618&alias=b9p14p5180.cern.ch&noUDP&sock=startd_8980_1c8e>
	SlotName: slot1_4@b9p14p5180.cern.ch
	CondorScratchDir = "/pool/condor/dir_1178938"
	Cpus = 1
	Disk = 3830
	GPUs = 0
	Memory = 3000
...
001 (9146992.011.000) 08/03 11:00:56 Job executing on host: <188.185.210.205:9618?addrs=188.185.210.205-9618+[2001-1458-303-15--100-49]-9618&alias=b9p22p3542.cern.ch&noUDP&sock=startd_3312_55c2>
	SlotName: slot1_10@b9p22p3542.cern.ch
	CondorScratchDir = "/pool/condor/dir_1646875"
	Cpus = 1
	Disk = 3865
	GPUs = 0
	Memory = 3000
...
040 (9146992.012.000) 08/03 11:00:56 Finished transferring input files
...
001 (9146992.012.000) 08/03 11:00:56 Job executing on host: <188.185.212.79:9618?addrs=188.185.212.79-9618+[2001-1458-303-18--100-4b]-9618&alias=b9p25p0173.cern.ch&noUDP&sock=startd_3379_4a9a>
	SlotName: slot1_19@b9p25p0173.cern.ch
	CondorScratchDir = "/pool/condor/dir_2690240"
	Cpus = 1
	Disk = 3829
	GPUs = 0
	Memory = 3000
...
040 (9146992.013.000) 08/03 11:00:57 Started transferring input files
	Transferring to host: <188.185.213.223:9618?addrs=188.185.213.223-9618+[2001-1458-303-1b--100-5b]-9618&alias=b9p28p0795.cern.ch&noUDP&sock=slot1_10_5831_3786_18275>
...
040 (9146992.013.000) 08/03 11:00:57 Finished transferring input files
...
001 (9146992.013.000) 08/03 11:00:57 Job executing on host: <188.185.213.223:9618?addrs=188.185.213.223-9618+[2001-1458-303-1b--100-5b]-9618&alias=b9p28p0795.cern.ch&noUDP&sock=startd_4777_3401>
	SlotName: slot1_10@b9p28p0795.cern.ch
	CondorScratchDir = "/pool/condor/dir_3833303"
	Cpus = 1
	Disk = 3748
	GPUs = 0
	Memory = 3000
...
040 (9146992.014.000) 08/03 11:00:57 Started transferring input files
	Transferring to host: <188.185.207.192:9618?addrs=188.185.207.192-9618+[2001-1458-303-e--100-3d]-9618&alias=b9p08p9609.cern.ch&noUDP&sock=slot1_3_9060_56e9_19274>
...
040 (9146992.014.000) 08/03 11:00:57 Finished transferring input files
...
040 (9146992.015.000) 08/03 11:00:57 Started transferring input files
	Transferring to host: <188.185.213.94:9618?addrs=188.185.213.94-9618+[2001-1458-303-1a--100-5a]-9618&alias=b9p27p3664.cern.ch&noUDP&sock=slot1_23_8048_4b40_16612>
...
040 (9146992.015.000) 08/03 11:00:57 Finished transferring input files
...
001 (9146992.014.000) 08/03 11:00:57 Job executing on host: <188.185.207.192:9618?addrs=188.185.207.192-9618+[2001-1458-303-e--100-3d]-9618&alias=b9p08p9609.cern.ch&noUDP&sock=startd_7556_5db1>
	SlotName: slot1_3@b9p08p9609.cern.ch
	CondorScratchDir = "/pool/condor/dir_2080632"
	Cpus = 1
	Disk = 3628
	GPUs = 0
	Memory = 3000
...
001 (9146992.015.000) 08/03 11:00:57 Job executing on host: <188.185.213.94:9618?addrs=188.185.213.94-9618+[2001-1458-303-1a--100-5a]-9618&alias=b9p27p3664.cern.ch&noUDP&sock=startd_7413_47a6>
	SlotName: slot1_23@b9p27p3664.cern.ch
	CondorScratchDir = "/pool/condor/dir_3210785"
	Cpus = 1
	Disk = 3741
	GPUs = 0
	Memory = 3000
...
040 (9146992.018.000) 08/03 11:00:58 Started transferring input files
	Transferring to host: <188.185.209.175:9618?addrs=188.185.209.175-9618+[2001-1458-303-12--100-2c]-9618&alias=b9p12p7804.cern.ch&noUDP&sock=slot1_14_8029_e820_15618>
...
040 (9146992.018.000) 08/03 11:00:58 Finished transferring input files
...
001 (9146992.018.000) 08/03 11:00:58 Job executing on host: <188.185.209.175:9618?addrs=188.185.209.175-9618+[2001-1458-303-12--100-2c]-9618&alias=b9p12p7804.cern.ch&noUDP&sock=startd_7308_4235>
	SlotName: slot1_14@b9p12p7804.cern.ch
	CondorScratchDir = "/pool/condor/dir_562293"
	Cpus = 1
	Disk = 3794
	GPUs = 0
	Memory = 3000
...
040 (9146992.016.000) 08/03 11:00:58 Started transferring input files
	Transferring to host: <188.185.213.164:9618?addrs=188.185.213.164-9618+[2001-1458-303-1b--100-20]-9618&alias=b9p28p4074.cern.ch&noUDP&sock=slot1_7_8131_c664_20041>
...
040 (9146992.016.000) 08/03 11:00:58 Finished transferring input files
...
001 (9146992.016.000) 08/03 11:00:58 Job executing on host: <188.185.213.164:9618?addrs=188.185.213.164-9618+[2001-1458-303-1b--100-20]-9618&alias=b9p28p4074.cern.ch&noUDP&sock=startd_7489_68d9>
	SlotName: slot1_7@b9p28p4074.cern.ch
	CondorScratchDir = "/pool/condor/dir_1673494"
	Cpus = 1
	Disk = 3806
	GPUs = 0
	Memory = 3000
...
040 (9146992.017.000) 08/03 11:00:58 Started transferring input files
	Transferring to host: <188.185.209.230:9618?addrs=188.185.209.230-9618+[2001-1458-303-12--100-63]-9618&alias=b9p12p8570.cern.ch&noUDP&sock=slot1_15_11828_a55a_17843>
...
040 (9146992.017.000) 08/03 11:00:58 Finished transferring input files
...
001 (9146992.017.000) 08/03 11:00:58 Job executing on host: <188.185.209.230:9618?addrs=188.185.209.230-9618+[2001-1458-303-12--100-63]-9618&alias=b9p12p8570.cern.ch&noUDP&sock=startd_11383_5ea3>
	SlotName: slot1_15@b9p12p8570.cern.ch
	CondorScratchDir = "/pool/condor/dir_1696189"
	Cpus = 1
	Disk = 3596
	GPUs = 0
	Memory = 3000
...
040 (9146992.019.000) 08/03 11:00:59 Started transferring input files
	Transferring to host: <188.185.215.88:9618?addrs=188.185.215.88-9618+[2001-1458-303-1e--100-54]-9618&alias=b9p31p9012.cern.ch&noUDP&sock=slot1_26_4216_4da5_17397>
...
040 (9146992.019.000) 08/03 11:00:59 Finished transferring input files
...
001 (9146992.019.000) 08/03 11:00:59 Job executing on host: <188.185.215.88:9618?addrs=188.185.215.88-9618+[2001-1458-303-1e--100-54]-9618&alias=b9p31p9012.cern.ch&noUDP&sock=startd_3632_d410>
	SlotName: slot1_26@b9p31p9012.cern.ch
	CondorScratchDir = "/pool/condor/dir_4076409"
	Cpus = 1
	Disk = 3830
	GPUs = 0
	Memory = 3000
...
006 (9146992.005.000) 08/03 11:01:00 Image size of job updated: 292872
	60  -  MemoryUsage of job (MB)
	61264  -  ResidentSetSize of job (KB)
...
006 (9146992.007.000) 08/03 11:01:00 Image size of job updated: 271968
	5  -  MemoryUsage of job (MB)
	4196  -  ResidentSetSize of job (KB)
...
006 (9146992.000.000) 08/03 11:01:00 Image size of job updated: 247752
	52  -  MemoryUsage of job (MB)
	52284  -  ResidentSetSize of job (KB)
...
006 (9146992.001.000) 08/03 11:01:00 Image size of job updated: 277740
	62  -  MemoryUsage of job (MB)
	62728  -  ResidentSetSize of job (KB)
...
006 (9146992.004.000) 08/03 11:01:00 Image size of job updated: 281940
	68  -  MemoryUsage of job (MB)
	68852  -  ResidentSetSize of job (KB)
...
006 (9146992.006.000) 08/03 11:01:02 Image size of job updated: 172016
	3  -  MemoryUsage of job (MB)
	2424  -  ResidentSetSize of job (KB)
...
006 (9146992.003.000) 08/03 11:01:02 Image size of job updated: 290228
	284  -  MemoryUsage of job (MB)
	290228  -  ResidentSetSize of job (KB)
...
006 (9146992.002.000) 08/03 11:01:02 Image size of job updated: 281936
	276  -  MemoryUsage of job (MB)
	281936  -  ResidentSetSize of job (KB)
...
006 (9146992.011.000) 08/03 11:01:04 Image size of job updated: 298556
	292  -  MemoryUsage of job (MB)
	298556  -  ResidentSetSize of job (KB)
...
006 (9146992.012.000) 08/03 11:01:04 Image size of job updated: 301284
	295  -  MemoryUsage of job (MB)
	301284  -  ResidentSetSize of job (KB)
...
006 (9146992.010.000) 08/03 11:01:04 Image size of job updated: 263592
	258  -  MemoryUsage of job (MB)
	263592  -  ResidentSetSize of job (KB)
...
006 (9146992.008.000) 08/03 11:01:04 Image size of job updated: 283992
	78  -  MemoryUsage of job (MB)
	79560  -  ResidentSetSize of job (KB)
...
006 (9146992.009.000) 08/03 11:01:04 Image size of job updated: 279848
	274  -  MemoryUsage of job (MB)
	279848  -  ResidentSetSize of job (KB)
...
006 (9146992.013.000) 08/03 11:01:05 Image size of job updated: 304844
	78  -  MemoryUsage of job (MB)
	79076  -  ResidentSetSize of job (KB)
...
006 (9146992.014.000) 08/03 11:01:05 Image size of job updated: 288220
	65  -  MemoryUsage of job (MB)
	65660  -  ResidentSetSize of job (KB)
...
006 (9146992.015.000) 08/03 11:01:05 Image size of job updated: 272776
	13  -  MemoryUsage of job (MB)
	13008  -  ResidentSetSize of job (KB)
...
006 (9146992.018.000) 08/03 11:01:06 Image size of job updated: 306644
	78  -  MemoryUsage of job (MB)
	79860  -  ResidentSetSize of job (KB)
...
006 (9146992.016.000) 08/03 11:01:06 Image size of job updated: 176700
	45  -  MemoryUsage of job (MB)
	45520  -  ResidentSetSize of job (KB)
...
006 (9146992.019.000) 08/03 11:01:07 Image size of job updated: 308724
	302  -  MemoryUsage of job (MB)
	308724  -  ResidentSetSize of job (KB)
...
006 (9146992.017.000) 08/03 11:01:07 Image size of job updated: 281932
	67  -  MemoryUsage of job (MB)
	67712  -  ResidentSetSize of job (KB)
...
040 (9146992.018.000) 08/03 11:04:23 Started transferring output files
...
040 (9146992.018.000) 08/03 11:04:23 Finished transferring output files
...
005 (9146992.018.000) 08/03 11:04:24 Job terminated.
	(1) Normal termination (return value 0)
		Usr 0 00:01:49, Sys 0 00:00:18  -  Run Remote Usage
		Usr 0 00:00:00, Sys 0 00:00:00  -  Run Local Usage
		Usr 0 00:01:49, Sys 0 00:00:18  -  Total Remote Usage
		Usr 0 00:00:00, Sys 0 00:00:00  -  Total Local Usage
	262345  -  Run Bytes Sent By Job
	658854  -  Run Bytes Received By Job
	262345  -  Total Bytes Sent By Job
	658854  -  Total Bytes Received By Job
	Partitionable Resources :    Usage  Request Allocated 
	   Cpus                 :        0        1         1 
	   Disk (KB)            :     1054      750      3794 
	   GPUs                 :                           0 
	   Memory (MB)          :       78     3000      3000 
	   TimeExecute (s)      :      205                    
	   TimeSlotBusy (s)     :      206                    
...
040 (9146992.005.000) 08/03 11:04:38 Started transferring output files
...
040 (9146992.005.000) 08/03 11:04:39 Finished transferring output files
...
005 (9146992.005.000) 08/03 11:04:39 Job terminated.
	(1) Normal termination (return value 0)
		Usr 0 00:02:04, Sys 0 00:00:21  -  Run Remote Usage
		Usr 0 00:00:00, Sys 0 00:00:00  -  Run Local Usage
		Usr 0 00:02:04, Sys 0 00:00:21  -  Total Remote Usage
		Usr 0 00:00:00, Sys 0 00:00:00  -  Total Local Usage
	264489  -  Run Bytes Sent By Job
	658854  -  Run Bytes Received By Job
	264489  -  Total Bytes Sent By Job
	658854  -  Total Bytes Received By Job
	Partitionable Resources :    Usage  Request Allocated 
	   Cpus                 :                 1         1 
	   Disk (KB)            :     1046      750      3823 
	   GPUs                 :                           0 
	   Memory (MB)          :       60     3000      3000 
	   TimeExecute (s)      :      226                    
	   TimeSlotBusy (s)     :      228                    
...
040 (9146992.001.000) 08/03 11:04:39 Started transferring output files
...
040 (9146992.001.000) 08/03 11:04:39 Finished transferring output files
...
005 (9146992.001.000) 08/03 11:04:40 Job terminated.
	(1) Normal termination (return value 0)
		Usr 0 00:02:09, Sys 0 00:00:23  -  Run Remote Usage
		Usr 0 00:00:00, Sys 0 00:00:00  -  Run Local Usage
		Usr 0 00:02:09, Sys 0 00:00:23  -  Total Remote Usage
		Usr 0 00:00:00, Sys 0 00:00:00  -  Total Local Usage
	261625  -  Run Bytes Sent By Job
	658854  -  Run Bytes Received By Job
	261625  -  Total Bytes Sent By Job
	658854  -  Total Bytes Received By Job
	Partitionable Resources :    Usage  Request Allocated 
	   Cpus                 :        0        1         1 
	   Disk (KB)            :     1051      750      3906 
	   GPUs                 :                           0 
	   Memory (MB)          :       62     3000      3000 
	   TimeExecute (s)      :      228                    
	   TimeSlotBusy (s)     :      229                    
...
040 (9146992.013.000) 08/03 11:04:42 Started transferring output files
...
040 (9146992.013.000) 08/03 11:04:42 Finished transferring output files
...
005 (9146992.013.000) 08/03 11:04:42 Job terminated.
	(1) Normal termination (return value 0)
		Usr 0 00:01:58, Sys 0 00:00:21  -  Run Remote Usage
		Usr 0 00:00:00, Sys 0 00:00:00  -  Run Local Usage
		Usr 0 00:01:58, Sys 0 00:00:21  -  Total Remote Usage
		Usr 0 00:00:00, Sys 0 00:00:00  -  Total Local Usage
	269431  -  Run Bytes Sent By Job
	658854  -  Run Bytes Received By Job
	269431  -  Total Bytes Sent By Job
	658854  -  Total Bytes Received By Job
	Partitionable Resources :    Usage  Request Allocated 
	   Cpus                 :        0        1         1 
	   Disk (KB)            :     1059      750      3748 
	   GPUs                 :                           0 
	   Memory (MB)          :       78     3000      3000 
	   TimeExecute (s)      :      224                    
	   TimeSlotBusy (s)     :      226                    
...
006 (9146992.014.000) 08/03 11:05:06 Image size of job updated: 288220
	65  -  MemoryUsage of job (MB)
	65700  -  ResidentSetSize of job (KB)
...
040 (9146992.014.000) 08/03 11:05:07 Started transferring output files
...
040 (9146992.014.000) 08/03 11:05:07 Finished transferring output files
...
005 (9146992.014.000) 08/03 11:05:07 Job terminated.
	(1) Normal termination (return value 0)
		Usr 0 00:02:01, Sys 0 00:00:20  -  Run Remote Usage
		Usr 0 00:00:00, Sys 0 00:00:00  -  Run Local Usage
		Usr 0 00:02:01, Sys 0 00:00:20  -  Total Remote Usage
		Usr 0 00:00:00, Sys 0 00:00:00  -  Total Local Usage
	265719  -  Run Bytes Sent By Job
	658854  -  Run Bytes Received By Job
	265719  -  Total Bytes Sent By Job
	658854  -  Total Bytes Received By Job
	Partitionable Resources :    Usage  Request Allocated 
	   Cpus                 :        0        1         1 
	   Disk (KB)            :     1057      750      3628 
	   GPUs                 :                           0 
	   Memory (MB)          :       65     3000      3000 
	   TimeExecute (s)      :      249                    
	   TimeSlotBusy (s)     :      251                    
...
006 (9146992.007.000) 08/03 11:05:21 Image size of job updated: 271968
	5  -  MemoryUsage of job (MB)
	4260  -  ResidentSetSize of job (KB)
...
040 (9146992.007.000) 08/03 11:05:22 Started transferring output files
...
040 (9146992.007.000) 08/03 11:05:22 Finished transferring output files
...
005 (9146992.007.000) 08/03 11:05:22 Job terminated.
	(1) Normal termination (return value 0)
		Usr 0 00:02:39, Sys 0 00:00:25  -  Run Remote Usage
		Usr 0 00:00:00, Sys 0 00:00:00  -  Run Local Usage
		Usr 0 00:02:39, Sys 0 00:00:25  -  Total Remote Usage
		Usr 0 00:00:00, Sys 0 00:00:00  -  Total Local Usage
	272085  -  Run Bytes Sent By Job
	658854  -  Run Bytes Received By Job
	272085  -  Total Bytes Sent By Job
	658854  -  Total Bytes Received By Job
	Partitionable Resources :    Usage  Request Allocated 
	   Cpus                 :     0.72        1         1 
	   Disk (KB)            :  1062         750      3731 
	   GPUs                 :                           0 
	   Memory (MB)          :     5        3000      3000 
	   TimeExecute (s)      :   269                       
	   TimeSlotBusy (s)     :   271                       
...
006 (9146992.017.000) 08/03 11:05:28 Image size of job updated: 281932
	67  -  MemoryUsage of job (MB)
	67788  -  ResidentSetSize of job (KB)
...
040 (9146992.017.000) 08/03 11:05:29 Started transferring output files
...
040 (9146992.017.000) 08/03 11:05:29 Finished transferring output files
...
005 (9146992.017.000) 08/03 11:05:29 Job terminated.
	(1) Normal termination (return value 0)
		Usr 0 00:02:36, Sys 0 00:00:23  -  Run Remote Usage
		Usr 0 00:00:00, Sys 0 00:00:00  -  Run Local Usage
		Usr 0 00:02:36, Sys 0 00:00:23  -  Total Remote Usage
		Usr 0 00:00:00, Sys 0 00:00:00  -  Total Local Usage
	264085  -  Run Bytes Sent By Job
	658854  -  Run Bytes Received By Job
	264085  -  Total Bytes Sent By Job
	658854  -  Total Bytes Received By Job
	Partitionable Resources :    Usage  Request Allocated 
	   Cpus                 :     0.54        1         1 
	   Disk (KB)            :  1056         750      3596 
	   GPUs                 :                           0 
	   Memory (MB)          :    67        3000      3000 
	   TimeExecute (s)      :   270                       
	   TimeSlotBusy (s)     :   272                       
...
040 (9146992.000.000) 08/03 11:05:30 Started transferring output files
...
040 (9146992.000.000) 08/03 11:05:30 Finished transferring output files
...
005 (9146992.000.000) 08/03 11:05:31 Job terminated.
	(1) Normal termination (return value 0)
		Usr 0 00:02:48, Sys 0 00:00:27  -  Run Remote Usage
		Usr 0 00:00:00, Sys 0 00:00:00  -  Run Local Usage
		Usr 0 00:02:48, Sys 0 00:00:27  -  Total Remote Usage
		Usr 0 00:00:00, Sys 0 00:00:00  -  Total Local Usage
	261999  -  Run Bytes Sent By Job
	658854  -  Run Bytes Received By Job
	261999  -  Total Bytes Sent By Job
	658854  -  Total Bytes Received By Job
	Partitionable Resources :    Usage  Request Allocated 
	   Cpus                 :     0.70        1         1 
	   Disk (KB)            :  1052         750      3713 
	   GPUs                 :                           0 
	   Memory (MB)          :    52        3000      3000 
	   TimeExecute (s)      :   279                       
	   TimeSlotBusy (s)     :   280                       
...
040 (9146992.008.000) 08/03 11:05:34 Started transferring output files
...
040 (9146992.008.000) 08/03 11:05:34 Finished transferring output files
...
006 (9146992.012.000) 08/03 11:05:34 Image size of job updated: 301292
	295  -  MemoryUsage of job (MB)
	301292  -  ResidentSetSize of job (KB)
...
005 (9146992.008.000) 08/03 11:05:34 Job terminated.
	(1) Normal termination (return value 0)
		Usr 0 00:02:19, Sys 0 00:00:22  -  Run Remote Usage
		Usr 0 00:00:00, Sys 0 00:00:00  -  Run Local Usage
		Usr 0 00:02:19, Sys 0 00:00:22  -  Total Remote Usage
		Usr 0 00:00:00, Sys 0 00:00:00  -  Total Local Usage
	272181  -  Run Bytes Sent By Job
	658854  -  Run Bytes Received By Job
	272181  -  Total Bytes Sent By Job
	658854  -  Total Bytes Received By Job
	Partitionable Resources :    Usage  Request Allocated 
	   Cpus                 :        0        1         1 
	   Disk (KB)            :     1063      750      3766 
	   GPUs                 :                           0 
	   Memory (MB)          :       78     3000      3000 
	   TimeExecute (s)      :      278                    
	   TimeSlotBusy (s)     :      280                    
...
040 (9146992.012.000) 08/03 11:05:35 Started transferring output files
...
040 (9146992.012.000) 08/03 11:05:35 Finished transferring output files
...
005 (9146992.012.000) 08/03 11:05:35 Job terminated.
	(1) Normal termination (return value 0)
		Usr 0 00:02:46, Sys 0 00:00:27  -  Run Remote Usage
		Usr 0 00:00:00, Sys 0 00:00:00  -  Run Local Usage
		Usr 0 00:02:46, Sys 0 00:00:27  -  Total Remote Usage
		Usr 0 00:00:00, Sys 0 00:00:00  -  Total Local Usage
	268060  -  Run Bytes Sent By Job
	658854  -  Run Bytes Received By Job
	268060  -  Total Bytes Sent By Job
	658854  -  Total Bytes Received By Job
	Partitionable Resources :    Usage  Request Allocated 
	   Cpus                 :     0.72        1         1 
	   Disk (KB)            :  1058         750      3829 
	   GPUs                 :                           0 
	   Memory (MB)          :   295        3000      3000 
	   TimeExecute (s)      :   278                       
	   TimeSlotBusy (s)     :   280                       
...
006 (9146992.004.000) 08/03 11:05:36 Image size of job updated: 281940
	68  -  MemoryUsage of job (MB)
	69488  -  ResidentSetSize of job (KB)
...
040 (9146992.004.000) 08/03 11:05:37 Started transferring output files
...
040 (9146992.004.000) 08/03 11:05:37 Finished transferring output files
...
005 (9146992.004.000) 08/03 11:05:37 Job terminated.
	(1) Normal termination (return value 0)
		Usr 0 00:02:35, Sys 0 00:00:23  -  Run Remote Usage
		Usr 0 00:00:00, Sys 0 00:00:00  -  Run Local Usage
		Usr 0 00:02:35, Sys 0 00:00:23  -  Total Remote Usage
		Usr 0 00:00:00, Sys 0 00:00:00  -  Total Local Usage
	262016  -  Run Bytes Sent By Job
	658854  -  Run Bytes Received By Job
	262016  -  Total Bytes Sent By Job
	658854  -  Total Bytes Received By Job
	Partitionable Resources :    Usage  Request Allocated 
	   Cpus                 :        0        1         1 
	   Disk (KB)            :     1054      750      3744 
	   GPUs                 :                           0 
	   Memory (MB)          :       68     3000      3000 
	   TimeExecute (s)      :      285                    
	   TimeSlotBusy (s)     :      287                    
...
040 (9146992.019.000) 08/03 11:05:51 Started transferring output files
...
040 (9146992.019.000) 08/03 11:05:51 Finished transferring output files
...
005 (9146992.019.000) 08/03 11:05:51 Job terminated.
	(1) Normal termination (return value 0)
		Usr 0 00:02:34, Sys 0 00:00:24  -  Run Remote Usage
		Usr 0 00:00:00, Sys 0 00:00:00  -  Run Local Usage
		Usr 0 00:02:34, Sys 0 00:00:24  -  Total Remote Usage
		Usr 0 00:00:00, Sys 0 00:00:00  -  Total Local Usage
	261828  -  Run Bytes Sent By Job
	658854  -  Run Bytes Received By Job
	261828  -  Total Bytes Sent By Job
	658854  -  Total Bytes Received By Job
	Partitionable Resources :    Usage  Request Allocated 
	   Cpus                 :     0.64        1         1 
	   Disk (KB)            :  1052         750      3830 
	   GPUs                 :                           0 
	   Memory (MB)          :   302        3000      3000 
	   TimeExecute (s)      :   291                       
	   TimeSlotBusy (s)     :   293                       
...
006 (9146992.015.000) 08/03 11:05:55 Image size of job updated: 272776
	13  -  MemoryUsage of job (MB)
	13096  -  ResidentSetSize of job (KB)
...
040 (9146992.016.000) 08/03 11:05:55 Started transferring output files
...
040 (9146992.016.000) 08/03 11:05:55 Finished transferring output files
...
040 (9146992.015.000) 08/03 11:05:56 Started transferring output files
...
040 (9146992.015.000) 08/03 11:05:56 Finished transferring output files
...
005 (9146992.016.000) 08/03 11:05:56 Job terminated.
	(1) Normal termination (return value 0)
		Usr 0 00:02:39, Sys 0 00:00:25  -  Run Remote Usage
		Usr 0 00:00:00, Sys 0 00:00:00  -  Run Local Usage
		Usr 0 00:02:39, Sys 0 00:00:25  -  Total Remote Usage
		Usr 0 00:00:00, Sys 0 00:00:00  -  Total Local Usage
	268934  -  Run Bytes Sent By Job
	658854  -  Run Bytes Received By Job
	268934  -  Total Bytes Sent By Job
	658854  -  Total Bytes Received By Job
	Partitionable Resources :    Usage  Request Allocated 
	   Cpus                 :     0.69        1         1 
	   Disk (KB)            :  1194         750      3806 
	   GPUs                 :                           0 
	   Memory (MB)          :    45        3000      3000 
	   TimeExecute (s)      :   297                       
	   TimeSlotBusy (s)     :   298                       
...
005 (9146992.015.000) 08/03 11:05:56 Job terminated.
	(1) Normal termination (return value 0)
		Usr 0 00:02:47, Sys 0 00:00:27  -  Run Remote Usage
		Usr 0 00:00:00, Sys 0 00:00:00  -  Run Local Usage
		Usr 0 00:02:47, Sys 0 00:00:27  -  Total Remote Usage
		Usr 0 00:00:00, Sys 0 00:00:00  -  Total Local Usage
	267881  -  Run Bytes Sent By Job
	658854  -  Run Bytes Received By Job
	267881  -  Total Bytes Sent By Job
	658854  -  Total Bytes Received By Job
	Partitionable Resources :    Usage  Request Allocated 
	   Cpus                 :        0        1         1 
	   Disk (KB)            :     1058      750      3741 
	   GPUs                 :                           0 
	   Memory (MB)          :       13     3000      3000 
	   TimeExecute (s)      :      298                    
	   TimeSlotBusy (s)     :      300                    
...
040 (9146992.011.000) 08/03 11:05:57 Started transferring output files
...
040 (9146992.011.000) 08/03 11:05:57 Finished transferring output files
...
040 (9146992.006.000) 08/03 11:05:57 Started transferring output files
...
005 (9146992.011.000) 08/03 11:05:57 Job terminated.
	(1) Normal termination (return value 0)
		Usr 0 00:02:45, Sys 0 00:00:27  -  Run Remote Usage
		Usr 0 00:00:00, Sys 0 00:00:00  -  Run Local Usage
		Usr 0 00:02:45, Sys 0 00:00:27  -  Total Remote Usage
		Usr 0 00:00:00, Sys 0 00:00:00  -  Total Local Usage
	270819  -  Run Bytes Sent By Job
	658854  -  Run Bytes Received By Job
	270819  -  Total Bytes Sent By Job
	658854  -  Total Bytes Received By Job
	Partitionable Resources :    Usage  Request Allocated 
	   Cpus                 :     0.26        1         1 
	   Disk (KB)            :  1061         750      3865 
	   GPUs                 :                           0 
	   Memory (MB)          :   292        3000      3000 
	   TimeExecute (s)      :   300                       
	   TimeSlotBusy (s)     :   302                       
...
040 (9146992.006.000) 08/03 11:05:57 Finished transferring output files
...
005 (9146992.006.000) 08/03 11:05:57 Job terminated.
	(1) Normal termination (return value 0)
		Usr 0 00:02:37, Sys 0 00:00:24  -  Run Remote Usage
		Usr 0 00:00:00, Sys 0 00:00:00  -  Run Local Usage
		Usr 0 00:02:37, Sys 0 00:00:24  -  Total Remote Usage
		Usr 0 00:00:00, Sys 0 00:00:00  -  Total Local Usage
	261870  -  Run Bytes Sent By Job
	658854  -  Run Bytes Received By Job
	261870  -  Total Bytes Sent By Job
	658854  -  Total Bytes Received By Job
	Partitionable Resources :    Usage  Request Allocated 
	   Cpus                 :     0.64        1         1 
	   Disk (KB)            :  1194         750      3818 
	   GPUs                 :                           0 
	   Memory (MB)          :     3        3000      3000 
	   TimeExecute (s)      :   302                       
	   TimeSlotBusy (s)     :   304                       
...
006 (9146992.003.000) 08/03 11:06:03 Image size of job updated: 298576
	284  -  MemoryUsage of job (MB)
	290240  -  ResidentSetSize of job (KB)
...
006 (9146992.002.000) 08/03 11:06:03 Image size of job updated: 290300
	276  -  MemoryUsage of job (MB)
	281936  -  ResidentSetSize of job (KB)
...
006 (9146992.010.000) 08/03 11:06:04 Image size of job updated: 294992
	258  -  MemoryUsage of job (MB)
	263652  -  ResidentSetSize of job (KB)
...
006 (9146992.009.000) 08/03 11:06:05 Image size of job updated: 286120
	274  -  MemoryUsage of job (MB)
	279856  -  ResidentSetSize of job (KB)
...
040 (9146992.010.000) 08/03 11:06:24 Started transferring output files
...
040 (9146992.010.000) 08/03 11:06:24 Finished transferring output files
...
005 (9146992.010.000) 08/03 11:06:24 Job terminated.
	(1) Normal termination (return value 0)
		Usr 0 00:03:40, Sys 0 00:00:19  -  Run Remote Usage
		Usr 0 00:00:00, Sys 0 00:00:00  -  Run Local Usage
		Usr 0 00:03:40, Sys 0 00:00:19  -  Total Remote Usage
		Usr 0 00:00:00, Sys 0 00:00:00  -  Total Local Usage
	269450  -  Run Bytes Sent By Job
	658854  -  Run Bytes Received By Job
	269450  -  Total Bytes Sent By Job
	658854  -  Total Bytes Received By Job
	Partitionable Resources :    Usage  Request Allocated 
	   Cpus                 :        0        1         1 
	   Disk (KB)            :     1059      750      3830 
	   GPUs                 :                           0 
	   Memory (MB)          :      258     3000      3000 
	   TimeExecute (s)      :      327                    
	   TimeSlotBusy (s)     :      329                    
...
040 (9146992.003.000) 08/03 11:06:53 Started transferring output files
...
040 (9146992.003.000) 08/03 11:06:53 Finished transferring output files
...
005 (9146992.003.000) 08/03 11:06:53 Job terminated.
	(1) Normal termination (return value 0)
		Usr 0 00:04:07, Sys 0 00:00:26  -  Run Remote Usage
		Usr 0 00:00:00, Sys 0 00:00:00  -  Run Local Usage
		Usr 0 00:04:07, Sys 0 00:00:26  -  Total Remote Usage
		Usr 0 00:00:00, Sys 0 00:00:00  -  Total Local Usage
	261995  -  Run Bytes Sent By Job
	658854  -  Run Bytes Received By Job
	261995  -  Total Bytes Sent By Job
	658854  -  Total Bytes Received By Job
	Partitionable Resources :    Usage  Request Allocated 
	   Cpus                 :        0        1         1 
	   Disk (KB)            :     1051      750      3823 
	   GPUs                 :                           0 
	   Memory (MB)          :      284     3000      3000 
	   TimeExecute (s)      :      359                    
	   TimeSlotBusy (s)     :      361                    
...
040 (9146992.002.000) 08/03 11:07:17 Started transferring output files
...
040 (9146992.002.000) 08/03 11:07:17 Finished transferring output files
...
005 (9146992.002.000) 08/03 11:07:18 Job terminated.
	(1) Normal termination (return value 0)
		Usr 0 00:04:12, Sys 0 00:00:22  -  Run Remote Usage
		Usr 0 00:00:00, Sys 0 00:00:00  -  Run Local Usage
		Usr 0 00:04:12, Sys 0 00:00:22  -  Total Remote Usage
		Usr 0 00:00:00, Sys 0 00:00:00  -  Total Local Usage
	261539  -  Run Bytes Sent By Job
	658854  -  Run Bytes Received By Job
	261539  -  Total Bytes Sent By Job
	658854  -  Total Bytes Received By Job
	Partitionable Resources :    Usage  Request Allocated 
	   Cpus                 :     0.81        1         1 
	   Disk (KB)            :  1051         750      3960 
	   GPUs                 :                           0 
	   Memory (MB)          :   276        3000      3000 
	   TimeExecute (s)      :   383                       
	   TimeSlotBusy (s)     :   385                       
...
040 (9146992.009.000) 08/03 11:07:48 Started transferring output files
...
040 (9146992.009.000) 08/03 11:07:48 Finished transferring output files
...
005 (9146992.009.000) 08/03 11:07:48 Job terminated.
	(1) Normal termination (return value 0)
		Usr 0 00:04:42, Sys 0 00:00:28  -  Run Remote Usage
		Usr 0 00:00:00, Sys 0 00:00:00  -  Run Local Usage
		Usr 0 00:04:42, Sys 0 00:00:28  -  Total Remote Usage
		Usr 0 00:00:00, Sys 0 00:00:00  -  Total Local Usage
	266700  -  Run Bytes Sent By Job
	658854  -  Run Bytes Received By Job
	266700  -  Total Bytes Sent By Job
	658854  -  Total Bytes Received By Job
	Partitionable Resources :    Usage  Request Allocated 
	   Cpus                 :     0.80        1         1 
	   Disk (KB)            :  1056         750      2694 
	   GPUs                 :                           0 
	   Memory (MB)          :   274        3000      3000 
	   TimeExecute (s)      :   411                       
	   TimeSlotBusy (s)     :   414                       
...
000 (9152099.000.000) 08/05 10:34:43 Job submitted from host: <188.185.125.71:9618?addrs=188.185.125.71-9618+[2001-1458-d00-4a--100-15e]-9618&alias=bigbird28.cern.ch&noUDP&sock=schedd_1249217_88f9>
...
000 (9152099.001.000) 08/05 10:34:43 Job submitted from host: <188.185.125.71:9618?addrs=188.185.125.71-9618+[2001-1458-d00-4a--100-15e]-9618&alias=bigbird28.cern.ch&noUDP&sock=schedd_1249217_88f9>
...
000 (9152099.010.000) 08/05 10:34:43 Job submitted from host: <188.185.125.71:9618?addrs=188.185.125.71-9618+[2001-1458-d00-4a--100-15e]-9618&alias=bigbird28.cern.ch&noUDP&sock=schedd_1249217_88f9>
...
000 (9152099.011.000) 08/05 10:34:43 Job submitted from host: <188.185.125.71:9618?addrs=188.185.125.71-9618+[2001-1458-d00-4a--100-15e]-9618&alias=bigbird28.cern.ch&noUDP&sock=schedd_1249217_88f9>
...
000 (9152099.012.000) 08/05 10:34:43 Job submitted from host: <188.185.125.71:9618?addrs=188.185.125.71-9618+[2001-1458-d00-4a--100-15e]-9618&alias=bigbird28.cern.ch&noUDP&sock=schedd_1249217_88f9>
...
000 (9152099.013.000) 08/05 10:34:43 Job submitted from host: <188.185.125.71:9618?addrs=188.185.125.71-9618+[2001-1458-d00-4a--100-15e]-9618&alias=bigbird28.cern.ch&noUDP&sock=schedd_1249217_88f9>
...
000 (9152099.014.000) 08/05 10:34:43 Job submitted from host: <188.185.125.71:9618?addrs=188.185.125.71-9618+[2001-1458-d00-4a--100-15e]-9618&alias=bigbird28.cern.ch&noUDP&sock=schedd_1249217_88f9>
...
000 (9152099.015.000) 08/05 10:34:43 Job submitted from host: <188.185.125.71:9618?addrs=188.185.125.71-9618+[2001-1458-d00-4a--100-15e]-9618&alias=bigbird28.cern.ch&noUDP&sock=schedd_1249217_88f9>
...
000 (9152099.016.000) 08/05 10:34:43 Job submitted from host: <188.185.125.71:9618?addrs=188.185.125.71-9618+[2001-1458-d00-4a--100-15e]-9618&alias=bigbird28.cern.ch&noUDP&sock=schedd_1249217_88f9>
...
000 (9152099.017.000) 08/05 10:34:43 Job submitted from host: <188.185.125.71:9618?addrs=188.185.125.71-9618+[2001-1458-d00-4a--100-15e]-9618&alias=bigbird28.cern.ch&noUDP&sock=schedd_1249217_88f9>
...
000 (9152099.018.000) 08/05 10:34:43 Job submitted from host: <188.185.125.71:9618?addrs=188.185.125.71-9618+[2001-1458-d00-4a--100-15e]-9618&alias=bigbird28.cern.ch&noUDP&sock=schedd_1249217_88f9>
...
000 (9152099.019.000) 08/05 10:34:43 Job submitted from host: <188.185.125.71:9618?addrs=188.185.125.71-9618+[2001-1458-d00-4a--100-15e]-9618&alias=bigbird28.cern.ch&noUDP&sock=schedd_1249217_88f9>
...
000 (9152099.002.000) 08/05 10:34:43 Job submitted from host: <188.185.125.71:9618?addrs=188.185.125.71-9618+[2001-1458-d00-4a--100-15e]-9618&alias=bigbird28.cern.ch&noUDP&sock=schedd_1249217_88f9>
...
000 (9152099.020.000) 08/05 10:34:43 Job submitted from host: <188.185.125.71:9618?addrs=188.185.125.71-9618+[2001-1458-d00-4a--100-15e]-9618&alias=bigbird28.cern.ch&noUDP&sock=schedd_1249217_88f9>
...
000 (9152099.021.000) 08/05 10:34:43 Job submitted from host: <188.185.125.71:9618?addrs=188.185.125.71-9618+[2001-1458-d00-4a--100-15e]-9618&alias=bigbird28.cern.ch&noUDP&sock=schedd_1249217_88f9>
...
000 (9152099.022.000) 08/05 10:34:43 Job submitted from host: <188.185.125.71:9618?addrs=188.185.125.71-9618+[2001-1458-d00-4a--100-15e]-9618&alias=bigbird28.cern.ch&noUDP&sock=schedd_1249217_88f9>
...
000 (9152099.023.000) 08/05 10:34:43 Job submitted from host: <188.185.125.71:9618?addrs=188.185.125.71-9618+[2001-1458-d00-4a--100-15e]-9618&alias=bigbird28.cern.ch&noUDP&sock=schedd_1249217_88f9>
...
000 (9152099.024.000) 08/05 10:34:43 Job submitted from host: <188.185.125.71:9618?addrs=188.185.125.71-9618+[2001-1458-d00-4a--100-15e]-9618&alias=bigbird28.cern.ch&noUDP&sock=schedd_1249217_88f9>
...
000 (9152099.025.000) 08/05 10:34:43 Job submitted from host: <188.185.125.71:9618?addrs=188.185.125.71-9618+[2001-1458-d00-4a--100-15e]-9618&alias=bigbird28.cern.ch&noUDP&sock=schedd_1249217_88f9>
...
000 (9152099.026.000) 08/05 10:34:43 Job submitted from host: <188.185.125.71:9618?addrs=188.185.125.71-9618+[2001-1458-d00-4a--100-15e]-9618&alias=bigbird28.cern.ch&noUDP&sock=schedd_1249217_88f9>
...
000 (9152099.027.000) 08/05 10:34:43 Job submitted from host: <188.185.125.71:9618?addrs=188.185.125.71-9618+[2001-1458-d00-4a--100-15e]-9618&alias=bigbird28.cern.ch&noUDP&sock=schedd_1249217_88f9>
...
000 (9152099.028.000) 08/05 10:34:43 Job submitted from host: <188.185.125.71:9618?addrs=188.185.125.71-9618+[2001-1458-d00-4a--100-15e]-9618&alias=bigbird28.cern.ch&noUDP&sock=schedd_1249217_88f9>
...
000 (9152099.029.000) 08/05 10:34:43 Job submitted from host: <188.185.125.71:9618?addrs=188.185.125.71-9618+[2001-1458-d00-4a--100-15e]-9618&alias=bigbird28.cern.ch&noUDP&sock=schedd_1249217_88f9>
...
000 (9152099.003.000) 08/05 10:34:43 Job submitted from host: <188.185.125.71:9618?addrs=188.185.125.71-9618+[2001-1458-d00-4a--100-15e]-9618&alias=bigbird28.cern.ch&noUDP&sock=schedd_1249217_88f9>
...
000 (9152099.030.000) 08/05 10:34:43 Job submitted from host: <188.185.125.71:9618?addrs=188.185.125.71-9618+[2001-1458-d00-4a--100-15e]-9618&alias=bigbird28.cern.ch&noUDP&sock=schedd_1249217_88f9>
...
000 (9152099.031.000) 08/05 10:34:43 Job submitted from host: <188.185.125.71:9618?addrs=188.185.125.71-9618+[2001-1458-d00-4a--100-15e]-9618&alias=bigbird28.cern.ch&noUDP&sock=schedd_1249217_88f9>
...
000 (9152099.032.000) 08/05 10:34:43 Job submitted from host: <188.185.125.71:9618?addrs=188.185.125.71-9618+[2001-1458-d00-4a--100-15e]-9618&alias=bigbird28.cern.ch&noUDP&sock=schedd_1249217_88f9>
...
000 (9152099.033.000) 08/05 10:34:43 Job submitted from host: <188.185.125.71:9618?addrs=188.185.125.71-9618+[2001-1458-d00-4a--100-15e]-9618&alias=bigbird28.cern.ch&noUDP&sock=schedd_1249217_88f9>
...
000 (9152099.034.000) 08/05 10:34:43 Job submitted from host: <188.185.125.71:9618?addrs=188.185.125.71-9618+[2001-1458-d00-4a--100-15e]-9618&alias=bigbird28.cern.ch&noUDP&sock=schedd_1249217_88f9>
...
000 (9152099.035.000) 08/05 10:34:43 Job submitted from host: <188.185.125.71:9618?addrs=188.185.125.71-9618+[2001-1458-d00-4a--100-15e]-9618&alias=bigbird28.cern.ch&noUDP&sock=schedd_1249217_88f9>
...
000 (9152099.036.000) 08/05 10:34:43 Job submitted from host: <188.185.125.71:9618?addrs=188.185.125.71-9618+[2001-1458-d00-4a--100-15e]-9618&alias=bigbird28.cern.ch&noUDP&sock=schedd_1249217_88f9>
...
000 (9152099.037.000) 08/05 10:34:43 Job submitted from host: <188.185.125.71:9618?addrs=188.185.125.71-9618+[2001-1458-d00-4a--100-15e]-9618&alias=bigbird28.cern.ch&noUDP&sock=schedd_1249217_88f9>
...
000 (9152099.038.000) 08/05 10:34:43 Job submitted from host: <188.185.125.71:9618?addrs=188.185.125.71-9618+[2001-1458-d00-4a--100-15e]-9618&alias=bigbird28.cern.ch&noUDP&sock=schedd_1249217_88f9>
...
000 (9152099.039.000) 08/05 10:34:43 Job submitted from host: <188.185.125.71:9618?addrs=188.185.125.71-9618+[2001-1458-d00-4a--100-15e]-9618&alias=bigbird28.cern.ch&noUDP&sock=schedd_1249217_88f9>
...
000 (9152099.004.000) 08/05 10:34:43 Job submitted from host: <188.185.125.71:9618?addrs=188.185.125.71-9618+[2001-1458-d00-4a--100-15e]-9618&alias=bigbird28.cern.ch&noUDP&sock=schedd_1249217_88f9>
...
000 (9152099.040.000) 08/05 10:34:43 Job submitted from host: <188.185.125.71:9618?addrs=188.185.125.71-9618+[2001-1458-d00-4a--100-15e]-9618&alias=bigbird28.cern.ch&noUDP&sock=schedd_1249217_88f9>
...
000 (9152099.041.000) 08/05 10:34:43 Job submitted from host: <188.185.125.71:9618?addrs=188.185.125.71-9618+[2001-1458-d00-4a--100-15e]-9618&alias=bigbird28.cern.ch&noUDP&sock=schedd_1249217_88f9>
...
000 (9152099.042.000) 08/05 10:34:43 Job submitted from host: <188.185.125.71:9618?addrs=188.185.125.71-9618+[2001-1458-d00-4a--100-15e]-9618&alias=bigbird28.cern.ch&noUDP&sock=schedd_1249217_88f9>
...
000 (9152099.043.000) 08/05 10:34:43 Job submitted from host: <188.185.125.71:9618?addrs=188.185.125.71-9618+[2001-1458-d00-4a--100-15e]-9618&alias=bigbird28.cern.ch&noUDP&sock=schedd_1249217_88f9>
...
000 (9152099.044.000) 08/05 10:34:43 Job submitted from host: <188.185.125.71:9618?addrs=188.185.125.71-9618+[2001-1458-d00-4a--100-15e]-9618&alias=bigbird28.cern.ch&noUDP&sock=schedd_1249217_88f9>
...
000 (9152099.045.000) 08/05 10:34:43 Job submitted from host: <188.185.125.71:9618?addrs=188.185.125.71-9618+[2001-1458-d00-4a--100-15e]-9618&alias=bigbird28.cern.ch&noUDP&sock=schedd_1249217_88f9>
...
000 (9152099.046.000) 08/05 10:34:43 Job submitted from host: <188.185.125.71:9618?addrs=188.185.125.71-9618+[2001-1458-d00-4a--100-15e]-9618&alias=bigbird28.cern.ch&noUDP&sock=schedd_1249217_88f9>
...
000 (9152099.047.000) 08/05 10:34:43 Job submitted from host: <188.185.125.71:9618?addrs=188.185.125.71-9618+[2001-1458-d00-4a--100-15e]-9618&alias=bigbird28.cern.ch&noUDP&sock=schedd_1249217_88f9>
...
000 (9152099.048.000) 08/05 10:34:43 Job submitted from host: <188.185.125.71:9618?addrs=188.185.125.71-9618+[2001-1458-d00-4a--100-15e]-9618&alias=bigbird28.cern.ch&noUDP&sock=schedd_1249217_88f9>
...
000 (9152099.049.000) 08/05 10:34:43 Job submitted from host: <188.185.125.71:9618?addrs=188.185.125.71-9618+[2001-1458-d00-4a--100-15e]-9618&alias=bigbird28.cern.ch&noUDP&sock=schedd_1249217_88f9>
...
000 (9152099.005.000) 08/05 10:34:43 Job submitted from host: <188.185.125.71:9618?addrs=188.185.125.71-9618+[2001-1458-d00-4a--100-15e]-9618&alias=bigbird28.cern.ch&noUDP&sock=schedd_1249217_88f9>
...
000 (9152099.006.000) 08/05 10:34:43 Job submitted from host: <188.185.125.71:9618?addrs=188.185.125.71-9618+[2001-1458-d00-4a--100-15e]-9618&alias=bigbird28.cern.ch&noUDP&sock=schedd_1249217_88f9>
...
000 (9152099.007.000) 08/05 10:34:43 Job submitted from host: <188.185.125.71:9618?addrs=188.185.125.71-9618+[2001-1458-d00-4a--100-15e]-9618&alias=bigbird28.cern.ch&noUDP&sock=schedd_1249217_88f9>
...
000 (9152099.008.000) 08/05 10:34:43 Job submitted from host: <188.185.125.71:9618?addrs=188.185.125.71-9618+[2001-1458-d00-4a--100-15e]-9618&alias=bigbird28.cern.ch&noUDP&sock=schedd_1249217_88f9>
...
000 (9152099.009.000) 08/05 10:34:43 Job submitted from host: <188.185.125.71:9618?addrs=188.185.125.71-9618+[2001-1458-d00-4a--100-15e]-9618&alias=bigbird28.cern.ch&noUDP&sock=schedd_1249217_88f9>
...
040 (9152099.000.000) 08/05 10:35:39 Started transferring input files
	Transferring to host: <188.185.212.8:9618?addrs=188.185.212.8-9618+[2001-1458-303-18--100-4]-9618&alias=b9p25p0259.cern.ch&noUDP&sock=slot1_5_5805_e5c5_23209>
...
040 (9152099.000.000) 08/05 10:35:39 Finished transferring input files
...
001 (9152099.000.000) 08/05 10:35:39 Job executing on host: <188.185.212.8:9618?addrs=188.185.212.8-9618+[2001-1458-303-18--100-4]-9618&alias=b9p25p0259.cern.ch&noUDP&sock=startd_4812_35d1>
	SlotName: slot1_5@b9p25p0259.cern.ch
	CondorScratchDir = "/pool/condor/dir_4018250"
	Cpus = 1
	Disk = 3749
	GPUs = 0
	Memory = 3000
...
040 (9152099.003.000) 08/05 10:35:40 Started transferring input files
	Transferring to host: <188.185.193.103:9618?addrs=188.185.193.103-9618+[2001-1458-303-20--100-63]-9618&alias=b9p19p9677.cern.ch&noUDP&sock=slot1_6_3945_5bf9_20772>
...
040 (9152099.003.000) 08/05 10:35:40 Finished transferring input files
...
001 (9152099.003.000) 08/05 10:35:40 Job executing on host: <188.185.193.103:9618?addrs=188.185.193.103-9618+[2001-1458-303-20--100-63]-9618&alias=b9p19p9677.cern.ch&noUDP&sock=startd_3896_e911>
	SlotName: slot1_6@b9p19p9677.cern.ch
	CondorScratchDir = "/pool/condor/dir_347354"
	Cpus = 1
	Disk = 3765
	GPUs = 0
	Memory = 3000
...
040 (9152099.002.000) 08/05 10:35:40 Started transferring input files
	Transferring to host: <128.142.192.160:9618?addrs=128.142.192.160-9618+[2001-1458-301-56--100-1c]-9618&alias=b9g18p7324.cern.ch&noUDP&sock=slot1_15_1913216_7fe1_10751>
...
040 (9152099.001.000) 08/05 10:35:40 Started transferring input files
	Transferring to host: <188.185.208.16:9618?addrs=188.185.208.16-9618+[2001-1458-303-f--100-d]-9618&alias=b9p09p0086.cern.ch&noUDP&sock=slot1_10_6706_bbca_19656>
...
040 (9152099.002.000) 08/05 10:35:40 Finished transferring input files
...
040 (9152099.001.000) 08/05 10:35:40 Finished transferring input files
...
001 (9152099.002.000) 08/05 10:35:40 Job executing on host: <128.142.192.160:9618?addrs=128.142.192.160-9618+[2001-1458-301-56--100-1c]-9618&alias=b9g18p7324.cern.ch&noUDP&sock=startd_6836_8181>
	SlotName: slot1_15@b9g18p7324.cern.ch
	CondorScratchDir = "/pool/condor/dir_1174864"
	Cpus = 1
	Disk = 3710
	GPUs = 0
	Memory = 3000
...
001 (9152099.001.000) 08/05 10:35:40 Job executing on host: <188.185.208.16:9618?addrs=188.185.208.16-9618+[2001-1458-303-f--100-d]-9618&alias=b9p09p0086.cern.ch&noUDP&sock=startd_5736_ff54>
	SlotName: slot1_10@b9p09p0086.cern.ch
	CondorScratchDir = "/pool/condor/dir_1706262"
	Cpus = 1
	Disk = 3668
	GPUs = 0
	Memory = 3000
...
040 (9152099.004.000) 08/05 10:35:41 Started transferring input files
	Transferring to host: <188.185.214.174:9618?addrs=188.185.214.174-9618+[2001-1458-303-1d--100-2a]-9618&alias=b9p30p1572.cern.ch&noUDP&sock=slot1_19_6005_d0cd_20107>
...
040 (9152099.004.000) 08/05 10:35:41 Finished transferring input files
...
001 (9152099.004.000) 08/05 10:35:41 Job executing on host: <188.185.214.174:9618?addrs=188.185.214.174-9618+[2001-1458-303-1d--100-2a]-9618&alias=b9p30p1572.cern.ch&noUDP&sock=startd_5198_f960>
	SlotName: slot1_19@b9p30p1572.cern.ch
	CondorScratchDir = "/pool/condor/dir_84050"
	Cpus = 1
	Disk = 3721
	GPUs = 0
	Memory = 3000
...
040 (9152099.005.000) 08/05 10:35:41 Started transferring input files
	Transferring to host: <188.185.196.141:9618?addrs=188.185.196.141-9618+[2001-1458-303-23--100-89]-9618&alias=b9p16p1035.cern.ch&noUDP&sock=slot1_2_4236_6525_20430>
...
040 (9152099.005.000) 08/05 10:35:41 Finished transferring input files
...
001 (9152099.005.000) 08/05 10:35:41 Job executing on host: <188.185.196.141:9618?addrs=188.185.196.141-9618+[2001-1458-303-23--100-89]-9618&alias=b9p16p1035.cern.ch&noUDP&sock=startd_3100_ebae>
	SlotName: slot1_2@b9p16p1035.cern.ch
	CondorScratchDir = "/pool/condor/dir_1868001"
	Cpus = 1
	Disk = 3868
	GPUs = 0
	Memory = 3000
...
040 (9152099.006.000) 08/05 10:35:41 Started transferring input files
	Transferring to host: <188.185.215.14:9618?addrs=188.185.215.14-9618+[2001-1458-303-1e--100-a]-9618&alias=b9p31p0525.cern.ch&noUDP&sock=slot1_32_8867_5a82_12694>
...
040 (9152099.006.000) 08/05 10:35:41 Finished transferring input files
...
001 (9152099.006.000) 08/05 10:35:41 Job executing on host: <188.185.215.14:9618?addrs=188.185.215.14-9618+[2001-1458-303-1e--100-a]-9618&alias=b9p31p0525.cern.ch&noUDP&sock=startd_7933_f4e6>
	SlotName: slot1_32@b9p31p0525.cern.ch
	CondorScratchDir = "/pool/condor/dir_892214"
	Cpus = 1
	Disk = 3770
	GPUs = 0
	Memory = 3000
...
040 (9152099.009.000) 08/05 10:35:42 Started transferring input files
	Transferring to host: <188.185.213.34:9618?addrs=188.185.213.34-9618+[2001-1458-303-1a--100-1e]-9618&alias=b9p27p1283.cern.ch&noUDP&sock=slot1_17_6492_f381_23037>
...
040 (9152099.007.000) 08/05 10:35:42 Started transferring input files
	Transferring to host: <188.185.197.135:9618?addrs=188.185.197.135-9618+[2001-1458-303-24--100-83]-9618&alias=b9p14p1451.cern.ch&noUDP&sock=slot1_3_6501_4ae1_12111>
...
040 (9152099.009.000) 08/05 10:35:42 Finished transferring input files
...
040 (9152099.007.000) 08/05 10:35:42 Finished transferring input files
...
001 (9152099.009.000) 08/05 10:35:42 Job executing on host: <188.185.213.34:9618?addrs=188.185.213.34-9618+[2001-1458-303-1a--100-1e]-9618&alias=b9p27p1283.cern.ch&noUDP&sock=startd_5695_dff2>
	SlotName: slot1_17@b9p27p1283.cern.ch
	CondorScratchDir = "/pool/condor/dir_2351008"
	Cpus = 1
	Disk = 3726
	GPUs = 0
	Memory = 3000
...
001 (9152099.007.000) 08/05 10:35:42 Job executing on host: <188.185.197.135:9618?addrs=188.185.197.135-9618+[2001-1458-303-24--100-83]-9618&alias=b9p14p1451.cern.ch&noUDP&sock=startd_5440_f74b>
	SlotName: slot1_3@b9p14p1451.cern.ch
	CondorScratchDir = "/pool/condor/dir_3892690"
	Cpus = 1
	Disk = 3955
	GPUs = 0
	Memory = 3000
...
040 (9152099.008.000) 08/05 10:35:42 Started transferring input files
	Transferring to host: <188.185.197.23:9618?addrs=188.185.197.23-9618+[2001-1458-303-24--100-13]-9618&alias=b9p14p8346.cern.ch&noUDP&sock=slot1_17_7610_aeef_12278>
...
040 (9152099.008.000) 08/05 10:35:42 Finished transferring input files
...
001 (9152099.008.000) 08/05 10:35:42 Job executing on host: <188.185.197.23:9618?addrs=188.185.197.23-9618+[2001-1458-303-24--100-13]-9618&alias=b9p14p8346.cern.ch&noUDP&sock=startd_6744_66ca>
	SlotName: slot1_17@b9p14p8346.cern.ch
	CondorScratchDir = "/pool/condor/dir_2902835"
	Cpus = 1
	Disk = 3914
	GPUs = 0
	Memory = 3000
...
040 (9152099.011.000) 08/05 10:35:43 Started transferring input files
	Transferring to host: <188.185.214.227:9618?addrs=188.185.214.227-9618+[2001-1458-303-1d--100-5f]-9618&alias=b9p30p4871.cern.ch&noUDP&sock=slot1_3_7509_850a_22805>
...
040 (9152099.011.000) 08/05 10:35:43 Finished transferring input files
...
001 (9152099.011.000) 08/05 10:35:43 Job executing on host: <188.185.214.227:9618?addrs=188.185.214.227-9618+[2001-1458-303-1d--100-5f]-9618&alias=b9p30p4871.cern.ch&noUDP&sock=startd_6362_619d>
	SlotName: slot1_3@b9p30p4871.cern.ch
	CondorScratchDir = "/pool/condor/dir_1839715"
	Cpus = 1
	Disk = 3815
	GPUs = 0
	Memory = 3000
...
040 (9152099.010.000) 08/05 10:35:43 Started transferring input files
	Transferring to host: <188.185.211.141:9618?addrs=188.185.211.141-9618+[2001-1458-303-17--100-9]-9618&alias=b9p24p2350.cern.ch&noUDP&sock=slot1_26_6125_5dd2_19338>
...
040 (9152099.010.000) 08/05 10:35:43 Finished transferring input files
...
001 (9152099.010.000) 08/05 10:35:43 Job executing on host: <188.185.211.141:9618?addrs=188.185.211.141-9618+[2001-1458-303-17--100-9]-9618&alias=b9p24p2350.cern.ch&noUDP&sock=startd_5273_6afa>
	SlotName: slot1_26@b9p24p2350.cern.ch
	CondorScratchDir = "/pool/condor/dir_2456584"
	Cpus = 1
	Disk = 3735
	GPUs = 0
	Memory = 3000
...
040 (9152099.012.000) 08/05 10:35:43 Started transferring input files
	Transferring to host: <188.185.210.174:9618?addrs=188.185.210.174-9618+[2001-1458-303-15--100-2a]-9618&alias=b9p22p8673.cern.ch&noUDP&sock=slot1_22_5995_c50d_20749>
...
040 (9152099.012.000) 08/05 10:35:43 Finished transferring input files
...
001 (9152099.012.000) 08/05 10:35:43 Job executing on host: <188.185.210.174:9618?addrs=188.185.210.174-9618+[2001-1458-303-15--100-2a]-9618&alias=b9p22p8673.cern.ch&noUDP&sock=startd_5234_aac9>
	SlotName: slot1_22@b9p22p8673.cern.ch
	CondorScratchDir = "/pool/condor/dir_1319549"
	Cpus = 1
	Disk = 3783
	GPUs = 0
	Memory = 3000
...
040 (9152099.013.000) 08/05 10:35:44 Started transferring input files
	Transferring to host: <188.185.210.38:9618?addrs=188.185.210.38-9618+[2001-1458-303-1--100-22]-9618&alias=b9p21p1280.cern.ch&noUDP&sock=slot1_13_7700_18b2_19964>
...
040 (9152099.013.000) 08/05 10:35:44 Finished transferring input files
...
001 (9152099.013.000) 08/05 10:35:44 Job executing on host: <188.185.210.38:9618?addrs=188.185.210.38-9618+[2001-1458-303-1--100-22]-9618&alias=b9p21p1280.cern.ch&noUDP&sock=startd_7002_5e3a>
	SlotName: slot1_13@b9p21p1280.cern.ch
	CondorScratchDir = "/pool/condor/dir_4187874"
	Cpus = 1
	Disk = 3764
	GPUs = 0
	Memory = 3000
...
040 (9152099.014.000) 08/05 10:35:44 Started transferring input files
	Transferring to host: <188.185.194.30:9618?addrs=188.185.194.30-9618+[2001-1458-303-21--100-1a]-9618&alias=b9p20p2912.cern.ch&noUDP&sock=slot1_12_3577_11eb_19728>
...
040 (9152099.014.000) 08/05 10:35:44 Finished transferring input files
...
001 (9152099.014.000) 08/05 10:35:44 Job executing on host: <188.185.194.30:9618?addrs=188.185.194.30-9618+[2001-1458-303-21--100-1a]-9618&alias=b9p20p2912.cern.ch&noUDP&sock=startd_2542_2dd5>
	SlotName: slot1_12@b9p20p2912.cern.ch
	CondorScratchDir = "/pool/condor/dir_1601790"
	Cpus = 1
	Disk = 3888
	GPUs = 0
	Memory = 3000
...
040 (9152099.015.000) 08/05 10:35:44 Started transferring input files
	Transferring to host: <188.185.206.13:9618?addrs=188.185.206.13-9618+[2001-1458-303-b--100-a]-9618&alias=b9p05p2049.cern.ch&noUDP&sock=slot1_19_11862_9a1b_17590>
...
040 (9152099.015.000) 08/05 10:35:44 Finished transferring input files
...
001 (9152099.015.000) 08/05 10:35:44 Job executing on host: <188.185.206.13:9618?addrs=188.185.206.13-9618+[2001-1458-303-b--100-a]-9618&alias=b9p05p2049.cern.ch&noUDP&sock=startd_11424_7e05>
	SlotName: slot1_19@b9p05p2049.cern.ch
	CondorScratchDir = "/pool/condor/dir_1925945"
	Cpus = 1
	Disk = 3799
	GPUs = 0
	Memory = 3000
...
040 (9152099.016.000) 08/05 10:35:45 Started transferring input files
	Transferring to host: <188.185.210.211:9618?addrs=188.185.210.211-9618+[2001-1458-303-15--100-4f]-9618&alias=b9p22p6834.cern.ch&noUDP&sock=slot1_32_7753_7094_22466>
...
040 (9152099.016.000) 08/05 10:35:45 Finished transferring input files
...
001 (9152099.016.000) 08/05 10:35:45 Job executing on host: <188.185.210.211:9618?addrs=188.185.210.211-9618+[2001-1458-303-15--100-4f]-9618&alias=b9p22p6834.cern.ch&noUDP&sock=startd_6761_0fe7>
	SlotName: slot1_32@b9p22p6834.cern.ch
	CondorScratchDir = "/pool/condor/dir_3377954"
	Cpus = 1
	Disk = 3785
	GPUs = 0
	Memory = 3000
...
040 (9152099.017.000) 08/05 10:35:45 Started transferring input files
	Transferring to host: <188.185.192.162:9618?addrs=188.185.192.162-9618+[2001-1458-303-1f--100-9e]-9618&alias=b9p13p4193.cern.ch&noUDP&sock=slot1_22_9461_e15a_18602>
...
040 (9152099.018.000) 08/05 10:35:45 Started transferring input files
	Transferring to host: <188.185.211.177:9618?addrs=188.185.211.177-9618+[2001-1458-303-17--100-2d]-9618&alias=b9p24p9730.cern.ch&noUDP&sock=slot1_26_3570_234a_20774>
...
040 (9152099.017.000) 08/05 10:35:45 Finished transferring input files
...
040 (9152099.018.000) 08/05 10:35:45 Finished transferring input files
...
001 (9152099.017.000) 08/05 10:35:45 Job executing on host: <188.185.192.162:9618?addrs=188.185.192.162-9618+[2001-1458-303-1f--100-9e]-9618&alias=b9p13p4193.cern.ch&noUDP&sock=startd_8189_8d24>
	SlotName: slot1_22@b9p13p4193.cern.ch
	CondorScratchDir = "/pool/condor/dir_449018"
	Cpus = 1
	Disk = 3878
	GPUs = 0
	Memory = 3000
...
001 (9152099.018.000) 08/05 10:35:45 Job executing on host: <188.185.211.177:9618?addrs=188.185.211.177-9618+[2001-1458-303-17--100-2d]-9618&alias=b9p24p9730.cern.ch&noUDP&sock=startd_2785_db59>
	SlotName: slot1_26@b9p24p9730.cern.ch
	CondorScratchDir = "/pool/condor/dir_1999851"
	Cpus = 1
	Disk = 3690
	GPUs = 0
	Memory = 3000
...
040 (9152099.019.000) 08/05 10:35:46 Started transferring input files
	Transferring to host: <188.185.210.71:9618?addrs=188.185.210.71-9618+[2001-1458-303-1--100-43]-9618&alias=b9p21p1295.cern.ch&noUDP&sock=slot1_15_8813_4e3f_20734>
...
040 (9152099.019.000) 08/05 10:35:46 Finished transferring input files
...
001 (9152099.019.000) 08/05 10:35:46 Job executing on host: <188.185.210.71:9618?addrs=188.185.210.71-9618+[2001-1458-303-1--100-43]-9618&alias=b9p21p1295.cern.ch&noUDP&sock=startd_7572_5735>
	SlotName: slot1_15@b9p21p1295.cern.ch
	CondorScratchDir = "/pool/condor/dir_3893968"
	Cpus = 1
	Disk = 3807
	GPUs = 0
	Memory = 3000
...
040 (9152099.021.000) 08/05 10:35:46 Started transferring input files
	Transferring to host: <188.185.212.42:9618?addrs=188.185.212.42-9618+[2001-1458-303-18--100-26]-9618&alias=b9p25p1322.cern.ch&noUDP&sock=slot1_10_4208_aaa4_20945>
...
040 (9152099.021.000) 08/05 10:35:46 Finished transferring input files
...
001 (9152099.021.000) 08/05 10:35:46 Job executing on host: <188.185.212.42:9618?addrs=188.185.212.42-9618+[2001-1458-303-18--100-26]-9618&alias=b9p25p1322.cern.ch&noUDP&sock=startd_3558_120e>
	SlotName: slot1_10@b9p25p1322.cern.ch
	CondorScratchDir = "/pool/condor/dir_2086547"
	Cpus = 1
	Disk = 3810
	GPUs = 0
	Memory = 3000
...
040 (9152099.020.000) 08/05 10:35:46 Started transferring input files
	Transferring to host: <188.185.194.116:9618?addrs=188.185.194.116-9618+[2001-1458-303-21--100-70]-9618&alias=b9p20p7873.cern.ch&noUDP&sock=slot1_8_4296_aba8_17563>
...
040 (9152099.020.000) 08/05 10:35:46 Finished transferring input files
...
001 (9152099.020.000) 08/05 10:35:46 Job executing on host: <188.185.194.116:9618?addrs=188.185.194.116-9618+[2001-1458-303-21--100-70]-9618&alias=b9p20p7873.cern.ch&noUDP&sock=startd_3152_969b>
	SlotName: slot1_8@b9p20p7873.cern.ch
	CondorScratchDir = "/pool/condor/dir_3380378"
	Cpus = 1
	Disk = 3793
	GPUs = 0
	Memory = 3000
...
040 (9152099.022.000) 08/05 10:35:47 Started transferring input files
	Transferring to host: <188.185.215.70:9618?addrs=188.185.215.70-9618+[2001-1458-303-1e--100-42]-9618&alias=b9p31p1648.cern.ch&noUDP&sock=slot1_9_6424_09fe_12726>
...
040 (9152099.024.000) 08/05 10:35:47 Started transferring input files
	Transferring to host: <188.185.212.44:9618?addrs=188.185.212.44-9618+[2001-1458-303-18--100-28]-9618&alias=b9p25p2071.cern.ch&noUDP&sock=slot1_15_4590_d1f4_22521>
...
006 (9152099.000.000) 08/05 10:35:47 Image size of job updated: 290752
	70  -  MemoryUsage of job (MB)
	71500  -  ResidentSetSize of job (KB)
...
040 (9152099.023.000) 08/05 10:35:47 Started transferring input files
	Transferring to host: <188.185.210.65:9618?addrs=188.185.210.65-9618+[2001-1458-303-1--100-3d]-9618&alias=b9p21p9212.cern.ch&noUDP&sock=slot1_17_10124_0615_21476>
...
040 (9152099.022.000) 08/05 10:35:47 Finished transferring input files
...
040 (9152099.024.000) 08/05 10:35:47 Finished transferring input files
...
040 (9152099.023.000) 08/05 10:35:47 Finished transferring input files
...
001 (9152099.022.000) 08/05 10:35:47 Job executing on host: <188.185.215.70:9618?addrs=188.185.215.70-9618+[2001-1458-303-1e--100-42]-9618&alias=b9p31p1648.cern.ch&noUDP&sock=startd_5692_d129>
	SlotName: slot1_9@b9p31p1648.cern.ch
	CondorScratchDir = "/pool/condor/dir_3363319"
	Cpus = 1
	Disk = 3788
	GPUs = 0
	Memory = 3000
...
001 (9152099.024.000) 08/05 10:35:47 Job executing on host: <188.185.212.44:9618?addrs=188.185.212.44-9618+[2001-1458-303-18--100-28]-9618&alias=b9p25p2071.cern.ch&noUDP&sock=startd_3939_67a3>
	SlotName: slot1_15@b9p25p2071.cern.ch
	CondorScratchDir = "/pool/condor/dir_2008020"
	Cpus = 1
	Disk = 3712
	GPUs = 0
	Memory = 3000
...
001 (9152099.023.000) 08/05 10:35:47 Job executing on host: <188.185.210.65:9618?addrs=188.185.210.65-9618+[2001-1458-303-1--100-3d]-9618&alias=b9p21p9212.cern.ch&noUDP&sock=startd_9306_b86e>
	SlotName: slot1_17@b9p21p9212.cern.ch
	CondorScratchDir = "/pool/condor/dir_189826"
	Cpus = 1
	Disk = 3841
	GPUs = 0
	Memory = 3000
...
040 (9152099.027.000) 08/05 10:35:48 Started transferring input files
	Transferring to host: <188.185.206.77:9618?addrs=188.185.206.77-9618+[2001-1458-303-b--100-4a]-9618&alias=b9p05p8888.cern.ch&noUDP&sock=slot1_12_6307_9a1a_20480>
...
040 (9152099.027.000) 08/05 10:35:48 Finished transferring input files
...
001 (9152099.027.000) 08/05 10:35:48 Job executing on host: <188.185.206.77:9618?addrs=188.185.206.77-9618+[2001-1458-303-b--100-4a]-9618&alias=b9p05p8888.cern.ch&noUDP&sock=startd_5244_86bb>
	SlotName: slot1_12@b9p05p8888.cern.ch
	CondorScratchDir = "/pool/condor/dir_1007368"
	Cpus = 1
	Disk = 3733
	GPUs = 0
	Memory = 3000
...
040 (9152099.026.000) 08/05 10:35:48 Started transferring input files
	Transferring to host: <128.142.248.221:9618?addrs=128.142.248.221-9618+[2001-1458-301-73--100-dc]-9618&alias=b9g23p8976.cern.ch&noUDP&sock=slot1_20_7633_e38f_12198>
...
040 (9152099.026.000) 08/05 10:35:48 Finished transferring input files
...
001 (9152099.026.000) 08/05 10:35:48 Job executing on host: <128.142.248.221:9618?addrs=128.142.248.221-9618+[2001-1458-301-73--100-dc]-9618&alias=b9g23p8976.cern.ch&noUDP&sock=startd_6853_2a9d>
	SlotName: slot1_20@b9g23p8976.cern.ch
	CondorScratchDir = "/pool/condor/dir_3501049"
	Cpus = 1
	Disk = 3817
	GPUs = 0
	Memory = 3000
...
040 (9152099.025.000) 08/05 10:35:48 Started transferring input files
	Transferring to host: <188.185.205.135:9618?addrs=188.185.205.135-9618+[2001-1458-303-a--100-4]-9618&alias=b9p04p1020.cern.ch&noUDP&sock=slot1_11_10157_4676_17383>
...
040 (9152099.025.000) 08/05 10:35:48 Finished transferring input files
...
001 (9152099.025.000) 08/05 10:35:48 Job executing on host: <188.185.205.135:9618?addrs=188.185.205.135-9618+[2001-1458-303-a--100-4]-9618&alias=b9p04p1020.cern.ch&noUDP&sock=startd_9318_f391>
	SlotName: slot1_11@b9p04p1020.cern.ch
	CondorScratchDir = "/pool/condor/dir_76872"
	Cpus = 1
	Disk = 3500
	GPUs = 0
	Memory = 3000
...
040 (9152099.030.000) 08/05 10:35:49 Started transferring input files
	Transferring to host: <188.185.211.72:9618?addrs=188.185.211.72-9618+[2001-1458-303-16--100-44]-9618&alias=b9p23p2386.cern.ch&noUDP&sock=slot1_16_5237_b0ae_20009>
...
040 (9152099.028.000) 08/05 10:35:49 Started transferring input files
	Transferring to host: <188.185.213.186:9618?addrs=188.185.213.186-9618+[2001-1458-303-1b--100-36]-9618&alias=b9p28p9859.cern.ch&noUDP&sock=slot1_15_5482_5098_26777>
...
040 (9152099.030.000) 08/05 10:35:49 Finished transferring input files
...
040 (9152099.028.000) 08/05 10:35:49 Finished transferring input files
...
001 (9152099.030.000) 08/05 10:35:49 Job executing on host: <188.185.211.72:9618?addrs=188.185.211.72-9618+[2001-1458-303-16--100-44]-9618&alias=b9p23p2386.cern.ch&noUDP&sock=startd_4287_1a99>
	SlotName: slot1_16@b9p23p2386.cern.ch
	CondorScratchDir = "/pool/condor/dir_1410805"
	Cpus = 1
	Disk = 3766
	GPUs = 0
	Memory = 3000
...
001 (9152099.028.000) 08/05 10:35:49 Job executing on host: <188.185.213.186:9618?addrs=188.185.213.186-9618+[2001-1458-303-1b--100-36]-9618&alias=b9p28p9859.cern.ch&noUDP&sock=startd_4523_faf2>
	SlotName: slot1_15@b9p28p9859.cern.ch
	CondorScratchDir = "/pool/condor/dir_497336"
	Cpus = 1
	Disk = 3828
	GPUs = 0
	Memory = 3000
...
040 (9152099.029.000) 08/05 10:35:49 Started transferring input files
	Transferring to host: <188.185.210.200:9618?addrs=188.185.210.200-9618+[2001-1458-303-15--100-44]-9618&alias=b9p22p1993.cern.ch&noUDP&sock=slot1_6_3393_6ce3_27672>
...
040 (9152099.029.000) 08/05 10:35:49 Finished transferring input files
...
001 (9152099.029.000) 08/05 10:35:49 Job executing on host: <188.185.210.200:9618?addrs=188.185.210.200-9618+[2001-1458-303-15--100-44]-9618&alias=b9p22p1993.cern.ch&noUDP&sock=startd_3084_f22a>
	SlotName: slot1_6@b9p22p1993.cern.ch
	CondorScratchDir = "/pool/condor/dir_3031881"
	Cpus = 1
	Disk = 3872
	GPUs = 0
	Memory = 3000
...
006 (9152099.003.000) 08/05 10:35:49 Image size of job updated: 284628
	278  -  MemoryUsage of job (MB)
	284628  -  ResidentSetSize of job (KB)
...
006 (9152099.002.000) 08/05 10:35:49 Image size of job updated: 278868
	273  -  MemoryUsage of job (MB)
	278868  -  ResidentSetSize of job (KB)
...
006 (9152099.001.000) 08/05 10:35:49 Image size of job updated: 178592
	45  -  MemoryUsage of job (MB)
	45540  -  ResidentSetSize of job (KB)
...
040 (9152099.033.000) 08/05 10:35:50 Started transferring input files
	Transferring to host: <188.185.212.21:9618?addrs=188.185.212.21-9618+[2001-1458-303-18--100-11]-9618&alias=b9p25p8865.cern.ch&noUDP&sock=slot1_10_5090_1d88_19394>
...
040 (9152099.033.000) 08/05 10:35:50 Finished transferring input files
...
001 (9152099.033.000) 08/05 10:35:50 Job executing on host: <188.185.212.21:9618?addrs=188.185.212.21-9618+[2001-1458-303-18--100-11]-9618&alias=b9p25p8865.cern.ch&noUDP&sock=startd_4247_aacf>
	SlotName: slot1_10@b9p25p8865.cern.ch
	CondorScratchDir = "/pool/condor/dir_1113743"
	Cpus = 1
	Disk = 3698
	GPUs = 0
	Memory = 3000
...
040 (9152099.032.000) 08/05 10:35:50 Started transferring input files
	Transferring to host: <188.185.210.195:9618?addrs=188.185.210.195-9618+[2001-1458-303-15--100-3f]-9618&alias=b9p22p8302.cern.ch&noUDP&sock=slot1_17_7408_5b26_29169>
...
040 (9152099.031.000) 08/05 10:35:50 Started transferring input files
	Transferring to host: <188.185.205.148:9618?addrs=188.185.205.148-9618+[2001-1458-303-a--100-11]-9618&alias=b9p04p8584.cern.ch&noUDP&sock=slot1_26_1463309_514a_20364>
...
040 (9152099.031.000) 08/05 10:35:50 Finished transferring input files
...
040 (9152099.032.000) 08/05 10:35:50 Finished transferring input files
...
001 (9152099.032.000) 08/05 10:35:50 Job executing on host: <188.185.210.195:9618?addrs=188.185.210.195-9618+[2001-1458-303-15--100-3f]-9618&alias=b9p22p8302.cern.ch&noUDP&sock=startd_6519_11fb>
	SlotName: slot1_17@b9p22p8302.cern.ch
	CondorScratchDir = "/pool/condor/dir_3716535"
	Cpus = 1
	Disk = 3897
	GPUs = 0
	Memory = 3000
...
001 (9152099.031.000) 08/05 10:35:50 Job executing on host: <188.185.205.148:9618?addrs=188.185.205.148-9618+[2001-1458-303-a--100-11]-9618&alias=b9p04p8584.cern.ch&noUDP&sock=startd_5539_df2b>
	SlotName: slot1_26@b9p04p8584.cern.ch
	CondorScratchDir = "/pool/condor/dir_3749032"
	Cpus = 1
	Disk = 3538
	GPUs = 0
	Memory = 3000
...
006 (9152099.004.000) 08/05 10:35:50 Image size of job updated: 258340
	52  -  MemoryUsage of job (MB)
	52292  -  ResidentSetSize of job (KB)
...
006 (9152099.005.000) 08/05 10:35:50 Image size of job updated: 284476
	278  -  MemoryUsage of job (MB)
	284476  -  ResidentSetSize of job (KB)
...
006 (9152099.006.000) 08/05 10:35:50 Image size of job updated: 184984
	52  -  MemoryUsage of job (MB)
	52316  -  ResidentSetSize of job (KB)
...
040 (9152099.034.000) 08/05 10:35:51 Started transferring input files
	Transferring to host: <188.185.215.79:9618?addrs=188.185.215.79-9618+[2001-1458-303-1e--100-4b]-9618&alias=b9p31p7976.cern.ch&noUDP&sock=slot1_30_3220_87fc_13056>
...
040 (9152099.034.000) 08/05 10:35:51 Finished transferring input files
...
001 (9152099.034.000) 08/05 10:35:51 Job executing on host: <188.185.215.79:9618?addrs=188.185.215.79-9618+[2001-1458-303-1e--100-4b]-9618&alias=b9p31p7976.cern.ch&noUDP&sock=startd_2650_4210>
	SlotName: slot1_30@b9p31p7976.cern.ch
	CondorScratchDir = "/pool/condor/dir_3366354"
	Cpus = 1
	Disk = 3815
	GPUs = 0
	Memory = 3000
...
040 (9152099.037.000) 08/05 10:35:51 Started transferring input files
	Transferring to host: <188.185.213.21:9618?addrs=188.185.213.21-9618+[2001-1458-303-1a--100-11]-9618&alias=b9p27p9231.cern.ch&noUDP&sock=slot1_27_6718_304a_20645>
...
040 (9152099.037.000) 08/05 10:35:51 Finished transferring input files
...
040 (9152099.035.000) 08/05 10:35:51 Started transferring input files
	Transferring to host: <188.185.192.70:9618?addrs=188.185.192.70-9618+[2001-1458-303-1f--100-42]-9618&alias=b9p13p3947.cern.ch&noUDP&sock=slot1_8_3765_8872_19587>
...
001 (9152099.037.000) 08/05 10:35:51 Job executing on host: <188.185.213.21:9618?addrs=188.185.213.21-9618+[2001-1458-303-1a--100-11]-9618&alias=b9p27p9231.cern.ch&noUDP&sock=startd_5897_6e13>
	SlotName: slot1_27@b9p27p9231.cern.ch
	CondorScratchDir = "/pool/condor/dir_2934513"
	Cpus = 1
	Disk = 3677
	GPUs = 0
	Memory = 3000
...
040 (9152099.035.000) 08/05 10:35:51 Finished transferring input files
...
001 (9152099.035.000) 08/05 10:35:51 Job executing on host: <188.185.192.70:9618?addrs=188.185.192.70-9618+[2001-1458-303-1f--100-42]-9618&alias=b9p13p3947.cern.ch&noUDP&sock=startd_2728_c273>
	SlotName: slot1_8@b9p13p3947.cern.ch
	CondorScratchDir = "/pool/condor/dir_1999834"
	Cpus = 1
	Disk = 3810
	GPUs = 0
	Memory = 3000
...
006 (9152099.009.000) 08/05 10:35:51 Image size of job updated: 239564
	27  -  MemoryUsage of job (MB)
	26960  -  ResidentSetSize of job (KB)
...
006 (9152099.007.000) 08/05 10:35:51 Image size of job updated: 299968
	293  -  MemoryUsage of job (MB)
	299968  -  ResidentSetSize of job (KB)
...
006 (9152099.008.000) 08/05 10:35:51 Image size of job updated: 283620
	277  -  MemoryUsage of job (MB)
	283620  -  ResidentSetSize of job (KB)
...
006 (9152099.013.000) 08/05 10:35:52 Image size of job updated: 292400
	286  -  MemoryUsage of job (MB)
	292400  -  ResidentSetSize of job (KB)
...
040 (9152099.039.000) 08/05 10:35:52 Started transferring input files
	Transferring to host: <188.185.213.83:9618?addrs=188.185.213.83-9618+[2001-1458-303-1a--100-4f]-9618&alias=b9p27p4214.cern.ch&noUDP&sock=slot1_17_6706_bbca_22474>
...
040 (9152099.039.000) 08/05 10:35:52 Finished transferring input files
...
001 (9152099.039.000) 08/05 10:35:52 Job executing on host: <188.185.213.83:9618?addrs=188.185.213.83-9618+[2001-1458-303-1a--100-4f]-9618&alias=b9p27p4214.cern.ch&noUDP&sock=startd_5856_4eb1>
	SlotName: slot1_17@b9p27p4214.cern.ch
	CondorScratchDir = "/pool/condor/dir_123333"
	Cpus = 1
	Disk = 3736
	GPUs = 0
	Memory = 3000
...
040 (9152099.038.000) 08/05 10:35:52 Started transferring input files
	Transferring to host: <188.185.213.197:9618?addrs=188.185.213.197-9618+[2001-1458-303-1b--100-41]-9618&alias=b9p28p2682.cern.ch&noUDP&sock=slot1_15_4445_a78e_22080>
...
040 (9152099.038.000) 08/05 10:35:52 Finished transferring input files
...
001 (9152099.038.000) 08/05 10:35:52 Job executing on host: <188.185.213.197:9618?addrs=188.185.213.197-9618+[2001-1458-303-1b--100-41]-9618&alias=b9p28p2682.cern.ch&noUDP&sock=startd_3781_07ad>
	SlotName: slot1_15@b9p28p2682.cern.ch
	CondorScratchDir = "/pool/condor/dir_3439386"
	Cpus = 1
	Disk = 3864
	GPUs = 0
	Memory = 3000
...
040 (9152099.042.000) 08/05 10:35:52 Started transferring input files
	Transferring to host: <188.185.205.184:9618?addrs=188.185.205.184-9618+[2001-1458-303-a--100-35]-9618&alias=b9p04p9703.cern.ch&noUDP&sock=slot1_21_6143_0c93_18656>
...
040 (9152099.042.000) 08/05 10:35:52 Finished transferring input files
...
001 (9152099.042.000) 08/05 10:35:52 Job executing on host: <188.185.205.184:9618?addrs=188.185.205.184-9618+[2001-1458-303-a--100-35]-9618&alias=b9p04p9703.cern.ch&noUDP&sock=startd_5186_be3d>
	SlotName: slot1_21@b9p04p9703.cern.ch
	CondorScratchDir = "/pool/condor/dir_3425946"
	Cpus = 1
	Disk = 3675
	GPUs = 0
	Memory = 3000
...
006 (9152099.014.000) 08/05 10:35:52 Image size of job updated: 280380
	274  -  MemoryUsage of job (MB)
	280380  -  ResidentSetSize of job (KB)
...
006 (9152099.015.000) 08/05 10:35:52 Image size of job updated: 243256
	26  -  MemoryUsage of job (MB)
	26044  -  ResidentSetSize of job (KB)
...
006 (9152099.011.000) 08/05 10:35:52 Image size of job updated: 214944
	35  -  MemoryUsage of job (MB)
	35412  -  ResidentSetSize of job (KB)
...
006 (9152099.010.000) 08/05 10:35:52 Image size of job updated: 301056
	294  -  MemoryUsage of job (MB)
	301056  -  ResidentSetSize of job (KB)
...
006 (9152099.012.000) 08/05 10:35:52 Image size of job updated: 165424
	12  -  MemoryUsage of job (MB)
	11384  -  ResidentSetSize of job (KB)
...
006 (9152099.016.000) 08/05 10:35:53 Image size of job updated: 238820
	52  -  MemoryUsage of job (MB)
	52324  -  ResidentSetSize of job (KB)
...
040 (9152099.045.000) 08/05 10:35:53 Started transferring input files
	Transferring to host: <188.185.210.190:9618?addrs=188.185.210.190-9618+[2001-1458-303-15--100-3a]-9618&alias=b9p22p4024.cern.ch&noUDP&sock=slot1_23_4853_209e_18374>
...
040 (9152099.045.000) 08/05 10:35:53 Finished transferring input files
...
040 (9152099.049.000) 08/05 10:35:53 Started transferring input files
	Transferring to host: <188.185.214.13:9618?addrs=188.185.214.13-9618+[2001-1458-303-1c--100-9]-9618&alias=b9p29p5951.cern.ch&noUDP&sock=slot1_17_4749_d99a_28218>
...
006 (9152099.017.000) 08/05 10:35:53 Image size of job updated: 286576
	280  -  MemoryUsage of job (MB)
	286576  -  ResidentSetSize of job (KB)
...
006 (9152099.018.000) 08/05 10:35:53 Image size of job updated: 275324
	33  -  MemoryUsage of job (MB)
	33404  -  ResidentSetSize of job (KB)
...
001 (9152099.045.000) 08/05 10:35:53 Job executing on host: <188.185.210.190:9618?addrs=188.185.210.190-9618+[2001-1458-303-15--100-3a]-9618&alias=b9p22p4024.cern.ch&noUDP&sock=startd_4168_7ad3>
	SlotName: slot1_23@b9p22p4024.cern.ch
	CondorScratchDir = "/pool/condor/dir_3316898"
	Cpus = 1
	Disk = 3826
	GPUs = 0
	Memory = 3000
...
040 (9152099.049.000) 08/05 10:35:53 Finished transferring input files
...
001 (9152099.049.000) 08/05 10:35:53 Job executing on host: <188.185.214.13:9618?addrs=188.185.214.13-9618+[2001-1458-303-1c--100-9]-9618&alias=b9p29p5951.cern.ch&noUDP&sock=startd_4090_fa70>
	SlotName: slot1_17@b9p29p5951.cern.ch
	CondorScratchDir = "/pool/condor/dir_3978908"
	Cpus = 1
	Disk = 3873
	GPUs = 0
	Memory = 3000
...
040 (9152099.043.000) 08/05 10:35:53 Started transferring input files
	Transferring to host: <188.185.207.139:9618?addrs=188.185.207.139-9618+[2001-1458-303-e--100-8]-9618&alias=b9p08p1203.cern.ch&noUDP&sock=slot1_1_5183_a46c_18925>
...
040 (9152099.043.000) 08/05 10:35:53 Finished transferring input files
...
001 (9152099.043.000) 08/05 10:35:53 Job executing on host: <188.185.207.139:9618?addrs=188.185.207.139-9618+[2001-1458-303-e--100-8]-9618&alias=b9p08p1203.cern.ch&noUDP&sock=startd_4514_ce98>
	SlotName: slot1_1@b9p08p1203.cern.ch
	CondorScratchDir = "/pool/condor/dir_714902"
	Cpus = 1
	Disk = 3596
	GPUs = 0
	Memory = 3000
...
006 (9152099.021.000) 08/05 10:35:53 Image size of job updated: 292352
	0  -  MemoryUsage of job (MB)
	0  -  ResidentSetSize of job (KB)
...
040 (9152099.021.000) 08/05 10:35:54 Started transferring output files
...
006 (9152099.019.000) 08/05 10:35:54 Image size of job updated: 290944
	65  -  MemoryUsage of job (MB)
	65624  -  ResidentSetSize of job (KB)
...
040 (9152099.021.000) 08/05 10:35:54 Finished transferring output files
...
021 (9152099.021.000) 08/05 10:35:54 Error from starter on slot1_10@b9p25p1322.cern.ch:
	STARTER at 188.185.212.42 failed to send file(s) to <188.185.125.71:9618>: : FILETRANSFER:1:non-zero exit (1) from /usr/libexec/condor/curl_plugin. |Error: could not open local file /pool/condor/dir_2086547/HardQCD_Pt15to7000_Oniaon_CR1_PYTHIA8311_Chunk21_Part0.root, error 2 (No such file or directory) ( URL file = file:///afs/cern.ch/user/s/shuangyu/CMSSW_15_0_14/src/Jpsi/pythia_generation/./rootfile_nomuoncut_nojpsijet/HardQCD_Pt15to7000_Oniaon_CR1_PYTHIA8311_Chunk21_Part0.root )|; SHADOW failed to receive file(s) from <188.185.212.42:36589>
	Code 13 Subcode 256
...
040 (9152099.036.000) 08/05 10:35:54 Started transferring input files
	Transferring to host: <188.185.196.146:9618?addrs=188.185.196.146-9618+[2001-1458-303-23--100-8e]-9618&alias=b9p16p3934.cern.ch&noUDP&sock=slot1_35_3282_373f_18571>
...
040 (9152099.036.000) 08/05 10:35:54 Finished transferring input files
...
001 (9152099.036.000) 08/05 10:35:54 Job executing on host: <188.185.196.146:9618?addrs=188.185.196.146-9618+[2001-1458-303-23--100-8e]-9618&alias=b9p16p3934.cern.ch&noUDP&sock=startd_2696_cf6b>
	SlotName: slot1_35@b9p16p3934.cern.ch
	CondorScratchDir = "/pool/condor/dir_19192"
	Cpus = 1
	Disk = 3824
	GPUs = 0
	Memory = 3000
...
040 (9152099.046.000) 08/05 10:35:54 Started transferring input files
	Transferring to host: <188.185.206.99:9618?addrs=188.185.206.99-9618+[2001-1458-303-b--100-60]-9618&alias=b9p05p7418.cern.ch&noUDP&sock=slot1_21_6665_d868_18171>
...
040 (9152099.046.000) 08/05 10:35:54 Finished transferring input files
...
006 (9152099.020.000) 08/05 10:35:54 Image size of job updated: 267084
	261  -  MemoryUsage of job (MB)
	267084  -  ResidentSetSize of job (KB)
...
001 (9152099.046.000) 08/05 10:35:54 Job executing on host: <188.185.206.99:9618?addrs=188.185.206.99-9618+[2001-1458-303-b--100-60]-9618&alias=b9p05p7418.cern.ch&noUDP&sock=startd_5739_0e1c>
	SlotName: slot1_21@b9p05p7418.cern.ch
	CondorScratchDir = "/pool/condor/dir_132562"
	Cpus = 1
	Disk = 3461
	GPUs = 0
	Memory = 3000
...
004 (9152099.021.000) 08/05 10:35:54 Job was evicted. Code 12 Subcode 256
	(0) CPU times
		Usr 0 00:00:04, Sys 0 00:00:01  -  Run Remote Usage
		Usr 0 00:00:00, Sys 0 00:00:00  -  Run Local Usage
	0  -  Run Bytes Sent By Job
	660198  -  Run Bytes Received By Job
	Reason: Transfer output files failure at execution point slot1_10@b9p25p1322.cern.ch while sending files to access point bigbird28. Details: could not open local file /pool/condor/dir_2086547/HardQCD_Pt15to7000_Oniaon_CR1_PYTHIA8311_Chunk21_Part0.root, error 2 (No such file or directory) ( URL file = file:///afs/cern.ch/user/s/shuangyu/CMSSW_15_0_14/src/Jpsi/pythia_generation/./rootfile_nomuoncut_nojpsijet/HardQCD_Pt15to7000_Oniaon_CR1_PYTHIA8311_Chunk21_Part0.root )|
	Partitionable Resources :    Usage  Request Allocated 
	   Cpus                 :        0        1         1 
	   Disk (KB)            :      797      750      3810 
	   GPUs                 :                           0 
	   Memory (MB)          :        0     3000      3000 
	   TimeExecute (s)      :        7                    
	   TimeSlotBusy (s)     :        9                    
...
012 (9152099.021.000) 08/05 10:35:54 Job was held.
	Transfer output files failure at execution point slot1_10@b9p25p1322.cern.ch while sending files to access point bigbird28. Details: could not open local file /pool/condor/dir_2086547/HardQCD_Pt15to7000_Oniaon_CR1_PYTHIA8311_Chunk21_Part0.root, error 2 (No such file or directory) ( URL file = file:///afs/cern.ch/user/s/shuangyu/CMSSW_15_0_14/src/Jpsi/pythia_generation/./rootfile_nomuoncut_nojpsijet/HardQCD_Pt15to7000_Oniaon_CR1_PYTHIA8311_Chunk21_Part0.root )|
	Code 12 Subcode 256
...
040 (9152099.040.000) 08/05 10:35:54 Started transferring input files
	Transferring to host: <188.185.212.165:9618?addrs=188.185.212.165-9618+[2001-1458-303-19--100-21]-9618&alias=b9p26p3733.cern.ch&noUDP&sock=slot1_1_5321_e031_21936>
...
040 (9152099.040.000) 08/05 10:35:54 Finished transferring input files
...
001 (9152099.040.000) 08/05 10:35:54 Job executing on host: <188.185.212.165:9618?addrs=188.185.212.165-9618+[2001-1458-303-19--100-21]-9618&alias=b9p26p3733.cern.ch&noUDP&sock=startd_4966_d767>
	SlotName: slot1_1@b9p26p3733.cern.ch
	CondorScratchDir = "/pool/condor/dir_2360506"
	Cpus = 1
	Disk = 3830
	GPUs = 0
	Memory = 3000
...
006 (9152099.027.000) 08/05 10:35:54 Image size of job updated: 31968
	0  -  MemoryUsage of job (MB)
	0  -  ResidentSetSize of job (KB)
...
040 (9152099.047.000) 08/05 10:35:55 Started transferring input files
	Transferring to host: <188.185.215.28:9618?addrs=188.185.215.28-9618+[2001-1458-303-1e--100-18]-9618&alias=b9p31p1477.cern.ch&noUDP&sock=slot1_28_3599_922b_13218>
...
040 (9152099.047.000) 08/05 10:35:55 Finished transferring input files
...
040 (9152099.027.000) 08/05 10:35:55 Started transferring output files
...
001 (9152099.047.000) 08/05 10:35:55 Job executing on host: <188.185.215.28:9618?addrs=188.185.215.28-9618+[2001-1458-303-1e--100-18]-9618&alias=b9p31p1477.cern.ch&noUDP&sock=startd_3138_fc47>
	SlotName: slot1_28@b9p31p1477.cern.ch
	CondorScratchDir = "/pool/condor/dir_1706160"
	Cpus = 1
	Disk = 3846
	GPUs = 0
	Memory = 3000
...
040 (9152099.027.000) 08/05 10:35:55 Finished transferring output files
...
006 (9152099.024.000) 08/05 10:35:55 Image size of job updated: 292452
	0  -  MemoryUsage of job (MB)
	0  -  ResidentSetSize of job (KB)
...
021 (9152099.027.000) 08/05 10:35:55 Error from starter on slot1_12@b9p05p8888.cern.ch:
	STARTER at 188.185.206.77 failed to send file(s) to <188.185.125.71:9618>: : FILETRANSFER:1:non-zero exit (1) from /usr/libexec/condor/curl_plugin. |Error: could not open local file /pool/condor/dir_1007368/HardQCD_Pt15to7000_Oniaon_CR1_PYTHIA8311_Chunk27_Part0.root, error 2 (No such file or directory) ( URL file = file:///afs/cern.ch/user/s/shuangyu/CMSSW_15_0_14/src/Jpsi/pythia_generation/./rootfile_nomuoncut_nojpsijet/HardQCD_Pt15to7000_Oniaon_CR1_PYTHIA8311_Chunk27_Part0.root )|; SHADOW failed to receive file(s) from <188.185.206.77:41481>
	Code 13 Subcode 256
...
040 (9152099.041.000) 08/05 10:35:55 Started transferring input files
	Transferring to host: <188.185.193.42:9618?addrs=188.185.193.42-9618+[2001-1458-303-20--100-26]-9618&alias=b9p19p9290.cern.ch&noUDP&sock=slot1_28_4210_1364_16275>
...
040 (9152099.041.000) 08/05 10:35:55 Finished transferring input files
...
006 (9152099.022.000) 08/05 10:35:55 Image size of job updated: 300744
	294  -  MemoryUsage of job (MB)
	300744  -  ResidentSetSize of job (KB)
...
001 (9152099.041.000) 08/05 10:35:55 Job executing on host: <188.185.193.42:9618?addrs=188.185.193.42-9618+[2001-1458-303-20--100-26]-9618&alias=b9p19p9290.cern.ch&noUDP&sock=startd_3098_8c7d>
	SlotName: slot1_28@b9p19p9290.cern.ch
	CondorScratchDir = "/pool/condor/dir_926687"
	Cpus = 1
	Disk = 3877
	GPUs = 0
	Memory = 3000
...
006 (9152099.023.000) 08/05 10:35:55 Image size of job updated: 301056
	294  -  MemoryUsage of job (MB)
	301056  -  ResidentSetSize of job (KB)
...
040 (9152099.044.000) 08/05 10:35:55 Started transferring input files
	Transferring to host: <188.185.196.166:9618?addrs=188.185.196.166-9618+[2001-1458-303-23--100-a2]-9618&alias=b9p16p1963.cern.ch&noUDP&sock=slot1_24_5822_e026_19695>
...
040 (9152099.044.000) 08/05 10:35:55 Finished transferring input files
...
001 (9152099.044.000) 08/05 10:35:55 Job executing on host: <188.185.196.166:9618?addrs=188.185.196.166-9618+[2001-1458-303-23--100-a2]-9618&alias=b9p16p1963.cern.ch&noUDP&sock=startd_4693_960c>
	SlotName: slot1_24@b9p16p1963.cern.ch
	CondorScratchDir = "/pool/condor/dir_313890"
	Cpus = 1
	Disk = 3906
	GPUs = 0
	Memory = 3000
...
004 (9152099.027.000) 08/05 10:35:55 Job was evicted. Code 12 Subcode 256
	(0) CPU times
		Usr 0 00:00:03, Sys 0 00:00:01  -  Run Remote Usage
		Usr 0 00:00:00, Sys 0 00:00:00  -  Run Local Usage
	0  -  Run Bytes Sent By Job
	660198  -  Run Bytes Received By Job
	Reason: Transfer output files failure at execution point slot1_12@b9p05p8888.cern.ch while sending files to access point bigbird28. Details: could not open local file /pool/condor/dir_1007368/HardQCD_Pt15to7000_Oniaon_CR1_PYTHIA8311_Chunk27_Part0.root, error 2 (No such file or directory) ( URL file = file:///afs/cern.ch/user/s/shuangyu/CMSSW_15_0_14/src/Jpsi/pythia_generation/./rootfile_nomuoncut_nojpsijet/HardQCD_Pt15to7000_Oniaon_CR1_PYTHIA8311_Chunk27_Part0.root )|
	Partitionable Resources :    Usage  Request Allocated 
	   Cpus                 :        0        1         1 
	   Disk (KB)            :      800      750      3733 
	   GPUs                 :                           0 
	   Memory (MB)          :        0     3000      3000 
	   TimeExecute (s)      :        6                    
	   TimeSlotBusy (s)     :        8                    
...
012 (9152099.027.000) 08/05 10:35:55 Job was held.
	Transfer output files failure at execution point slot1_12@b9p05p8888.cern.ch while sending files to access point bigbird28. Details: could not open local file /pool/condor/dir_1007368/HardQCD_Pt15to7000_Oniaon_CR1_PYTHIA8311_Chunk27_Part0.root, error 2 (No such file or directory) ( URL file = file:///afs/cern.ch/user/s/shuangyu/CMSSW_15_0_14/src/Jpsi/pythia_generation/./rootfile_nomuoncut_nojpsijet/HardQCD_Pt15to7000_Oniaon_CR1_PYTHIA8311_Chunk27_Part0.root )|
	Code 12 Subcode 256
...
040 (9152099.024.000) 08/05 10:35:56 Started transferring output files
...
040 (9152099.024.000) 08/05 10:35:56 Finished transferring output files
...
021 (9152099.024.000) 08/05 10:35:56 Error from starter on slot1_15@b9p25p2071.cern.ch:
	STARTER at 188.185.212.44 failed to send file(s) to <188.185.125.71:9618>: : FILETRANSFER:1:non-zero exit (1) from /usr/libexec/condor/curl_plugin. |Error: could not open local file /pool/condor/dir_2008020/HardQCD_Pt15to7000_Oniaon_CR1_PYTHIA8311_Chunk24_Part0.root, error 2 (No such file or directory) ( URL file = file:///afs/cern.ch/user/s/shuangyu/CMSSW_15_0_14/src/Jpsi/pythia_generation/./rootfile_nomuoncut_nojpsijet/HardQCD_Pt15to7000_Oniaon_CR1_PYTHIA8311_Chunk24_Part0.root )|; SHADOW failed to receive file(s) from <188.185.212.44:45063>
	Code 13 Subcode 256
...
004 (9152099.024.000) 08/05 10:35:56 Job was evicted. Code 12 Subcode 256
	(0) CPU times
		Usr 0 00:00:04, Sys 0 00:00:01  -  Run Remote Usage
		Usr 0 00:00:00, Sys 0 00:00:00  -  Run Local Usage
	0  -  Run Bytes Sent By Job
	660198  -  Run Bytes Received By Job
	Reason: Transfer output files failure at execution point slot1_15@b9p25p2071.cern.ch while sending files to access point bigbird28. Details: could not open local file /pool/condor/dir_2008020/HardQCD_Pt15to7000_Oniaon_CR1_PYTHIA8311_Chunk24_Part0.root, error 2 (No such file or directory) ( URL file = file:///afs/cern.ch/user/s/shuangyu/CMSSW_15_0_14/src/Jpsi/pythia_generation/./rootfile_nomuoncut_nojpsijet/HardQCD_Pt15to7000_Oniaon_CR1_PYTHIA8311_Chunk24_Part0.root )|
	Partitionable Resources :    Usage  Request Allocated 
	   Cpus                 :        0        1         1 
	   Disk (KB)            :      797      750      3712 
	   GPUs                 :                           0 
	   Memory (MB)          :        0     3000      3000 
	   TimeExecute (s)      :        8                    
	   TimeSlotBusy (s)     :       10                    
...
012 (9152099.024.000) 08/05 10:35:56 Job was held.
	Transfer output files failure at execution point slot1_15@b9p25p2071.cern.ch while sending files to access point bigbird28. Details: could not open local file /pool/condor/dir_2008020/HardQCD_Pt15to7000_Oniaon_CR1_PYTHIA8311_Chunk24_Part0.root, error 2 (No such file or directory) ( URL file = file:///afs/cern.ch/user/s/shuangyu/CMSSW_15_0_14/src/Jpsi/pythia_generation/./rootfile_nomuoncut_nojpsijet/HardQCD_Pt15to7000_Oniaon_CR1_PYTHIA8311_Chunk24_Part0.root )|
	Code 12 Subcode 256
...
006 (9152099.026.000) 08/05 10:35:56 Image size of job updated: 284484
	278  -  MemoryUsage of job (MB)
	284484  -  ResidentSetSize of job (KB)
...
006 (9152099.025.000) 08/05 10:35:56 Image size of job updated: 291128
	285  -  MemoryUsage of job (MB)
	291128  -  ResidentSetSize of job (KB)
...
040 (9152099.048.000) 08/05 10:35:56 Started transferring input files
	Transferring to host: <188.185.211.11:9618?addrs=188.185.211.11-9618+[2001-1458-303-16--100-7]-9618&alias=b9p23p6649.cern.ch&noUDP&sock=slot1_18_4383_f84b_20894>
...
040 (9152099.048.000) 08/05 10:35:56 Finished transferring input files
...
001 (9152099.048.000) 08/05 10:35:56 Job executing on host: <188.185.211.11:9618?addrs=188.185.211.11-9618+[2001-1458-303-16--100-7]-9618&alias=b9p23p6649.cern.ch&noUDP&sock=startd_3799_6061>
	SlotName: slot1_18@b9p23p6649.cern.ch
	CondorScratchDir = "/pool/condor/dir_3520783"
	Cpus = 1
	Disk = 3881
	GPUs = 0
	Memory = 3000
...
006 (9152099.028.000) 08/05 10:35:57 Image size of job updated: 265312
	52  -  MemoryUsage of job (MB)
	52324  -  ResidentSetSize of job (KB)
...
006 (9152099.030.000) 08/05 10:35:57 Image size of job updated: 230152
	46  -  MemoryUsage of job (MB)
	46400  -  ResidentSetSize of job (KB)
...
006 (9152099.029.000) 08/05 10:35:57 Image size of job updated: 267580
	262  -  MemoryUsage of job (MB)
	267580  -  ResidentSetSize of job (KB)
...
006 (9152099.023.000) 08/05 10:35:58 Image size of job updated: 301060
	295  -  MemoryUsage of job (MB)
	301060  -  ResidentSetSize of job (KB)
...
006 (9152099.033.000) 08/05 10:35:58 Image size of job updated: 224128
	2  -  MemoryUsage of job (MB)
	1328  -  ResidentSetSize of job (KB)
...
006 (9152099.022.000) 08/05 10:35:58 Image size of job updated: 301372
	295  -  MemoryUsage of job (MB)
	301372  -  ResidentSetSize of job (KB)
...
040 (9152099.023.000) 08/05 10:35:59 Started transferring output files
...
040 (9152099.023.000) 08/05 10:35:59 Finished transferring output files
...
021 (9152099.023.000) 08/05 10:35:59 Error from starter on slot1_17@b9p21p9212.cern.ch:
	STARTER at 188.185.210.65 failed to send file(s) to <188.185.125.71:9618>: : FILETRANSFER:1:non-zero exit (1) from /usr/libexec/condor/curl_plugin. |Error: could not open local file /pool/condor/dir_189826/HardQCD_Pt15to7000_Oniaon_CR1_PYTHIA8311_Chunk23_Part0.root, error 2 (No such file or directory) ( URL file = file:///afs/cern.ch/user/s/shuangyu/CMSSW_15_0_14/src/Jpsi/pythia_generation/./rootfile_nomuoncut_nojpsijet/HardQCD_Pt15to7000_Oniaon_CR1_PYTHIA8311_Chunk23_Part0.root )|; SHADOW failed to receive file(s) from <188.185.210.65:32963>
	Code 13 Subcode 256
...
040 (9152099.022.000) 08/05 10:35:59 Started transferring output files
...
040 (9152099.022.000) 08/05 10:35:59 Finished transferring output files
...
021 (9152099.022.000) 08/05 10:35:59 Error from starter on slot1_9@b9p31p1648.cern.ch:
	STARTER at 188.185.215.70 failed to send file(s) to <188.185.125.71:9618>: : FILETRANSFER:1:non-zero exit (1) from /usr/libexec/condor/curl_plugin. |Error: could not open local file /pool/condor/dir_3363319/HardQCD_Pt15to7000_Oniaon_CR1_PYTHIA8311_Chunk22_Part0.root, error 2 (No such file or directory) ( URL file = file:///afs/cern.ch/user/s/shuangyu/CMSSW_15_0_14/src/Jpsi/pythia_generation/./rootfile_nomuoncut_nojpsijet/HardQCD_Pt15to7000_Oniaon_CR1_PYTHIA8311_Chunk22_Part0.root )|; SHADOW failed to receive file(s) from <188.185.215.70:46475>
	Code 13 Subcode 256
...
004 (9152099.023.000) 08/05 10:35:59 Job was evicted. Code 12 Subcode 256
	(0) CPU times
		Usr 0 00:00:06, Sys 0 00:00:01  -  Run Remote Usage
		Usr 0 00:00:00, Sys 0 00:00:00  -  Run Local Usage
	0  -  Run Bytes Sent By Job
	660198  -  Run Bytes Received By Job
	Reason: Transfer output files failure at execution point slot1_17@b9p21p9212.cern.ch while sending files to access point bigbird28. Details: could not open local file /pool/condor/dir_189826/HardQCD_Pt15to7000_Oniaon_CR1_PYTHIA8311_Chunk23_Part0.root, error 2 (No such file or directory) ( URL file = file:///afs/cern.ch/user/s/shuangyu/CMSSW_15_0_14/src/Jpsi/pythia_generation/./rootfile_nomuoncut_nojpsijet/HardQCD_Pt15to7000_Oniaon_CR1_PYTHIA8311_Chunk23_Part0.root )|
	Partitionable Resources :    Usage  Request Allocated 
	   Cpus                 :        0        1         1 
	   Disk (KB)            :      936      750      3841 
	   GPUs                 :                           0 
	   Memory (MB)          :      295     3000      3000 
	   TimeExecute (s)      :       11                    
	   TimeSlotBusy (s)     :       13                    
...
012 (9152099.023.000) 08/05 10:35:59 Job was held.
	Transfer output files failure at execution point slot1_17@b9p21p9212.cern.ch while sending files to access point bigbird28. Details: could not open local file /pool/condor/dir_189826/HardQCD_Pt15to7000_Oniaon_CR1_PYTHIA8311_Chunk23_Part0.root, error 2 (No such file or directory) ( URL file = file:///afs/cern.ch/user/s/shuangyu/CMSSW_15_0_14/src/Jpsi/pythia_generation/./rootfile_nomuoncut_nojpsijet/HardQCD_Pt15to7000_Oniaon_CR1_PYTHIA8311_Chunk23_Part0.root )|
	Code 12 Subcode 256
...
004 (9152099.022.000) 08/05 10:35:59 Job was evicted. Code 12 Subcode 256
	(0) CPU times
		Usr 0 00:00:06, Sys 0 00:00:01  -  Run Remote Usage
		Usr 0 00:00:00, Sys 0 00:00:00  -  Run Local Usage
	0  -  Run Bytes Sent By Job
	660198  -  Run Bytes Received By Job
	Reason: Transfer output files failure at execution point slot1_9@b9p31p1648.cern.ch while sending files to access point bigbird28. Details: could not open local file /pool/condor/dir_3363319/HardQCD_Pt15to7000_Oniaon_CR1_PYTHIA8311_Chunk22_Part0.root, error 2 (No such file or directory) ( URL file = file:///afs/cern.ch/user/s/shuangyu/CMSSW_15_0_14/src/Jpsi/pythia_generation/./rootfile_nomuoncut_nojpsijet/HardQCD_Pt15to7000_Oniaon_CR1_PYTHIA8311_Chunk22_Part0.root )|
	Partitionable Resources :    Usage  Request Allocated 
	   Cpus                 :        0        1         1 
	   Disk (KB)            :      936      750      3788 
	   GPUs                 :                           0 
	   Memory (MB)          :      295     3000      3000 
	   TimeExecute (s)      :       11                    
	   TimeSlotBusy (s)     :       13                    
...
006 (9152099.037.000) 08/05 10:35:59 Image size of job updated: 244332
	239  -  MemoryUsage of job (MB)
	244332  -  ResidentSetSize of job (KB)
...
006 (9152099.035.000) 08/05 10:35:59 Image size of job updated: 217880
	213  -  MemoryUsage of job (MB)
	217880  -  ResidentSetSize of job (KB)
...
012 (9152099.022.000) 08/05 10:35:59 Job was held.
	Transfer output files failure at execution point slot1_9@b9p31p1648.cern.ch while sending files to access point bigbird28. Details: could not open local file /pool/condor/dir_3363319/HardQCD_Pt15to7000_Oniaon_CR1_PYTHIA8311_Chunk22_Part0.root, error 2 (No such file or directory) ( URL file = file:///afs/cern.ch/user/s/shuangyu/CMSSW_15_0_14/src/Jpsi/pythia_generation/./rootfile_nomuoncut_nojpsijet/HardQCD_Pt15to7000_Oniaon_CR1_PYTHIA8311_Chunk22_Part0.root )|
	Code 12 Subcode 256
...
006 (9152099.034.000) 08/05 10:35:59 Image size of job updated: 286524
	27  -  MemoryUsage of job (MB)
	26956  -  ResidentSetSize of job (KB)
...
006 (9152099.032.000) 08/05 10:35:59 Image size of job updated: 302840
	296  -  MemoryUsage of job (MB)
	302840  -  ResidentSetSize of job (KB)
...
006 (9152099.030.000) 08/05 10:35:59 Image size of job updated: 230152
	49  -  MemoryUsage of job (MB)
	49708  -  ResidentSetSize of job (KB)
...
006 (9152099.031.000) 08/05 10:35:59 Image size of job updated: 251944
	13  -  MemoryUsage of job (MB)
	13240  -  ResidentSetSize of job (KB)
...
040 (9152099.028.000) 08/05 10:35:59 Started transferring output files
...
040 (9152099.028.000) 08/05 10:35:59 Finished transferring output files
...
021 (9152099.028.000) 08/05 10:35:59 Error from starter on slot1_15@b9p28p9859.cern.ch:
	STARTER at 188.185.213.186 failed to send file(s) to <188.185.125.71:9618>: : FILETRANSFER:1:non-zero exit (1) from /usr/libexec/condor/curl_plugin. |Error: could not open local file /pool/condor/dir_497336/HardQCD_Pt15to7000_Oniaon_CR1_PYTHIA8311_Chunk28_Part0.root, error 2 (No such file or directory) ( URL file = file:///afs/cern.ch/user/s/shuangyu/CMSSW_15_0_14/src/Jpsi/pythia_generation/./rootfile_nomuoncut_nojpsijet/HardQCD_Pt15to7000_Oniaon_CR1_PYTHIA8311_Chunk28_Part0.root )|; SHADOW failed to receive file(s) from <188.185.213.186:45169>
	Code 13 Subcode 256
...
004 (9152099.028.000) 08/05 10:36:00 Job was evicted. Code 12 Subcode 256
	(0) CPU times
		Usr 0 00:00:06, Sys 0 00:00:01  -  Run Remote Usage
		Usr 0 00:00:00, Sys 0 00:00:00  -  Run Local Usage
	0  -  Run Bytes Sent By Job
	660198  -  Run Bytes Received By Job
	Reason: Transfer output files failure at execution point slot1_15@b9p28p9859.cern.ch while sending files to access point bigbird28. Details: could not open local file /pool/condor/dir_497336/HardQCD_Pt15to7000_Oniaon_CR1_PYTHIA8311_Chunk28_Part0.root, error 2 (No such file or directory) ( URL file = file:///afs/cern.ch/user/s/shuangyu/CMSSW_15_0_14/src/Jpsi/pythia_generation/./rootfile_nomuoncut_nojpsijet/HardQCD_Pt15to7000_Oniaon_CR1_PYTHIA8311_Chunk28_Part0.root )|
	Partitionable Resources :    Usage  Request Allocated 
	   Cpus                 :        0        1         1 
	   Disk (KB)            :     1198      750      3828 
	   GPUs                 :                           0 
	   Memory (MB)          :       52     3000      3000 
	   TimeExecute (s)      :       10                    
	   TimeSlotBusy (s)     :       11                    
...
012 (9152099.028.000) 08/05 10:36:00 Job was held.
	Transfer output files failure at execution point slot1_15@b9p28p9859.cern.ch while sending files to access point bigbird28. Details: could not open local file /pool/condor/dir_497336/HardQCD_Pt15to7000_Oniaon_CR1_PYTHIA8311_Chunk28_Part0.root, error 2 (No such file or directory) ( URL file = file:///afs/cern.ch/user/s/shuangyu/CMSSW_15_0_14/src/Jpsi/pythia_generation/./rootfile_nomuoncut_nojpsijet/HardQCD_Pt15to7000_Oniaon_CR1_PYTHIA8311_Chunk28_Part0.root )|
	Code 12 Subcode 256
...
040 (9152099.030.000) 08/05 10:36:00 Started transferring output files
...
040 (9152099.030.000) 08/05 10:36:00 Finished transferring output files
...
021 (9152099.030.000) 08/05 10:36:00 Error from starter on slot1_16@b9p23p2386.cern.ch:
	STARTER at 188.185.211.72 failed to send file(s) to <188.185.125.71:9618>: : FILETRANSFER:1:non-zero exit (1) from /usr/libexec/condor/curl_plugin. |Error: could not open local file /pool/condor/dir_1410805/HardQCD_Pt15to7000_Oniaon_CR1_PYTHIA8311_Chunk30_Part0.root, error 2 (No such file or directory) ( URL file = file:///afs/cern.ch/user/s/shuangyu/CMSSW_15_0_14/src/Jpsi/pythia_generation/./rootfile_nomuoncut_nojpsijet/HardQCD_Pt15to7000_Oniaon_CR1_PYTHIA8311_Chunk30_Part0.root )|; SHADOW failed to receive file(s) from <188.185.211.72:45357>
	Code 13 Subcode 256
...
004 (9152099.030.000) 08/05 10:36:00 Job was evicted. Code 12 Subcode 256
	(0) CPU times
		Usr 0 00:00:05, Sys 0 00:00:02  -  Run Remote Usage
		Usr 0 00:00:00, Sys 0 00:00:00  -  Run Local Usage
	0  -  Run Bytes Sent By Job
	660198  -  Run Bytes Received By Job
	Reason: Transfer output files failure at execution point slot1_16@b9p23p2386.cern.ch while sending files to access point bigbird28. Details: could not open local file /pool/condor/dir_1410805/HardQCD_Pt15to7000_Oniaon_CR1_PYTHIA8311_Chunk30_Part0.root, error 2 (No such file or directory) ( URL file = file:///afs/cern.ch/user/s/shuangyu/CMSSW_15_0_14/src/Jpsi/pythia_generation/./rootfile_nomuoncut_nojpsijet/HardQCD_Pt15to7000_Oniaon_CR1_PYTHIA8311_Chunk30_Part0.root )|
	Partitionable Resources :    Usage  Request Allocated 
	   Cpus                 :        0        1         1 
	   Disk (KB)            :     1199      750      3766 
	   GPUs                 :                           0 
	   Memory (MB)          :       49     3000      3000 
	   TimeExecute (s)      :       10                    
	   TimeSlotBusy (s)     :       12                    
...
006 (9152099.039.000) 08/05 10:36:00 Image size of job updated: 243508
	52  -  MemoryUsage of job (MB)
	52312  -  ResidentSetSize of job (KB)
...
012 (9152099.030.000) 08/05 10:36:00 Job was held.
	Transfer output files failure at execution point slot1_16@b9p23p2386.cern.ch while sending files to access point bigbird28. Details: could not open local file /pool/condor/dir_1410805/HardQCD_Pt15to7000_Oniaon_CR1_PYTHIA8311_Chunk30_Part0.root, error 2 (No such file or directory) ( URL file = file:///afs/cern.ch/user/s/shuangyu/CMSSW_15_0_14/src/Jpsi/pythia_generation/./rootfile_nomuoncut_nojpsijet/HardQCD_Pt15to7000_Oniaon_CR1_PYTHIA8311_Chunk30_Part0.root )|
	Code 12 Subcode 256
...
006 (9152099.038.000) 08/05 10:36:00 Image size of job updated: 308828
	302  -  MemoryUsage of job (MB)
	308828  -  ResidentSetSize of job (KB)
...
040 (9152099.025.000) 08/05 10:36:00 Started transferring output files
...
040 (9152099.025.000) 08/05 10:36:00 Finished transferring output files
...
021 (9152099.025.000) 08/05 10:36:00 Error from starter on slot1_11@b9p04p1020.cern.ch:
	STARTER at 188.185.205.135 failed to send file(s) to <188.185.125.71:9618>: : FILETRANSFER:1:non-zero exit (1) from /usr/libexec/condor/curl_plugin. |Error: could not open local file /pool/condor/dir_76872/HardQCD_Pt15to7000_Oniaon_CR1_PYTHIA8311_Chunk25_Part0.root, error 2 (No such file or directory) ( URL file = file:///afs/cern.ch/user/s/shuangyu/CMSSW_15_0_14/src/Jpsi/pythia_generation/./rootfile_nomuoncut_nojpsijet/HardQCD_Pt15to7000_Oniaon_CR1_PYTHIA8311_Chunk25_Part0.root )|; SHADOW failed to receive file(s) from <188.185.205.135:44313>
	Code 13 Subcode 256
...
006 (9152099.031.000) 08/05 10:36:01 Image size of job updated: 251944
	14  -  MemoryUsage of job (MB)
	13364  -  ResidentSetSize of job (KB)
...
006 (9152099.033.000) 08/05 10:36:01 Image size of job updated: 224128
	2  -  MemoryUsage of job (MB)
	1380  -  ResidentSetSize of job (KB)
...
004 (9152099.025.000) 08/05 10:36:01 Job was evicted. Code 12 Subcode 256
	(0) CPU times
		Usr 0 00:00:06, Sys 0 00:00:02  -  Run Remote Usage
		Usr 0 00:00:00, Sys 0 00:00:00  -  Run Local Usage
	0  -  Run Bytes Sent By Job
	660198  -  Run Bytes Received By Job
	Reason: Transfer output files failure at execution point slot1_11@b9p04p1020.cern.ch while sending files to access point bigbird28. Details: could not open local file /pool/condor/dir_76872/HardQCD_Pt15to7000_Oniaon_CR1_PYTHIA8311_Chunk25_Part0.root, error 2 (No such file or directory) ( URL file = file:///afs/cern.ch/user/s/shuangyu/CMSSW_15_0_14/src/Jpsi/pythia_generation/./rootfile_nomuoncut_nojpsijet/HardQCD_Pt15to7000_Oniaon_CR1_PYTHIA8311_Chunk25_Part0.root )|
	Partitionable Resources :    Usage  Request Allocated 
	   Cpus                 :        0        1         1 
	   Disk (KB)            :      938      750      3500 
	   GPUs                 :                           0 
	   Memory (MB)          :      285     3000      3000 
	   TimeExecute (s)      :       12                    
	   TimeSlotBusy (s)     :       13                    
...
012 (9152099.025.000) 08/05 10:36:01 Job was held.
	Transfer output files failure at execution point slot1_11@b9p04p1020.cern.ch while sending files to access point bigbird28. Details: could not open local file /pool/condor/dir_76872/HardQCD_Pt15to7000_Oniaon_CR1_PYTHIA8311_Chunk25_Part0.root, error 2 (No such file or directory) ( URL file = file:///afs/cern.ch/user/s/shuangyu/CMSSW_15_0_14/src/Jpsi/pythia_generation/./rootfile_nomuoncut_nojpsijet/HardQCD_Pt15to7000_Oniaon_CR1_PYTHIA8311_Chunk25_Part0.root )|
	Code 12 Subcode 256
...
006 (9152099.045.000) 08/05 10:36:01 Image size of job updated: 280304
	60  -  MemoryUsage of job (MB)
	61272  -  ResidentSetSize of job (KB)
...
006 (9152099.049.000) 08/05 10:36:01 Image size of job updated: 200676
	30  -  MemoryUsage of job (MB)
	29960  -  ResidentSetSize of job (KB)
...
006 (9152099.020.000) 08/05 10:36:01 Image size of job updated: 288164
	261  -  MemoryUsage of job (MB)
	267088  -  ResidentSetSize of job (KB)
...
006 (9152099.043.000) 08/05 10:36:01 Image size of job updated: 269864
	60  -  MemoryUsage of job (MB)
	61276  -  ResidentSetSize of job (KB)
...
006 (9152099.042.000) 08/05 10:36:01 Image size of job updated: 207088
	25  -  MemoryUsage of job (MB)
	25472  -  ResidentSetSize of job (KB)
...
006 (9152099.026.000) 08/05 10:36:01 Image size of job updated: 304088
	278  -  MemoryUsage of job (MB)
	284484  -  ResidentSetSize of job (KB)
...
040 (9152099.034.000) 08/05 10:36:01 Started transferring output files
...
040 (9152099.031.000) 08/05 10:36:01 Started transferring output files
...
040 (9152099.034.000) 08/05 10:36:01 Finished transferring output files
...
021 (9152099.034.000) 08/05 10:36:01 Error from starter on slot1_30@b9p31p7976.cern.ch:
	STARTER at 188.185.215.79 failed to send file(s) to <188.185.125.71:9618>: : FILETRANSFER:1:non-zero exit (1) from /usr/libexec/condor/curl_plugin. |Error: could not open local file /pool/condor/dir_3366354/HardQCD_Pt15to7000_Oniaon_CR1_PYTHIA8311_Chunk34_Part0.root, error 2 (No such file or directory) ( URL file = file:///afs/cern.ch/user/s/shuangyu/CMSSW_15_0_14/src/Jpsi/pythia_generation/./rootfile_nomuoncut_nojpsijet/HardQCD_Pt15to7000_Oniaon_CR1_PYTHIA8311_Chunk34_Part0.root )|; SHADOW failed to receive file(s) from <188.185.215.79:45289>
	Code 13 Subcode 256
...
040 (9152099.031.000) 08/05 10:36:01 Finished transferring output files
...
021 (9152099.031.000) 08/05 10:36:01 Error from starter on slot1_26@b9p04p8584.cern.ch:
	STARTER at 188.185.205.148 failed to send file(s) to <188.185.125.71:9618>: : FILETRANSFER:1:non-zero exit (1) from /usr/libexec/condor/curl_plugin. |Error: could not open local file /pool/condor/dir_3749032/HardQCD_Pt15to7000_Oniaon_CR1_PYTHIA8311_Chunk31_Part0.root, error 2 (No such file or directory) ( URL file = file:///afs/cern.ch/user/s/shuangyu/CMSSW_15_0_14/src/Jpsi/pythia_generation/./rootfile_nomuoncut_nojpsijet/HardQCD_Pt15to7000_Oniaon_CR1_PYTHIA8311_Chunk31_Part0.root )|; SHADOW failed to receive file(s) from <188.185.205.148:34605>
	Code 13 Subcode 256
...
040 (9152099.033.000) 08/05 10:36:01 Started transferring output files
...
040 (9152099.033.000) 08/05 10:36:02 Finished transferring output files
...
021 (9152099.033.000) 08/05 10:36:02 Error from starter on slot1_10@b9p25p8865.cern.ch:
	STARTER at 188.185.212.21 failed to send file(s) to <188.185.125.71:9618>: : FILETRANSFER:1:non-zero exit (1) from /usr/libexec/condor/curl_plugin. |Error: could not open local file /pool/condor/dir_1113743/HardQCD_Pt15to7000_Oniaon_CR1_PYTHIA8311_Chunk33_Part0.root, error 2 (No such file or directory) ( URL file = file:///afs/cern.ch/user/s/shuangyu/CMSSW_15_0_14/src/Jpsi/pythia_generation/./rootfile_nomuoncut_nojpsijet/HardQCD_Pt15to7000_Oniaon_CR1_PYTHIA8311_Chunk33_Part0.root )|; SHADOW failed to receive file(s) from <188.185.212.21:44023>
	Code 13 Subcode 256
...
004 (9152099.034.000) 08/05 10:36:02 Job was evicted. Code 12 Subcode 256
	(0) CPU times
		Usr 0 00:00:05, Sys 0 00:00:01  -  Run Remote Usage
		Usr 0 00:00:00, Sys 0 00:00:00  -  Run Local Usage
	0  -  Run Bytes Sent By Job
	660198  -  Run Bytes Received By Job
	Reason: Transfer output files failure at execution point slot1_30@b9p31p7976.cern.ch while sending files to access point bigbird28. Details: could not open local file /pool/condor/dir_3366354/HardQCD_Pt15to7000_Oniaon_CR1_PYTHIA8311_Chunk34_Part0.root, error 2 (No such file or directory) ( URL file = file:///afs/cern.ch/user/s/shuangyu/CMSSW_15_0_14/src/Jpsi/pythia_generation/./rootfile_nomuoncut_nojpsijet/HardQCD_Pt15to7000_Oniaon_CR1_PYTHIA8311_Chunk34_Part0.root )|
	Partitionable Resources :    Usage  Request Allocated 
	   Cpus                 :        0        1         1 
	   Disk (KB)            :      797      750      3815 
	   GPUs                 :                           0 
	   Memory (MB)          :       27     3000      3000 
	   TimeExecute (s)      :        9                    
	   TimeSlotBusy (s)     :       11                    
...
012 (9152099.034.000) 08/05 10:36:02 Job was held.
	Transfer output files failure at execution point slot1_30@b9p31p7976.cern.ch while sending files to access point bigbird28. Details: could not open local file /pool/condor/dir_3366354/HardQCD_Pt15to7000_Oniaon_CR1_PYTHIA8311_Chunk34_Part0.root, error 2 (No such file or directory) ( URL file = file:///afs/cern.ch/user/s/shuangyu/CMSSW_15_0_14/src/Jpsi/pythia_generation/./rootfile_nomuoncut_nojpsijet/HardQCD_Pt15to7000_Oniaon_CR1_PYTHIA8311_Chunk34_Part0.root )|
	Code 12 Subcode 256
...
040 (9152099.045.000) 08/05 10:36:02 Started transferring output files
...
040 (9152099.045.000) 08/05 10:36:02 Finished transferring output files
...
004 (9152099.033.000) 08/05 10:36:02 Job was evicted. Code 12 Subcode 256
	(0) CPU times
		Usr 0 00:00:06, Sys 0 00:00:01  -  Run Remote Usage
		Usr 0 00:00:00, Sys 0 00:00:00  -  Run Local Usage
	0  -  Run Bytes Sent By Job
	660198  -  Run Bytes Received By Job
	Reason: Transfer output files failure at execution point slot1_10@b9p25p8865.cern.ch while sending files to access point bigbird28. Details: could not open local file /pool/condor/dir_1113743/HardQCD_Pt15to7000_Oniaon_CR1_PYTHIA8311_Chunk33_Part0.root, error 2 (No such file or directory) ( URL file = file:///afs/cern.ch/user/s/shuangyu/CMSSW_15_0_14/src/Jpsi/pythia_generation/./rootfile_nomuoncut_nojpsijet/HardQCD_Pt15to7000_Oniaon_CR1_PYTHIA8311_Chunk33_Part0.root )|
	Partitionable Resources :    Usage  Request Allocated 
	   Cpus                 :        0        1         1 
	   Disk (KB)            :     1056      750      3698 
	   GPUs                 :                           0 
	   Memory (MB)          :        2     3000      3000 
	   TimeExecute (s)      :       11                    
	   TimeSlotBusy (s)     :       13                    
...
021 (9152099.045.000) 08/05 10:36:02 Error from starter on slot1_23@b9p22p4024.cern.ch:
	STARTER at 188.185.210.190 failed to send file(s) to <188.185.125.71:9618>: : FILETRANSFER:1:non-zero exit (1) from /usr/libexec/condor/curl_plugin. |Error: could not open local file /pool/condor/dir_3316898/HardQCD_Pt15to7000_Oniaon_CR1_PYTHIA8311_Chunk45_Part0.root, error 2 (No such file or directory) ( URL file = file:///afs/cern.ch/user/s/shuangyu/CMSSW_15_0_14/src/Jpsi/pythia_generation/./rootfile_nomuoncut_nojpsijet/HardQCD_Pt15to7000_Oniaon_CR1_PYTHIA8311_Chunk45_Part0.root )|; SHADOW failed to receive file(s) from <188.185.210.190:43995>
	Code 13 Subcode 256
...
012 (9152099.033.000) 08/05 10:36:02 Job was held.
	Transfer output files failure at execution point slot1_10@b9p25p8865.cern.ch while sending files to access point bigbird28. Details: could not open local file /pool/condor/dir_1113743/HardQCD_Pt15to7000_Oniaon_CR1_PYTHIA8311_Chunk33_Part0.root, error 2 (No such file or directory) ( URL file = file:///afs/cern.ch/user/s/shuangyu/CMSSW_15_0_14/src/Jpsi/pythia_generation/./rootfile_nomuoncut_nojpsijet/HardQCD_Pt15to7000_Oniaon_CR1_PYTHIA8311_Chunk33_Part0.root )|
	Code 12 Subcode 256
...
004 (9152099.031.000) 08/05 10:36:02 Job was evicted. Code 12 Subcode 256
	(0) CPU times
		Usr 0 00:00:06, Sys 0 00:00:01  -  Run Remote Usage
		Usr 0 00:00:00, Sys 0 00:00:00  -  Run Local Usage
	0  -  Run Bytes Sent By Job
	660198  -  Run Bytes Received By Job
	Reason: Transfer output files failure at execution point slot1_26@b9p04p8584.cern.ch while sending files to access point bigbird28. Details: could not open local file /pool/condor/dir_3749032/HardQCD_Pt15to7000_Oniaon_CR1_PYTHIA8311_Chunk31_Part0.root, error 2 (No such file or directory) ( URL file = file:///afs/cern.ch/user/s/shuangyu/CMSSW_15_0_14/src/Jpsi/pythia_generation/./rootfile_nomuoncut_nojpsijet/HardQCD_Pt15to7000_Oniaon_CR1_PYTHIA8311_Chunk31_Part0.root )|
	Partitionable Resources :    Usage  Request Allocated 
	   Cpus                 :        0        1         1 
	   Disk (KB)            :      800      750      3538 
	   GPUs                 :                           0 
	   Memory (MB)          :       14     3000      3000 
	   TimeExecute (s)      :       11                    
	   TimeSlotBusy (s)     :       12                    
...
012 (9152099.031.000) 08/05 10:36:02 Job was held.
	Transfer output files failure at execution point slot1_26@b9p04p8584.cern.ch while sending files to access point bigbird28. Details: could not open local file /pool/condor/dir_3749032/HardQCD_Pt15to7000_Oniaon_CR1_PYTHIA8311_Chunk31_Part0.root, error 2 (No such file or directory) ( URL file = file:///afs/cern.ch/user/s/shuangyu/CMSSW_15_0_14/src/Jpsi/pythia_generation/./rootfile_nomuoncut_nojpsijet/HardQCD_Pt15to7000_Oniaon_CR1_PYTHIA8311_Chunk31_Part0.root )|
	Code 12 Subcode 256
...
006 (9152099.036.000) 08/05 10:36:02 Image size of job updated: 252252
	247  -  MemoryUsage of job (MB)
	252252  -  ResidentSetSize of job (KB)
...
004 (9152099.045.000) 08/05 10:36:02 Job was evicted. Code 12 Subcode 256
	(0) CPU times
		Usr 0 00:00:04, Sys 0 00:00:01  -  Run Remote Usage
		Usr 0 00:00:00, Sys 0 00:00:00  -  Run Local Usage
	0  -  Run Bytes Sent By Job
	660198  -  Run Bytes Received By Job
	Reason: Transfer output files failure at execution point slot1_23@b9p22p4024.cern.ch while sending files to access point bigbird28. Details: could not open local file /pool/condor/dir_3316898/HardQCD_Pt15to7000_Oniaon_CR1_PYTHIA8311_Chunk45_Part0.root, error 2 (No such file or directory) ( URL file = file:///afs/cern.ch/user/s/shuangyu/CMSSW_15_0_14/src/Jpsi/pythia_generation/./rootfile_nomuoncut_nojpsijet/HardQCD_Pt15to7000_Oniaon_CR1_PYTHIA8311_Chunk45_Part0.root )|
	Partitionable Resources :    Usage  Request Allocated 
	   Cpus                 :        0        1         1 
	   Disk (KB)            :      797      750      3826 
	   GPUs                 :                           0 
	   Memory (MB)          :       60     3000      3000 
	   TimeExecute (s)      :        8                    
	   TimeSlotBusy (s)     :       10                    
...
012 (9152099.045.000) 08/05 10:36:02 Job was held.
	Transfer output files failure at execution point slot1_23@b9p22p4024.cern.ch while sending files to access point bigbird28. Details: could not open local file /pool/condor/dir_3316898/HardQCD_Pt15to7000_Oniaon_CR1_PYTHIA8311_Chunk45_Part0.root, error 2 (No such file or directory) ( URL file = file:///afs/cern.ch/user/s/shuangyu/CMSSW_15_0_14/src/Jpsi/pythia_generation/./rootfile_nomuoncut_nojpsijet/HardQCD_Pt15to7000_Oniaon_CR1_PYTHIA8311_Chunk45_Part0.root )|
	Code 12 Subcode 256
...
006 (9152099.046.000) 08/05 10:36:02 Image size of job updated: 280256
	274  -  MemoryUsage of job (MB)
	280256  -  ResidentSetSize of job (KB)
...
040 (9152099.043.000) 08/05 10:36:02 Started transferring output files
...
040 (9152099.043.000) 08/05 10:36:02 Finished transferring output files
...
021 (9152099.043.000) 08/05 10:36:02 Error from starter on slot1_1@b9p08p1203.cern.ch:
	STARTER at 188.185.207.139 failed to send file(s) to <188.185.125.71:9618>: : FILETRANSFER:1:non-zero exit (1) from /usr/libexec/condor/curl_plugin. |Error: could not open local file /pool/condor/dir_714902/HardQCD_Pt15to7000_Oniaon_CR1_PYTHIA8311_Chunk43_Part0.root, error 2 (No such file or directory) ( URL file = file:///afs/cern.ch/user/s/shuangyu/CMSSW_15_0_14/src/Jpsi/pythia_generation/./rootfile_nomuoncut_nojpsijet/HardQCD_Pt15to7000_Oniaon_CR1_PYTHIA8311_Chunk43_Part0.root )|; SHADOW failed to receive file(s) from <188.185.207.139:32881>
	Code 13 Subcode 256
...
040 (9152099.020.000) 08/05 10:36:02 Started transferring output files
...
040 (9152099.020.000) 08/05 10:36:02 Finished transferring output files
...
021 (9152099.020.000) 08/05 10:36:02 Error from starter on slot1_8@b9p20p7873.cern.ch:
	STARTER at 188.185.194.116 failed to send file(s) to <188.185.125.71:9618>: : FILETRANSFER:1:non-zero exit (1) from /usr/libexec/condor/curl_plugin. |Error: could not open local file /pool/condor/dir_3380378/HardQCD_Pt15to7000_Oniaon_CR1_PYTHIA8311_Chunk20_Part0.root, error 2 (No such file or directory) ( URL file = file:///afs/cern.ch/user/s/shuangyu/CMSSW_15_0_14/src/Jpsi/pythia_generation/./rootfile_nomuoncut_nojpsijet/HardQCD_Pt15to7000_Oniaon_CR1_PYTHIA8311_Chunk20_Part0.root )|; SHADOW failed to receive file(s) from <188.185.194.116:45367>
	Code 13 Subcode 256
...
040 (9152099.026.000) 08/05 10:36:02 Started transferring output files
...
040 (9152099.026.000) 08/05 10:36:02 Finished transferring output files
...
021 (9152099.026.000) 08/05 10:36:02 Error from starter on slot1_20@b9g23p8976.cern.ch:
	STARTER at 128.142.248.221 failed to send file(s) to <188.185.125.71:9618>: : FILETRANSFER:1:non-zero exit (1) from /usr/libexec/condor/curl_plugin. |Error: could not open local file /pool/condor/dir_3501049/HardQCD_Pt15to7000_Oniaon_CR1_PYTHIA8311_Chunk26_Part0.root, error 2 (No such file or directory) ( URL file = file:///afs/cern.ch/user/s/shuangyu/CMSSW_15_0_14/src/Jpsi/pythia_generation/./rootfile_nomuoncut_nojpsijet/HardQCD_Pt15to7000_Oniaon_CR1_PYTHIA8311_Chunk26_Part0.root )|; SHADOW failed to receive file(s) from <128.142.248.221:33041>
	Code 13 Subcode 256
...
006 (9152099.042.000) 08/05 10:36:02 Image size of job updated: 207088
	26  -  MemoryUsage of job (MB)
	25788  -  ResidentSetSize of job (KB)
...
004 (9152099.020.000) 08/05 10:36:02 Job was evicted. Code 12 Subcode 256
	(0) CPU times
		Usr 0 00:00:09, Sys 0 00:00:01  -  Run Remote Usage
		Usr 0 00:00:00, Sys 0 00:00:00  -  Run Local Usage
	0  -  Run Bytes Sent By Job
	660198  -  Run Bytes Received By Job
	Reason: Transfer output files failure at execution point slot1_8@b9p20p7873.cern.ch while sending files to access point bigbird28. Details: could not open local file /pool/condor/dir_3380378/HardQCD_Pt15to7000_Oniaon_CR1_PYTHIA8311_Chunk20_Part0.root, error 2 (No such file or directory) ( URL file = file:///afs/cern.ch/user/s/shuangyu/CMSSW_15_0_14/src/Jpsi/pythia_generation/./rootfile_nomuoncut_nojpsijet/HardQCD_Pt15to7000_Oniaon_CR1_PYTHIA8311_Chunk20_Part0.root )|
	Partitionable Resources :    Usage  Request Allocated 
	   Cpus                 :        0        1         1 
	   Disk (KB)            :      797      750      3793 
	   GPUs                 :                           0 
	   Memory (MB)          :      261     3000      3000 
	   TimeExecute (s)      :       15                    
	   TimeSlotBusy (s)     :       17                    
...
012 (9152099.020.000) 08/05 10:36:02 Job was held.
	Transfer output files failure at execution point slot1_8@b9p20p7873.cern.ch while sending files to access point bigbird28. Details: could not open local file /pool/condor/dir_3380378/HardQCD_Pt15to7000_Oniaon_CR1_PYTHIA8311_Chunk20_Part0.root, error 2 (No such file or directory) ( URL file = file:///afs/cern.ch/user/s/shuangyu/CMSSW_15_0_14/src/Jpsi/pythia_generation/./rootfile_nomuoncut_nojpsijet/HardQCD_Pt15to7000_Oniaon_CR1_PYTHIA8311_Chunk20_Part0.root )|
	Code 12 Subcode 256
...
004 (9152099.026.000) 08/05 10:36:02 Job was evicted. Code 12 Subcode 256
	(0) CPU times
		Usr 0 00:00:08, Sys 0 00:00:01  -  Run Remote Usage
		Usr 0 00:00:00, Sys 0 00:00:00  -  Run Local Usage
	0  -  Run Bytes Sent By Job
	660198  -  Run Bytes Received By Job
	Reason: Transfer output files failure at execution point slot1_20@b9g23p8976.cern.ch while sending files to access point bigbird28. Details: could not open local file /pool/condor/dir_3501049/HardQCD_Pt15to7000_Oniaon_CR1_PYTHIA8311_Chunk26_Part0.root, error 2 (No such file or directory) ( URL file = file:///afs/cern.ch/user/s/shuangyu/CMSSW_15_0_14/src/Jpsi/pythia_generation/./rootfile_nomuoncut_nojpsijet/HardQCD_Pt15to7000_Oniaon_CR1_PYTHIA8311_Chunk26_Part0.root )|
	Partitionable Resources :    Usage  Request Allocated 
	   Cpus                 :        0        1         1 
	   Disk (KB)            :      816      750      3817 
	   GPUs                 :                           0 
	   Memory (MB)          :      278     3000      3000 
	   TimeExecute (s)      :       13                    
	   TimeSlotBusy (s)     :       15                    
...
012 (9152099.026.000) 08/05 10:36:02 Job was held.
	Transfer output files failure at execution point slot1_20@b9g23p8976.cern.ch while sending files to access point bigbird28. Details: could not open local file /pool/condor/dir_3501049/HardQCD_Pt15to7000_Oniaon_CR1_PYTHIA8311_Chunk26_Part0.root, error 2 (No such file or directory) ( URL file = file:///afs/cern.ch/user/s/shuangyu/CMSSW_15_0_14/src/Jpsi/pythia_generation/./rootfile_nomuoncut_nojpsijet/HardQCD_Pt15to7000_Oniaon_CR1_PYTHIA8311_Chunk26_Part0.root )|
	Code 12 Subcode 256
...
004 (9152099.043.000) 08/05 10:36:03 Job was evicted. Code 12 Subcode 256
	(0) CPU times
		Usr 0 00:00:04, Sys 0 00:00:01  -  Run Remote Usage
		Usr 0 00:00:00, Sys 0 00:00:00  -  Run Local Usage
	0  -  Run Bytes Sent By Job
	660198  -  Run Bytes Received By Job
	Reason: Transfer output files failure at execution point slot1_1@b9p08p1203.cern.ch while sending files to access point bigbird28. Details: could not open local file /pool/condor/dir_714902/HardQCD_Pt15to7000_Oniaon_CR1_PYTHIA8311_Chunk43_Part0.root, error 2 (No such file or directory) ( URL file = file:///afs/cern.ch/user/s/shuangyu/CMSSW_15_0_14/src/Jpsi/pythia_generation/./rootfile_nomuoncut_nojpsijet/HardQCD_Pt15to7000_Oniaon_CR1_PYTHIA8311_Chunk43_Part0.root )|
	Partitionable Resources :    Usage  Request Allocated 
	   Cpus                 :        0        1         1 
	   Disk (KB)            :      800      750      3596 
	   GPUs                 :                           0 
	   Memory (MB)          :       60     3000      3000 
	   TimeExecute (s)      :        8                    
	   TimeSlotBusy (s)     :       10                    
...
012 (9152099.043.000) 08/05 10:36:03 Job was held.
	Transfer output files failure at execution point slot1_1@b9p08p1203.cern.ch while sending files to access point bigbird28. Details: could not open local file /pool/condor/dir_714902/HardQCD_Pt15to7000_Oniaon_CR1_PYTHIA8311_Chunk43_Part0.root, error 2 (No such file or directory) ( URL file = file:///afs/cern.ch/user/s/shuangyu/CMSSW_15_0_14/src/Jpsi/pythia_generation/./rootfile_nomuoncut_nojpsijet/HardQCD_Pt15to7000_Oniaon_CR1_PYTHIA8311_Chunk43_Part0.root )|
	Code 12 Subcode 256
...
040 (9152099.037.000) 08/05 10:36:03 Started transferring output files
...
006 (9152099.029.000) 08/05 10:36:03 Image size of job updated: 303612
	262  -  MemoryUsage of job (MB)
	267580  -  ResidentSetSize of job (KB)
...
040 (9152099.039.000) 08/05 10:36:03 Started transferring output files
...
040 (9152099.037.000) 08/05 10:36:03 Finished transferring output files
...
040 (9152099.039.000) 08/05 10:36:03 Finished transferring output files
...
021 (9152099.037.000) 08/05 10:36:03 Error from starter on slot1_27@b9p27p9231.cern.ch:
	STARTER at 188.185.213.21 failed to send file(s) to <188.185.125.71:9618>: : FILETRANSFER:1:non-zero exit (1) from /usr/libexec/condor/curl_plugin. |Error: could not open local file /pool/condor/dir_2934513/HardQCD_Pt15to7000_Oniaon_CR1_PYTHIA8311_Chunk37_Part0.root, error 2 (No such file or directory) ( URL file = file:///afs/cern.ch/user/s/shuangyu/CMSSW_15_0_14/src/Jpsi/pythia_generation/./rootfile_nomuoncut_nojpsijet/HardQCD_Pt15to7000_Oniaon_CR1_PYTHIA8311_Chunk37_Part0.root )|; SHADOW failed to receive file(s) from <188.185.213.21:41377>
	Code 13 Subcode 256
...
021 (9152099.039.000) 08/05 10:36:03 Error from starter on slot1_17@b9p27p4214.cern.ch:
	STARTER at 188.185.213.83 failed to send file(s) to <188.185.125.71:9618>: : FILETRANSFER:1:non-zero exit (1) from /usr/libexec/condor/curl_plugin. |Error: could not open local file /pool/condor/dir_123333/HardQCD_Pt15to7000_Oniaon_CR1_PYTHIA8311_Chunk39_Part0.root, error 2 (No such file or directory) ( URL file = file:///afs/cern.ch/user/s/shuangyu/CMSSW_15_0_14/src/Jpsi/pythia_generation/./rootfile_nomuoncut_nojpsijet/HardQCD_Pt15to7000_Oniaon_CR1_PYTHIA8311_Chunk39_Part0.root )|; SHADOW failed to receive file(s) from <188.185.213.83:38903>
	Code 13 Subcode 256
...
006 (9152099.047.000) 08/05 10:36:03 Image size of job updated: 196508
	45  -  MemoryUsage of job (MB)
	45536  -  ResidentSetSize of job (KB)
...
004 (9152099.037.000) 08/05 10:36:03 Job was evicted. Code 12 Subcode 256
	(0) CPU times
		Usr 0 00:00:06, Sys 0 00:00:02  -  Run Remote Usage
		Usr 0 00:00:00, Sys 0 00:00:00  -  Run Local Usage
	0  -  Run Bytes Sent By Job
	660198  -  Run Bytes Received By Job
	Reason: Transfer output files failure at execution point slot1_27@b9p27p9231.cern.ch while sending files to access point bigbird28. Details: could not open local file /pool/condor/dir_2934513/HardQCD_Pt15to7000_Oniaon_CR1_PYTHIA8311_Chunk37_Part0.root, error 2 (No such file or directory) ( URL file = file:///afs/cern.ch/user/s/shuangyu/CMSSW_15_0_14/src/Jpsi/pythia_generation/./rootfile_nomuoncut_nojpsijet/HardQCD_Pt15to7000_Oniaon_CR1_PYTHIA8311_Chunk37_Part0.root )|
	Partitionable Resources :    Usage  Request Allocated 
	   Cpus                 :        0        1         1 
	   Disk (KB)            :     1056      750      3677 
	   GPUs                 :                           0 
	   Memory (MB)          :      239     3000      3000 
	   TimeExecute (s)      :       11                    
	   TimeSlotBusy (s)     :       13                    
...
040 (9152099.032.000) 08/05 10:36:03 Started transferring output files
...
012 (9152099.037.000) 08/05 10:36:03 Job was held.
	Transfer output files failure at execution point slot1_27@b9p27p9231.cern.ch while sending files to access point bigbird28. Details: could not open local file /pool/condor/dir_2934513/HardQCD_Pt15to7000_Oniaon_CR1_PYTHIA8311_Chunk37_Part0.root, error 2 (No such file or directory) ( URL file = file:///afs/cern.ch/user/s/shuangyu/CMSSW_15_0_14/src/Jpsi/pythia_generation/./rootfile_nomuoncut_nojpsijet/HardQCD_Pt15to7000_Oniaon_CR1_PYTHIA8311_Chunk37_Part0.root )|
	Code 12 Subcode 256
...
004 (9152099.039.000) 08/05 10:36:03 Job was evicted. Code 12 Subcode 256
	(0) CPU times
		Usr 0 00:00:05, Sys 0 00:00:01  -  Run Remote Usage
		Usr 0 00:00:00, Sys 0 00:00:00  -  Run Local Usage
	0  -  Run Bytes Sent By Job
	660198  -  Run Bytes Received By Job
	Reason: Transfer output files failure at execution point slot1_17@b9p27p4214.cern.ch while sending files to access point bigbird28. Details: could not open local file /pool/condor/dir_123333/HardQCD_Pt15to7000_Oniaon_CR1_PYTHIA8311_Chunk39_Part0.root, error 2 (No such file or directory) ( URL file = file:///afs/cern.ch/user/s/shuangyu/CMSSW_15_0_14/src/Jpsi/pythia_generation/./rootfile_nomuoncut_nojpsijet/HardQCD_Pt15to7000_Oniaon_CR1_PYTHIA8311_Chunk39_Part0.root )|
	Partitionable Resources :    Usage  Request Allocated 
	   Cpus                 :        0        1         1 
	   Disk (KB)            :     1199      750      3736 
	   GPUs                 :                           0 
	   Memory (MB)          :       52     3000      3000 
	   TimeExecute (s)      :       10                    
	   TimeSlotBusy (s)     :       12                    
...
040 (9152099.032.000) 08/05 10:36:03 Finished transferring output files
...
012 (9152099.039.000) 08/05 10:36:03 Job was held.
	Transfer output files failure at execution point slot1_17@b9p27p4214.cern.ch while sending files to access point bigbird28. Details: could not open local file /pool/condor/dir_123333/HardQCD_Pt15to7000_Oniaon_CR1_PYTHIA8311_Chunk39_Part0.root, error 2 (No such file or directory) ( URL file = file:///afs/cern.ch/user/s/shuangyu/CMSSW_15_0_14/src/Jpsi/pythia_generation/./rootfile_nomuoncut_nojpsijet/HardQCD_Pt15to7000_Oniaon_CR1_PYTHIA8311_Chunk39_Part0.root )|
	Code 12 Subcode 256
...
021 (9152099.032.000) 08/05 10:36:03 Error from starter on slot1_17@b9p22p8302.cern.ch:
	STARTER at 188.185.210.195 failed to send file(s) to <188.185.125.71:9618>: : FILETRANSFER:1:non-zero exit (1) from /usr/libexec/condor/curl_plugin. |Error: could not open local file /pool/condor/dir_3716535/HardQCD_Pt15to7000_Oniaon_CR1_PYTHIA8311_Chunk32_Part0.root, error 2 (No such file or directory) ( URL file = file:///afs/cern.ch/user/s/shuangyu/CMSSW_15_0_14/src/Jpsi/pythia_generation/./rootfile_nomuoncut_nojpsijet/HardQCD_Pt15to7000_Oniaon_CR1_PYTHIA8311_Chunk32_Part0.root )|; SHADOW failed to receive file(s) from <188.185.210.195:36161>
	Code 13 Subcode 256
...
006 (9152099.041.000) 08/05 10:36:03 Image size of job updated: 255184
	250  -  MemoryUsage of job (MB)
	255184  -  ResidentSetSize of job (KB)
...
040 (9152099.042.000) 08/05 10:36:03 Started transferring output files
...
040 (9152099.042.000) 08/05 10:36:03 Finished transferring output files
...
021 (9152099.042.000) 08/05 10:36:03 Error from starter on slot1_21@b9p04p9703.cern.ch:
	STARTER at 188.185.205.184 failed to send file(s) to <188.185.125.71:9618>: : FILETRANSFER:1:non-zero exit (1) from /usr/libexec/condor/curl_plugin. |Error: could not open local file /pool/condor/dir_3425946/HardQCD_Pt15to7000_Oniaon_CR1_PYTHIA8311_Chunk42_Part0.root, error 2 (No such file or directory) ( URL file = file:///afs/cern.ch/user/s/shuangyu/CMSSW_15_0_14/src/Jpsi/pythia_generation/./rootfile_nomuoncut_nojpsijet/HardQCD_Pt15to7000_Oniaon_CR1_PYTHIA8311_Chunk42_Part0.root )|; SHADOW failed to receive file(s) from <188.185.205.184:38167>
	Code 13 Subcode 256
...
006 (9152099.049.000) 08/05 10:36:03 Image size of job updated: 200676
	34  -  MemoryUsage of job (MB)
	34056  -  ResidentSetSize of job (KB)
...
004 (9152099.032.000) 08/05 10:36:03 Job was evicted. Code 12 Subcode 256
	(0) CPU times
		Usr 0 00:00:06, Sys 0 00:00:01  -  Run Remote Usage
		Usr 0 00:00:00, Sys 0 00:00:00  -  Run Local Usage
	0  -  Run Bytes Sent By Job
	660198  -  Run Bytes Received By Job
	Reason: Transfer output files failure at execution point slot1_17@b9p22p8302.cern.ch while sending files to access point bigbird28. Details: could not open local file /pool/condor/dir_3716535/HardQCD_Pt15to7000_Oniaon_CR1_PYTHIA8311_Chunk32_Part0.root, error 2 (No such file or directory) ( URL file = file:///afs/cern.ch/user/s/shuangyu/CMSSW_15_0_14/src/Jpsi/pythia_generation/./rootfile_nomuoncut_nojpsijet/HardQCD_Pt15to7000_Oniaon_CR1_PYTHIA8311_Chunk32_Part0.root )|
	Partitionable Resources :    Usage  Request Allocated 
	   Cpus                 :        0        1         1 
	   Disk (KB)            :      936      750      3897 
	   GPUs                 :                           0 
	   Memory (MB)          :      296     3000      3000 
	   TimeExecute (s)      :       12                    
	   TimeSlotBusy (s)     :       14                    
...
012 (9152099.032.000) 08/05 10:36:03 Job was held.
	Transfer output files failure at execution point slot1_17@b9p22p8302.cern.ch while sending files to access point bigbird28. Details: could not open local file /pool/condor/dir_3716535/HardQCD_Pt15to7000_Oniaon_CR1_PYTHIA8311_Chunk32_Part0.root, error 2 (No such file or directory) ( URL file = file:///afs/cern.ch/user/s/shuangyu/CMSSW_15_0_14/src/Jpsi/pythia_generation/./rootfile_nomuoncut_nojpsijet/HardQCD_Pt15to7000_Oniaon_CR1_PYTHIA8311_Chunk32_Part0.root )|
	Code 12 Subcode 256
...
006 (9152099.040.000) 08/05 10:36:03 Image size of job updated: 280016
	274  -  MemoryUsage of job (MB)
	280016  -  ResidentSetSize of job (KB)
...
006 (9152099.048.000) 08/05 10:36:03 Image size of job updated: 292368
	0  -  MemoryUsage of job (MB)
	0  -  ResidentSetSize of job (KB)
...
004 (9152099.042.000) 08/05 10:36:03 Job was evicted. Code 12 Subcode 256
	(0) CPU times
		Usr 0 00:00:05, Sys 0 00:00:01  -  Run Remote Usage
		Usr 0 00:00:00, Sys 0 00:00:00  -  Run Local Usage
	0  -  Run Bytes Sent By Job
	660198  -  Run Bytes Received By Job
	Reason: Transfer output files failure at execution point slot1_21@b9p04p9703.cern.ch while sending files to access point bigbird28. Details: could not open local file /pool/condor/dir_3425946/HardQCD_Pt15to7000_Oniaon_CR1_PYTHIA8311_Chunk42_Part0.root, error 2 (No such file or directory) ( URL file = file:///afs/cern.ch/user/s/shuangyu/CMSSW_15_0_14/src/Jpsi/pythia_generation/./rootfile_nomuoncut_nojpsijet/HardQCD_Pt15to7000_Oniaon_CR1_PYTHIA8311_Chunk42_Part0.root )|
	Partitionable Resources :    Usage  Request Allocated 
	   Cpus                 :        0        1         1 
	   Disk (KB)            :      799      750      3675 
	   GPUs                 :                           0 
	   Memory (MB)          :       26     3000      3000 
	   TimeExecute (s)      :       10                    
	   TimeSlotBusy (s)     :       12                    
...
012 (9152099.042.000) 08/05 10:36:04 Job was held.
	Transfer output files failure at execution point slot1_21@b9p04p9703.cern.ch while sending files to access point bigbird28. Details: could not open local file /pool/condor/dir_3425946/HardQCD_Pt15to7000_Oniaon_CR1_PYTHIA8311_Chunk42_Part0.root, error 2 (No such file or directory) ( URL file = file:///afs/cern.ch/user/s/shuangyu/CMSSW_15_0_14/src/Jpsi/pythia_generation/./rootfile_nomuoncut_nojpsijet/HardQCD_Pt15to7000_Oniaon_CR1_PYTHIA8311_Chunk42_Part0.root )|
	Code 12 Subcode 256
...
040 (9152099.029.000) 08/05 10:36:04 Started transferring output files
...
040 (9152099.038.000) 08/05 10:36:04 Started transferring output files
...
040 (9152099.029.000) 08/05 10:36:04 Finished transferring output files
...
021 (9152099.029.000) 08/05 10:36:04 Error from starter on slot1_6@b9p22p1993.cern.ch:
	STARTER at 188.185.210.200 failed to send file(s) to <188.185.125.71:9618>: : FILETRANSFER:1:non-zero exit (1) from /usr/libexec/condor/curl_plugin. |Error: could not open local file /pool/condor/dir_3031881/HardQCD_Pt15to7000_Oniaon_CR1_PYTHIA8311_Chunk29_Part0.root, error 2 (No such file or directory) ( URL file = file:///afs/cern.ch/user/s/shuangyu/CMSSW_15_0_14/src/Jpsi/pythia_generation/./rootfile_nomuoncut_nojpsijet/HardQCD_Pt15to7000_Oniaon_CR1_PYTHIA8311_Chunk29_Part0.root )|; SHADOW failed to receive file(s) from <188.185.210.200:43351>
	Code 13 Subcode 256
...
040 (9152099.038.000) 08/05 10:36:04 Finished transferring output files
...
021 (9152099.038.000) 08/05 10:36:04 Error from starter on slot1_15@b9p28p2682.cern.ch:
	STARTER at 188.185.213.197 failed to send file(s) to <188.185.125.71:9618>: : FILETRANSFER:1:non-zero exit (1) from /usr/libexec/condor/curl_plugin. |Error: could not open local file /pool/condor/dir_3439386/HardQCD_Pt15to7000_Oniaon_CR1_PYTHIA8311_Chunk38_Part0.root, error 2 (No such file or directory) ( URL file = file:///afs/cern.ch/user/s/shuangyu/CMSSW_15_0_14/src/Jpsi/pythia_generation/./rootfile_nomuoncut_nojpsijet/HardQCD_Pt15to7000_Oniaon_CR1_PYTHIA8311_Chunk38_Part0.root )|; SHADOW failed to receive file(s) from <188.185.213.197:38509>
	Code 13 Subcode 256
...
040 (9152099.049.000) 08/05 10:36:04 Started transferring output files
...
040 (9152099.048.000) 08/05 10:36:04 Started transferring output files
...
040 (9152099.049.000) 08/05 10:36:04 Finished transferring output files
...
040 (9152099.048.000) 08/05 10:36:04 Finished transferring output files
...
021 (9152099.049.000) 08/05 10:36:04 Error from starter on slot1_17@b9p29p5951.cern.ch:
	STARTER at 188.185.214.13 failed to send file(s) to <188.185.125.71:9618>: : FILETRANSFER:1:non-zero exit (1) from /usr/libexec/condor/curl_plugin. |Error: could not open local file /pool/condor/dir_3978908/HardQCD_Pt15to7000_Oniaon_CR1_PYTHIA8311_Chunk49_Part0.root, error 2 (No such file or directory) ( URL file = file:///afs/cern.ch/user/s/shuangyu/CMSSW_15_0_14/src/Jpsi/pythia_generation/./rootfile_nomuoncut_nojpsijet/HardQCD_Pt15to7000_Oniaon_CR1_PYTHIA8311_Chunk49_Part0.root )|; SHADOW failed to receive file(s) from <188.185.214.13:45071>
	Code 13 Subcode 256
...
021 (9152099.048.000) 08/05 10:36:04 Error from starter on slot1_18@b9p23p6649.cern.ch:
	STARTER at 188.185.211.11 failed to send file(s) to <188.185.125.71:9618>: : FILETRANSFER:1:non-zero exit (1) from /usr/libexec/condor/curl_plugin. |Error: could not open local file /pool/condor/dir_3520783/HardQCD_Pt15to7000_Oniaon_CR1_PYTHIA8311_Chunk48_Part0.root, error 2 (No such file or directory) ( URL file = file:///afs/cern.ch/user/s/shuangyu/CMSSW_15_0_14/src/Jpsi/pythia_generation/./rootfile_nomuoncut_nojpsijet/HardQCD_Pt15to7000_Oniaon_CR1_PYTHIA8311_Chunk48_Part0.root )|; SHADOW failed to receive file(s) from <188.185.211.11:38323>
	Code 13 Subcode 256
...
004 (9152099.038.000) 08/05 10:36:04 Job was evicted. Code 12 Subcode 256
	(0) CPU times
		Usr 0 00:00:06, Sys 0 00:00:02  -  Run Remote Usage
		Usr 0 00:00:00, Sys 0 00:00:00  -  Run Local Usage
	0  -  Run Bytes Sent By Job
	660198  -  Run Bytes Received By Job
	Reason: Transfer output files failure at execution point slot1_15@b9p28p2682.cern.ch while sending files to access point bigbird28. Details: could not open local file /pool/condor/dir_3439386/HardQCD_Pt15to7000_Oniaon_CR1_PYTHIA8311_Chunk38_Part0.root, error 2 (No such file or directory) ( URL file = file:///afs/cern.ch/user/s/shuangyu/CMSSW_15_0_14/src/Jpsi/pythia_generation/./rootfile_nomuoncut_nojpsijet/HardQCD_Pt15to7000_Oniaon_CR1_PYTHIA8311_Chunk38_Part0.root )|
	Partitionable Resources :    Usage  Request Allocated 
	   Cpus                 :        0        1         1 
	   Disk (KB)            :      936      750      3864 
	   GPUs                 :                           0 
	   Memory (MB)          :      302     3000      3000 
	   TimeExecute (s)      :       11                    
	   TimeSlotBusy (s)     :       13                    
...
006 (9152099.044.000) 08/05 10:36:04 Image size of job updated: 284472
	278  -  MemoryUsage of job (MB)
	284472  -  ResidentSetSize of job (KB)
...
012 (9152099.038.000) 08/05 10:36:04 Job was held.
	Transfer output files failure at execution point slot1_15@b9p28p2682.cern.ch while sending files to access point bigbird28. Details: could not open local file /pool/condor/dir_3439386/HardQCD_Pt15to7000_Oniaon_CR1_PYTHIA8311_Chunk38_Part0.root, error 2 (No such file or directory) ( URL file = file:///afs/cern.ch/user/s/shuangyu/CMSSW_15_0_14/src/Jpsi/pythia_generation/./rootfile_nomuoncut_nojpsijet/HardQCD_Pt15to7000_Oniaon_CR1_PYTHIA8311_Chunk38_Part0.root )|
	Code 12 Subcode 256
...
004 (9152099.029.000) 08/05 10:36:04 Job was evicted. Code 12 Subcode 256
	(0) CPU times
		Usr 0 00:00:06, Sys 0 00:00:01  -  Run Remote Usage
		Usr 0 00:00:00, Sys 0 00:00:00  -  Run Local Usage
	0  -  Run Bytes Sent By Job
	660198  -  Run Bytes Received By Job
	Reason: Transfer output files failure at execution point slot1_6@b9p22p1993.cern.ch while sending files to access point bigbird28. Details: could not open local file /pool/condor/dir_3031881/HardQCD_Pt15to7000_Oniaon_CR1_PYTHIA8311_Chunk29_Part0.root, error 2 (No such file or directory) ( URL file = file:///afs/cern.ch/user/s/shuangyu/CMSSW_15_0_14/src/Jpsi/pythia_generation/./rootfile_nomuoncut_nojpsijet/HardQCD_Pt15to7000_Oniaon_CR1_PYTHIA8311_Chunk29_Part0.root )|
	Partitionable Resources :    Usage  Request Allocated 
	   Cpus                 :        0        1         1 
	   Disk (KB)            :      797      750      3872 
	   GPUs                 :                           0 
	   Memory (MB)          :      262     3000      3000 
	   TimeExecute (s)      :       14                    
	   TimeSlotBusy (s)     :       16                    
...
012 (9152099.029.000) 08/05 10:36:04 Job was held.
	Transfer output files failure at execution point slot1_6@b9p22p1993.cern.ch while sending files to access point bigbird28. Details: could not open local file /pool/condor/dir_3031881/HardQCD_Pt15to7000_Oniaon_CR1_PYTHIA8311_Chunk29_Part0.root, error 2 (No such file or directory) ( URL file = file:///afs/cern.ch/user/s/shuangyu/CMSSW_15_0_14/src/Jpsi/pythia_generation/./rootfile_nomuoncut_nojpsijet/HardQCD_Pt15to7000_Oniaon_CR1_PYTHIA8311_Chunk29_Part0.root )|
	Code 12 Subcode 256
...
004 (9152099.048.000) 08/05 10:36:04 Job was evicted. Code 12 Subcode 256
	(0) CPU times
		Usr 0 00:00:04, Sys 0 00:00:01  -  Run Remote Usage
		Usr 0 00:00:00, Sys 0 00:00:00  -  Run Local Usage
	0  -  Run Bytes Sent By Job
	660198  -  Run Bytes Received By Job
	Reason: Transfer output files failure at execution point slot1_18@b9p23p6649.cern.ch while sending files to access point bigbird28. Details: could not open local file /pool/condor/dir_3520783/HardQCD_Pt15to7000_Oniaon_CR1_PYTHIA8311_Chunk48_Part0.root, error 2 (No such file or directory) ( URL file = file:///afs/cern.ch/user/s/shuangyu/CMSSW_15_0_14/src/Jpsi/pythia_generation/./rootfile_nomuoncut_nojpsijet/HardQCD_Pt15to7000_Oniaon_CR1_PYTHIA8311_Chunk48_Part0.root )|
	Partitionable Resources :    Usage  Request Allocated 
	   Cpus                 :        0        1         1 
	   Disk (KB)            :      797      750      3881 
	   GPUs                 :                           0 
	   Memory (MB)          :        0     3000      3000 
	   TimeExecute (s)      :        7                    
	   TimeSlotBusy (s)     :        9                    
...
012 (9152099.048.000) 08/05 10:36:04 Job was held.
	Transfer output files failure at execution point slot1_18@b9p23p6649.cern.ch while sending files to access point bigbird28. Details: could not open local file /pool/condor/dir_3520783/HardQCD_Pt15to7000_Oniaon_CR1_PYTHIA8311_Chunk48_Part0.root, error 2 (No such file or directory) ( URL file = file:///afs/cern.ch/user/s/shuangyu/CMSSW_15_0_14/src/Jpsi/pythia_generation/./rootfile_nomuoncut_nojpsijet/HardQCD_Pt15to7000_Oniaon_CR1_PYTHIA8311_Chunk48_Part0.root )|
	Code 12 Subcode 256
...
004 (9152099.049.000) 08/05 10:36:04 Job was evicted. Code 12 Subcode 256
	(0) CPU times
		Usr 0 00:00:05, Sys 0 00:00:01  -  Run Remote Usage
		Usr 0 00:00:00, Sys 0 00:00:00  -  Run Local Usage
	0  -  Run Bytes Sent By Job
	660198  -  Run Bytes Received By Job
	Reason: Transfer output files failure at execution point slot1_17@b9p29p5951.cern.ch while sending files to access point bigbird28. Details: could not open local file /pool/condor/dir_3978908/HardQCD_Pt15to7000_Oniaon_CR1_PYTHIA8311_Chunk49_Part0.root, error 2 (No such file or directory) ( URL file = file:///afs/cern.ch/user/s/shuangyu/CMSSW_15_0_14/src/Jpsi/pythia_generation/./rootfile_nomuoncut_nojpsijet/HardQCD_Pt15to7000_Oniaon_CR1_PYTHIA8311_Chunk49_Part0.root )|
	Partitionable Resources :    Usage  Request Allocated 
	   Cpus                 :        0        1         1 
	   Disk (KB)            :     1198      750      3873 
	   GPUs                 :                           0 
	   Memory (MB)          :       34     3000      3000 
	   TimeExecute (s)      :       10                    
	   TimeSlotBusy (s)     :       12                    
...
012 (9152099.049.000) 08/05 10:36:04 Job was held.
	Transfer output files failure at execution point slot1_17@b9p29p5951.cern.ch while sending files to access point bigbird28. Details: could not open local file /pool/condor/dir_3978908/HardQCD_Pt15to7000_Oniaon_CR1_PYTHIA8311_Chunk49_Part0.root, error 2 (No such file or directory) ( URL file = file:///afs/cern.ch/user/s/shuangyu/CMSSW_15_0_14/src/Jpsi/pythia_generation/./rootfile_nomuoncut_nojpsijet/HardQCD_Pt15to7000_Oniaon_CR1_PYTHIA8311_Chunk49_Part0.root )|
	Code 12 Subcode 256
...
040 (9152099.047.000) 08/05 10:36:06 Started transferring output files
...
040 (9152099.047.000) 08/05 10:36:06 Finished transferring output files
...
021 (9152099.047.000) 08/05 10:36:06 Error from starter on slot1_28@b9p31p1477.cern.ch:
	STARTER at 188.185.215.28 failed to send file(s) to <188.185.125.71:9618>: : FILETRANSFER:1:non-zero exit (1) from /usr/libexec/condor/curl_plugin. |Error: could not open local file /pool/condor/dir_1706160/HardQCD_Pt15to7000_Oniaon_CR1_PYTHIA8311_Chunk47_Part0.root, error 2 (No such file or directory) ( URL file = file:///afs/cern.ch/user/s/shuangyu/CMSSW_15_0_14/src/Jpsi/pythia_generation/./rootfile_nomuoncut_nojpsijet/HardQCD_Pt15to7000_Oniaon_CR1_PYTHIA8311_Chunk47_Part0.root )|; SHADOW failed to receive file(s) from <188.185.215.28:40441>
	Code 13 Subcode 256
...
004 (9152099.047.000) 08/05 10:36:06 Job was evicted. Code 12 Subcode 256
	(0) CPU times
		Usr 0 00:00:05, Sys 0 00:00:01  -  Run Remote Usage
		Usr 0 00:00:00, Sys 0 00:00:00  -  Run Local Usage
	0  -  Run Bytes Sent By Job
	660198  -  Run Bytes Received By Job
	Reason: Transfer output files failure at execution point slot1_28@b9p31p1477.cern.ch while sending files to access point bigbird28. Details: could not open local file /pool/condor/dir_1706160/HardQCD_Pt15to7000_Oniaon_CR1_PYTHIA8311_Chunk47_Part0.root, error 2 (No such file or directory) ( URL file = file:///afs/cern.ch/user/s/shuangyu/CMSSW_15_0_14/src/Jpsi/pythia_generation/./rootfile_nomuoncut_nojpsijet/HardQCD_Pt15to7000_Oniaon_CR1_PYTHIA8311_Chunk47_Part0.root )|
	Partitionable Resources :    Usage  Request Allocated 
	   Cpus                 :        0        1         1 
	   Disk (KB)            :     1199      750      3846 
	   GPUs                 :                           0 
	   Memory (MB)          :       45     3000      3000 
	   TimeExecute (s)      :       10                    
	   TimeSlotBusy (s)     :       12                    
...
012 (9152099.047.000) 08/05 10:36:06 Job was held.
	Transfer output files failure at execution point slot1_28@b9p31p1477.cern.ch while sending files to access point bigbird28. Details: could not open local file /pool/condor/dir_1706160/HardQCD_Pt15to7000_Oniaon_CR1_PYTHIA8311_Chunk47_Part0.root, error 2 (No such file or directory) ( URL file = file:///afs/cern.ch/user/s/shuangyu/CMSSW_15_0_14/src/Jpsi/pythia_generation/./rootfile_nomuoncut_nojpsijet/HardQCD_Pt15to7000_Oniaon_CR1_PYTHIA8311_Chunk47_Part0.root )|
	Code 12 Subcode 256
...
006 (9152099.035.000) 08/05 10:36:07 Image size of job updated: 282404
	213  -  MemoryUsage of job (MB)
	217880  -  ResidentSetSize of job (KB)
...
040 (9152099.046.000) 08/05 10:36:07 Started transferring output files
...
040 (9152099.046.000) 08/05 10:36:07 Finished transferring output files
...
021 (9152099.046.000) 08/05 10:36:07 Error from starter on slot1_21@b9p05p7418.cern.ch:
	STARTER at 188.185.206.99 failed to send file(s) to <188.185.125.71:9618>: : FILETRANSFER:1:non-zero exit (1) from /usr/libexec/condor/curl_plugin. |Error: could not open local file /pool/condor/dir_132562/HardQCD_Pt15to7000_Oniaon_CR1_PYTHIA8311_Chunk46_Part0.root, error 2 (No such file or directory) ( URL file = file:///afs/cern.ch/user/s/shuangyu/CMSSW_15_0_14/src/Jpsi/pythia_generation/./rootfile_nomuoncut_nojpsijet/HardQCD_Pt15to7000_Oniaon_CR1_PYTHIA8311_Chunk46_Part0.root )|; SHADOW failed to receive file(s) from <188.185.206.99:36749>
	Code 13 Subcode 256
...
040 (9152099.035.000) 08/05 10:36:08 Started transferring output files
...
040 (9152099.035.000) 08/05 10:36:08 Finished transferring output files
...
021 (9152099.035.000) 08/05 10:36:08 Error from starter on slot1_8@b9p13p3947.cern.ch:
	STARTER at 188.185.192.70 failed to send file(s) to <188.185.125.71:9618>: : FILETRANSFER:1:non-zero exit (1) from /usr/libexec/condor/curl_plugin. |Error: could not open local file /pool/condor/dir_1999834/HardQCD_Pt15to7000_Oniaon_CR1_PYTHIA8311_Chunk35_Part0.root, error 2 (No such file or directory) ( URL file = file:///afs/cern.ch/user/s/shuangyu/CMSSW_15_0_14/src/Jpsi/pythia_generation/./rootfile_nomuoncut_nojpsijet/HardQCD_Pt15to7000_Oniaon_CR1_PYTHIA8311_Chunk35_Part0.root )|; SHADOW failed to receive file(s) from <188.185.192.70:32943>
	Code 13 Subcode 256
...
004 (9152099.046.000) 08/05 10:36:08 Job was evicted. Code 12 Subcode 256
	(0) CPU times
		Usr 0 00:00:06, Sys 0 00:00:01  -  Run Remote Usage
		Usr 0 00:00:00, Sys 0 00:00:00  -  Run Local Usage
	0  -  Run Bytes Sent By Job
	660198  -  Run Bytes Received By Job
	Reason: Transfer output files failure at execution point slot1_21@b9p05p7418.cern.ch while sending files to access point bigbird28. Details: could not open local file /pool/condor/dir_132562/HardQCD_Pt15to7000_Oniaon_CR1_PYTHIA8311_Chunk46_Part0.root, error 2 (No such file or directory) ( URL file = file:///afs/cern.ch/user/s/shuangyu/CMSSW_15_0_14/src/Jpsi/pythia_generation/./rootfile_nomuoncut_nojpsijet/HardQCD_Pt15to7000_Oniaon_CR1_PYTHIA8311_Chunk46_Part0.root )|
	Partitionable Resources :    Usage  Request Allocated 
	   Cpus                 :        0        1         1 
	   Disk (KB)            :      800      750      3461 
	   GPUs                 :                           0 
	   Memory (MB)          :      274     3000      3000 
	   TimeExecute (s)      :       12                    
	   TimeSlotBusy (s)     :       14                    
...
012 (9152099.046.000) 08/05 10:36:08 Job was held.
	Transfer output files failure at execution point slot1_21@b9p05p7418.cern.ch while sending files to access point bigbird28. Details: could not open local file /pool/condor/dir_132562/HardQCD_Pt15to7000_Oniaon_CR1_PYTHIA8311_Chunk46_Part0.root, error 2 (No such file or directory) ( URL file = file:///afs/cern.ch/user/s/shuangyu/CMSSW_15_0_14/src/Jpsi/pythia_generation/./rootfile_nomuoncut_nojpsijet/HardQCD_Pt15to7000_Oniaon_CR1_PYTHIA8311_Chunk46_Part0.root )|
	Code 12 Subcode 256
...
004 (9152099.035.000) 08/05 10:36:08 Job was evicted. Code 12 Subcode 256
	(0) CPU times
		Usr 0 00:00:09, Sys 0 00:00:01  -  Run Remote Usage
		Usr 0 00:00:00, Sys 0 00:00:00  -  Run Local Usage
	0  -  Run Bytes Sent By Job
	660198  -  Run Bytes Received By Job
	Reason: Transfer output files failure at execution point slot1_8@b9p13p3947.cern.ch while sending files to access point bigbird28. Details: could not open local file /pool/condor/dir_1999834/HardQCD_Pt15to7000_Oniaon_CR1_PYTHIA8311_Chunk35_Part0.root, error 2 (No such file or directory) ( URL file = file:///afs/cern.ch/user/s/shuangyu/CMSSW_15_0_14/src/Jpsi/pythia_generation/./rootfile_nomuoncut_nojpsijet/HardQCD_Pt15to7000_Oniaon_CR1_PYTHIA8311_Chunk35_Part0.root )|
	Partitionable Resources :    Usage  Request Allocated 
	   Cpus                 :        0        1         1 
	   Disk (KB)            :      798      750      3810 
	   GPUs                 :                           0 
	   Memory (MB)          :      213     3000      3000 
	   TimeExecute (s)      :       16                    
	   TimeSlotBusy (s)     :       18                    
...
012 (9152099.035.000) 08/05 10:36:08 Job was held.
	Transfer output files failure at execution point slot1_8@b9p13p3947.cern.ch while sending files to access point bigbird28. Details: could not open local file /pool/condor/dir_1999834/HardQCD_Pt15to7000_Oniaon_CR1_PYTHIA8311_Chunk35_Part0.root, error 2 (No such file or directory) ( URL file = file:///afs/cern.ch/user/s/shuangyu/CMSSW_15_0_14/src/Jpsi/pythia_generation/./rootfile_nomuoncut_nojpsijet/HardQCD_Pt15to7000_Oniaon_CR1_PYTHIA8311_Chunk35_Part0.root )|
	Code 12 Subcode 256
...
006 (9152099.036.000) 08/05 10:36:08 Image size of job updated: 289140
	247  -  MemoryUsage of job (MB)
	252252  -  ResidentSetSize of job (KB)
...
006 (9152099.040.000) 08/05 10:36:09 Image size of job updated: 292428
	274  -  MemoryUsage of job (MB)
	280016  -  ResidentSetSize of job (KB)
...
040 (9152099.036.000) 08/05 10:36:09 Started transferring output files
...
040 (9152099.036.000) 08/05 10:36:09 Finished transferring output files
...
021 (9152099.036.000) 08/05 10:36:09 Error from starter on slot1_35@b9p16p3934.cern.ch:
	STARTER at 188.185.196.146 failed to send file(s) to <188.185.125.71:9618>: : FILETRANSFER:1:non-zero exit (1) from /usr/libexec/condor/curl_plugin. |Error: could not open local file /pool/condor/dir_19192/HardQCD_Pt15to7000_Oniaon_CR1_PYTHIA8311_Chunk36_Part0.root, error 2 (No such file or directory) ( URL file = file:///afs/cern.ch/user/s/shuangyu/CMSSW_15_0_14/src/Jpsi/pythia_generation/./rootfile_nomuoncut_nojpsijet/HardQCD_Pt15to7000_Oniaon_CR1_PYTHIA8311_Chunk36_Part0.root )|; SHADOW failed to receive file(s) from <188.185.196.146:36601>
	Code 13 Subcode 256
...
004 (9152099.036.000) 08/05 10:36:09 Job was evicted. Code 12 Subcode 256
	(0) CPU times
		Usr 0 00:00:09, Sys 0 00:00:01  -  Run Remote Usage
		Usr 0 00:00:00, Sys 0 00:00:00  -  Run Local Usage
	0  -  Run Bytes Sent By Job
	660198  -  Run Bytes Received By Job
	Reason: Transfer output files failure at execution point slot1_35@b9p16p3934.cern.ch while sending files to access point bigbird28. Details: could not open local file /pool/condor/dir_19192/HardQCD_Pt15to7000_Oniaon_CR1_PYTHIA8311_Chunk36_Part0.root, error 2 (No such file or directory) ( URL file = file:///afs/cern.ch/user/s/shuangyu/CMSSW_15_0_14/src/Jpsi/pythia_generation/./rootfile_nomuoncut_nojpsijet/HardQCD_Pt15to7000_Oniaon_CR1_PYTHIA8311_Chunk36_Part0.root )|
	Partitionable Resources :    Usage  Request Allocated 
	   Cpus                 :        0        1         1 
	   Disk (KB)            :      797      750      3824 
	   GPUs                 :                           0 
	   Memory (MB)          :      247     3000      3000 
	   TimeExecute (s)      :       14                    
	   TimeSlotBusy (s)     :       16                    
...
012 (9152099.036.000) 08/05 10:36:09 Job was held.
	Transfer output files failure at execution point slot1_35@b9p16p3934.cern.ch while sending files to access point bigbird28. Details: could not open local file /pool/condor/dir_19192/HardQCD_Pt15to7000_Oniaon_CR1_PYTHIA8311_Chunk36_Part0.root, error 2 (No such file or directory) ( URL file = file:///afs/cern.ch/user/s/shuangyu/CMSSW_15_0_14/src/Jpsi/pythia_generation/./rootfile_nomuoncut_nojpsijet/HardQCD_Pt15to7000_Oniaon_CR1_PYTHIA8311_Chunk36_Part0.root )|
	Code 12 Subcode 256
...
040 (9152099.040.000) 08/05 10:36:10 Started transferring output files
...
040 (9152099.040.000) 08/05 10:36:10 Finished transferring output files
...
021 (9152099.040.000) 08/05 10:36:10 Error from starter on slot1_1@b9p26p3733.cern.ch:
	STARTER at 188.185.212.165 failed to send file(s) to <188.185.125.71:9618>: : FILETRANSFER:1:non-zero exit (1) from /usr/libexec/condor/curl_plugin. |Error: could not open local file /pool/condor/dir_2360506/HardQCD_Pt15to7000_Oniaon_CR1_PYTHIA8311_Chunk40_Part0.root, error 2 (No such file or directory) ( URL file = file:///afs/cern.ch/user/s/shuangyu/CMSSW_15_0_14/src/Jpsi/pythia_generation/./rootfile_nomuoncut_nojpsijet/HardQCD_Pt15to7000_Oniaon_CR1_PYTHIA8311_Chunk40_Part0.root )|; SHADOW failed to receive file(s) from <188.185.212.165:39603>
	Code 13 Subcode 256
...
004 (9152099.040.000) 08/05 10:36:10 Job was evicted. Code 12 Subcode 256
	(0) CPU times
		Usr 0 00:00:07, Sys 0 00:00:02  -  Run Remote Usage
		Usr 0 00:00:00, Sys 0 00:00:00  -  Run Local Usage
	0  -  Run Bytes Sent By Job
	660198  -  Run Bytes Received By Job
	Reason: Transfer output files failure at execution point slot1_1@b9p26p3733.cern.ch while sending files to access point bigbird28. Details: could not open local file /pool/condor/dir_2360506/HardQCD_Pt15to7000_Oniaon_CR1_PYTHIA8311_Chunk40_Part0.root, error 2 (No such file or directory) ( URL file = file:///afs/cern.ch/user/s/shuangyu/CMSSW_15_0_14/src/Jpsi/pythia_generation/./rootfile_nomuoncut_nojpsijet/HardQCD_Pt15to7000_Oniaon_CR1_PYTHIA8311_Chunk40_Part0.root )|
	Partitionable Resources :    Usage  Request Allocated 
	   Cpus                 :        0        1         1 
	   Disk (KB)            :      797      750      3830 
	   GPUs                 :                           0 
	   Memory (MB)          :      274     3000      3000 
	   TimeExecute (s)      :       15                    
	   TimeSlotBusy (s)     :       17                    
...
012 (9152099.040.000) 08/05 10:36:10 Job was held.
	Transfer output files failure at execution point slot1_1@b9p26p3733.cern.ch while sending files to access point bigbird28. Details: could not open local file /pool/condor/dir_2360506/HardQCD_Pt15to7000_Oniaon_CR1_PYTHIA8311_Chunk40_Part0.root, error 2 (No such file or directory) ( URL file = file:///afs/cern.ch/user/s/shuangyu/CMSSW_15_0_14/src/Jpsi/pythia_generation/./rootfile_nomuoncut_nojpsijet/HardQCD_Pt15to7000_Oniaon_CR1_PYTHIA8311_Chunk40_Part0.root )|
	Code 12 Subcode 256
...
006 (9152099.041.000) 08/05 10:36:10 Image size of job updated: 283964
	250  -  MemoryUsage of job (MB)
	255388  -  ResidentSetSize of job (KB)
...
006 (9152099.044.000) 08/05 10:36:11 Image size of job updated: 296576
	278  -  MemoryUsage of job (MB)
	284472  -  ResidentSetSize of job (KB)
...
040 (9152099.041.000) 08/05 10:36:12 Started transferring output files
...
040 (9152099.041.000) 08/05 10:36:12 Finished transferring output files
...
021 (9152099.041.000) 08/05 10:36:12 Error from starter on slot1_28@b9p19p9290.cern.ch:
	STARTER at 188.185.193.42 failed to send file(s) to <188.185.125.71:9618>: : FILETRANSFER:1:non-zero exit (1) from /usr/libexec/condor/curl_plugin. |Error: could not open local file /pool/condor/dir_926687/HardQCD_Pt15to7000_Oniaon_CR1_PYTHIA8311_Chunk41_Part0.root, error 2 (No such file or directory) ( URL file = file:///afs/cern.ch/user/s/shuangyu/CMSSW_15_0_14/src/Jpsi/pythia_generation/./rootfile_nomuoncut_nojpsijet/HardQCD_Pt15to7000_Oniaon_CR1_PYTHIA8311_Chunk41_Part0.root )|; SHADOW failed to receive file(s) from <188.185.193.42:37979>
	Code 13 Subcode 256
...
004 (9152099.041.000) 08/05 10:36:12 Job was evicted. Code 12 Subcode 256
	(0) CPU times
		Usr 0 00:00:09, Sys 0 00:00:01  -  Run Remote Usage
		Usr 0 00:00:00, Sys 0 00:00:00  -  Run Local Usage
	0  -  Run Bytes Sent By Job
	660198  -  Run Bytes Received By Job
	Reason: Transfer output files failure at execution point slot1_28@b9p19p9290.cern.ch while sending files to access point bigbird28. Details: could not open local file /pool/condor/dir_926687/HardQCD_Pt15to7000_Oniaon_CR1_PYTHIA8311_Chunk41_Part0.root, error 2 (No such file or directory) ( URL file = file:///afs/cern.ch/user/s/shuangyu/CMSSW_15_0_14/src/Jpsi/pythia_generation/./rootfile_nomuoncut_nojpsijet/HardQCD_Pt15to7000_Oniaon_CR1_PYTHIA8311_Chunk41_Part0.root )|
	Partitionable Resources :    Usage  Request Allocated 
	   Cpus                 :        0        1         1 
	   Disk (KB)            :      797      750      3877 
	   GPUs                 :                           0 
	   Memory (MB)          :      250     3000      3000 
	   TimeExecute (s)      :       15                    
	   TimeSlotBusy (s)     :       18                    
...
012 (9152099.041.000) 08/05 10:36:12 Job was held.
	Transfer output files failure at execution point slot1_28@b9p19p9290.cern.ch while sending files to access point bigbird28. Details: could not open local file /pool/condor/dir_926687/HardQCD_Pt15to7000_Oniaon_CR1_PYTHIA8311_Chunk41_Part0.root, error 2 (No such file or directory) ( URL file = file:///afs/cern.ch/user/s/shuangyu/CMSSW_15_0_14/src/Jpsi/pythia_generation/./rootfile_nomuoncut_nojpsijet/HardQCD_Pt15to7000_Oniaon_CR1_PYTHIA8311_Chunk41_Part0.root )|
	Code 12 Subcode 256
...
040 (9152099.044.000) 08/05 10:36:12 Started transferring output files
...
040 (9152099.044.000) 08/05 10:36:12 Finished transferring output files
...
021 (9152099.044.000) 08/05 10:36:12 Error from starter on slot1_24@b9p16p1963.cern.ch:
	STARTER at 188.185.196.166 failed to send file(s) to <188.185.125.71:9618>: : FILETRANSFER:1:non-zero exit (1) from /usr/libexec/condor/curl_plugin. |Error: could not open local file /pool/condor/dir_313890/HardQCD_Pt15to7000_Oniaon_CR1_PYTHIA8311_Chunk44_Part0.root, error 2 (No such file or directory) ( URL file = file:///afs/cern.ch/user/s/shuangyu/CMSSW_15_0_14/src/Jpsi/pythia_generation/./rootfile_nomuoncut_nojpsijet/HardQCD_Pt15to7000_Oniaon_CR1_PYTHIA8311_Chunk44_Part0.root )|; SHADOW failed to receive file(s) from <188.185.196.166:35249>
	Code 13 Subcode 256
...
004 (9152099.044.000) 08/05 10:36:12 Job was evicted. Code 12 Subcode 256
	(0) CPU times
		Usr 0 00:00:09, Sys 0 00:00:01  -  Run Remote Usage
		Usr 0 00:00:00, Sys 0 00:00:00  -  Run Local Usage
	0  -  Run Bytes Sent By Job
	660198  -  Run Bytes Received By Job
	Reason: Transfer output files failure at execution point slot1_24@b9p16p1963.cern.ch while sending files to access point bigbird28. Details: could not open local file /pool/condor/dir_313890/HardQCD_Pt15to7000_Oniaon_CR1_PYTHIA8311_Chunk44_Part0.root, error 2 (No such file or directory) ( URL file = file:///afs/cern.ch/user/s/shuangyu/CMSSW_15_0_14/src/Jpsi/pythia_generation/./rootfile_nomuoncut_nojpsijet/HardQCD_Pt15to7000_Oniaon_CR1_PYTHIA8311_Chunk44_Part0.root )|
	Partitionable Resources :    Usage  Request Allocated 
	   Cpus                 :        0        1         1 
	   Disk (KB)            :      804      750      3906 
	   GPUs                 :                           0 
	   Memory (MB)          :      278     3000      3000 
	   TimeExecute (s)      :       16                    
	   TimeSlotBusy (s)     :       18                    
...
012 (9152099.044.000) 08/05 10:36:12 Job was held.
	Transfer output files failure at execution point slot1_24@b9p16p1963.cern.ch while sending files to access point bigbird28. Details: could not open local file /pool/condor/dir_313890/HardQCD_Pt15to7000_Oniaon_CR1_PYTHIA8311_Chunk44_Part0.root, error 2 (No such file or directory) ( URL file = file:///afs/cern.ch/user/s/shuangyu/CMSSW_15_0_14/src/Jpsi/pythia_generation/./rootfile_nomuoncut_nojpsijet/HardQCD_Pt15to7000_Oniaon_CR1_PYTHIA8311_Chunk44_Part0.root )|
	Code 12 Subcode 256
...
040 (9152099.000.000) 08/05 10:39:24 Started transferring output files
...
040 (9152099.000.000) 08/05 10:39:24 Finished transferring output files
...
005 (9152099.000.000) 08/05 10:39:25 Job terminated.
	(1) Normal termination (return value 0)
		Usr 0 00:01:58, Sys 0 00:00:23  -  Run Remote Usage
		Usr 0 00:00:00, Sys 0 00:00:00  -  Run Local Usage
		Usr 0 00:01:58, Sys 0 00:00:23  -  Total Remote Usage
		Usr 0 00:00:00, Sys 0 00:00:00  -  Total Local Usage
	327098  -  Run Bytes Sent By Job
	660198  -  Run Bytes Received By Job
	327098  -  Total Bytes Sent By Job
	660198  -  Total Bytes Received By Job
	Partitionable Resources :    Usage  Request Allocated 
	   Cpus                 :     0.70        1         1 
	   Disk (KB)            :  1117         750      3749 
	   GPUs                 :                           0 
	   Memory (MB)          :    70        3000      3000 
	   TimeExecute (s)      :   225                       
	   TimeSlotBusy (s)     :   226                       
...
009 (9152099.020.000) 08/05 10:39:36 Job was aborted.
	via condor_rm (by user shuangyu)
...
009 (9152099.021.000) 08/05 10:39:36 Job was aborted.
	via condor_rm (by user shuangyu)
...
009 (9152099.022.000) 08/05 10:39:36 Job was aborted.
	via condor_rm (by user shuangyu)
...
009 (9152099.023.000) 08/05 10:39:36 Job was aborted.
	via condor_rm (by user shuangyu)
...
009 (9152099.024.000) 08/05 10:39:36 Job was aborted.
	via condor_rm (by user shuangyu)
...
009 (9152099.025.000) 08/05 10:39:36 Job was aborted.
	via condor_rm (by user shuangyu)
...
009 (9152099.026.000) 08/05 10:39:36 Job was aborted.
	via condor_rm (by user shuangyu)
...
009 (9152099.027.000) 08/05 10:39:36 Job was aborted.
	via condor_rm (by user shuangyu)
...
009 (9152099.028.000) 08/05 10:39:36 Job was aborted.
	via condor_rm (by user shuangyu)
...
009 (9152099.029.000) 08/05 10:39:36 Job was aborted.
	via condor_rm (by user shuangyu)
...
009 (9152099.030.000) 08/05 10:39:36 Job was aborted.
	via condor_rm (by user shuangyu)
...
009 (9152099.031.000) 08/05 10:39:36 Job was aborted.
	via condor_rm (by user shuangyu)
...
009 (9152099.032.000) 08/05 10:39:36 Job was aborted.
	via condor_rm (by user shuangyu)
...
009 (9152099.033.000) 08/05 10:39:36 Job was aborted.
	via condor_rm (by user shuangyu)
...
009 (9152099.034.000) 08/05 10:39:36 Job was aborted.
	via condor_rm (by user shuangyu)
...
009 (9152099.035.000) 08/05 10:39:36 Job was aborted.
	via condor_rm (by user shuangyu)
...
009 (9152099.036.000) 08/05 10:39:36 Job was aborted.
	via condor_rm (by user shuangyu)
...
009 (9152099.037.000) 08/05 10:39:36 Job was aborted.
	via condor_rm (by user shuangyu)
...
009 (9152099.038.000) 08/05 10:39:36 Job was aborted.
	via condor_rm (by user shuangyu)
...
009 (9152099.039.000) 08/05 10:39:36 Job was aborted.
	via condor_rm (by user shuangyu)
...
009 (9152099.040.000) 08/05 10:39:36 Job was aborted.
	via condor_rm (by user shuangyu)
...
009 (9152099.041.000) 08/05 10:39:36 Job was aborted.
	via condor_rm (by user shuangyu)
...
009 (9152099.042.000) 08/05 10:39:36 Job was aborted.
	via condor_rm (by user shuangyu)
...
009 (9152099.043.000) 08/05 10:39:36 Job was aborted.
	via condor_rm (by user shuangyu)
...
009 (9152099.044.000) 08/05 10:39:36 Job was aborted.
	via condor_rm (by user shuangyu)
...
009 (9152099.045.000) 08/05 10:39:36 Job was aborted.
	via condor_rm (by user shuangyu)
...
009 (9152099.046.000) 08/05 10:39:36 Job was aborted.
	via condor_rm (by user shuangyu)
...
009 (9152099.047.000) 08/05 10:39:36 Job was aborted.
	via condor_rm (by user shuangyu)
...
009 (9152099.048.000) 08/05 10:39:36 Job was aborted.
	via condor_rm (by user shuangyu)
...
009 (9152099.049.000) 08/05 10:39:36 Job was aborted.
	via condor_rm (by user shuangyu)
...
006 (9152099.005.000) 08/05 10:39:37 Image size of job updated: 292360
	278  -  MemoryUsage of job (MB)
	284480  -  ResidentSetSize of job (KB)
...
006 (9152099.007.000) 08/05 10:39:37 Image size of job updated: 300452
	294  -  MemoryUsage of job (MB)
	300452  -  ResidentSetSize of job (KB)
...
006 (9152099.003.000) 08/05 10:39:37 Image size of job updated: 293520
	278  -  MemoryUsage of job (MB)
	284636  -  ResidentSetSize of job (KB)
...
006 (9152099.002.000) 08/05 10:39:37 Image size of job updated: 287392
	273  -  MemoryUsage of job (MB)
	278916  -  ResidentSetSize of job (KB)
...
006 (9152099.008.000) 08/05 10:39:37 Image size of job updated: 290912
	277  -  MemoryUsage of job (MB)
	283620  -  ResidentSetSize of job (KB)
...
040 (9152099.005.000) 08/05 10:39:37 Started transferring output files
...
040 (9152099.007.000) 08/05 10:39:37 Started transferring output files
...
040 (9152099.003.000) 08/05 10:39:37 Started transferring output files
...
040 (9152099.004.000) 08/05 10:39:37 Started transferring output files
...
040 (9152099.009.000) 08/05 10:39:37 Started transferring output files
...
040 (9152099.001.000) 08/05 10:39:37 Started transferring output files
...
040 (9152099.005.000) 08/05 10:39:37 Finished transferring output files
...
040 (9152099.007.000) 08/05 10:39:37 Finished transferring output files
...
040 (9152099.010.000) 08/05 10:39:37 Started transferring output files
...
040 (9152099.002.000) 08/05 10:39:37 Started transferring output files
...
040 (9152099.003.000) 08/05 10:39:37 Finished transferring output files
...
040 (9152099.008.000) 08/05 10:39:37 Started transferring output files
...
040 (9152099.004.000) 08/05 10:39:37 Finished transferring output files
...
040 (9152099.009.000) 08/05 10:39:37 Finished transferring output files
...
040 (9152099.006.000) 08/05 10:39:37 Started transferring output files
...
040 (9152099.001.000) 08/05 10:39:37 Finished transferring output files
...
040 (9152099.010.000) 08/05 10:39:37 Finished transferring output files
...
040 (9152099.002.000) 08/05 10:39:37 Finished transferring output files
...
040 (9152099.008.000) 08/05 10:39:37 Finished transferring output files
...
040 (9152099.006.000) 08/05 10:39:37 Finished transferring output files
...
021 (9152099.005.000) 08/05 10:39:37 Error from starter on slot1_2@b9p16p1035.cern.ch:
	STARTER at 188.185.196.141 failed to send file(s) to <188.185.125.71:9618>: |Error: 1 total failures: first failure: reading from file /pool/condor/dir_1868001/HardQCD_Pt15to7000_Oniaon_CR1_PYTHIA8311_Chunk5_Part0.root: (errno 2) No such file or directory; SHADOW failed to receive file(s) from <188.185.196.141:36399>
	Code 13 Subcode 2
...
021 (9152099.007.000) 08/05 10:39:37 Error from starter on slot1_3@b9p14p1451.cern.ch:
	STARTER at 188.185.197.135 failed to send file(s) to <188.185.125.71:9618>: |Error: 1 total failures: first failure: reading from file /pool/condor/dir_3892690/HardQCD_Pt15to7000_Oniaon_CR1_PYTHIA8311_Chunk7_Part0.root: (errno 2) No such file or directory; SHADOW failed to receive file(s) from <188.185.197.135:45245>
	Code 13 Subcode 2
...
021 (9152099.010.000) 08/05 10:39:37 Error from starter on slot1_26@b9p24p2350.cern.ch:
	STARTER at 188.185.211.141 failed to send file(s) to <188.185.125.71:9618>: |Error: 1 total failures: first failure: reading from file /pool/condor/dir_2456584/HardQCD_Pt15to7000_Oniaon_CR1_PYTHIA8311_Chunk10_Part0.root: (errno 2) No such file or directory; SHADOW failed to receive file(s) from <188.185.211.141:41681>
	Code 13 Subcode 2
...
021 (9152099.003.000) 08/05 10:39:37 Error from starter on slot1_6@b9p19p9677.cern.ch:
	STARTER at 188.185.193.103 failed to send file(s) to <188.185.125.71:9618>: |Error: 1 total failures: first failure: reading from file /pool/condor/dir_347354/HardQCD_Pt15to7000_Oniaon_CR1_PYTHIA8311_Chunk3_Part0.root: (errno 2) No such file or directory; SHADOW failed to receive file(s) from <188.185.193.103:34307>
	Code 13 Subcode 2
...
021 (9152099.004.000) 08/05 10:39:37 Error from starter on slot1_19@b9p30p1572.cern.ch:
	STARTER at 188.185.214.174 failed to send file(s) to <188.185.125.71:9618>: |Error: 1 total failures: first failure: reading from file /pool/condor/dir_84050/HardQCD_Pt15to7000_Oniaon_CR1_PYTHIA8311_Chunk4_Part0.root: (errno 2) No such file or directory; SHADOW failed to receive file(s) from <188.185.214.174:46859>
	Code 13 Subcode 2
...
021 (9152099.009.000) 08/05 10:39:37 Error from starter on slot1_17@b9p27p1283.cern.ch:
	STARTER at 188.185.213.34 failed to send file(s) to <188.185.125.71:9618>: |Error: 1 total failures: first failure: reading from file /pool/condor/dir_2351008/HardQCD_Pt15to7000_Oniaon_CR1_PYTHIA8311_Chunk9_Part0.root: (errno 2) No such file or directory; SHADOW failed to receive file(s) from <188.185.213.34:44123>
	Code 13 Subcode 2
...
021 (9152099.001.000) 08/05 10:39:37 Error from starter on slot1_10@b9p09p0086.cern.ch:
	STARTER at 188.185.208.16 failed to send file(s) to <188.185.125.71:9618>: |Error: 1 total failures: first failure: reading from file /pool/condor/dir_1706262/HardQCD_Pt15to7000_Oniaon_CR1_PYTHIA8311_Chunk1_Part0.root: (errno 2) No such file or directory; SHADOW failed to receive file(s) from <188.185.208.16:40729>
	Code 13 Subcode 2
...
004 (9152099.005.000) 08/05 10:39:37 Job was evicted. Code 12 Subcode 2
	(0) CPU times
		Usr 0 00:01:42, Sys 0 00:00:10  -  Run Remote Usage
		Usr 0 00:00:00, Sys 0 00:00:00  -  Run Local Usage
	0  -  Run Bytes Sent By Job
	660198  -  Run Bytes Received By Job
	Reason: Transfer output files failure at execution point slot1_2@b9p16p1035.cern.ch while sending files to access point bigbird28. Details: 1 total failures: first failure: reading from file /pool/condor/dir_1868001/HardQCD_Pt15to7000_Oniaon_CR1_PYTHIA8311_Chunk5_Part0.root: (errno 2) No such file or directory
	Partitionable Resources :    Usage  Request Allocated 
	   Cpus                 :        0        1         1 
	   Disk (KB)            :      828      750      3868 
	   GPUs                 :                           0 
	   Memory (MB)          :      278     3000      3000 
	   TimeExecute (s)      :      236                    
	   TimeSlotBusy (s)     :      237                    
...
004 (9152099.007.000) 08/05 10:39:37 Job was evicted. Code 12 Subcode 2
	(0) CPU times
		Usr 0 00:01:47, Sys 0 00:00:12  -  Run Remote Usage
		Usr 0 00:00:00, Sys 0 00:00:00  -  Run Local Usage
	0  -  Run Bytes Sent By Job
	660198  -  Run Bytes Received By Job
	Reason: Transfer output files failure at execution point slot1_3@b9p14p1451.cern.ch while sending files to access point bigbird28. Details: 1 total failures: first failure: reading from file /pool/condor/dir_3892690/HardQCD_Pt15to7000_Oniaon_CR1_PYTHIA8311_Chunk7_Part0.root: (errno 2) No such file or directory
	Partitionable Resources :    Usage  Request Allocated 
	   Cpus                 :     0.62        1         1 
	   Disk (KB)            :   936         750      3955 
	   GPUs                 :                           0 
	   Memory (MB)          :   294        3000      3000 
	   TimeExecute (s)      :   235                       
	   TimeSlotBusy (s)     :   236                       
...
021 (9152099.002.000) 08/05 10:39:37 Error from starter on slot1_15@b9g18p7324.cern.ch:
	STARTER at 128.142.192.160 failed to send file(s) to <188.185.125.71:9618>: |Error: 1 total failures: first failure: reading from file /pool/condor/dir_1174864/HardQCD_Pt15to7000_Oniaon_CR1_PYTHIA8311_Chunk2_Part0.root: (errno 2) No such file or directory; SHADOW failed to receive file(s) from <128.142.192.160:41145>
	Code 13 Subcode 2
...
004 (9152099.010.000) 08/05 10:39:37 Job was evicted. Code 12 Subcode 2
	(0) CPU times
		Usr 0 00:01:16, Sys 0 00:00:16  -  Run Remote Usage
		Usr 0 00:00:00, Sys 0 00:00:00  -  Run Local Usage
	0  -  Run Bytes Sent By Job
	660198  -  Run Bytes Received By Job
	Reason: Transfer output files failure at execution point slot1_26@b9p24p2350.cern.ch while sending files to access point bigbird28. Details: 1 total failures: first failure: reading from file /pool/condor/dir_2456584/HardQCD_Pt15to7000_Oniaon_CR1_PYTHIA8311_Chunk10_Part0.root: (errno 2) No such file or directory
	Partitionable Resources :    Usage  Request Allocated 
	   Cpus                 :        0        1         1 
	   Disk (KB)            :      936      750      3735 
	   GPUs                 :                           0 
	   Memory (MB)          :      294     3000      3000 
	   TimeExecute (s)      :      234                    
	   TimeSlotBusy (s)     :      235                    
...
004 (9152099.003.000) 08/05 10:39:37 Job was evicted. Code 12 Subcode 2
	(0) CPU times
		Usr 0 00:01:08, Sys 0 00:00:07  -  Run Remote Usage
		Usr 0 00:00:00, Sys 0 00:00:00  -  Run Local Usage
	0  -  Run Bytes Sent By Job
	660198  -  Run Bytes Received By Job
	Reason: Transfer output files failure at execution point slot1_6@b9p19p9677.cern.ch while sending files to access point bigbird28. Details: 1 total failures: first failure: reading from file /pool/condor/dir_347354/HardQCD_Pt15to7000_Oniaon_CR1_PYTHIA8311_Chunk3_Part0.root: (errno 2) No such file or directory
	Partitionable Resources :    Usage  Request Allocated 
	   Cpus                 :        0        1         1 
	   Disk (KB)            :      868      750      3765 
	   GPUs                 :                           0 
	   Memory (MB)          :      278     3000      3000 
	   TimeExecute (s)      :      237                    
	   TimeSlotBusy (s)     :      238                    
...
021 (9152099.008.000) 08/05 10:39:37 Error from starter on slot1_17@b9p14p8346.cern.ch:
	STARTER at 188.185.197.23 failed to send file(s) to <188.185.125.71:9618>: |Error: 1 total failures: first failure: reading from file /pool/condor/dir_2902835/HardQCD_Pt15to7000_Oniaon_CR1_PYTHIA8311_Chunk8_Part0.root: (errno 2) No such file or directory; SHADOW failed to receive file(s) from <188.185.197.23:46705>
	Code 13 Subcode 2
...
004 (9152099.004.000) 08/05 10:39:37 Job was evicted. Code 12 Subcode 2
	(0) CPU times
		Usr 0 00:01:45, Sys 0 00:00:20  -  Run Remote Usage
		Usr 0 00:00:00, Sys 0 00:00:00  -  Run Local Usage
	0  -  Run Bytes Sent By Job
	660198  -  Run Bytes Received By Job
	Reason: Transfer output files failure at execution point slot1_19@b9p30p1572.cern.ch while sending files to access point bigbird28. Details: 1 total failures: first failure: reading from file /pool/condor/dir_84050/HardQCD_Pt15to7000_Oniaon_CR1_PYTHIA8311_Chunk4_Part0.root: (errno 2) No such file or directory
	Partitionable Resources :    Usage  Request Allocated 
	   Cpus                 :        0        1         1 
	   Disk (KB)            :      802      750      3721 
	   GPUs                 :                           0 
	   Memory (MB)          :       52     3000      3000 
	   TimeExecute (s)      :      236                    
	   TimeSlotBusy (s)     :      237                    
...
021 (9152099.006.000) 08/05 10:39:37 Error from starter on slot1_32@b9p31p0525.cern.ch:
	STARTER at 188.185.215.14 failed to send file(s) to <188.185.125.71:9618>: |Error: 1 total failures: first failure: reading from file /pool/condor/dir_892214/HardQCD_Pt15to7000_Oniaon_CR1_PYTHIA8311_Chunk6_Part0.root: (errno 2) No such file or directory; SHADOW failed to receive file(s) from <188.185.215.14:38777>
	Code 13 Subcode 2
...
004 (9152099.009.000) 08/05 10:39:37 Job was evicted. Code 12 Subcode 2
	(0) CPU times
		Usr 0 00:01:19, Sys 0 00:00:15  -  Run Remote Usage
		Usr 0 00:00:00, Sys 0 00:00:00  -  Run Local Usage
	0  -  Run Bytes Sent By Job
	660198  -  Run Bytes Received By Job
	Reason: Transfer output files failure at execution point slot1_17@b9p27p1283.cern.ch while sending files to access point bigbird28. Details: 1 total failures: first failure: reading from file /pool/condor/dir_2351008/HardQCD_Pt15to7000_Oniaon_CR1_PYTHIA8311_Chunk9_Part0.root: (errno 2) No such file or directory
	Partitionable Resources :    Usage  Request Allocated 
	   Cpus                 :     0.66        1         1 
	   Disk (KB)            :   805         750      3726 
	   GPUs                 :                           0 
	   Memory (MB)          :    27        3000      3000 
	   TimeExecute (s)      :   235                       
	   TimeSlotBusy (s)     :   236                       
...
004 (9152099.001.000) 08/05 10:39:37 Job was evicted. Code 12 Subcode 2
	(0) CPU times
		Usr 0 00:01:26, Sys 0 00:00:15  -  Run Remote Usage
		Usr 0 00:00:00, Sys 0 00:00:00  -  Run Local Usage
	0  -  Run Bytes Sent By Job
	660198  -  Run Bytes Received By Job
	Reason: Transfer output files failure at execution point slot1_10@b9p09p0086.cern.ch while sending files to access point bigbird28. Details: 1 total failures: first failure: reading from file /pool/condor/dir_1706262/HardQCD_Pt15to7000_Oniaon_CR1_PYTHIA8311_Chunk1_Part0.root: (errno 2) No such file or directory
	Partitionable Resources :    Usage  Request Allocated 
	   Cpus                 :     0.01        1         1 
	   Disk (KB)            :  1202         750      3668 
	   GPUs                 :                           0 
	   Memory (MB)          :    45        3000      3000 
	   TimeExecute (s)      :   237                       
	   TimeSlotBusy (s)     :   238                       
...
004 (9152099.002.000) 08/05 10:39:37 Job was evicted. Code 12 Subcode 2
	(0) CPU times
		Usr 0 00:01:39, Sys 0 00:00:13  -  Run Remote Usage
		Usr 0 00:00:00, Sys 0 00:00:00  -  Run Local Usage
	0  -  Run Bytes Sent By Job
	660198  -  Run Bytes Received By Job
	Reason: Transfer output files failure at execution point slot1_15@b9g18p7324.cern.ch while sending files to access point bigbird28. Details: 1 total failures: first failure: reading from file /pool/condor/dir_1174864/HardQCD_Pt15to7000_Oniaon_CR1_PYTHIA8311_Chunk2_Part0.root: (errno 2) No such file or directory
	Partitionable Resources :    Usage  Request Allocated 
	   Cpus                 :     0.09        1         1 
	   Disk (KB)            :   800         750      3710 
	   GPUs                 :                           0 
	   Memory (MB)          :   273        3000      3000 
	   TimeExecute (s)      :   237                       
	   TimeSlotBusy (s)     :   238                       
...
004 (9152099.008.000) 08/05 10:39:37 Job was evicted. Code 12 Subcode 2
	(0) CPU times
		Usr 0 00:02:08, Sys 0 00:00:17  -  Run Remote Usage
		Usr 0 00:00:00, Sys 0 00:00:00  -  Run Local Usage
	0  -  Run Bytes Sent By Job
	660198  -  Run Bytes Received By Job
	Reason: Transfer output files failure at execution point slot1_17@b9p14p8346.cern.ch while sending files to access point bigbird28. Details: 1 total failures: first failure: reading from file /pool/condor/dir_2902835/HardQCD_Pt15to7000_Oniaon_CR1_PYTHIA8311_Chunk8_Part0.root: (errno 2) No such file or directory
	Partitionable Resources :    Usage  Request Allocated 
	   Cpus                 :        0        1         1 
	   Disk (KB)            :      809      750      3914 
	   GPUs                 :                           0 
	   Memory (MB)          :      277     3000      3000 
	   TimeExecute (s)      :      235                    
	   TimeSlotBusy (s)     :      236                    
...
004 (9152099.006.000) 08/05 10:39:37 Job was evicted. Code 12 Subcode 2
	(0) CPU times
		Usr 0 00:01:25, Sys 0 00:00:16  -  Run Remote Usage
		Usr 0 00:00:00, Sys 0 00:00:00  -  Run Local Usage
	0  -  Run Bytes Sent By Job
	660198  -  Run Bytes Received By Job
	Reason: Transfer output files failure at execution point slot1_32@b9p31p0525.cern.ch while sending files to access point bigbird28. Details: 1 total failures: first failure: reading from file /pool/condor/dir_892214/HardQCD_Pt15to7000_Oniaon_CR1_PYTHIA8311_Chunk6_Part0.root: (errno 2) No such file or directory
	Partitionable Resources :    Usage  Request Allocated 
	   Cpus                 :     0.28        1         1 
	   Disk (KB)            :  1199         750      3770 
	   GPUs                 :                           0 
	   Memory (MB)          :    52        3000      3000 
	   TimeExecute (s)      :   236                       
	   TimeSlotBusy (s)     :   237                       
...
009 (9152099.003.000) 08/05 10:39:37 Job was aborted.
	via condor_rm (by user shuangyu)
...
009 (9152099.005.000) 08/05 10:39:37 Job was aborted.
	via condor_rm (by user shuangyu)
...
009 (9152099.007.000) 08/05 10:39:37 Job was aborted.
	via condor_rm (by user shuangyu)
...
009 (9152099.010.000) 08/05 10:39:37 Job was aborted.
	via condor_rm (by user shuangyu)
...
009 (9152099.001.000) 08/05 10:39:37 Job was aborted.
	via condor_rm (by user shuangyu)
...
009 (9152099.004.000) 08/05 10:39:37 Job was aborted.
	via condor_rm (by user shuangyu)
...
009 (9152099.009.000) 08/05 10:39:37 Job was aborted.
	via condor_rm (by user shuangyu)
...
009 (9152099.002.000) 08/05 10:39:37 Job was aborted.
	via condor_rm (by user shuangyu)
...
009 (9152099.008.000) 08/05 10:39:37 Job was aborted.
	via condor_rm (by user shuangyu)
...
009 (9152099.006.000) 08/05 10:39:37 Job was aborted.
	via condor_rm (by user shuangyu)
...
006 (9152099.014.000) 08/05 10:39:38 Image size of job updated: 302868
	274  -  MemoryUsage of job (MB)
	280380  -  ResidentSetSize of job (KB)
...
006 (9152099.011.000) 08/05 10:39:38 Image size of job updated: 214944
	36  -  MemoryUsage of job (MB)
	36468  -  ResidentSetSize of job (KB)
...
006 (9152099.015.000) 08/05 10:39:38 Image size of job updated: 243256
	27  -  MemoryUsage of job (MB)
	26688  -  ResidentSetSize of job (KB)
...
006 (9152099.018.000) 08/05 10:39:38 Image size of job updated: 275324
	33  -  MemoryUsage of job (MB)
	33608  -  ResidentSetSize of job (KB)
...
040 (9152099.014.000) 08/05 10:39:38 Started transferring output files
...
040 (9152099.011.000) 08/05 10:39:38 Started transferring output files
...
040 (9152099.014.000) 08/05 10:39:38 Finished transferring output files
...
040 (9152099.017.000) 08/05 10:39:38 Started transferring output files
...
040 (9152099.015.000) 08/05 10:39:38 Started transferring output files
...
040 (9152099.019.000) 08/05 10:39:38 Started transferring output files
...
040 (9152099.011.000) 08/05 10:39:38 Finished transferring output files
...
040 (9152099.017.000) 08/05 10:39:38 Finished transferring output files
...
040 (9152099.018.000) 08/05 10:39:38 Started transferring output files
...
040 (9152099.015.000) 08/05 10:39:38 Finished transferring output files
...
040 (9152099.016.000) 08/05 10:39:38 Started transferring output files
...
040 (9152099.013.000) 08/05 10:39:38 Started transferring output files
...
021 (9152099.014.000) 08/05 10:39:38 Error from starter on slot1_12@b9p20p2912.cern.ch:
	STARTER at 188.185.194.30 failed to send file(s) to <188.185.125.71:9618>: |Error: 1 total failures: first failure: reading from file /pool/condor/dir_1601790/HardQCD_Pt15to7000_Oniaon_CR1_PYTHIA8311_Chunk14_Part0.root: (errno 2) No such file or directory; SHADOW failed to receive file(s) from <188.185.194.30:43211>
	Code 13 Subcode 2
...
040 (9152099.019.000) 08/05 10:39:38 Finished transferring output files
...
040 (9152099.018.000) 08/05 10:39:38 Finished transferring output files
...
040 (9152099.016.000) 08/05 10:39:38 Finished transferring output files
...
040 (9152099.013.000) 08/05 10:39:38 Finished transferring output files
...
040 (9152099.012.000) 08/05 10:39:38 Started transferring output files
...
021 (9152099.011.000) 08/05 10:39:38 Error from starter on slot1_3@b9p30p4871.cern.ch:
	STARTER at 188.185.214.227 failed to send file(s) to <188.185.125.71:9618>: |Error: 1 total failures: first failure: reading from file /pool/condor/dir_1839715/HardQCD_Pt15to7000_Oniaon_CR1_PYTHIA8311_Chunk11_Part0.root: (errno 2) No such file or directory; SHADOW failed to receive file(s) from <188.185.214.227:37795>
	Code 13 Subcode 2
...
004 (9152099.014.000) 08/05 10:39:38 Job was evicted. Code 12 Subcode 2
	(0) CPU times
		Usr 0 00:02:28, Sys 0 00:00:15  -  Run Remote Usage
		Usr 0 00:00:00, Sys 0 00:00:00  -  Run Local Usage
	0  -  Run Bytes Sent By Job
	660198  -  Run Bytes Received By Job
	Reason: Transfer output files failure at execution point slot1_12@b9p20p2912.cern.ch while sending files to access point bigbird28. Details: 1 total failures: first failure: reading from file /pool/condor/dir_1601790/HardQCD_Pt15to7000_Oniaon_CR1_PYTHIA8311_Chunk14_Part0.root: (errno 2) No such file or directory
	Partitionable Resources :    Usage  Request Allocated 
	   Cpus                 :     0.74        1         1 
	   Disk (KB)            :   805         750      3888 
	   GPUs                 :                           0 
	   Memory (MB)          :   274        3000      3000 
	   TimeExecute (s)      :   234                       
	   TimeSlotBusy (s)     :   235                       
...
021 (9152099.017.000) 08/05 10:39:38 Error from starter on slot1_22@b9p13p4193.cern.ch:
	STARTER at 188.185.192.162 failed to send file(s) to <188.185.125.71:9618>: |Error: 1 total failures: first failure: reading from file /pool/condor/dir_449018/HardQCD_Pt15to7000_Oniaon_CR1_PYTHIA8311_Chunk17_Part0.root: (errno 2) No such file or directory; SHADOW failed to receive file(s) from <188.185.192.162:34455>
	Code 13 Subcode 2
...
021 (9152099.015.000) 08/05 10:39:38 Error from starter on slot1_19@b9p05p2049.cern.ch:
	STARTER at 188.185.206.13 failed to send file(s) to <188.185.125.71:9618>: |Error: 1 total failures: first failure: reading from file /pool/condor/dir_1925945/HardQCD_Pt15to7000_Oniaon_CR1_PYTHIA8311_Chunk15_Part0.root: (errno 2) No such file or directory; SHADOW failed to receive file(s) from <188.185.206.13:44933>
	Code 13 Subcode 2
...
040 (9152099.012.000) 08/05 10:39:38 Finished transferring output files
...
004 (9152099.011.000) 08/05 10:39:38 Job was evicted. Code 12 Subcode 2
	(0) CPU times
		Usr 0 00:01:21, Sys 0 00:00:16  -  Run Remote Usage
		Usr 0 00:00:00, Sys 0 00:00:00  -  Run Local Usage
	0  -  Run Bytes Sent By Job
	660198  -  Run Bytes Received By Job
	Reason: Transfer output files failure at execution point slot1_3@b9p30p4871.cern.ch while sending files to access point bigbird28. Details: 1 total failures: first failure: reading from file /pool/condor/dir_1839715/HardQCD_Pt15to7000_Oniaon_CR1_PYTHIA8311_Chunk11_Part0.root: (errno 2) No such file or directory
	Partitionable Resources :    Usage  Request Allocated 
	   Cpus                 :        0        1         1 
	   Disk (KB)            :      808      750      3815 
	   GPUs                 :                           0 
	   Memory (MB)          :       36     3000      3000 
	   TimeExecute (s)      :      235                    
	   TimeSlotBusy (s)     :      236                    
...
021 (9152099.019.000) 08/05 10:39:38 Error from starter on slot1_15@b9p21p1295.cern.ch:
	STARTER at 188.185.210.71 failed to send file(s) to <188.185.125.71:9618>: |Error: 1 total failures: first failure: reading from file /pool/condor/dir_3893968/HardQCD_Pt15to7000_Oniaon_CR1_PYTHIA8311_Chunk19_Part0.root: (errno 2) No such file or directory; SHADOW failed to receive file(s) from <188.185.210.71:38033>
	Code 13 Subcode 2
...
021 (9152099.018.000) 08/05 10:39:38 Error from starter on slot1_26@b9p24p9730.cern.ch:
	STARTER at 188.185.211.177 failed to send file(s) to <188.185.125.71:9618>: |Error: 1 total failures: first failure: reading from file /pool/condor/dir_1999851/HardQCD_Pt15to7000_Oniaon_CR1_PYTHIA8311_Chunk18_Part0.root: (errno 2) No such file or directory; SHADOW failed to receive file(s) from <188.185.211.177:43271>
	Code 13 Subcode 2
...
004 (9152099.017.000) 08/05 10:39:38 Job was evicted. Code 12 Subcode 2
	(0) CPU times
		Usr 0 00:01:38, Sys 0 00:00:10  -  Run Remote Usage
		Usr 0 00:00:00, Sys 0 00:00:00  -  Run Local Usage
	0  -  Run Bytes Sent By Job
	660198  -  Run Bytes Received By Job
	Reason: Transfer output files failure at execution point slot1_22@b9p13p4193.cern.ch while sending files to access point bigbird28. Details: 1 total failures: first failure: reading from file /pool/condor/dir_449018/HardQCD_Pt15to7000_Oniaon_CR1_PYTHIA8311_Chunk17_Part0.root: (errno 2) No such file or directory
	Partitionable Resources :    Usage  Request Allocated 
	   Cpus                 :        0        1         1 
	   Disk (KB)            :      852      750      3878 
	   GPUs                 :                           0 
	   Memory (MB)          :      280     3000      3000 
	   TimeExecute (s)      :      233                    
	   TimeSlotBusy (s)     :      234                    
...
004 (9152099.015.000) 08/05 10:39:38 Job was evicted. Code 12 Subcode 2
	(0) CPU times
		Usr 0 00:01:40, Sys 0 00:00:17  -  Run Remote Usage
		Usr 0 00:00:00, Sys 0 00:00:00  -  Run Local Usage
	0  -  Run Bytes Sent By Job
	660198  -  Run Bytes Received By Job
	Reason: Transfer output files failure at execution point slot1_19@b9p05p2049.cern.ch while sending files to access point bigbird28. Details: 1 total failures: first failure: reading from file /pool/condor/dir_1925945/HardQCD_Pt15to7000_Oniaon_CR1_PYTHIA8311_Chunk15_Part0.root: (errno 2) No such file or directory
	Partitionable Resources :    Usage  Request Allocated 
	   Cpus                 :     0.07        1         1 
	   Disk (KB)            :  1200         750      3799 
	   GPUs                 :                           0 
	   Memory (MB)          :    27        3000      3000 
	   TimeExecute (s)      :   234                       
	   TimeSlotBusy (s)     :   235                       
...
021 (9152099.016.000) 08/05 10:39:38 Error from starter on slot1_32@b9p22p6834.cern.ch:
	STARTER at 188.185.210.211 failed to send file(s) to <188.185.125.71:9618>: |Error: 1 total failures: first failure: reading from file /pool/condor/dir_3377954/HardQCD_Pt15to7000_Oniaon_CR1_PYTHIA8311_Chunk16_Part0.root: (errno 2) No such file or directory; SHADOW failed to receive file(s) from <188.185.210.211:35409>
	Code 13 Subcode 2
...
021 (9152099.013.000) 08/05 10:39:38 Error from starter on slot1_13@b9p21p1280.cern.ch:
	STARTER at 188.185.210.38 failed to send file(s) to <188.185.125.71:9618>: |Error: 1 total failures: first failure: reading from file /pool/condor/dir_4187874/HardQCD_Pt15to7000_Oniaon_CR1_PYTHIA8311_Chunk13_Part0.root: (errno 2) No such file or directory; SHADOW failed to receive file(s) from <188.185.210.38:33483>
	Code 13 Subcode 2
...
004 (9152099.019.000) 08/05 10:39:38 Job was evicted. Code 12 Subcode 2
	(0) CPU times
		Usr 0 00:01:13, Sys 0 00:00:15  -  Run Remote Usage
		Usr 0 00:00:00, Sys 0 00:00:00  -  Run Local Usage
	0  -  Run Bytes Sent By Job
	660198  -  Run Bytes Received By Job
	Reason: Transfer output files failure at execution point slot1_15@b9p21p1295.cern.ch while sending files to access point bigbird28. Details: 1 total failures: first failure: reading from file /pool/condor/dir_3893968/HardQCD_Pt15to7000_Oniaon_CR1_PYTHIA8311_Chunk19_Part0.root: (errno 2) No such file or directory
	Partitionable Resources :    Usage  Request Allocated 
	   Cpus                 :        0        1         1 
	   Disk (KB)            :      802      750      3807 
	   GPUs                 :                           0 
	   Memory (MB)          :       65     3000      3000 
	   TimeExecute (s)      :      232                    
	   TimeSlotBusy (s)     :      233                    
...
004 (9152099.018.000) 08/05 10:39:38 Job was evicted. Code 12 Subcode 2
	(0) CPU times
		Usr 0 00:02:09, Sys 0 00:00:24  -  Run Remote Usage
		Usr 0 00:00:00, Sys 0 00:00:00  -  Run Local Usage
	0  -  Run Bytes Sent By Job
	660198  -  Run Bytes Received By Job
	Reason: Transfer output files failure at execution point slot1_26@b9p24p9730.cern.ch while sending files to access point bigbird28. Details: 1 total failures: first failure: reading from file /pool/condor/dir_1999851/HardQCD_Pt15to7000_Oniaon_CR1_PYTHIA8311_Chunk18_Part0.root: (errno 2) No such file or directory
	Partitionable Resources :    Usage  Request Allocated 
	   Cpus                 :        0        1         1 
	   Disk (KB)            :      803      750      3690 
	   GPUs                 :                           0 
	   Memory (MB)          :       33     3000      3000 
	   TimeExecute (s)      :      233                    
	   TimeSlotBusy (s)     :      234                    
...
009 (9152099.014.000) 08/05 10:39:38 Job was aborted.
	via condor_rm (by user shuangyu)
...
004 (9152099.016.000) 08/05 10:39:38 Job was evicted. Code 12 Subcode 2
	(0) CPU times
		Usr 0 00:01:51, Sys 0 00:00:22  -  Run Remote Usage
		Usr 0 00:00:00, Sys 0 00:00:00  -  Run Local Usage
	0  -  Run Bytes Sent By Job
	660198  -  Run Bytes Received By Job
	Reason: Transfer output files failure at execution point slot1_32@b9p22p6834.cern.ch while sending files to access point bigbird28. Details: 1 total failures: first failure: reading from file /pool/condor/dir_3377954/HardQCD_Pt15to7000_Oniaon_CR1_PYTHIA8311_Chunk16_Part0.root: (errno 2) No such file or directory
	Partitionable Resources :    Usage  Request Allocated 
	   Cpus                 :     0.66        1         1 
	   Disk (KB)            :  1199         750      3785 
	   GPUs                 :                           0 
	   Memory (MB)          :    52        3000      3000 
	   TimeExecute (s)      :   233                       
	   TimeSlotBusy (s)     :   234                       
...
021 (9152099.012.000) 08/05 10:39:38 Error from starter on slot1_22@b9p22p8673.cern.ch:
	STARTER at 188.185.210.174 failed to send file(s) to <188.185.125.71:9618>: |Error: 1 total failures: first failure: reading from file /pool/condor/dir_1319549/HardQCD_Pt15to7000_Oniaon_CR1_PYTHIA8311_Chunk12_Part0.root: (errno 2) No such file or directory; SHADOW failed to receive file(s) from <188.185.210.174:41317>
	Code 13 Subcode 2
...
004 (9152099.013.000) 08/05 10:39:38 Job was evicted. Code 12 Subcode 2
	(0) CPU times
		Usr 0 00:02:02, Sys 0 00:00:24  -  Run Remote Usage
		Usr 0 00:00:00, Sys 0 00:00:00  -  Run Local Usage
	0  -  Run Bytes Sent By Job
	660198  -  Run Bytes Received By Job
	Reason: Transfer output files failure at execution point slot1_13@b9p21p1280.cern.ch while sending files to access point bigbird28. Details: 1 total failures: first failure: reading from file /pool/condor/dir_4187874/HardQCD_Pt15to7000_Oniaon_CR1_PYTHIA8311_Chunk13_Part0.root: (errno 2) No such file or directory
	Partitionable Resources :    Usage  Request Allocated 
	   Cpus                 :     0.68        1         1 
	   Disk (KB)            :   936         750      3764 
	   GPUs                 :                           0 
	   Memory (MB)          :   286        3000      3000 
	   TimeExecute (s)      :   234                       
	   TimeSlotBusy (s)     :   235                       
...
009 (9152099.011.000) 08/05 10:39:38 Job was aborted.
	via condor_rm (by user shuangyu)
...
009 (9152099.015.000) 08/05 10:39:38 Job was aborted.
	via condor_rm (by user shuangyu)
...
009 (9152099.017.000) 08/05 10:39:38 Job was aborted.
	via condor_rm (by user shuangyu)
...
004 (9152099.012.000) 08/05 10:39:38 Job was evicted. Code 12 Subcode 2
	(0) CPU times
		Usr 0 00:01:32, Sys 0 00:00:17  -  Run Remote Usage
		Usr 0 00:00:00, Sys 0 00:00:00  -  Run Local Usage
	0  -  Run Bytes Sent By Job
	660198  -  Run Bytes Received By Job
	Reason: Transfer output files failure at execution point slot1_22@b9p22p8673.cern.ch while sending files to access point bigbird28. Details: 1 total failures: first failure: reading from file /pool/condor/dir_1319549/HardQCD_Pt15to7000_Oniaon_CR1_PYTHIA8311_Chunk12_Part0.root: (errno 2) No such file or directory
	Partitionable Resources :    Usage  Request Allocated 
	   Cpus                 :        0        1         1 
	   Disk (KB)            :      805      750      3783 
	   GPUs                 :                           0 
	   Memory (MB)          :       12     3000      3000 
	   TimeExecute (s)      :      235                    
	   TimeSlotBusy (s)     :      236                    
...
009 (9152099.018.000) 08/05 10:39:38 Job was aborted.
	via condor_rm (by user shuangyu)
...
009 (9152099.019.000) 08/05 10:39:38 Job was aborted.
	via condor_rm (by user shuangyu)
...
009 (9152099.013.000) 08/05 10:39:38 Job was aborted.
	via condor_rm (by user shuangyu)
...
009 (9152099.016.000) 08/05 10:39:38 Job was aborted.
	via condor_rm (by user shuangyu)
...
009 (9152099.012.000) 08/05 10:39:38 Job was aborted.
	via condor_rm (by user shuangyu)
...
