000 (9144433.000.000) 07/31 09:58:58 Job submitted from host: <188.185.125.71:9618?addrs=188.185.125.71-9618+[2001-1458-d00-4a--100-15e]-9618&alias=bigbird28.cern.ch&noUDP&sock=schedd_1249217_88f9>
...
000 (9144433.001.000) 07/31 09:58:58 Job submitted from host: <188.185.125.71:9618?addrs=188.185.125.71-9618+[2001-1458-d00-4a--100-15e]-9618&alias=bigbird28.cern.ch&noUDP&sock=schedd_1249217_88f9>
...
000 (9144433.010.000) 07/31 09:58:58 Job submitted from host: <188.185.125.71:9618?addrs=188.185.125.71-9618+[2001-1458-d00-4a--100-15e]-9618&alias=bigbird28.cern.ch&noUDP&sock=schedd_1249217_88f9>
...
000 (9144433.011.000) 07/31 09:58:58 Job submitted from host: <188.185.125.71:9618?addrs=188.185.125.71-9618+[2001-1458-d00-4a--100-15e]-9618&alias=bigbird28.cern.ch&noUDP&sock=schedd_1249217_88f9>
...
000 (9144433.012.000) 07/31 09:58:58 Job submitted from host: <188.185.125.71:9618?addrs=188.185.125.71-9618+[2001-1458-d00-4a--100-15e]-9618&alias=bigbird28.cern.ch&noUDP&sock=schedd_1249217_88f9>
...
000 (9144433.013.000) 07/31 09:58:58 Job submitted from host: <188.185.125.71:9618?addrs=188.185.125.71-9618+[2001-1458-d00-4a--100-15e]-9618&alias=bigbird28.cern.ch&noUDP&sock=schedd_1249217_88f9>
...
000 (9144433.014.000) 07/31 09:58:58 Job submitted from host: <188.185.125.71:9618?addrs=188.185.125.71-9618+[2001-1458-d00-4a--100-15e]-9618&alias=bigbird28.cern.ch&noUDP&sock=schedd_1249217_88f9>
...
000 (9144433.015.000) 07/31 09:58:58 Job submitted from host: <188.185.125.71:9618?addrs=188.185.125.71-9618+[2001-1458-d00-4a--100-15e]-9618&alias=bigbird28.cern.ch&noUDP&sock=schedd_1249217_88f9>
...
000 (9144433.016.000) 07/31 09:58:58 Job submitted from host: <188.185.125.71:9618?addrs=188.185.125.71-9618+[2001-1458-d00-4a--100-15e]-9618&alias=bigbird28.cern.ch&noUDP&sock=schedd_1249217_88f9>
...
000 (9144433.017.000) 07/31 09:58:58 Job submitted from host: <188.185.125.71:9618?addrs=188.185.125.71-9618+[2001-1458-d00-4a--100-15e]-9618&alias=bigbird28.cern.ch&noUDP&sock=schedd_1249217_88f9>
...
000 (9144433.018.000) 07/31 09:58:58 Job submitted from host: <188.185.125.71:9618?addrs=188.185.125.71-9618+[2001-1458-d00-4a--100-15e]-9618&alias=bigbird28.cern.ch&noUDP&sock=schedd_1249217_88f9>
...
000 (9144433.019.000) 07/31 09:58:58 Job submitted from host: <188.185.125.71:9618?addrs=188.185.125.71-9618+[2001-1458-d00-4a--100-15e]-9618&alias=bigbird28.cern.ch&noUDP&sock=schedd_1249217_88f9>
...
000 (9144433.002.000) 07/31 09:58:58 Job submitted from host: <188.185.125.71:9618?addrs=188.185.125.71-9618+[2001-1458-d00-4a--100-15e]-9618&alias=bigbird28.cern.ch&noUDP&sock=schedd_1249217_88f9>
...
000 (9144433.003.000) 07/31 09:58:58 Job submitted from host: <188.185.125.71:9618?addrs=188.185.125.71-9618+[2001-1458-d00-4a--100-15e]-9618&alias=bigbird28.cern.ch&noUDP&sock=schedd_1249217_88f9>
...
000 (9144433.004.000) 07/31 09:58:58 Job submitted from host: <188.185.125.71:9618?addrs=188.185.125.71-9618+[2001-1458-d00-4a--100-15e]-9618&alias=bigbird28.cern.ch&noUDP&sock=schedd_1249217_88f9>
...
000 (9144433.005.000) 07/31 09:58:58 Job submitted from host: <188.185.125.71:9618?addrs=188.185.125.71-9618+[2001-1458-d00-4a--100-15e]-9618&alias=bigbird28.cern.ch&noUDP&sock=schedd_1249217_88f9>
...
000 (9144433.006.000) 07/31 09:58:58 Job submitted from host: <188.185.125.71:9618?addrs=188.185.125.71-9618+[2001-1458-d00-4a--100-15e]-9618&alias=bigbird28.cern.ch&noUDP&sock=schedd_1249217_88f9>
...
000 (9144433.007.000) 07/31 09:58:58 Job submitted from host: <188.185.125.71:9618?addrs=188.185.125.71-9618+[2001-1458-d00-4a--100-15e]-9618&alias=bigbird28.cern.ch&noUDP&sock=schedd_1249217_88f9>
...
000 (9144433.008.000) 07/31 09:58:58 Job submitted from host: <188.185.125.71:9618?addrs=188.185.125.71-9618+[2001-1458-d00-4a--100-15e]-9618&alias=bigbird28.cern.ch&noUDP&sock=schedd_1249217_88f9>
...
000 (9144433.009.000) 07/31 09:58:58 Job submitted from host: <188.185.125.71:9618?addrs=188.185.125.71-9618+[2001-1458-d00-4a--100-15e]-9618&alias=bigbird28.cern.ch&noUDP&sock=schedd_1249217_88f9>
...
040 (9144433.000.000) 07/31 10:00:32 Started transferring input files
	Transferring to host: <128.142.248.219:9618?addrs=128.142.248.219-9618+[2001-1458-301-73--100-da]-9618&alias=b9g23p9225.cern.ch&noUDP&sock=slot1_43_5390_7e14_7268>
...
040 (9144433.000.000) 07/31 10:00:32 Finished transferring input files
...
001 (9144433.000.000) 07/31 10:00:32 Job executing on host: <128.142.248.219:9618?addrs=128.142.248.219-9618+[2001-1458-301-73--100-da]-9618&alias=b9g23p9225.cern.ch&noUDP&sock=startd_5344_1e34>
	SlotName: slot1_43@b9g23p9225.cern.ch
	CondorScratchDir = "/pool/condor/dir_951546"
	Cpus = 1
	Disk = 3876
	GPUs = 0
	Memory = 3000
...
040 (9144433.001.000) 07/31 10:00:32 Started transferring input files
	Transferring to host: <188.185.195.38:9618?addrs=188.185.195.38-9618+[2001-1458-303-22--100-22]-9618&alias=b9p17p6084.cern.ch&noUDP&sock=slot1_48_3364_fe02_14164>
...
040 (9144433.001.000) 07/31 10:00:32 Finished transferring input files
...
001 (9144433.001.000) 07/31 10:00:32 Job executing on host: <188.185.195.38:9618?addrs=188.185.195.38-9618+[2001-1458-303-22--100-22]-9618&alias=b9p17p6084.cern.ch&noUDP&sock=startd_2607_c37d>
	SlotName: slot1_48@b9p17p6084.cern.ch
	CondorScratchDir = "/pool/condor/dir_495013"
	Cpus = 1
	Disk = 3946
	GPUs = 0
	Memory = 3000
...
040 (9144433.002.000) 07/31 10:00:32 Started transferring input files
	Transferring to host: <188.185.197.41:9618?addrs=188.185.197.41-9618+[2001-1458-303-24--100-25]-9618&alias=b9p14p5226.cern.ch&noUDP&sock=slot1_58_5463_ed77_7071>
...
040 (9144433.002.000) 07/31 10:00:32 Finished transferring input files
...
001 (9144433.002.000) 07/31 10:00:32 Job executing on host: <188.185.197.41:9618?addrs=188.185.197.41-9618+[2001-1458-303-24--100-25]-9618&alias=b9p14p5226.cern.ch&noUDP&sock=startd_4430_30a4>
	SlotName: slot1_58@b9p14p5226.cern.ch
	CondorScratchDir = "/pool/condor/dir_1081547"
	Cpus = 1
	Disk = 4061
	GPUs = 0
	Memory = 3000
...
040 (9144433.003.000) 07/31 10:00:32 Started transferring input files
	Transferring to host: <188.185.195.163:9618?addrs=188.185.195.163-9618+[2001-1458-303-22--100-9f]-9618&alias=b9p17p2339.cern.ch&noUDP&sock=slot1_42_3287_bd1f_13581>
...
040 (9144433.003.000) 07/31 10:00:32 Finished transferring input files
...
001 (9144433.003.000) 07/31 10:00:32 Job executing on host: <188.185.195.163:9618?addrs=188.185.195.163-9618+[2001-1458-303-22--100-9f]-9618&alias=b9p17p2339.cern.ch&noUDP&sock=startd_2625_1c32>
	SlotName: slot1_42@b9p17p2339.cern.ch
	CondorScratchDir = "/pool/condor/dir_224378"
	Cpus = 1
	Disk = 3873
	GPUs = 0
	Memory = 3000
...
040 (9144433.005.000) 07/31 10:00:33 Started transferring input files
	Transferring to host: <128.142.51.212:9618?addrs=128.142.51.212-9618+[2001-1458-301-3--100-11]-9618&alias=b9g02p4657.cern.ch&noUDP&sock=slot1_22_6193_4755_16613>
...
040 (9144433.005.000) 07/31 10:00:33 Finished transferring input files
...
001 (9144433.005.000) 07/31 10:00:33 Job executing on host: <128.142.51.212:9618?addrs=128.142.51.212-9618+[2001-1458-301-3--100-11]-9618&alias=b9g02p4657.cern.ch&noUDP&sock=startd_4550_8001>
	SlotName: slot1_22@b9g02p4657.cern.ch
	CondorScratchDir = "/pool/condor/dir_3005455"
	Cpus = 1
	Disk = 3875
	GPUs = 0
	Memory = 3000
...
040 (9144433.006.000) 07/31 10:00:33 Started transferring input files
	Transferring to host: <128.142.248.91:9618?addrs=128.142.248.91-9618+[2001-1458-301-73--100-14b]-9618&alias=b9g23p7085.cern.ch&noUDP&sock=slot1_47_8443_9b70_6807>
...
040 (9144433.006.000) 07/31 10:00:33 Finished transferring input files
...
040 (9144433.007.000) 07/31 10:00:33 Started transferring input files
	Transferring to host: <188.185.194.10:9618?addrs=188.185.194.10-9618+[2001-1458-303-21--100-6]-9618&alias=b9p20p0398.cern.ch&noUDP&sock=slot1_31_7404_89a6_14405>
...
040 (9144433.007.000) 07/31 10:00:33 Finished transferring input files
...
001 (9144433.006.000) 07/31 10:00:33 Job executing on host: <128.142.248.91:9618?addrs=128.142.248.91-9618+[2001-1458-301-73--100-14b]-9618&alias=b9g23p7085.cern.ch&noUDP&sock=startd_7881_49f9>
	SlotName: slot1_47@b9g23p7085.cern.ch
	CondorScratchDir = "/pool/condor/dir_2746191"
	Cpus = 1
	Disk = 3969
	GPUs = 0
	Memory = 3000
...
001 (9144433.007.000) 07/31 10:00:33 Job executing on host: <188.185.194.10:9618?addrs=188.185.194.10-9618+[2001-1458-303-21--100-6]-9618&alias=b9p20p0398.cern.ch&noUDP&sock=startd_6334_2cf6>
	SlotName: slot1_31@b9p20p0398.cern.ch
	CondorScratchDir = "/pool/condor/dir_437482"
	Cpus = 1
	Disk = 3894
	GPUs = 0
	Memory = 3000
...
040 (9144433.004.000) 07/31 10:00:33 Started transferring input files
	Transferring to host: <188.185.195.134:9618?addrs=188.185.195.134-9618+[2001-1458-303-22--100-82]-9618&alias=b9p17p8202.cern.ch&noUDP&sock=slot1_35_893353_c141_13305>
...
040 (9144433.004.000) 07/31 10:00:33 Finished transferring input files
...
001 (9144433.004.000) 07/31 10:00:33 Job executing on host: <188.185.195.134:9618?addrs=188.185.195.134-9618+[2001-1458-303-22--100-82]-9618&alias=b9p17p8202.cern.ch&noUDP&sock=startd_2597_e78b>
	SlotName: slot1_35@b9p17p8202.cern.ch
	CondorScratchDir = "/pool/condor/dir_2395170"
	Cpus = 1
	Disk = 3920
	GPUs = 0
	Memory = 3000
...
040 (9144433.008.000) 07/31 10:00:34 Started transferring input files
	Transferring to host: <188.185.192.43:9618?addrs=188.185.192.43-9618+[2001-1458-303-1f--100-27]-9618&alias=b9p13p3492.cern.ch&noUDP&sock=slot1_38_9842_5449_15004>
...
040 (9144433.010.000) 07/31 10:00:34 Started transferring input files
	Transferring to host: <188.185.195.122:9618?addrs=188.185.195.122-9618+[2001-1458-303-22--100-76]-9618&alias=b9p17p5468.cern.ch&noUDP&sock=slot1_11_3280_ce7e_14291>
...
040 (9144433.009.000) 07/31 10:00:34 Started transferring input files
	Transferring to host: <188.185.196.87:9618?addrs=188.185.196.87-9618+[2001-1458-303-23--100-53]-9618&alias=b9p16p3622.cern.ch&noUDP&sock=slot1_31_5197_81ac_13918>
...
040 (9144433.008.000) 07/31 10:00:34 Finished transferring input files
...
040 (9144433.010.000) 07/31 10:00:34 Finished transferring input files
...
001 (9144433.010.000) 07/31 10:00:34 Job executing on host: <188.185.195.122:9618?addrs=188.185.195.122-9618+[2001-1458-303-22--100-76]-9618&alias=b9p17p5468.cern.ch&noUDP&sock=startd_2569_b2e4>
	SlotName: slot1_11@b9p17p5468.cern.ch
	CondorScratchDir = "/pool/condor/dir_2332857"
	Cpus = 1
	Disk = 3811
	GPUs = 0
	Memory = 3000
...
001 (9144433.008.000) 07/31 10:00:34 Job executing on host: <188.185.192.43:9618?addrs=188.185.192.43-9618+[2001-1458-303-1f--100-27]-9618&alias=b9p13p3492.cern.ch&noUDP&sock=startd_8543_5dab>
	SlotName: slot1_38@b9p13p3492.cern.ch
	CondorScratchDir = "/pool/condor/dir_174425"
	Cpus = 1
	Disk = 3903
	GPUs = 0
	Memory = 3000
...
040 (9144433.009.000) 07/31 10:00:35 Finished transferring input files
...
001 (9144433.009.000) 07/31 10:00:35 Job executing on host: <188.185.196.87:9618?addrs=188.185.196.87-9618+[2001-1458-303-23--100-53]-9618&alias=b9p16p3622.cern.ch&noUDP&sock=startd_4184_7457>
	SlotName: slot1_31@b9p16p3622.cern.ch
	CondorScratchDir = "/pool/condor/dir_778887"
	Cpus = 1
	Disk = 3879
	GPUs = 0
	Memory = 3000
...
040 (9144433.011.000) 07/31 10:00:35 Started transferring input files
	Transferring to host: <128.142.51.202:9618?addrs=128.142.51.202-9618+[2001-1458-301-3--100-7]-9618&alias=b9g02p7746.cern.ch&noUDP&sock=slot1_40_5691_9301_16214>
...
040 (9144433.011.000) 07/31 10:00:35 Finished transferring input files
...
040 (9144433.012.000) 07/31 10:00:35 Started transferring input files
	Transferring to host: <188.185.197.63:9618?addrs=188.185.197.63-9618+[2001-1458-303-24--100-3b]-9618&alias=b9p14p0562.cern.ch&noUDP&sock=slot1_57_3197_535b_7149>
...
040 (9144433.012.000) 07/31 10:00:35 Finished transferring input files
...
001 (9144433.011.000) 07/31 10:00:35 Job executing on host: <128.142.51.202:9618?addrs=128.142.51.202-9618+[2001-1458-301-3--100-7]-9618&alias=b9g02p7746.cern.ch&noUDP&sock=startd_4469_f0d5>
	SlotName: slot1_40@b9g02p7746.cern.ch
	CondorScratchDir = "/pool/condor/dir_648715"
	Cpus = 1
	Disk = 3769
	GPUs = 0
	Memory = 3000
...
040 (9144433.013.000) 07/31 10:00:35 Started transferring input files
	Transferring to host: <128.142.161.100:9618?addrs=128.142.161.100-9618+[2001-1458-301-b8--100-22]-9618&alias=b9g03p2079.cern.ch&noUDP&sock=slot1_29_6351_9a9b_15391>
...
040 (9144433.013.000) 07/31 10:00:35 Finished transferring input files
...
001 (9144433.012.000) 07/31 10:00:35 Job executing on host: <188.185.197.63:9618?addrs=188.185.197.63-9618+[2001-1458-303-24--100-3b]-9618&alias=b9p14p0562.cern.ch&noUDP&sock=startd_2449_6386>
	SlotName: slot1_57@b9p14p0562.cern.ch
	CondorScratchDir = "/pool/condor/dir_3787393"
	Cpus = 1
	Disk = 3902
	GPUs = 0
	Memory = 3000
...
001 (9144433.013.000) 07/31 10:00:35 Job executing on host: <128.142.161.100:9618?addrs=128.142.161.100-9618+[2001-1458-301-b8--100-22]-9618&alias=b9g03p2079.cern.ch&noUDP&sock=startd_5315_39f4>
	SlotName: slot1_29@b9g03p2079.cern.ch
	CondorScratchDir = "/pool/condor/dir_1978644"
	Cpus = 1
	Disk = 3906
	GPUs = 0
	Memory = 3000
...
040 (9144433.014.000) 07/31 10:00:36 Started transferring input files
	Transferring to host: <188.185.192.21:9618?addrs=188.185.192.21-9618+[2001-1458-303-1f--100-11]-9618&alias=b9p13p6250.cern.ch&noUDP&sock=slot1_14_5706_24a1_14923>
...
040 (9144433.014.000) 07/31 10:00:36 Finished transferring input files
...
001 (9144433.014.000) 07/31 10:00:36 Job executing on host: <188.185.192.21:9618?addrs=188.185.192.21-9618+[2001-1458-303-1f--100-11]-9618&alias=b9p13p6250.cern.ch&noUDP&sock=startd_4344_337f>
	SlotName: slot1_14@b9p13p6250.cern.ch
	CondorScratchDir = "/pool/condor/dir_3398952"
	Cpus = 1
	Disk = 3954
	GPUs = 0
	Memory = 3000
...
040 (9144433.016.000) 07/31 10:00:36 Started transferring input files
	Transferring to host: <128.142.248.209:9618?addrs=128.142.248.209-9618+[2001-1458-301-73--100-d0]-9618&alias=b9g23p3672.cern.ch&noUDP&sock=slot1_17_4463_564f_6603>
...
040 (9144433.015.000) 07/31 10:00:36 Started transferring input files
	Transferring to host: <188.185.192.83:9618?addrs=188.185.192.83-9618+[2001-1458-303-1f--100-4f]-9618&alias=b9p13p4805.cern.ch&noUDP&sock=slot1_54_5046_1d06_16240>
...
040 (9144433.016.000) 07/31 10:00:36 Finished transferring input files
...
040 (9144433.015.000) 07/31 10:00:36 Finished transferring input files
...
001 (9144433.016.000) 07/31 10:00:36 Job executing on host: <128.142.248.209:9618?addrs=128.142.248.209-9618+[2001-1458-301-73--100-d0]-9618&alias=b9g23p3672.cern.ch&noUDP&sock=startd_3325_407d>
	SlotName: slot1_17@b9g23p3672.cern.ch
	CondorScratchDir = "/pool/condor/dir_2480829"
	Cpus = 1
	Disk = 3887
	GPUs = 0
	Memory = 3000
...
001 (9144433.015.000) 07/31 10:00:36 Job executing on host: <188.185.192.83:9618?addrs=188.185.192.83-9618+[2001-1458-303-1f--100-4f]-9618&alias=b9p13p4805.cern.ch&noUDP&sock=startd_4540_a40f>
	SlotName: slot1_54@b9p13p4805.cern.ch
	CondorScratchDir = "/pool/condor/dir_267997"
	Cpus = 1
	Disk = 3830
	GPUs = 0
	Memory = 3000
...
040 (9144433.018.000) 07/31 10:00:37 Started transferring input files
	Transferring to host: <128.142.248.164:9618?addrs=128.142.248.164-9618+[2001-1458-301-73--100-a3]-9618&alias=b9g23p1155.cern.ch&noUDP&sock=slot1_55_5357_3db3_6888>
...
040 (9144433.019.000) 07/31 10:00:37 Started transferring input files
	Transferring to host: <188.185.197.69:9618?addrs=188.185.197.69-9618+[2001-1458-303-24--100-41]-9618&alias=b9p14p2599.cern.ch&noUDP&sock=slot1_50_4435_9bcd_6981>
...
040 (9144433.017.000) 07/31 10:00:37 Started transferring input files
	Transferring to host: <188.185.192.84:9618?addrs=188.185.192.84-9618+[2001-1458-303-1f--100-50]-9618&alias=b9p13p2781.cern.ch&noUDP&sock=slot1_32_5569_9d3c_14357>
...
040 (9144433.018.000) 07/31 10:00:37 Finished transferring input files
...
040 (9144433.019.000) 07/31 10:00:37 Finished transferring input files
...
040 (9144433.017.000) 07/31 10:00:37 Finished transferring input files
...
001 (9144433.018.000) 07/31 10:00:37 Job executing on host: <128.142.248.164:9618?addrs=128.142.248.164-9618+[2001-1458-301-73--100-a3]-9618&alias=b9g23p1155.cern.ch&noUDP&sock=startd_4106_f3f4>
	SlotName: slot1_55@b9g23p1155.cern.ch
	CondorScratchDir = "/pool/condor/dir_4167534"
	Cpus = 1
	Disk = 3829
	GPUs = 0
	Memory = 3000
...
001 (9144433.019.000) 07/31 10:00:37 Job executing on host: <188.185.197.69:9618?addrs=188.185.197.69-9618+[2001-1458-303-24--100-41]-9618&alias=b9p14p2599.cern.ch&noUDP&sock=startd_3421_1994>
	SlotName: slot1_50@b9p14p2599.cern.ch
	CondorScratchDir = "/pool/condor/dir_1459524"
	Cpus = 1
	Disk = 3924
	GPUs = 0
	Memory = 3000
...
001 (9144433.017.000) 07/31 10:00:37 Job executing on host: <188.185.192.84:9618?addrs=188.185.192.84-9618+[2001-1458-303-1f--100-50]-9618&alias=b9p13p2781.cern.ch&noUDP&sock=startd_4244_9c06>
	SlotName: slot1_32@b9p13p2781.cern.ch
	CondorScratchDir = "/pool/condor/dir_3386512"
	Cpus = 1
	Disk = 3858
	GPUs = 0
	Memory = 3000
...
006 (9144433.000.000) 07/31 10:00:40 Image size of job updated: 228324
	223  -  MemoryUsage of job (MB)
	228324  -  ResidentSetSize of job (KB)
...
006 (9144433.001.000) 07/31 10:00:40 Image size of job updated: 114204
	112  -  MemoryUsage of job (MB)
	114204  -  ResidentSetSize of job (KB)
...
006 (9144433.002.000) 07/31 10:00:40 Image size of job updated: 207208
	203  -  MemoryUsage of job (MB)
	207208  -  ResidentSetSize of job (KB)
...
006 (9144433.003.000) 07/31 10:00:40 Image size of job updated: 213576
	209  -  MemoryUsage of job (MB)
	213576  -  ResidentSetSize of job (KB)
...
006 (9144433.005.000) 07/31 10:00:41 Image size of job updated: 254000
	249  -  MemoryUsage of job (MB)
	254000  -  ResidentSetSize of job (KB)
...
006 (9144433.006.000) 07/31 10:00:42 Image size of job updated: 267332
	262  -  MemoryUsage of job (MB)
	267332  -  ResidentSetSize of job (KB)
...
006 (9144433.007.000) 07/31 10:00:42 Image size of job updated: 262592
	257  -  MemoryUsage of job (MB)
	262592  -  ResidentSetSize of job (KB)
...
006 (9144433.004.000) 07/31 10:00:42 Image size of job updated: 33380
	33  -  MemoryUsage of job (MB)
	33380  -  ResidentSetSize of job (KB)
...
006 (9144433.009.000) 07/31 10:00:43 Image size of job updated: 204896
	201  -  MemoryUsage of job (MB)
	204896  -  ResidentSetSize of job (KB)
...
006 (9144433.011.000) 07/31 10:00:43 Image size of job updated: 217416
	213  -  MemoryUsage of job (MB)
	217416  -  ResidentSetSize of job (KB)
...
006 (9144433.012.000) 07/31 10:00:43 Image size of job updated: 180764
	177  -  MemoryUsage of job (MB)
	180764  -  ResidentSetSize of job (KB)
...
006 (9144433.013.000) 07/31 10:00:43 Image size of job updated: 144040
	141  -  MemoryUsage of job (MB)
	144040  -  ResidentSetSize of job (KB)
...
006 (9144433.008.000) 07/31 10:00:43 Image size of job updated: 267536
	262  -  MemoryUsage of job (MB)
	267536  -  ResidentSetSize of job (KB)
...
006 (9144433.010.000) 07/31 10:00:43 Image size of job updated: 221344
	217  -  MemoryUsage of job (MB)
	221344  -  ResidentSetSize of job (KB)
...
006 (9144433.014.000) 07/31 10:00:44 Image size of job updated: 237140
	232  -  MemoryUsage of job (MB)
	237140  -  ResidentSetSize of job (KB)
...
006 (9144433.016.000) 07/31 10:00:45 Image size of job updated: 264236
	259  -  MemoryUsage of job (MB)
	264236  -  ResidentSetSize of job (KB)
...
006 (9144433.015.000) 07/31 10:00:45 Image size of job updated: 275764
	270  -  MemoryUsage of job (MB)
	275764  -  ResidentSetSize of job (KB)
...
006 (9144433.018.000) 07/31 10:00:46 Image size of job updated: 283776
	278  -  MemoryUsage of job (MB)
	283776  -  ResidentSetSize of job (KB)
...
006 (9144433.017.000) 07/31 10:00:46 Image size of job updated: 209148
	205  -  MemoryUsage of job (MB)
	209148  -  ResidentSetSize of job (KB)
...
006 (9144433.019.000) 07/31 10:00:46 Image size of job updated: 277392
	271  -  MemoryUsage of job (MB)
	277392  -  ResidentSetSize of job (KB)
...
006 (9144433.000.000) 07/31 10:05:40 Image size of job updated: 283792
	223  -  MemoryUsage of job (MB)
	228324  -  ResidentSetSize of job (KB)
...
006 (9144433.003.000) 07/31 10:05:40 Image size of job updated: 283816
	209  -  MemoryUsage of job (MB)
	213576  -  ResidentSetSize of job (KB)
...
006 (9144433.001.000) 07/31 10:05:40 Image size of job updated: 307340
	112  -  MemoryUsage of job (MB)
	114212  -  ResidentSetSize of job (KB)
...
006 (9144433.002.000) 07/31 10:05:40 Image size of job updated: 277964
	203  -  MemoryUsage of job (MB)
	207304  -  ResidentSetSize of job (KB)
...
006 (9144433.005.000) 07/31 10:05:41 Image size of job updated: 290124
	249  -  MemoryUsage of job (MB)
	254008  -  ResidentSetSize of job (KB)
...
006 (9144433.009.000) 07/31 10:05:43 Image size of job updated: 279548
	201  -  MemoryUsage of job (MB)
	204896  -  ResidentSetSize of job (KB)
...
006 (9144433.011.000) 07/31 10:05:43 Image size of job updated: 278360
	213  -  MemoryUsage of job (MB)
	217596  -  ResidentSetSize of job (KB)
...
006 (9144433.012.000) 07/31 10:05:43 Image size of job updated: 277352
	177  -  MemoryUsage of job (MB)
	180764  -  ResidentSetSize of job (KB)
...
006 (9144433.013.000) 07/31 10:05:43 Image size of job updated: 262592
	141  -  MemoryUsage of job (MB)
	144040  -  ResidentSetSize of job (KB)
...
006 (9144433.007.000) 07/31 10:05:43 Image size of job updated: 279616
	257  -  MemoryUsage of job (MB)
	262640  -  ResidentSetSize of job (KB)
...
006 (9144433.006.000) 07/31 10:05:43 Image size of job updated: 281672
	262  -  MemoryUsage of job (MB)
	267332  -  ResidentSetSize of job (KB)
...
006 (9144433.004.000) 07/31 10:05:43 Image size of job updated: 286204
	90  -  MemoryUsage of job (MB)
	91528  -  ResidentSetSize of job (KB)
...
006 (9144433.010.000) 07/31 10:05:44 Image size of job updated: 265240
	217  -  MemoryUsage of job (MB)
	221452  -  ResidentSetSize of job (KB)
...
006 (9144433.008.000) 07/31 10:05:44 Image size of job updated: 279364
	262  -  MemoryUsage of job (MB)
	267604  -  ResidentSetSize of job (KB)
...
006 (9144433.014.000) 07/31 10:05:44 Image size of job updated: 283756
	232  -  MemoryUsage of job (MB)
	237408  -  ResidentSetSize of job (KB)
...
006 (9144433.016.000) 07/31 10:05:46 Image size of job updated: 278472
	259  -  MemoryUsage of job (MB)
	264324  -  ResidentSetSize of job (KB)
...
006 (9144433.015.000) 07/31 10:05:46 Image size of job updated: 285840
	270  -  MemoryUsage of job (MB)
	275772  -  ResidentSetSize of job (KB)
...
006 (9144433.018.000) 07/31 10:05:47 Image size of job updated: 292832
	278  -  MemoryUsage of job (MB)
	283776  -  ResidentSetSize of job (KB)
...
006 (9144433.019.000) 07/31 10:05:47 Image size of job updated: 287916
	271  -  MemoryUsage of job (MB)
	277400  -  ResidentSetSize of job (KB)
...
006 (9144433.017.000) 07/31 10:05:47 Image size of job updated: 264496
	205  -  MemoryUsage of job (MB)
	209256  -  ResidentSetSize of job (KB)
...
040 (9144433.006.000) 07/31 10:07:04 Started transferring output files
...
040 (9144433.006.000) 07/31 10:07:04 Finished transferring output files
...
005 (9144433.006.000) 07/31 10:07:05 Job terminated.
	(1) Normal termination (return value 0)
		Usr 0 00:04:20, Sys 0 00:00:25  -  Run Remote Usage
		Usr 0 00:00:00, Sys 0 00:00:00  -  Run Local Usage
		Usr 0 00:04:20, Sys 0 00:00:25  -  Total Remote Usage
		Usr 0 00:00:00, Sys 0 00:00:00  -  Total Local Usage
	147306  -  Run Bytes Sent By Job
	657735  -  Run Bytes Received By Job
	147306  -  Total Bytes Sent By Job
	657735  -  Total Bytes Received By Job
	Partitionable Resources :    Usage  Request Allocated 
	   Cpus                 :     0.78        1         1 
	   Disk (KB)            :   973         750      3969 
	   GPUs                 :                           0 
	   Memory (MB)          :   262        3000      3000 
	   TimeExecute (s)      :   390                       
	   TimeSlotBusy (s)     :   392                       
...
040 (9144433.012.000) 07/31 10:07:06 Started transferring output files
...
040 (9144433.012.000) 07/31 10:07:06 Finished transferring output files
...
040 (9144433.005.000) 07/31 10:07:06 Started transferring output files
...
040 (9144433.005.000) 07/31 10:07:06 Finished transferring output files
...
005 (9144433.012.000) 07/31 10:07:07 Job terminated.
	(1) Normal termination (return value 0)
		Usr 0 00:04:15, Sys 0 00:00:27  -  Run Remote Usage
		Usr 0 00:00:00, Sys 0 00:00:00  -  Run Local Usage
		Usr 0 00:04:15, Sys 0 00:00:27  -  Total Remote Usage
		Usr 0 00:00:00, Sys 0 00:00:00  -  Total Local Usage
	146853  -  Run Bytes Sent By Job
	657735  -  Run Bytes Received By Job
	146853  -  Total Bytes Sent By Job
	657735  -  Total Bytes Received By Job
	Partitionable Resources :    Usage  Request Allocated 
	   Cpus                 :     0.78        1         1 
	   Disk (KB)            :   972         750      3902 
	   GPUs                 :                           0 
	   Memory (MB)          :   177        3000      3000 
	   TimeExecute (s)      :   390                       
	   TimeSlotBusy (s)     :   392                       
...
005 (9144433.005.000) 07/31 10:07:07 Job terminated.
	(1) Normal termination (return value 0)
		Usr 0 00:04:27, Sys 0 00:00:26  -  Run Remote Usage
		Usr 0 00:00:00, Sys 0 00:00:00  -  Run Local Usage
		Usr 0 00:04:27, Sys 0 00:00:26  -  Total Remote Usage
		Usr 0 00:00:00, Sys 0 00:00:00  -  Total Local Usage
	145094  -  Run Bytes Sent By Job
	657735  -  Run Bytes Received By Job
	145094  -  Total Bytes Sent By Job
	657735  -  Total Bytes Received By Job
	Partitionable Resources :    Usage  Request Allocated 
	   Cpus                 :        0        1         1 
	   Disk (KB)            :      970      750      3875 
	   GPUs                 :                           0 
	   Memory (MB)          :      249     3000      3000 
	   TimeExecute (s)      :      392                    
	   TimeSlotBusy (s)     :      394                    
...
040 (9144433.011.000) 07/31 10:07:08 Started transferring output files
...
040 (9144433.011.000) 07/31 10:07:08 Finished transferring output files
...
005 (9144433.011.000) 07/31 10:07:08 Job terminated.
	(1) Normal termination (return value 0)
		Usr 0 00:04:26, Sys 0 00:00:24  -  Run Remote Usage
		Usr 0 00:00:00, Sys 0 00:00:00  -  Run Local Usage
		Usr 0 00:04:26, Sys 0 00:00:24  -  Total Remote Usage
		Usr 0 00:00:00, Sys 0 00:00:00  -  Total Local Usage
	145145  -  Run Bytes Sent By Job
	657735  -  Run Bytes Received By Job
	145145  -  Total Bytes Sent By Job
	657735  -  Total Bytes Received By Job
	Partitionable Resources :    Usage  Request Allocated 
	   Cpus                 :        0        1         1 
	   Disk (KB)            :      970      750      3769 
	   GPUs                 :                           0 
	   Memory (MB)          :      213     3000      3000 
	   TimeExecute (s)      :      392                    
	   TimeSlotBusy (s)     :      394                    
...
040 (9144433.007.000) 07/31 10:07:09 Started transferring output files
...
040 (9144433.007.000) 07/31 10:07:09 Finished transferring output files
...
005 (9144433.007.000) 07/31 10:07:09 Job terminated.
	(1) Normal termination (return value 0)
		Usr 0 00:04:21, Sys 0 00:00:27  -  Run Remote Usage
		Usr 0 00:00:00, Sys 0 00:00:00  -  Run Local Usage
		Usr 0 00:04:21, Sys 0 00:00:27  -  Total Remote Usage
		Usr 0 00:00:00, Sys 0 00:00:00  -  Total Local Usage
	145783  -  Run Bytes Sent By Job
	657735  -  Run Bytes Received By Job
	145783  -  Total Bytes Sent By Job
	657735  -  Total Bytes Received By Job
	Partitionable Resources :    Usage  Request Allocated 
	   Cpus                 :     0.33        1         1 
	   Disk (KB)            :   971         750      3894 
	   GPUs                 :                           0 
	   Memory (MB)          :   257        3000      3000 
	   TimeExecute (s)      :   395                       
	   TimeSlotBusy (s)     :   397                       
...
040 (9144433.002.000) 07/31 10:07:11 Started transferring output files
...
040 (9144433.002.000) 07/31 10:07:12 Finished transferring output files
...
005 (9144433.002.000) 07/31 10:07:12 Job terminated.
	(1) Normal termination (return value 0)
		Usr 0 00:04:19, Sys 0 00:00:27  -  Run Remote Usage
		Usr 0 00:00:00, Sys 0 00:00:00  -  Run Local Usage
		Usr 0 00:04:19, Sys 0 00:00:27  -  Total Remote Usage
		Usr 0 00:00:00, Sys 0 00:00:00  -  Total Local Usage
	147340  -  Run Bytes Sent By Job
	657735  -  Run Bytes Received By Job
	147340  -  Total Bytes Sent By Job
	657735  -  Total Bytes Received By Job
	Partitionable Resources :    Usage  Request Allocated 
	   Cpus                 :     0.76        1         1 
	   Disk (KB)            :   973         750      4061 
	   GPUs                 :                           0 
	   Memory (MB)          :   203        3000      3000 
	   TimeExecute (s)      :   398                       
	   TimeSlotBusy (s)     :   401                       
...
040 (9144433.016.000) 07/31 10:07:16 Started transferring output files
...
040 (9144433.016.000) 07/31 10:07:16 Finished transferring output files
...
005 (9144433.016.000) 07/31 10:07:16 Job terminated.
	(1) Normal termination (return value 0)
		Usr 0 00:04:28, Sys 0 00:00:28  -  Run Remote Usage
		Usr 0 00:00:00, Sys 0 00:00:00  -  Run Local Usage
		Usr 0 00:04:28, Sys 0 00:00:28  -  Total Remote Usage
		Usr 0 00:00:00, Sys 0 00:00:00  -  Total Local Usage
	148046  -  Run Bytes Sent By Job
	657735  -  Run Bytes Received By Job
	148046  -  Total Bytes Sent By Job
	657735  -  Total Bytes Received By Job
	Partitionable Resources :    Usage  Request Allocated 
	   Cpus                 :     0.80        1         1 
	   Disk (KB)            :   973         750      3887 
	   GPUs                 :                           0 
	   Memory (MB)          :   259        3000      3000 
	   TimeExecute (s)      :   399                       
	   TimeSlotBusy (s)     :   401                       
...
040 (9144433.000.000) 07/31 10:07:18 Started transferring output files
...
040 (9144433.000.000) 07/31 10:07:18 Finished transferring output files
...
005 (9144433.000.000) 07/31 10:07:19 Job terminated.
	(1) Normal termination (return value 0)
		Usr 0 00:04:31, Sys 0 00:00:26  -  Run Remote Usage
		Usr 0 00:00:00, Sys 0 00:00:00  -  Run Local Usage
		Usr 0 00:04:31, Sys 0 00:00:26  -  Total Remote Usage
		Usr 0 00:00:00, Sys 0 00:00:00  -  Total Local Usage
	145762  -  Run Bytes Sent By Job
	657735  -  Run Bytes Received By Job
	145762  -  Total Bytes Sent By Job
	657735  -  Total Bytes Received By Job
	Partitionable Resources :    Usage  Request Allocated 
	   Cpus                 :        0        1         1 
	   Disk (KB)            :      971      750      3876 
	   GPUs                 :                           0 
	   Memory (MB)          :      223     3000      3000 
	   TimeExecute (s)      :      405                    
	   TimeSlotBusy (s)     :      408                    
...
040 (9144433.009.000) 07/31 10:07:21 Started transferring output files
...
040 (9144433.009.000) 07/31 10:07:22 Finished transferring output files
...
005 (9144433.009.000) 07/31 10:07:22 Job terminated.
	(1) Normal termination (return value 0)
		Usr 0 00:04:32, Sys 0 00:00:26  -  Run Remote Usage
		Usr 0 00:00:00, Sys 0 00:00:00  -  Run Local Usage
		Usr 0 00:04:32, Sys 0 00:00:26  -  Total Remote Usage
		Usr 0 00:00:00, Sys 0 00:00:00  -  Total Local Usage
	146471  -  Run Bytes Sent By Job
	657735  -  Run Bytes Received By Job
	146471  -  Total Bytes Sent By Job
	657735  -  Total Bytes Received By Job
	Partitionable Resources :    Usage  Request Allocated 
	   Cpus                 :     0.76        1         1 
	   Disk (KB)            :   972         750      3879 
	   GPUs                 :                           0 
	   Memory (MB)          :   201        3000      3000 
	   TimeExecute (s)      :   405                       
	   TimeSlotBusy (s)     :   409                       
...
040 (9144433.019.000) 07/31 10:07:22 Started transferring output files
...
040 (9144433.019.000) 07/31 10:07:22 Finished transferring output files
...
040 (9144433.018.000) 07/31 10:07:22 Started transferring output files
...
005 (9144433.019.000) 07/31 10:07:22 Job terminated.
	(1) Normal termination (return value 0)
		Usr 0 00:04:20, Sys 0 00:00:28  -  Run Remote Usage
		Usr 0 00:00:00, Sys 0 00:00:00  -  Run Local Usage
		Usr 0 00:04:20, Sys 0 00:00:28  -  Total Remote Usage
		Usr 0 00:00:00, Sys 0 00:00:00  -  Total Local Usage
	147304  -  Run Bytes Sent By Job
	657735  -  Run Bytes Received By Job
	147304  -  Total Bytes Sent By Job
	657735  -  Total Bytes Received By Job
	Partitionable Resources :    Usage  Request Allocated 
	   Cpus                 :        0        1         1 
	   Disk (KB)            :      972      750      3924 
	   GPUs                 :                           0 
	   Memory (MB)          :      271     3000      3000 
	   TimeExecute (s)      :      404                    
	   TimeSlotBusy (s)     :      406                    
...
040 (9144433.018.000) 07/31 10:07:22 Finished transferring output files
...
005 (9144433.018.000) 07/31 10:07:22 Job terminated.
	(1) Normal termination (return value 0)
		Usr 0 00:04:23, Sys 0 00:00:26  -  Run Remote Usage
		Usr 0 00:00:00, Sys 0 00:00:00  -  Run Local Usage
		Usr 0 00:04:23, Sys 0 00:00:26  -  Total Remote Usage
		Usr 0 00:00:00, Sys 0 00:00:00  -  Total Local Usage
	145929  -  Run Bytes Sent By Job
	657735  -  Run Bytes Received By Job
	145929  -  Total Bytes Sent By Job
	657735  -  Total Bytes Received By Job
	Partitionable Resources :    Usage  Request Allocated 
	   Cpus                 :     0.78        1         1 
	   Disk (KB)            :   971         750      3829 
	   GPUs                 :                           0 
	   Memory (MB)          :   278        3000      3000 
	   TimeExecute (s)      :   404                       
	   TimeSlotBusy (s)     :   406                       
...
040 (9144433.014.000) 07/31 10:07:26 Started transferring output files
...
040 (9144433.014.000) 07/31 10:07:26 Finished transferring output files
...
005 (9144433.014.000) 07/31 10:07:26 Job terminated.
	(1) Normal termination (return value 0)
		Usr 0 00:04:20, Sys 0 00:00:26  -  Run Remote Usage
		Usr 0 00:00:00, Sys 0 00:00:00  -  Run Local Usage
		Usr 0 00:04:20, Sys 0 00:00:26  -  Total Remote Usage
		Usr 0 00:00:00, Sys 0 00:00:00  -  Total Local Usage
	146191  -  Run Bytes Sent By Job
	657735  -  Run Bytes Received By Job
	146191  -  Total Bytes Sent By Job
	657735  -  Total Bytes Received By Job
	Partitionable Resources :    Usage  Request Allocated 
	   Cpus                 :     0.76        1         1 
	   Disk (KB)            :   972         750      3954 
	   GPUs                 :                           0 
	   Memory (MB)          :   232        3000      3000 
	   TimeExecute (s)      :   409                       
	   TimeSlotBusy (s)     :   411                       
...
040 (9144433.008.000) 07/31 10:07:28 Started transferring output files
...
040 (9144433.008.000) 07/31 10:07:29 Finished transferring output files
...
005 (9144433.008.000) 07/31 10:07:29 Job terminated.
	(1) Normal termination (return value 0)
		Usr 0 00:04:34, Sys 0 00:00:29  -  Run Remote Usage
		Usr 0 00:00:00, Sys 0 00:00:00  -  Run Local Usage
		Usr 0 00:04:34, Sys 0 00:00:29  -  Total Remote Usage
		Usr 0 00:00:00, Sys 0 00:00:00  -  Total Local Usage
	147142  -  Run Bytes Sent By Job
	657735  -  Run Bytes Received By Job
	147142  -  Total Bytes Sent By Job
	657735  -  Total Bytes Received By Job
	Partitionable Resources :    Usage  Request Allocated 
	   Cpus                 :        0        1         1 
	   Disk (KB)            :      972      750      3903 
	   GPUs                 :                           0 
	   Memory (MB)          :      262     3000      3000 
	   TimeExecute (s)      :      413                    
	   TimeSlotBusy (s)     :      416                    
...
040 (9144433.003.000) 07/31 10:07:29 Started transferring output files
...
040 (9144433.003.000) 07/31 10:07:29 Finished transferring output files
...
005 (9144433.003.000) 07/31 10:07:29 Job terminated.
	(1) Normal termination (return value 0)
		Usr 0 00:04:48, Sys 0 00:00:28  -  Run Remote Usage
		Usr 0 00:00:00, Sys 0 00:00:00  -  Run Local Usage
		Usr 0 00:04:48, Sys 0 00:00:28  -  Total Remote Usage
		Usr 0 00:00:00, Sys 0 00:00:00  -  Total Local Usage
	146341  -  Run Bytes Sent By Job
	657735  -  Run Bytes Received By Job
	146341  -  Total Bytes Sent By Job
	657735  -  Total Bytes Received By Job
	Partitionable Resources :    Usage  Request Allocated 
	   Cpus                 :     0.79        1         1 
	   Disk (KB)            :   972         750      3873 
	   GPUs                 :                           0 
	   Memory (MB)          :   209        3000      3000 
	   TimeExecute (s)      :   416                       
	   TimeSlotBusy (s)     :   418                       
...
040 (9144433.013.000) 07/31 10:07:32 Started transferring output files
...
040 (9144433.013.000) 07/31 10:07:33 Finished transferring output files
...
005 (9144433.013.000) 07/31 10:07:33 Job terminated.
	(1) Normal termination (return value 0)
		Usr 0 00:04:28, Sys 0 00:00:27  -  Run Remote Usage
		Usr 0 00:00:00, Sys 0 00:00:00  -  Run Local Usage
		Usr 0 00:04:28, Sys 0 00:00:27  -  Total Remote Usage
		Usr 0 00:00:00, Sys 0 00:00:00  -  Total Local Usage
	146280  -  Run Bytes Sent By Job
	657735  -  Run Bytes Received By Job
	146280  -  Total Bytes Sent By Job
	657735  -  Total Bytes Received By Job
	Partitionable Resources :    Usage  Request Allocated 
	   Cpus                 :        0        1         1 
	   Disk (KB)            :      971      750      3906 
	   GPUs                 :                           0 
	   Memory (MB)          :      141     3000      3000 
	   TimeExecute (s)      :      416                    
	   TimeSlotBusy (s)     :      419                    
...
040 (9144433.017.000) 07/31 10:07:38 Started transferring output files
...
040 (9144433.017.000) 07/31 10:07:38 Finished transferring output files
...
005 (9144433.017.000) 07/31 10:07:39 Job terminated.
	(1) Normal termination (return value 0)
		Usr 0 00:04:29, Sys 0 00:00:28  -  Run Remote Usage
		Usr 0 00:00:00, Sys 0 00:00:00  -  Run Local Usage
		Usr 0 00:04:29, Sys 0 00:00:28  -  Total Remote Usage
		Usr 0 00:00:00, Sys 0 00:00:00  -  Total Local Usage
	145273  -  Run Bytes Sent By Job
	657735  -  Run Bytes Received By Job
	145273  -  Total Bytes Sent By Job
	657735  -  Total Bytes Received By Job
	Partitionable Resources :    Usage  Request Allocated 
	   Cpus                 :        0        1         1 
	   Disk (KB)            :      971      750      3858 
	   GPUs                 :                           0 
	   Memory (MB)          :      205     3000      3000 
	   TimeExecute (s)      :      420                    
	   TimeSlotBusy (s)     :      422                    
...
040 (9144433.010.000) 07/31 10:07:47 Started transferring output files
...
040 (9144433.010.000) 07/31 10:07:47 Finished transferring output files
...
005 (9144433.010.000) 07/31 10:07:47 Job terminated.
	(1) Normal termination (return value 0)
		Usr 0 00:04:32, Sys 0 00:00:28  -  Run Remote Usage
		Usr 0 00:00:00, Sys 0 00:00:00  -  Run Local Usage
		Usr 0 00:04:32, Sys 0 00:00:28  -  Total Remote Usage
		Usr 0 00:00:00, Sys 0 00:00:00  -  Total Local Usage
	146301  -  Run Bytes Sent By Job
	657735  -  Run Bytes Received By Job
	146301  -  Total Bytes Sent By Job
	657735  -  Total Bytes Received By Job
	Partitionable Resources :    Usage  Request Allocated 
	   Cpus                 :     0.48        1         1 
	   Disk (KB)            :   972         750      3811 
	   GPUs                 :                           0 
	   Memory (MB)          :   217        3000      3000 
	   TimeExecute (s)      :   431                       
	   TimeSlotBusy (s)     :   434                       
...
040 (9144433.015.000) 07/31 10:07:50 Started transferring output files
...
040 (9144433.015.000) 07/31 10:07:51 Finished transferring output files
...
005 (9144433.015.000) 07/31 10:07:51 Job terminated.
	(1) Normal termination (return value 0)
		Usr 0 00:04:33, Sys 0 00:00:29  -  Run Remote Usage
		Usr 0 00:00:00, Sys 0 00:00:00  -  Run Local Usage
		Usr 0 00:04:33, Sys 0 00:00:29  -  Total Remote Usage
		Usr 0 00:00:00, Sys 0 00:00:00  -  Total Local Usage
	148173  -  Run Bytes Sent By Job
	657735  -  Run Bytes Received By Job
	148173  -  Total Bytes Sent By Job
	657735  -  Total Bytes Received By Job
	Partitionable Resources :    Usage  Request Allocated 
	   Cpus                 :     0.79        1         1 
	   Disk (KB)            :   974         750      3830 
	   GPUs                 :                           0 
	   Memory (MB)          :   270        3000      3000 
	   TimeExecute (s)      :   433                       
	   TimeSlotBusy (s)     :   436                       
...
040 (9144433.001.000) 07/31 10:07:58 Started transferring output files
...
040 (9144433.001.000) 07/31 10:07:58 Finished transferring output files
...
005 (9144433.001.000) 07/31 10:07:59 Job terminated.
	(1) Normal termination (return value 0)
		Usr 0 00:04:42, Sys 0 00:00:29  -  Run Remote Usage
		Usr 0 00:00:00, Sys 0 00:00:00  -  Run Local Usage
		Usr 0 00:04:42, Sys 0 00:00:29  -  Total Remote Usage
		Usr 0 00:00:00, Sys 0 00:00:00  -  Total Local Usage
	147469  -  Run Bytes Sent By Job
	657735  -  Run Bytes Received By Job
	147469  -  Total Bytes Sent By Job
	657735  -  Total Bytes Received By Job
	Partitionable Resources :    Usage  Request Allocated 
	   Cpus                 :                 1         1 
	   Disk (KB)            :      964      750      3946 
	   GPUs                 :                           0 
	   Memory (MB)          :      112     3000      3000 
	   TimeExecute (s)      :      445                    
	   TimeSlotBusy (s)     :      448                    
...
006 (9144433.004.000) 07/31 10:10:44 Image size of job updated: 286204
	98  -  MemoryUsage of job (MB)
	99336  -  ResidentSetSize of job (KB)
...
040 (9144433.004.000) 07/31 10:11:40 Started transferring output files
...
040 (9144433.004.000) 07/31 10:11:41 Finished transferring output files
...
005 (9144433.004.000) 07/31 10:11:41 Job terminated.
	(1) Normal termination (return value 0)
		Usr 0 00:04:45, Sys 0 00:00:29  -  Run Remote Usage
		Usr 0 00:00:00, Sys 0 00:00:00  -  Run Local Usage
		Usr 0 00:04:45, Sys 0 00:00:29  -  Total Remote Usage
		Usr 0 00:00:00, Sys 0 00:00:00  -  Total Local Usage
	147461  -  Run Bytes Sent By Job
	657735  -  Run Bytes Received By Job
	147461  -  Total Bytes Sent By Job
	657735  -  Total Bytes Received By Job
	Partitionable Resources :    Usage  Request Allocated 
	   Cpus                 :     0.45        1         1 
	   Disk (KB)            :   972         750      3920 
	   GPUs                 :                           0 
	   Memory (MB)          :    98        3000      3000 
	   TimeExecute (s)      :   666                       
	   TimeSlotBusy (s)     :   670                       
...
000 (9146982.000.000) 08/03 09:20:29 Job submitted from host: <188.185.125.71:9618?addrs=188.185.125.71-9618+[2001-1458-d00-4a--100-15e]-9618&alias=bigbird28.cern.ch&noUDP&sock=schedd_1249217_88f9>
...
000 (9146982.001.000) 08/03 09:20:29 Job submitted from host: <188.185.125.71:9618?addrs=188.185.125.71-9618+[2001-1458-d00-4a--100-15e]-9618&alias=bigbird28.cern.ch&noUDP&sock=schedd_1249217_88f9>
...
000 (9146982.010.000) 08/03 09:20:29 Job submitted from host: <188.185.125.71:9618?addrs=188.185.125.71-9618+[2001-1458-d00-4a--100-15e]-9618&alias=bigbird28.cern.ch&noUDP&sock=schedd_1249217_88f9>
...
000 (9146982.011.000) 08/03 09:20:29 Job submitted from host: <188.185.125.71:9618?addrs=188.185.125.71-9618+[2001-1458-d00-4a--100-15e]-9618&alias=bigbird28.cern.ch&noUDP&sock=schedd_1249217_88f9>
...
000 (9146982.012.000) 08/03 09:20:29 Job submitted from host: <188.185.125.71:9618?addrs=188.185.125.71-9618+[2001-1458-d00-4a--100-15e]-9618&alias=bigbird28.cern.ch&noUDP&sock=schedd_1249217_88f9>
...
000 (9146982.013.000) 08/03 09:20:29 Job submitted from host: <188.185.125.71:9618?addrs=188.185.125.71-9618+[2001-1458-d00-4a--100-15e]-9618&alias=bigbird28.cern.ch&noUDP&sock=schedd_1249217_88f9>
...
000 (9146982.014.000) 08/03 09:20:29 Job submitted from host: <188.185.125.71:9618?addrs=188.185.125.71-9618+[2001-1458-d00-4a--100-15e]-9618&alias=bigbird28.cern.ch&noUDP&sock=schedd_1249217_88f9>
...
000 (9146982.015.000) 08/03 09:20:29 Job submitted from host: <188.185.125.71:9618?addrs=188.185.125.71-9618+[2001-1458-d00-4a--100-15e]-9618&alias=bigbird28.cern.ch&noUDP&sock=schedd_1249217_88f9>
...
000 (9146982.016.000) 08/03 09:20:29 Job submitted from host: <188.185.125.71:9618?addrs=188.185.125.71-9618+[2001-1458-d00-4a--100-15e]-9618&alias=bigbird28.cern.ch&noUDP&sock=schedd_1249217_88f9>
...
000 (9146982.017.000) 08/03 09:20:29 Job submitted from host: <188.185.125.71:9618?addrs=188.185.125.71-9618+[2001-1458-d00-4a--100-15e]-9618&alias=bigbird28.cern.ch&noUDP&sock=schedd_1249217_88f9>
...
000 (9146982.018.000) 08/03 09:20:29 Job submitted from host: <188.185.125.71:9618?addrs=188.185.125.71-9618+[2001-1458-d00-4a--100-15e]-9618&alias=bigbird28.cern.ch&noUDP&sock=schedd_1249217_88f9>
...
000 (9146982.019.000) 08/03 09:20:29 Job submitted from host: <188.185.125.71:9618?addrs=188.185.125.71-9618+[2001-1458-d00-4a--100-15e]-9618&alias=bigbird28.cern.ch&noUDP&sock=schedd_1249217_88f9>
...
000 (9146982.002.000) 08/03 09:20:29 Job submitted from host: <188.185.125.71:9618?addrs=188.185.125.71-9618+[2001-1458-d00-4a--100-15e]-9618&alias=bigbird28.cern.ch&noUDP&sock=schedd_1249217_88f9>
...
000 (9146982.003.000) 08/03 09:20:29 Job submitted from host: <188.185.125.71:9618?addrs=188.185.125.71-9618+[2001-1458-d00-4a--100-15e]-9618&alias=bigbird28.cern.ch&noUDP&sock=schedd_1249217_88f9>
...
000 (9146982.004.000) 08/03 09:20:29 Job submitted from host: <188.185.125.71:9618?addrs=188.185.125.71-9618+[2001-1458-d00-4a--100-15e]-9618&alias=bigbird28.cern.ch&noUDP&sock=schedd_1249217_88f9>
...
000 (9146982.005.000) 08/03 09:20:29 Job submitted from host: <188.185.125.71:9618?addrs=188.185.125.71-9618+[2001-1458-d00-4a--100-15e]-9618&alias=bigbird28.cern.ch&noUDP&sock=schedd_1249217_88f9>
...
000 (9146982.006.000) 08/03 09:20:29 Job submitted from host: <188.185.125.71:9618?addrs=188.185.125.71-9618+[2001-1458-d00-4a--100-15e]-9618&alias=bigbird28.cern.ch&noUDP&sock=schedd_1249217_88f9>
...
000 (9146982.007.000) 08/03 09:20:29 Job submitted from host: <188.185.125.71:9618?addrs=188.185.125.71-9618+[2001-1458-d00-4a--100-15e]-9618&alias=bigbird28.cern.ch&noUDP&sock=schedd_1249217_88f9>
...
000 (9146982.008.000) 08/03 09:20:29 Job submitted from host: <188.185.125.71:9618?addrs=188.185.125.71-9618+[2001-1458-d00-4a--100-15e]-9618&alias=bigbird28.cern.ch&noUDP&sock=schedd_1249217_88f9>
...
000 (9146982.009.000) 08/03 09:20:29 Job submitted from host: <188.185.125.71:9618?addrs=188.185.125.71-9618+[2001-1458-d00-4a--100-15e]-9618&alias=bigbird28.cern.ch&noUDP&sock=schedd_1249217_88f9>
...
040 (9146982.014.000) 08/03 09:21:28 Started transferring input files
	Transferring to host: <188.185.194.156:9618?addrs=188.185.194.156-9618+[2001-1458-303-21--100-98]-9618&alias=b9p20p1008.cern.ch&noUDP&sock=slot1_7_3276_fcfe_16877>
...
040 (9146982.014.000) 08/03 09:21:28 Finished transferring input files
...
001 (9146982.014.000) 08/03 09:21:28 Job executing on host: <188.185.194.156:9618?addrs=188.185.194.156-9618+[2001-1458-303-21--100-98]-9618&alias=b9p20p1008.cern.ch&noUDP&sock=startd_2576_800e>
	SlotName: slot1_7@b9p20p1008.cern.ch
	CondorScratchDir = "/pool/condor/dir_3015915"
	Cpus = 1
	Disk = 3867
	GPUs = 0
	Memory = 3000
...
006 (9146982.014.000) 08/03 09:21:37 Image size of job updated: 191720
	188  -  MemoryUsage of job (MB)
	191720  -  ResidentSetSize of job (KB)
...
040 (9146982.000.000) 08/03 09:21:38 Started transferring input files
	Transferring to host: <188.185.196.62:9618?addrs=188.185.196.62-9618+[2001-1458-303-23--100-3a]-9618&alias=b9p16p3286.cern.ch&noUDP&sock=slot1_38_4931_15e2_18227>
...
040 (9146982.000.000) 08/03 09:21:38 Finished transferring input files
...
001 (9146982.000.000) 08/03 09:21:38 Job executing on host: <188.185.196.62:9618?addrs=188.185.196.62-9618+[2001-1458-303-23--100-3a]-9618&alias=b9p16p3286.cern.ch&noUDP&sock=startd_3935_a942>
	SlotName: slot1_38@b9p16p3286.cern.ch
	CondorScratchDir = "/pool/condor/dir_1906725"
	Cpus = 1
	Disk = 3895
	GPUs = 0
	Memory = 3000
...
040 (9146982.003.000) 08/03 09:21:39 Started transferring input files
	Transferring to host: <188.185.192.53:9618?addrs=188.185.192.53-9618+[2001-1458-303-1f--100-31]-9618&alias=b9p13p1061.cern.ch&noUDP&sock=slot1_28_9120_9d6c_17919>
...
040 (9146982.003.000) 08/03 09:21:39 Finished transferring input files
...
001 (9146982.003.000) 08/03 09:21:39 Job executing on host: <188.185.192.53:9618?addrs=188.185.192.53-9618+[2001-1458-303-1f--100-31]-9618&alias=b9p13p1061.cern.ch&noUDP&sock=startd_7815_04b9>
	SlotName: slot1_28@b9p13p1061.cern.ch
	CondorScratchDir = "/pool/condor/dir_1631913"
	Cpus = 1
	Disk = 3840
	GPUs = 0
	Memory = 3000
...
040 (9146982.001.000) 08/03 09:21:39 Started transferring input files
	Transferring to host: <188.185.194.135:9618?addrs=188.185.194.135-9618+[2001-1458-303-21--100-83]-9618&alias=b9p20p5089.cern.ch&noUDP&sock=slot1_28_6782_484d_17309>
...
040 (9146982.002.000) 08/03 09:21:39 Started transferring input files
	Transferring to host: <188.185.195.26:9618?addrs=188.185.195.26-9618+[2001-1458-303-22--100-16]-9618&alias=b9p17p1611.cern.ch&noUDP&sock=slot1_57_4714_3079_17330>
...
040 (9146982.001.000) 08/03 09:21:39 Finished transferring input files
...
001 (9146982.001.000) 08/03 09:21:39 Job executing on host: <188.185.194.135:9618?addrs=188.185.194.135-9618+[2001-1458-303-21--100-83]-9618&alias=b9p20p5089.cern.ch&noUDP&sock=startd_6138_bc66>
	SlotName: slot1_28@b9p20p5089.cern.ch
	CondorScratchDir = "/pool/condor/dir_4138270"
	Cpus = 1
	Disk = 3824
	GPUs = 0
	Memory = 3000
...
040 (9146982.002.000) 08/03 09:21:39 Finished transferring input files
...
001 (9146982.002.000) 08/03 09:21:39 Job executing on host: <188.185.195.26:9618?addrs=188.185.195.26-9618+[2001-1458-303-22--100-16]-9618&alias=b9p17p1611.cern.ch&noUDP&sock=startd_3729_5cc0>
	SlotName: slot1_57@b9p17p1611.cern.ch
	CondorScratchDir = "/pool/condor/dir_1577448"
	Cpus = 1
	Disk = 3904
	GPUs = 0
	Memory = 3000
...
040 (9146982.005.000) 08/03 09:21:40 Started transferring input files
	Transferring to host: <128.142.248.40:9618?addrs=128.142.248.40-9618+[2001-1458-301-73--100-118]-9618&alias=b9g23p1494.cern.ch&noUDP&sock=slot1_45_6591_b4a5_9216>
...
040 (9146982.005.000) 08/03 09:21:40 Finished transferring input files
...
001 (9146982.005.000) 08/03 09:21:40 Job executing on host: <128.142.248.40:9618?addrs=128.142.248.40-9618+[2001-1458-301-73--100-118]-9618&alias=b9g23p1494.cern.ch&noUDP&sock=startd_5156_2a65>
	SlotName: slot1_45@b9g23p1494.cern.ch
	CondorScratchDir = "/pool/condor/dir_2594241"
	Cpus = 1
	Disk = 3966
	GPUs = 0
	Memory = 3000
...
040 (9146982.006.000) 08/03 09:21:41 Started transferring input files
	Transferring to host: <188.185.197.135:9618?addrs=188.185.197.135-9618+[2001-1458-303-24--100-83]-9618&alias=b9p14p1451.cern.ch&noUDP&sock=slot1_27_6501_4ae1_10040>
...
040 (9146982.004.000) 08/03 09:21:41 Started transferring input files
	Transferring to host: <188.185.193.32:9618?addrs=188.185.193.32-9618+[2001-1458-303-20--100-1c]-9618&alias=b9p19p9987.cern.ch&noUDP&sock=slot1_26_6407_0f9e_17554>
...
040 (9146982.006.000) 08/03 09:21:41 Finished transferring input files
...
040 (9146982.004.000) 08/03 09:21:41 Finished transferring input files
...
001 (9146982.006.000) 08/03 09:21:41 Job executing on host: <188.185.197.135:9618?addrs=188.185.197.135-9618+[2001-1458-303-24--100-83]-9618&alias=b9p14p1451.cern.ch&noUDP&sock=startd_5440_f74b>
	SlotName: slot1_27@b9p14p1451.cern.ch
	CondorScratchDir = "/pool/condor/dir_4110858"
	Cpus = 1
	Disk = 3814
	GPUs = 0
	Memory = 3000
...
001 (9146982.004.000) 08/03 09:21:41 Job executing on host: <188.185.193.32:9618?addrs=188.185.193.32-9618+[2001-1458-303-20--100-1c]-9618&alias=b9p19p9987.cern.ch&noUDP&sock=startd_5574_e0fc>
	SlotName: slot1_26@b9p19p9987.cern.ch
	CondorScratchDir = "/pool/condor/dir_3791659"
	Cpus = 1
	Disk = 3906
	GPUs = 0
	Memory = 3000
...
040 (9146982.008.000) 08/03 09:21:41 Started transferring input files
	Transferring to host: <128.142.248.116:9618?addrs=128.142.248.116-9618+[2001-1458-301-73--100-164]-9618&alias=b9g23p4624.cern.ch&noUDP&sock=slot1_17_3355_a6a2_9577>
...
040 (9146982.007.000) 08/03 09:21:41 Started transferring input files
	Transferring to host: <188.185.195.174:9618?addrs=188.185.195.174-9618+[2001-1458-303-22--100-aa]-9618&alias=b9p17p1073.cern.ch&noUDP&sock=slot1_50_3307_d4a0_18592>
...
040 (9146982.008.000) 08/03 09:21:41 Finished transferring input files
...
040 (9146982.007.000) 08/03 09:21:42 Finished transferring input files
...
040 (9146982.010.000) 08/03 09:21:42 Started transferring input files
	Transferring to host: <188.185.193.165:9618?addrs=188.185.193.165-9618+[2001-1458-303-20--100-a1]-9618&alias=b9p19p2832.cern.ch&noUDP&sock=slot1_24_3155_bb99_17075>
...
001 (9146982.008.000) 08/03 09:21:42 Job executing on host: <128.142.248.116:9618?addrs=128.142.248.116-9618+[2001-1458-301-73--100-164]-9618&alias=b9g23p4624.cern.ch&noUDP&sock=startd_2609_22ae>
	SlotName: slot1_17@b9g23p4624.cern.ch
	CondorScratchDir = "/pool/condor/dir_1352915"
	Cpus = 1
	Disk = 3855
	GPUs = 0
	Memory = 3000
...
040 (9146982.010.000) 08/03 09:21:42 Finished transferring input files
...
001 (9146982.007.000) 08/03 09:21:42 Job executing on host: <188.185.195.174:9618?addrs=188.185.195.174-9618+[2001-1458-303-22--100-aa]-9618&alias=b9p17p1073.cern.ch&noUDP&sock=startd_2584_fccf>
	SlotName: slot1_50@b9p17p1073.cern.ch
	CondorScratchDir = "/pool/condor/dir_904457"
	Cpus = 1
	Disk = 3842
	GPUs = 0
	Memory = 3000
...
001 (9146982.010.000) 08/03 09:21:42 Job executing on host: <188.185.193.165:9618?addrs=188.185.193.165-9618+[2001-1458-303-20--100-a1]-9618&alias=b9p19p2832.cern.ch&noUDP&sock=startd_2551_5a2f>
	SlotName: slot1_24@b9p19p2832.cern.ch
	CondorScratchDir = "/pool/condor/dir_2751841"
	Cpus = 1
	Disk = 3827
	GPUs = 0
	Memory = 3000
...
040 (9146982.013.000) 08/03 09:21:43 Started transferring input files
	Transferring to host: <128.142.248.180:9618?addrs=128.142.248.180-9618+[2001-1458-301-73--100-b3]-9618&alias=b9g23p3446.cern.ch&noUDP&sock=slot1_32_4530_8b71_9563>
...
040 (9146982.011.000) 08/03 09:21:43 Started transferring input files
	Transferring to host: <188.185.197.33:9618?addrs=188.185.197.33-9618+[2001-1458-303-24--100-1d]-9618&alias=b9p14p7350.cern.ch&noUDP&sock=slot1_37_10561_ee07_9448>
...
040 (9146982.013.000) 08/03 09:21:43 Finished transferring input files
...
040 (9146982.011.000) 08/03 09:21:43 Finished transferring input files
...
040 (9146982.012.000) 08/03 09:21:43 Started transferring input files
	Transferring to host: <188.185.193.138:9618?addrs=188.185.193.138-9618+[2001-1458-303-20--100-86]-9618&alias=b9p19p7414.cern.ch&noUDP&sock=slot1_16_3725_5971_16852>
...
001 (9146982.013.000) 08/03 09:21:43 Job executing on host: <128.142.248.180:9618?addrs=128.142.248.180-9618+[2001-1458-301-73--100-b3]-9618&alias=b9g23p3446.cern.ch&noUDP&sock=startd_3288_df7c>
	SlotName: slot1_32@b9g23p3446.cern.ch
	CondorScratchDir = "/pool/condor/dir_3308381"
	Cpus = 1
	Disk = 3893
	GPUs = 0
	Memory = 3000
...
001 (9146982.011.000) 08/03 09:21:43 Job executing on host: <188.185.197.33:9618?addrs=188.185.197.33-9618+[2001-1458-303-24--100-1d]-9618&alias=b9p14p7350.cern.ch&noUDP&sock=startd_9923_ee5d>
	SlotName: slot1_37@b9p14p7350.cern.ch
	CondorScratchDir = "/pool/condor/dir_1546943"
	Cpus = 1
	Disk = 3948
	GPUs = 0
	Memory = 3000
...
040 (9146982.012.000) 08/03 09:21:43 Finished transferring input files
...
001 (9146982.012.000) 08/03 09:21:43 Job executing on host: <188.185.193.138:9618?addrs=188.185.193.138-9618+[2001-1458-303-20--100-86]-9618&alias=b9p19p7414.cern.ch&noUDP&sock=startd_2783_7c28>
	SlotName: slot1_16@b9p19p7414.cern.ch
	CondorScratchDir = "/pool/condor/dir_712991"
	Cpus = 1
	Disk = 3930
	GPUs = 0
	Memory = 3000
...
040 (9146982.016.000) 08/03 09:21:44 Started transferring input files
	Transferring to host: <188.185.196.50:9618?addrs=188.185.196.50-9618+[2001-1458-303-23--100-2e]-9618&alias=b9p16p7356.cern.ch&noUDP&sock=slot1_44_5850_9aa7_18618>
...
040 (9146982.016.000) 08/03 09:21:44 Finished transferring input files
...
040 (9146982.015.000) 08/03 09:21:44 Started transferring input files
	Transferring to host: <188.185.195.158:9618?addrs=188.185.195.158-9618+[2001-1458-303-22--100-9a]-9618&alias=b9p17p8528.cern.ch&noUDP&sock=slot1_5_3339_60a1_17147>
...
001 (9146982.016.000) 08/03 09:21:44 Job executing on host: <188.185.196.50:9618?addrs=188.185.196.50-9618+[2001-1458-303-23--100-2e]-9618&alias=b9p16p7356.cern.ch&noUDP&sock=startd_4755_1ceb>
	SlotName: slot1_44@b9p16p7356.cern.ch
	CondorScratchDir = "/pool/condor/dir_2189539"
	Cpus = 1
	Disk = 3820
	GPUs = 0
	Memory = 3000
...
040 (9146982.015.000) 08/03 09:21:44 Finished transferring input files
...
001 (9146982.015.000) 08/03 09:21:44 Job executing on host: <188.185.195.158:9618?addrs=188.185.195.158-9618+[2001-1458-303-22--100-9a]-9618&alias=b9p17p8528.cern.ch&noUDP&sock=startd_2600_f653>
	SlotName: slot1_5@b9p17p8528.cern.ch
	CondorScratchDir = "/pool/condor/dir_32503"
	Cpus = 1
	Disk = 3847
	GPUs = 0
	Memory = 3000
...
040 (9146982.017.000) 08/03 09:21:44 Started transferring input files
	Transferring to host: <188.185.196.156:9618?addrs=188.185.196.156-9618+[2001-1458-303-23--100-98]-9618&alias=b9p16p0600.cern.ch&noUDP&sock=slot1_53_4374_a0eb_17641>
...
040 (9146982.017.000) 08/03 09:21:44 Finished transferring input files
...
001 (9146982.017.000) 08/03 09:21:44 Job executing on host: <188.185.196.156:9618?addrs=188.185.196.156-9618+[2001-1458-303-23--100-98]-9618&alias=b9p16p0600.cern.ch&noUDP&sock=startd_3383_08fb>
	SlotName: slot1_53@b9p16p0600.cern.ch
	CondorScratchDir = "/pool/condor/dir_3172352"
	Cpus = 1
	Disk = 3826
	GPUs = 0
	Memory = 3000
...
040 (9146982.018.000) 08/03 09:21:45 Started transferring input files
	Transferring to host: <188.185.197.179:9618?addrs=188.185.197.179-9618+[2001-1458-303-24--100-af]-9618&alias=b9p14p9023.cern.ch&noUDP&sock=slot1_38_3130_1e38_9172>
...
040 (9146982.018.000) 08/03 09:21:45 Finished transferring input files
...
001 (9146982.018.000) 08/03 09:21:45 Job executing on host: <188.185.197.179:9618?addrs=188.185.197.179-9618+[2001-1458-303-24--100-af]-9618&alias=b9p14p9023.cern.ch&noUDP&sock=startd_2437_2863>
	SlotName: slot1_38@b9p14p9023.cern.ch
	CondorScratchDir = "/pool/condor/dir_2145773"
	Cpus = 1
	Disk = 4043
	GPUs = 0
	Memory = 3000
...
040 (9146982.019.000) 08/03 09:21:45 Started transferring input files
	Transferring to host: <188.185.194.144:9618?addrs=188.185.194.144-9618+[2001-1458-303-21--100-8c]-9618&alias=b9p20p8361.cern.ch&noUDP&sock=slot1_3_4304_4ea8_15255>
...
040 (9146982.019.000) 08/03 09:21:45 Finished transferring input files
...
001 (9146982.019.000) 08/03 09:21:45 Job executing on host: <188.185.194.144:9618?addrs=188.185.194.144-9618+[2001-1458-303-21--100-8c]-9618&alias=b9p20p8361.cern.ch&noUDP&sock=startd_3132_deb6>
	SlotName: slot1_3@b9p20p8361.cern.ch
	CondorScratchDir = "/pool/condor/dir_1364329"
	Cpus = 1
	Disk = 3847
	GPUs = 0
	Memory = 3000
...
040 (9146982.009.000) 08/03 09:21:45 Started transferring input files
	Transferring to host: <188.185.193.175:9618?addrs=188.185.193.175-9618+[2001-1458-303-20--100-ab]-9618&alias=b9p19p3889.cern.ch&noUDP&sock=slot1_25_3516_1708_14817>
...
040 (9146982.009.000) 08/03 09:21:45 Finished transferring input files
...
001 (9146982.009.000) 08/03 09:21:45 Job executing on host: <188.185.193.175:9618?addrs=188.185.193.175-9618+[2001-1458-303-20--100-ab]-9618&alias=b9p19p3889.cern.ch&noUDP&sock=startd_2632_e95b>
	SlotName: slot1_25@b9p19p3889.cern.ch
	CondorScratchDir = "/pool/condor/dir_3173767"
	Cpus = 1
	Disk = 3820
	GPUs = 0
	Memory = 3000
...
006 (9146982.000.000) 08/03 09:21:47 Image size of job updated: 269564
	264  -  MemoryUsage of job (MB)
	269564  -  ResidentSetSize of job (KB)
...
006 (9146982.003.000) 08/03 09:21:48 Image size of job updated: 294452
	288  -  MemoryUsage of job (MB)
	294452  -  ResidentSetSize of job (KB)
...
006 (9146982.001.000) 08/03 09:21:48 Image size of job updated: 287672
	281  -  MemoryUsage of job (MB)
	287672  -  ResidentSetSize of job (KB)
...
006 (9146982.002.000) 08/03 09:21:48 Image size of job updated: 288240
	282  -  MemoryUsage of job (MB)
	288240  -  ResidentSetSize of job (KB)
...
006 (9146982.005.000) 08/03 09:21:49 Image size of job updated: 292952
	287  -  MemoryUsage of job (MB)
	292952  -  ResidentSetSize of job (KB)
...
006 (9146982.008.000) 08/03 09:21:50 Image size of job updated: 298496
	292  -  MemoryUsage of job (MB)
	298496  -  ResidentSetSize of job (KB)
...
006 (9146982.010.000) 08/03 09:21:50 Image size of job updated: 279380
	273  -  MemoryUsage of job (MB)
	279380  -  ResidentSetSize of job (KB)
...
006 (9146982.007.000) 08/03 09:21:50 Image size of job updated: 279904
	274  -  MemoryUsage of job (MB)
	279904  -  ResidentSetSize of job (KB)
...
006 (9146982.006.000) 08/03 09:21:50 Image size of job updated: 304996
	298  -  MemoryUsage of job (MB)
	304996  -  ResidentSetSize of job (KB)
...
006 (9146982.004.000) 08/03 09:21:50 Image size of job updated: 286168
	280  -  MemoryUsage of job (MB)
	286168  -  ResidentSetSize of job (KB)
...
006 (9146982.011.000) 08/03 09:21:51 Image size of job updated: 267504
	262  -  MemoryUsage of job (MB)
	267504  -  ResidentSetSize of job (KB)
...
006 (9146982.012.000) 08/03 09:21:51 Image size of job updated: 267468
	262  -  MemoryUsage of job (MB)
	267468  -  ResidentSetSize of job (KB)
...
006 (9146982.013.000) 08/03 09:21:51 Image size of job updated: 284044
	278  -  MemoryUsage of job (MB)
	284044  -  ResidentSetSize of job (KB)
...
006 (9146982.016.000) 08/03 09:21:52 Image size of job updated: 277720
	272  -  MemoryUsage of job (MB)
	277720  -  ResidentSetSize of job (KB)
...
006 (9146982.015.000) 08/03 09:21:52 Image size of job updated: 290372
	284  -  MemoryUsage of job (MB)
	290372  -  ResidentSetSize of job (KB)
...
006 (9146982.018.000) 08/03 09:21:53 Image size of job updated: 281996
	276  -  MemoryUsage of job (MB)
	281996  -  ResidentSetSize of job (KB)
...
006 (9146982.017.000) 08/03 09:21:53 Image size of job updated: 292868
	287  -  MemoryUsage of job (MB)
	292868  -  ResidentSetSize of job (KB)
...
006 (9146982.019.000) 08/03 09:21:54 Image size of job updated: 279864
	274  -  MemoryUsage of job (MB)
	279864  -  ResidentSetSize of job (KB)
...
006 (9146982.009.000) 08/03 09:21:54 Image size of job updated: 283876
	278  -  MemoryUsage of job (MB)
	283876  -  ResidentSetSize of job (KB)
...
006 (9146982.014.000) 08/03 09:26:38 Image size of job updated: 303116
	188  -  MemoryUsage of job (MB)
	191720  -  ResidentSetSize of job (KB)
...
006 (9146982.000.000) 08/03 09:26:48 Image size of job updated: 282012
	264  -  MemoryUsage of job (MB)
	269568  -  ResidentSetSize of job (KB)
...
006 (9146982.003.000) 08/03 09:26:49 Image size of job updated: 306588
	288  -  MemoryUsage of job (MB)
	294452  -  ResidentSetSize of job (KB)
...
006 (9146982.001.000) 08/03 09:26:49 Image size of job updated: 298032
	281  -  MemoryUsage of job (MB)
	287672  -  ResidentSetSize of job (KB)
...
006 (9146982.002.000) 08/03 09:26:49 Image size of job updated: 298532
	282  -  MemoryUsage of job (MB)
	288240  -  ResidentSetSize of job (KB)
...
006 (9146982.005.000) 08/03 09:26:50 Image size of job updated: 305424
	287  -  MemoryUsage of job (MB)
	292952  -  ResidentSetSize of job (KB)
...
006 (9146982.007.000) 08/03 09:26:50 Image size of job updated: 298536
	274  -  MemoryUsage of job (MB)
	279904  -  ResidentSetSize of job (KB)
...
006 (9146982.010.000) 08/03 09:26:50 Image size of job updated: 293948
	273  -  MemoryUsage of job (MB)
	279380  -  ResidentSetSize of job (KB)
...
006 (9146982.004.000) 08/03 09:26:51 Image size of job updated: 296304
	280  -  MemoryUsage of job (MB)
	286168  -  ResidentSetSize of job (KB)
...
006 (9146982.011.000) 08/03 09:26:51 Image size of job updated: 292896
	262  -  MemoryUsage of job (MB)
	267504  -  ResidentSetSize of job (KB)
...
006 (9146982.012.000) 08/03 09:26:51 Image size of job updated: 290344
	262  -  MemoryUsage of job (MB)
	267472  -  ResidentSetSize of job (KB)
...
006 (9146982.013.000) 08/03 09:26:51 Image size of job updated: 305916
	278  -  MemoryUsage of job (MB)
	284044  -  ResidentSetSize of job (KB)
...
006 (9146982.016.000) 08/03 09:26:52 Image size of job updated: 298560
	272  -  MemoryUsage of job (MB)
	277736  -  ResidentSetSize of job (KB)
...
006 (9146982.018.000) 08/03 09:26:53 Image size of job updated: 305156
	276  -  MemoryUsage of job (MB)
	281996  -  ResidentSetSize of job (KB)
...
006 (9146982.019.000) 08/03 09:26:55 Image size of job updated: 279880
	274  -  MemoryUsage of job (MB)
	279864  -  ResidentSetSize of job (KB)
...
006 (9146982.009.000) 08/03 09:26:55 Image size of job updated: 292892
	278  -  MemoryUsage of job (MB)
	283900  -  ResidentSetSize of job (KB)
...
040 (9146982.008.000) 08/03 09:33:00 Started transferring output files
...
040 (9146982.008.000) 08/03 09:33:00 Finished transferring output files
...
021 (9146982.008.000) 08/03 09:33:00 Error from starter on slot1_17@b9g23p4624.cern.ch:
	STARTER at 128.142.248.116 failed to send file(s) to <188.185.125.71:9618>: : FILETRANSFER:1:non-zero exit (1) from /usr/libexec/condor/curl_plugin. |Error: could not open local file /pool/condor/dir_1352915/HardQCD_Pt15to7000_Oniaoff_CR0_PYTHIA8309_Chunk8_Part0.root, error 2 (No such file or directory) ( URL file = file:///afs/cern.ch/user/s/shuangyu/CMSSW_15_0_14/src/Jpsi/pythia_generation/./rootfile_nomuoncut_nojpsijet/HardQCD_Pt15to7000_Oniaoff_CR0_PYTHIA8309_Chunk8_Part0.root )|; SHADOW failed to receive file(s) from <128.142.248.116:38723>
	Code 13 Subcode 256
...
004 (9146982.008.000) 08/03 09:33:00 Job was evicted. Code 12 Subcode 256
	(0) CPU times
		Usr 0 00:00:08, Sys 0 00:00:01  -  Run Remote Usage
		Usr 0 00:00:00, Sys 0 00:00:00  -  Run Local Usage
	0  -  Run Bytes Sent By Job
	658794  -  Run Bytes Received By Job
	Reason: Transfer output files failure at execution point slot1_17@b9g23p4624.cern.ch while sending files to access point bigbird28. Details: could not open local file /pool/condor/dir_1352915/HardQCD_Pt15to7000_Oniaoff_CR0_PYTHIA8309_Chunk8_Part0.root, error 2 (No such file or directory) ( URL file = file:///afs/cern.ch/user/s/shuangyu/CMSSW_15_0_14/src/Jpsi/pythia_generation/./rootfile_nomuoncut_nojpsijet/HardQCD_Pt15to7000_Oniaoff_CR0_PYTHIA8309_Chunk8_Part0.root )|
	Partitionable Resources :    Usage  Request Allocated 
	   Cpus                 :        0        1         1 
	   Disk (KB)            :      935      750      3855 
	   GPUs                 :                           0 
	   Memory (MB)          :      292     3000      3000 
	   TimeExecute (s)      :      677                    
	   TimeSlotBusy (s)     :      680                    
...
012 (9146982.008.000) 08/03 09:33:00 Job was held.
	Transfer output files failure at execution point slot1_17@b9g23p4624.cern.ch while sending files to access point bigbird28. Details: could not open local file /pool/condor/dir_1352915/HardQCD_Pt15to7000_Oniaoff_CR0_PYTHIA8309_Chunk8_Part0.root, error 2 (No such file or directory) ( URL file = file:///afs/cern.ch/user/s/shuangyu/CMSSW_15_0_14/src/Jpsi/pythia_generation/./rootfile_nomuoncut_nojpsijet/HardQCD_Pt15to7000_Oniaoff_CR0_PYTHIA8309_Chunk8_Part0.root )|
	Code 12 Subcode 256
...
040 (9146982.009.000) 08/03 09:42:11 Started transferring output files
...
040 (9146982.009.000) 08/03 09:42:11 Finished transferring output files
...
005 (9146982.009.000) 08/03 09:42:11 Job terminated.
	(1) Normal termination (return value 0)
		Usr 0 00:04:33, Sys 0 00:00:27  -  Run Remote Usage
		Usr 0 00:00:00, Sys 0 00:00:00  -  Run Local Usage
		Usr 0 00:04:33, Sys 0 00:00:27  -  Total Remote Usage
		Usr 0 00:00:00, Sys 0 00:00:00  -  Total Local Usage
	169735  -  Run Bytes Sent By Job
	658794  -  Run Bytes Received By Job
	169735  -  Total Bytes Sent By Job
	658794  -  Total Bytes Received By Job
	Partitionable Resources :    Usage  Request Allocated 
	   Cpus                 :        0        1         1 
	   Disk (KB)            :      962      750      3820 
	   GPUs                 :                           0 
	   Memory (MB)          :      278     3000      3000 
	   TimeExecute (s)      :     1225                    
	   TimeSlotBusy (s)     :     1227                    
...
040 (9146982.018.000) 08/03 09:42:17 Started transferring output files
...
040 (9146982.018.000) 08/03 09:42:17 Finished transferring output files
...
005 (9146982.018.000) 08/03 09:42:17 Job terminated.
	(1) Normal termination (return value 0)
		Usr 0 00:04:41, Sys 0 00:00:27  -  Run Remote Usage
		Usr 0 00:00:00, Sys 0 00:00:00  -  Run Local Usage
		Usr 0 00:04:41, Sys 0 00:00:27  -  Total Remote Usage
		Usr 0 00:00:00, Sys 0 00:00:00  -  Total Local Usage
	169590  -  Run Bytes Sent By Job
	658794  -  Run Bytes Received By Job
	169590  -  Total Bytes Sent By Job
	658794  -  Total Bytes Received By Job
	Partitionable Resources :    Usage  Request Allocated 
	   Cpus                 :     0.77        1         1 
	   Disk (KB)            :   961         750      4043 
	   GPUs                 :                           0 
	   Memory (MB)          :   276        3000      3000 
	   TimeExecute (s)      :  1231                       
	   TimeSlotBusy (s)     :  1233                       
...
040 (9146982.007.000) 08/03 09:42:19 Started transferring output files
...
040 (9146982.007.000) 08/03 09:42:19 Finished transferring output files
...
005 (9146982.007.000) 08/03 09:42:19 Job terminated.
	(1) Normal termination (return value 0)
		Usr 0 00:04:40, Sys 0 00:00:26  -  Run Remote Usage
		Usr 0 00:00:00, Sys 0 00:00:00  -  Run Local Usage
		Usr 0 00:04:40, Sys 0 00:00:26  -  Total Remote Usage
		Usr 0 00:00:00, Sys 0 00:00:00  -  Total Local Usage
	168737  -  Run Bytes Sent By Job
	658794  -  Run Bytes Received By Job
	168737  -  Total Bytes Sent By Job
	658794  -  Total Bytes Received By Job
	Partitionable Resources :    Usage  Request Allocated 
	   Cpus                 :     0.74        1         1 
	   Disk (KB)            :   961         750      3842 
	   GPUs                 :                           0 
	   Memory (MB)          :   274        3000      3000 
	   TimeExecute (s)      :  1236                       
	   TimeSlotBusy (s)     :  1239                       
...
040 (9146982.011.000) 08/03 09:42:23 Started transferring output files
...
040 (9146982.011.000) 08/03 09:42:23 Finished transferring output files
...
005 (9146982.011.000) 08/03 09:42:23 Job terminated.
	(1) Normal termination (return value 0)
		Usr 0 00:04:20, Sys 0 00:00:23  -  Run Remote Usage
		Usr 0 00:00:00, Sys 0 00:00:00  -  Run Local Usage
		Usr 0 00:04:20, Sys 0 00:00:23  -  Total Remote Usage
		Usr 0 00:00:00, Sys 0 00:00:00  -  Total Local Usage
	168019  -  Run Bytes Sent By Job
	658794  -  Run Bytes Received By Job
	168019  -  Total Bytes Sent By Job
	658794  -  Total Bytes Received By Job
	Partitionable Resources :    Usage  Request Allocated 
	   Cpus                 :     0.78        1         1 
	   Disk (KB)            :   960         750      3948 
	   GPUs                 :                           0 
	   Memory (MB)          :   262        3000      3000 
	   TimeExecute (s)      :  1239                       
	   TimeSlotBusy (s)     :  1242                       
...
040 (9146982.003.000) 08/03 09:42:33 Started transferring output files
...
040 (9146982.003.000) 08/03 09:42:33 Finished transferring output files
...
005 (9146982.003.000) 08/03 09:42:33 Job terminated.
	(1) Normal termination (return value 0)
		Usr 0 00:04:32, Sys 0 00:00:23  -  Run Remote Usage
		Usr 0 00:00:00, Sys 0 00:00:00  -  Run Local Usage
		Usr 0 00:04:32, Sys 0 00:00:23  -  Total Remote Usage
		Usr 0 00:00:00, Sys 0 00:00:00  -  Total Local Usage
	169498  -  Run Bytes Sent By Job
	658794  -  Run Bytes Received By Job
	169498  -  Total Bytes Sent By Job
	658794  -  Total Bytes Received By Job
	Partitionable Resources :    Usage  Request Allocated 
	   Cpus                 :     0.81        1         1 
	   Disk (KB)            :   962         750      3840 
	   GPUs                 :                           0 
	   Memory (MB)          :   288        3000      3000 
	   TimeExecute (s)      :  1253                       
	   TimeSlotBusy (s)     :  1255                       
...
040 (9146982.012.000) 08/03 09:42:34 Started transferring output files
...
040 (9146982.012.000) 08/03 09:42:34 Finished transferring output files
...
005 (9146982.012.000) 08/03 09:42:34 Job terminated.
	(1) Normal termination (return value 0)
		Usr 0 00:04:32, Sys 0 00:00:24  -  Run Remote Usage
		Usr 0 00:00:00, Sys 0 00:00:00  -  Run Local Usage
		Usr 0 00:04:32, Sys 0 00:00:24  -  Total Remote Usage
		Usr 0 00:00:00, Sys 0 00:00:00  -  Total Local Usage
	170158  -  Run Bytes Sent By Job
	658794  -  Run Bytes Received By Job
	170158  -  Total Bytes Sent By Job
	658794  -  Total Bytes Received By Job
	Partitionable Resources :    Usage  Request Allocated 
	   Cpus                 :     0.56        1         1 
	   Disk (KB)            :   962         750      3930 
	   GPUs                 :                           0 
	   Memory (MB)          :   262        3000      3000 
	   TimeExecute (s)      :  1250                       
	   TimeSlotBusy (s)     :  1253                       
...
040 (9146982.006.000) 08/03 09:42:44 Started transferring output files
...
040 (9146982.006.000) 08/03 09:42:44 Finished transferring output files
...
005 (9146982.006.000) 08/03 09:42:44 Job terminated.
	(1) Normal termination (return value 0)
		Usr 0 00:04:23, Sys 0 00:00:26  -  Run Remote Usage
		Usr 0 00:00:00, Sys 0 00:00:00  -  Run Local Usage
		Usr 0 00:04:23, Sys 0 00:00:26  -  Total Remote Usage
		Usr 0 00:00:00, Sys 0 00:00:00  -  Total Local Usage
	170633  -  Run Bytes Sent By Job
	658794  -  Run Bytes Received By Job
	170633  -  Total Bytes Sent By Job
	658794  -  Total Bytes Received By Job
	Partitionable Resources :    Usage  Request Allocated 
	   Cpus                 :     0.00        1         1 
	   Disk (KB)            :   963         750      3814 
	   GPUs                 :                           0 
	   Memory (MB)          :   298        3000      3000 
	   TimeExecute (s)      :  1262                       
	   TimeSlotBusy (s)     :  1265                       
...
040 (9146982.015.000) 08/03 09:42:49 Started transferring output files
...
040 (9146982.015.000) 08/03 09:42:49 Finished transferring output files
...
005 (9146982.015.000) 08/03 09:42:49 Job terminated.
	(1) Normal termination (return value 0)
		Usr 0 00:04:29, Sys 0 00:00:23  -  Run Remote Usage
		Usr 0 00:00:00, Sys 0 00:00:00  -  Run Local Usage
		Usr 0 00:04:29, Sys 0 00:00:23  -  Total Remote Usage
		Usr 0 00:00:00, Sys 0 00:00:00  -  Total Local Usage
	171709  -  Run Bytes Sent By Job
	658794  -  Run Bytes Received By Job
	171709  -  Total Bytes Sent By Job
	658794  -  Total Bytes Received By Job
	Partitionable Resources :    Usage  Request Allocated 
	   Cpus                 :        0        1         1 
	   Disk (KB)            :      964      750      3847 
	   GPUs                 :                           0 
	   Memory (MB)          :      284     3000      3000 
	   TimeExecute (s)      :     1264                    
	   TimeSlotBusy (s)     :     1266                    
...
040 (9146982.001.000) 08/03 09:42:50 Started transferring output files
...
040 (9146982.001.000) 08/03 09:42:50 Finished transferring output files
...
005 (9146982.001.000) 08/03 09:42:50 Job terminated.
	(1) Normal termination (return value 0)
		Usr 0 00:04:46, Sys 0 00:00:26  -  Run Remote Usage
		Usr 0 00:00:00, Sys 0 00:00:00  -  Run Local Usage
		Usr 0 00:04:46, Sys 0 00:00:26  -  Total Remote Usage
		Usr 0 00:00:00, Sys 0 00:00:00  -  Total Local Usage
	169520  -  Run Bytes Sent By Job
	658794  -  Run Bytes Received By Job
	169520  -  Total Bytes Sent By Job
	658794  -  Total Bytes Received By Job
	Partitionable Resources :    Usage  Request Allocated 
	   Cpus                 :        0        1         1 
	   Disk (KB)            :      962      750      3824 
	   GPUs                 :                           0 
	   Memory (MB)          :      281     3000      3000 
	   TimeExecute (s)      :     1270                    
	   TimeSlotBusy (s)     :     1272                    
...
040 (9146982.000.000) 08/03 09:43:00 Started transferring output files
...
040 (9146982.000.000) 08/03 09:43:00 Finished transferring output files
...
005 (9146982.000.000) 08/03 09:43:00 Job terminated.
	(1) Normal termination (return value 0)
		Usr 0 00:04:46, Sys 0 00:00:26  -  Run Remote Usage
		Usr 0 00:00:00, Sys 0 00:00:00  -  Run Local Usage
		Usr 0 00:04:46, Sys 0 00:00:26  -  Total Remote Usage
		Usr 0 00:00:00, Sys 0 00:00:00  -  Total Local Usage
	168935  -  Run Bytes Sent By Job
	658794  -  Run Bytes Received By Job
	168935  -  Total Bytes Sent By Job
	658794  -  Total Bytes Received By Job
	Partitionable Resources :    Usage  Request Allocated 
	   Cpus                 :     0.00        1         1 
	   Disk (KB)            :   961         750      3895 
	   GPUs                 :                           0 
	   Memory (MB)          :   264        3000      3000 
	   TimeExecute (s)      :  1281                       
	   TimeSlotBusy (s)     :  1283                       
...
040 (9146982.005.000) 08/03 09:43:01 Started transferring output files
...
040 (9146982.005.000) 08/03 09:43:01 Finished transferring output files
...
005 (9146982.005.000) 08/03 09:43:01 Job terminated.
	(1) Normal termination (return value 0)
		Usr 0 00:04:25, Sys 0 00:00:24  -  Run Remote Usage
		Usr 0 00:00:00, Sys 0 00:00:00  -  Run Local Usage
		Usr 0 00:04:25, Sys 0 00:00:24  -  Total Remote Usage
		Usr 0 00:00:00, Sys 0 00:00:00  -  Total Local Usage
	168434  -  Run Bytes Sent By Job
	658794  -  Run Bytes Received By Job
	168434  -  Total Bytes Sent By Job
	658794  -  Total Bytes Received By Job
	Partitionable Resources :    Usage  Request Allocated 
	   Cpus                 :     0.80        1         1 
	   Disk (KB)            :   961         750      3966 
	   GPUs                 :                           0 
	   Memory (MB)          :   287        3000      3000 
	   TimeExecute (s)      :  1280                       
	   TimeSlotBusy (s)     :  1282                       
...
040 (9146982.004.000) 08/03 09:43:06 Started transferring output files
...
040 (9146982.004.000) 08/03 09:43:06 Finished transferring output files
...
005 (9146982.004.000) 08/03 09:43:06 Job terminated.
	(1) Normal termination (return value 0)
		Usr 0 00:04:31, Sys 0 00:00:25  -  Run Remote Usage
		Usr 0 00:00:00, Sys 0 00:00:00  -  Run Local Usage
		Usr 0 00:04:31, Sys 0 00:00:25  -  Total Remote Usage
		Usr 0 00:00:00, Sys 0 00:00:00  -  Total Local Usage
	170914  -  Run Bytes Sent By Job
	658794  -  Run Bytes Received By Job
	170914  -  Total Bytes Sent By Job
	658794  -  Total Bytes Received By Job
	Partitionable Resources :    Usage  Request Allocated 
	   Cpus                 :     0.00        1         1 
	   Disk (KB)            :   963         750      3906 
	   GPUs                 :                           0 
	   Memory (MB)          :   280        3000      3000 
	   TimeExecute (s)      :  1284                       
	   TimeSlotBusy (s)     :  1287                       
...
040 (9146982.013.000) 08/03 09:43:09 Started transferring output files
...
040 (9146982.013.000) 08/03 09:43:09 Finished transferring output files
...
005 (9146982.013.000) 08/03 09:43:09 Job terminated.
	(1) Normal termination (return value 0)
		Usr 0 00:04:36, Sys 0 00:00:23  -  Run Remote Usage
		Usr 0 00:00:00, Sys 0 00:00:00  -  Run Local Usage
		Usr 0 00:04:36, Sys 0 00:00:23  -  Total Remote Usage
		Usr 0 00:00:00, Sys 0 00:00:00  -  Total Local Usage
	169500  -  Run Bytes Sent By Job
	658794  -  Run Bytes Received By Job
	169500  -  Total Bytes Sent By Job
	658794  -  Total Bytes Received By Job
	Partitionable Resources :    Usage  Request Allocated 
	   Cpus                 :     0.83        1         1 
	   Disk (KB)            :   962         750      3893 
	   GPUs                 :                           0 
	   Memory (MB)          :   278        3000      3000 
	   TimeExecute (s)      :  1285                       
	   TimeSlotBusy (s)     :  1288                       
...
040 (9146982.002.000) 08/03 09:43:10 Started transferring output files
...
040 (9146982.002.000) 08/03 09:43:10 Finished transferring output files
...
005 (9146982.002.000) 08/03 09:43:10 Job terminated.
	(1) Normal termination (return value 0)
		Usr 0 00:04:42, Sys 0 00:00:25  -  Run Remote Usage
		Usr 0 00:00:00, Sys 0 00:00:00  -  Run Local Usage
		Usr 0 00:04:42, Sys 0 00:00:25  -  Total Remote Usage
		Usr 0 00:00:00, Sys 0 00:00:00  -  Total Local Usage
	170222  -  Run Bytes Sent By Job
	658794  -  Run Bytes Received By Job
	170222  -  Total Bytes Sent By Job
	658794  -  Total Bytes Received By Job
	Partitionable Resources :    Usage  Request Allocated 
	   Cpus                 :        0        1         1 
	   Disk (KB)            :      962      750      3904 
	   GPUs                 :                           0 
	   Memory (MB)          :      282     3000      3000 
	   TimeExecute (s)      :     1290                    
	   TimeSlotBusy (s)     :     1292                    
...
040 (9146982.017.000) 08/03 09:43:12 Started transferring output files
...
040 (9146982.017.000) 08/03 09:43:12 Finished transferring output files
...
005 (9146982.017.000) 08/03 09:43:12 Job terminated.
	(1) Normal termination (return value 0)
		Usr 0 00:04:44, Sys 0 00:00:27  -  Run Remote Usage
		Usr 0 00:00:00, Sys 0 00:00:00  -  Run Local Usage
		Usr 0 00:04:44, Sys 0 00:00:27  -  Total Remote Usage
		Usr 0 00:00:00, Sys 0 00:00:00  -  Total Local Usage
	167950  -  Run Bytes Sent By Job
	658794  -  Run Bytes Received By Job
	167950  -  Total Bytes Sent By Job
	658794  -  Total Bytes Received By Job
	Partitionable Resources :    Usage  Request Allocated 
	   Cpus                 :     0.70        1         1 
	   Disk (KB)            :   960         750      3826 
	   GPUs                 :                           0 
	   Memory (MB)          :   287        3000      3000 
	   TimeExecute (s)      :  1286                       
	   TimeSlotBusy (s)     :  1289                       
...
040 (9146982.016.000) 08/03 09:43:13 Started transferring output files
...
040 (9146982.016.000) 08/03 09:43:13 Finished transferring output files
...
005 (9146982.016.000) 08/03 09:43:13 Job terminated.
	(1) Normal termination (return value 0)
		Usr 0 00:04:38, Sys 0 00:00:26  -  Run Remote Usage
		Usr 0 00:00:00, Sys 0 00:00:00  -  Run Local Usage
		Usr 0 00:04:38, Sys 0 00:00:26  -  Total Remote Usage
		Usr 0 00:00:00, Sys 0 00:00:00  -  Total Local Usage
	170583  -  Run Bytes Sent By Job
	658794  -  Run Bytes Received By Job
	170583  -  Total Bytes Sent By Job
	658794  -  Total Bytes Received By Job
	Partitionable Resources :    Usage  Request Allocated 
	   Cpus                 :     0.78        1         1 
	   Disk (KB)            :   962         750      3820 
	   GPUs                 :                           0 
	   Memory (MB)          :   272        3000      3000 
	   TimeExecute (s)      :  1288                       
	   TimeSlotBusy (s)     :  1290                       
...
040 (9146982.010.000) 08/03 09:43:29 Started transferring output files
...
040 (9146982.010.000) 08/03 09:43:29 Finished transferring output files
...
005 (9146982.010.000) 08/03 09:43:30 Job terminated.
	(1) Normal termination (return value 0)
		Usr 0 00:04:53, Sys 0 00:00:27  -  Run Remote Usage
		Usr 0 00:00:00, Sys 0 00:00:00  -  Run Local Usage
		Usr 0 00:04:53, Sys 0 00:00:27  -  Total Remote Usage
		Usr 0 00:00:00, Sys 0 00:00:00  -  Total Local Usage
	168843  -  Run Bytes Sent By Job
	658794  -  Run Bytes Received By Job
	168843  -  Total Bytes Sent By Job
	658794  -  Total Bytes Received By Job
	Partitionable Resources :    Usage  Request Allocated 
	   Cpus                 :     0.81        1         1 
	   Disk (KB)            :   961         750      3827 
	   GPUs                 :                           0 
	   Memory (MB)          :   273        3000      3000 
	   TimeExecute (s)      :  1306                       
	   TimeSlotBusy (s)     :  1309                       
...
040 (9146982.019.000) 08/03 09:43:49 Started transferring output files
...
040 (9146982.019.000) 08/03 09:43:49 Finished transferring output files
...
005 (9146982.019.000) 08/03 09:43:50 Job terminated.
	(1) Normal termination (return value 0)
		Usr 0 00:04:49, Sys 0 00:00:26  -  Run Remote Usage
		Usr 0 00:00:00, Sys 0 00:00:00  -  Run Local Usage
		Usr 0 00:04:49, Sys 0 00:00:26  -  Total Remote Usage
		Usr 0 00:00:00, Sys 0 00:00:00  -  Total Local Usage
	171359  -  Run Bytes Sent By Job
	658794  -  Run Bytes Received By Job
	171359  -  Total Bytes Sent By Job
	658794  -  Total Bytes Received By Job
	Partitionable Resources :    Usage  Request Allocated 
	   Cpus                 :     0.81        1         1 
	   Disk (KB)            :   963         750      3847 
	   GPUs                 :                           0 
	   Memory (MB)          :   274        3000      3000 
	   TimeExecute (s)      :  1323                       
	   TimeSlotBusy (s)     :  1325                       
...
040 (9146982.014.000) 08/03 09:45:29 Started transferring output files
...
040 (9146982.014.000) 08/03 09:45:29 Finished transferring output files
...
005 (9146982.014.000) 08/03 09:45:29 Job terminated.
	(1) Normal termination (return value 0)
		Usr 0 00:05:23, Sys 0 00:00:41  -  Run Remote Usage
		Usr 0 00:00:00, Sys 0 00:00:00  -  Run Local Usage
		Usr 0 00:05:23, Sys 0 00:00:41  -  Total Remote Usage
		Usr 0 00:00:00, Sys 0 00:00:00  -  Total Local Usage
	168515  -  Run Bytes Sent By Job
	658794  -  Run Bytes Received By Job
	168515  -  Total Bytes Sent By Job
	658794  -  Total Bytes Received By Job
	Partitionable Resources :    Usage  Request Allocated 
	   Cpus                 :     0.73        1         1 
	   Disk (KB)            :   961         750      3867 
	   GPUs                 :                           0 
	   Memory (MB)          :   188        3000      3000 
	   TimeExecute (s)      :  1439                       
	   TimeSlotBusy (s)     :  1442                       
...
000 (9146986.000.000) 08/03 10:30:09 Job submitted from host: <188.185.125.71:9618?addrs=188.185.125.71-9618+[2001-1458-d00-4a--100-15e]-9618&alias=bigbird28.cern.ch&noUDP&sock=schedd_1249217_88f9>
...
000 (9146986.001.000) 08/03 10:30:09 Job submitted from host: <188.185.125.71:9618?addrs=188.185.125.71-9618+[2001-1458-d00-4a--100-15e]-9618&alias=bigbird28.cern.ch&noUDP&sock=schedd_1249217_88f9>
...
000 (9146986.010.000) 08/03 10:30:09 Job submitted from host: <188.185.125.71:9618?addrs=188.185.125.71-9618+[2001-1458-d00-4a--100-15e]-9618&alias=bigbird28.cern.ch&noUDP&sock=schedd_1249217_88f9>
...
000 (9146986.011.000) 08/03 10:30:09 Job submitted from host: <188.185.125.71:9618?addrs=188.185.125.71-9618+[2001-1458-d00-4a--100-15e]-9618&alias=bigbird28.cern.ch&noUDP&sock=schedd_1249217_88f9>
...
000 (9146986.012.000) 08/03 10:30:09 Job submitted from host: <188.185.125.71:9618?addrs=188.185.125.71-9618+[2001-1458-d00-4a--100-15e]-9618&alias=bigbird28.cern.ch&noUDP&sock=schedd_1249217_88f9>
...
000 (9146986.013.000) 08/03 10:30:09 Job submitted from host: <188.185.125.71:9618?addrs=188.185.125.71-9618+[2001-1458-d00-4a--100-15e]-9618&alias=bigbird28.cern.ch&noUDP&sock=schedd_1249217_88f9>
...
000 (9146986.014.000) 08/03 10:30:09 Job submitted from host: <188.185.125.71:9618?addrs=188.185.125.71-9618+[2001-1458-d00-4a--100-15e]-9618&alias=bigbird28.cern.ch&noUDP&sock=schedd_1249217_88f9>
...
000 (9146986.015.000) 08/03 10:30:09 Job submitted from host: <188.185.125.71:9618?addrs=188.185.125.71-9618+[2001-1458-d00-4a--100-15e]-9618&alias=bigbird28.cern.ch&noUDP&sock=schedd_1249217_88f9>
...
000 (9146986.016.000) 08/03 10:30:09 Job submitted from host: <188.185.125.71:9618?addrs=188.185.125.71-9618+[2001-1458-d00-4a--100-15e]-9618&alias=bigbird28.cern.ch&noUDP&sock=schedd_1249217_88f9>
...
000 (9146986.017.000) 08/03 10:30:09 Job submitted from host: <188.185.125.71:9618?addrs=188.185.125.71-9618+[2001-1458-d00-4a--100-15e]-9618&alias=bigbird28.cern.ch&noUDP&sock=schedd_1249217_88f9>
...
000 (9146986.018.000) 08/03 10:30:09 Job submitted from host: <188.185.125.71:9618?addrs=188.185.125.71-9618+[2001-1458-d00-4a--100-15e]-9618&alias=bigbird28.cern.ch&noUDP&sock=schedd_1249217_88f9>
...
000 (9146986.019.000) 08/03 10:30:09 Job submitted from host: <188.185.125.71:9618?addrs=188.185.125.71-9618+[2001-1458-d00-4a--100-15e]-9618&alias=bigbird28.cern.ch&noUDP&sock=schedd_1249217_88f9>
...
000 (9146986.002.000) 08/03 10:30:09 Job submitted from host: <188.185.125.71:9618?addrs=188.185.125.71-9618+[2001-1458-d00-4a--100-15e]-9618&alias=bigbird28.cern.ch&noUDP&sock=schedd_1249217_88f9>
...
000 (9146986.003.000) 08/03 10:30:09 Job submitted from host: <188.185.125.71:9618?addrs=188.185.125.71-9618+[2001-1458-d00-4a--100-15e]-9618&alias=bigbird28.cern.ch&noUDP&sock=schedd_1249217_88f9>
...
000 (9146986.004.000) 08/03 10:30:09 Job submitted from host: <188.185.125.71:9618?addrs=188.185.125.71-9618+[2001-1458-d00-4a--100-15e]-9618&alias=bigbird28.cern.ch&noUDP&sock=schedd_1249217_88f9>
...
000 (9146986.005.000) 08/03 10:30:09 Job submitted from host: <188.185.125.71:9618?addrs=188.185.125.71-9618+[2001-1458-d00-4a--100-15e]-9618&alias=bigbird28.cern.ch&noUDP&sock=schedd_1249217_88f9>
...
000 (9146986.006.000) 08/03 10:30:09 Job submitted from host: <188.185.125.71:9618?addrs=188.185.125.71-9618+[2001-1458-d00-4a--100-15e]-9618&alias=bigbird28.cern.ch&noUDP&sock=schedd_1249217_88f9>
...
000 (9146986.007.000) 08/03 10:30:09 Job submitted from host: <188.185.125.71:9618?addrs=188.185.125.71-9618+[2001-1458-d00-4a--100-15e]-9618&alias=bigbird28.cern.ch&noUDP&sock=schedd_1249217_88f9>
...
000 (9146986.008.000) 08/03 10:30:09 Job submitted from host: <188.185.125.71:9618?addrs=188.185.125.71-9618+[2001-1458-d00-4a--100-15e]-9618&alias=bigbird28.cern.ch&noUDP&sock=schedd_1249217_88f9>
...
000 (9146986.009.000) 08/03 10:30:09 Job submitted from host: <188.185.125.71:9618?addrs=188.185.125.71-9618+[2001-1458-d00-4a--100-15e]-9618&alias=bigbird28.cern.ch&noUDP&sock=schedd_1249217_88f9>
...
009 (9146982.008.000) 08/03 10:30:25 Job was aborted.
	via condor_rm (by user shuangyu)
...
009 (9146986.000.000) 08/03 10:30:29 Job was aborted.
	via condor_rm (by user shuangyu)
...
009 (9146986.001.000) 08/03 10:30:29 Job was aborted.
	via condor_rm (by user shuangyu)
...
009 (9146986.002.000) 08/03 10:30:29 Job was aborted.
	via condor_rm (by user shuangyu)
...
009 (9146986.003.000) 08/03 10:30:29 Job was aborted.
	via condor_rm (by user shuangyu)
...
009 (9146986.004.000) 08/03 10:30:29 Job was aborted.
	via condor_rm (by user shuangyu)
...
009 (9146986.005.000) 08/03 10:30:29 Job was aborted.
	via condor_rm (by user shuangyu)
...
009 (9146986.006.000) 08/03 10:30:29 Job was aborted.
	via condor_rm (by user shuangyu)
...
009 (9146986.007.000) 08/03 10:30:29 Job was aborted.
	via condor_rm (by user shuangyu)
...
009 (9146986.008.000) 08/03 10:30:29 Job was aborted.
	via condor_rm (by user shuangyu)
...
009 (9146986.009.000) 08/03 10:30:29 Job was aborted.
	via condor_rm (by user shuangyu)
...
009 (9146986.010.000) 08/03 10:30:29 Job was aborted.
	via condor_rm (by user shuangyu)
...
009 (9146986.011.000) 08/03 10:30:29 Job was aborted.
	via condor_rm (by user shuangyu)
...
009 (9146986.012.000) 08/03 10:30:29 Job was aborted.
	via condor_rm (by user shuangyu)
...
009 (9146986.013.000) 08/03 10:30:29 Job was aborted.
	via condor_rm (by user shuangyu)
...
009 (9146986.014.000) 08/03 10:30:29 Job was aborted.
	via condor_rm (by user shuangyu)
...
009 (9146986.015.000) 08/03 10:30:29 Job was aborted.
	via condor_rm (by user shuangyu)
...
009 (9146986.016.000) 08/03 10:30:29 Job was aborted.
	via condor_rm (by user shuangyu)
...
009 (9146986.017.000) 08/03 10:30:29 Job was aborted.
	via condor_rm (by user shuangyu)
...
009 (9146986.018.000) 08/03 10:30:29 Job was aborted.
	via condor_rm (by user shuangyu)
...
009 (9146986.019.000) 08/03 10:30:29 Job was aborted.
	via condor_rm (by user shuangyu)
...
000 (9146987.000.000) 08/03 10:30:34 Job submitted from host: <188.185.125.71:9618?addrs=188.185.125.71-9618+[2001-1458-d00-4a--100-15e]-9618&alias=bigbird28.cern.ch&noUDP&sock=schedd_1249217_88f9>
...
000 (9146987.001.000) 08/03 10:30:34 Job submitted from host: <188.185.125.71:9618?addrs=188.185.125.71-9618+[2001-1458-d00-4a--100-15e]-9618&alias=bigbird28.cern.ch&noUDP&sock=schedd_1249217_88f9>
...
000 (9146987.010.000) 08/03 10:30:34 Job submitted from host: <188.185.125.71:9618?addrs=188.185.125.71-9618+[2001-1458-d00-4a--100-15e]-9618&alias=bigbird28.cern.ch&noUDP&sock=schedd_1249217_88f9>
...
000 (9146987.011.000) 08/03 10:30:34 Job submitted from host: <188.185.125.71:9618?addrs=188.185.125.71-9618+[2001-1458-d00-4a--100-15e]-9618&alias=bigbird28.cern.ch&noUDP&sock=schedd_1249217_88f9>
...
000 (9146987.012.000) 08/03 10:30:34 Job submitted from host: <188.185.125.71:9618?addrs=188.185.125.71-9618+[2001-1458-d00-4a--100-15e]-9618&alias=bigbird28.cern.ch&noUDP&sock=schedd_1249217_88f9>
...
000 (9146987.013.000) 08/03 10:30:34 Job submitted from host: <188.185.125.71:9618?addrs=188.185.125.71-9618+[2001-1458-d00-4a--100-15e]-9618&alias=bigbird28.cern.ch&noUDP&sock=schedd_1249217_88f9>
...
000 (9146987.014.000) 08/03 10:30:34 Job submitted from host: <188.185.125.71:9618?addrs=188.185.125.71-9618+[2001-1458-d00-4a--100-15e]-9618&alias=bigbird28.cern.ch&noUDP&sock=schedd_1249217_88f9>
...
000 (9146987.015.000) 08/03 10:30:34 Job submitted from host: <188.185.125.71:9618?addrs=188.185.125.71-9618+[2001-1458-d00-4a--100-15e]-9618&alias=bigbird28.cern.ch&noUDP&sock=schedd_1249217_88f9>
...
000 (9146987.016.000) 08/03 10:30:34 Job submitted from host: <188.185.125.71:9618?addrs=188.185.125.71-9618+[2001-1458-d00-4a--100-15e]-9618&alias=bigbird28.cern.ch&noUDP&sock=schedd_1249217_88f9>
...
000 (9146987.017.000) 08/03 10:30:34 Job submitted from host: <188.185.125.71:9618?addrs=188.185.125.71-9618+[2001-1458-d00-4a--100-15e]-9618&alias=bigbird28.cern.ch&noUDP&sock=schedd_1249217_88f9>
...
000 (9146987.018.000) 08/03 10:30:34 Job submitted from host: <188.185.125.71:9618?addrs=188.185.125.71-9618+[2001-1458-d00-4a--100-15e]-9618&alias=bigbird28.cern.ch&noUDP&sock=schedd_1249217_88f9>
...
000 (9146987.019.000) 08/03 10:30:34 Job submitted from host: <188.185.125.71:9618?addrs=188.185.125.71-9618+[2001-1458-d00-4a--100-15e]-9618&alias=bigbird28.cern.ch&noUDP&sock=schedd_1249217_88f9>
...
000 (9146987.002.000) 08/03 10:30:34 Job submitted from host: <188.185.125.71:9618?addrs=188.185.125.71-9618+[2001-1458-d00-4a--100-15e]-9618&alias=bigbird28.cern.ch&noUDP&sock=schedd_1249217_88f9>
...
000 (9146987.003.000) 08/03 10:30:34 Job submitted from host: <188.185.125.71:9618?addrs=188.185.125.71-9618+[2001-1458-d00-4a--100-15e]-9618&alias=bigbird28.cern.ch&noUDP&sock=schedd_1249217_88f9>
...
000 (9146987.004.000) 08/03 10:30:34 Job submitted from host: <188.185.125.71:9618?addrs=188.185.125.71-9618+[2001-1458-d00-4a--100-15e]-9618&alias=bigbird28.cern.ch&noUDP&sock=schedd_1249217_88f9>
...
000 (9146987.005.000) 08/03 10:30:34 Job submitted from host: <188.185.125.71:9618?addrs=188.185.125.71-9618+[2001-1458-d00-4a--100-15e]-9618&alias=bigbird28.cern.ch&noUDP&sock=schedd_1249217_88f9>
...
000 (9146987.006.000) 08/03 10:30:34 Job submitted from host: <188.185.125.71:9618?addrs=188.185.125.71-9618+[2001-1458-d00-4a--100-15e]-9618&alias=bigbird28.cern.ch&noUDP&sock=schedd_1249217_88f9>
...
000 (9146987.007.000) 08/03 10:30:34 Job submitted from host: <188.185.125.71:9618?addrs=188.185.125.71-9618+[2001-1458-d00-4a--100-15e]-9618&alias=bigbird28.cern.ch&noUDP&sock=schedd_1249217_88f9>
...
000 (9146987.008.000) 08/03 10:30:34 Job submitted from host: <188.185.125.71:9618?addrs=188.185.125.71-9618+[2001-1458-d00-4a--100-15e]-9618&alias=bigbird28.cern.ch&noUDP&sock=schedd_1249217_88f9>
...
000 (9146987.009.000) 08/03 10:30:34 Job submitted from host: <188.185.125.71:9618?addrs=188.185.125.71-9618+[2001-1458-d00-4a--100-15e]-9618&alias=bigbird28.cern.ch&noUDP&sock=schedd_1249217_88f9>
...
040 (9146987.000.000) 08/03 10:30:44 Started transferring input files
	Transferring to host: <188.185.212.211:9618?addrs=188.185.212.211-9618+[2001-1458-303-19--100-4f]-9618&alias=b9p26p5060.cern.ch&noUDP&sock=slot1_10_7773_8815_17407>
...
040 (9146987.001.000) 08/03 10:30:44 Started transferring input files
	Transferring to host: <188.185.213.177:9618?addrs=188.185.213.177-9618+[2001-1458-303-1b--100-2d]-9618&alias=b9p28p3293.cern.ch&noUDP&sock=slot1_12_7694_de72_24220>
...
040 (9146987.000.000) 08/03 10:30:44 Finished transferring input files
...
040 (9146987.001.000) 08/03 10:30:44 Finished transferring input files
...
001 (9146987.000.000) 08/03 10:30:44 Job executing on host: <188.185.212.211:9618?addrs=188.185.212.211-9618+[2001-1458-303-19--100-4f]-9618&alias=b9p26p5060.cern.ch&noUDP&sock=startd_6772_9b71>
	SlotName: slot1_10@b9p26p5060.cern.ch
	CondorScratchDir = "/pool/condor/dir_1459952"
	Cpus = 1
	Disk = 3858
	GPUs = 0
	Memory = 3000
...
001 (9146987.001.000) 08/03 10:30:44 Job executing on host: <188.185.213.177:9618?addrs=188.185.213.177-9618+[2001-1458-303-1b--100-2d]-9618&alias=b9p28p3293.cern.ch&noUDP&sock=startd_6666_e667>
	SlotName: slot1_12@b9p28p3293.cern.ch
	CondorScratchDir = "/pool/condor/dir_1969343"
	Cpus = 1
	Disk = 3875
	GPUs = 0
	Memory = 3000
...
040 (9146987.004.000) 08/03 10:30:45 Started transferring input files
	Transferring to host: <188.185.210.208:9618?addrs=188.185.210.208-9618+[2001-1458-303-15--100-4c]-9618&alias=b9p22p0624.cern.ch&noUDP&sock=slot1_9_5776_76e4_18224>
...
040 (9146987.004.000) 08/03 10:30:45 Finished transferring input files
...
040 (9146987.003.000) 08/03 10:30:45 Started transferring input files
	Transferring to host: <188.185.214.44:9618?addrs=188.185.214.44-9618+[2001-1458-303-1c--100-28]-9618&alias=b9p29p3559.cern.ch&noUDP&sock=slot1_7_7886_267a_18482>
...
040 (9146987.003.000) 08/03 10:30:45 Finished transferring input files
...
001 (9146987.004.000) 08/03 10:30:45 Job executing on host: <188.185.210.208:9618?addrs=188.185.210.208-9618+[2001-1458-303-15--100-4c]-9618&alias=b9p22p0624.cern.ch&noUDP&sock=startd_4738_73cf>
	SlotName: slot1_9@b9p22p0624.cern.ch
	CondorScratchDir = "/pool/condor/dir_2832354"
	Cpus = 1
	Disk = 3801
	GPUs = 0
	Memory = 3000
...
001 (9146987.003.000) 08/03 10:30:45 Job executing on host: <188.185.214.44:9618?addrs=188.185.214.44-9618+[2001-1458-303-1c--100-28]-9618&alias=b9p29p3559.cern.ch&noUDP&sock=startd_6981_f6bd>
	SlotName: slot1_7@b9p29p3559.cern.ch
	CondorScratchDir = "/pool/condor/dir_4103236"
	Cpus = 1
	Disk = 3783
	GPUs = 0
	Memory = 3000
...
040 (9146987.002.000) 08/03 10:30:45 Started transferring input files
	Transferring to host: <188.185.215.199:9618?addrs=188.185.215.199-9618+[2001-1458-303-26--100-43]-9618&alias=b9p18p6967.cern.ch&noUDP&sock=slot1_9_5782_b124_20474>
...
040 (9146987.002.000) 08/03 10:30:45 Finished transferring input files
...
001 (9146987.002.000) 08/03 10:30:45 Job executing on host: <188.185.215.199:9618?addrs=188.185.215.199-9618+[2001-1458-303-26--100-43]-9618&alias=b9p18p6967.cern.ch&noUDP&sock=startd_4735_6506>
	SlotName: slot1_9@b9p18p6967.cern.ch
	CondorScratchDir = "/pool/condor/dir_518980"
	Cpus = 1
	Disk = 3778
	GPUs = 0
	Memory = 3000
...
040 (9146987.005.000) 08/03 10:30:46 Started transferring input files
	Transferring to host: <188.185.212.232:9618?addrs=188.185.212.232-9618+[2001-1458-303-19--100-64]-9618&alias=b9p26p1694.cern.ch&noUDP&sock=slot1_5_4568_51b3_19937>
...
040 (9146987.006.000) 08/03 10:30:46 Started transferring input files
	Transferring to host: <188.185.212.197:9618?addrs=188.185.212.197-9618+[2001-1458-303-19--100-41]-9618&alias=b9p26p6528.cern.ch&noUDP&sock=slot1_5_6348_7d7b_18742>
...
040 (9146987.005.000) 08/03 10:30:46 Finished transferring input files
...
040 (9146987.006.000) 08/03 10:30:46 Finished transferring input files
...
001 (9146987.005.000) 08/03 10:30:46 Job executing on host: <188.185.212.232:9618?addrs=188.185.212.232-9618+[2001-1458-303-19--100-64]-9618&alias=b9p26p1694.cern.ch&noUDP&sock=startd_3927_2c80>
	SlotName: slot1_5@b9p26p1694.cern.ch
	CondorScratchDir = "/pool/condor/dir_2783099"
	Cpus = 1
	Disk = 3753
	GPUs = 0
	Memory = 3000
...
001 (9146987.006.000) 08/03 10:30:46 Job executing on host: <188.185.212.197:9618?addrs=188.185.212.197-9618+[2001-1458-303-19--100-41]-9618&alias=b9p26p6528.cern.ch&noUDP&sock=startd_5430_1b59>
	SlotName: slot1_5@b9p26p6528.cern.ch
	CondorScratchDir = "/pool/condor/dir_919166"
	Cpus = 1
	Disk = 3849
	GPUs = 0
	Memory = 3000
...
040 (9146987.007.000) 08/03 10:30:46 Started transferring input files
	Transferring to host: <188.185.215.184:9618?addrs=188.185.215.184-9618+[2001-1458-303-26--100-34]-9618&alias=b9p18p4694.cern.ch&noUDP&sock=slot1_6_7627_a94f_19272>
...
040 (9146987.007.000) 08/03 10:30:46 Finished transferring input files
...
001 (9146987.007.000) 08/03 10:30:46 Job executing on host: <188.185.215.184:9618?addrs=188.185.215.184-9618+[2001-1458-303-26--100-34]-9618&alias=b9p18p4694.cern.ch&noUDP&sock=startd_6566_4eef>
	SlotName: slot1_6@b9p18p4694.cern.ch
	CondorScratchDir = "/pool/condor/dir_3018626"
	Cpus = 1
	Disk = 3790
	GPUs = 0
	Memory = 3000
...
040 (9146987.009.000) 08/03 10:30:47 Started transferring input files
	Transferring to host: <188.185.213.233:9618?addrs=188.185.213.233-9618+[2001-1458-303-1b--100-65]-9618&alias=b9p28p1176.cern.ch&noUDP&sock=slot1_4_5874_83a8_20909>
...
040 (9146987.009.000) 08/03 10:30:47 Finished transferring input files
...
001 (9146987.009.000) 08/03 10:30:47 Job executing on host: <188.185.213.233:9618?addrs=188.185.213.233-9618+[2001-1458-303-1b--100-65]-9618&alias=b9p28p1176.cern.ch&noUDP&sock=startd_4973_a491>
	SlotName: slot1_4@b9p28p1176.cern.ch
	CondorScratchDir = "/pool/condor/dir_1658422"
	Cpus = 1
	Disk = 3833
	GPUs = 0
	Memory = 3000
...
040 (9146987.008.000) 08/03 10:30:47 Started transferring input files
	Transferring to host: <188.185.214.96:9618?addrs=188.185.214.96-9618+[2001-1458-303-1c--100-5c]-9618&alias=b9p29p1112.cern.ch&noUDP&sock=slot1_11_6218_e4b6_19152>
...
040 (9146987.008.000) 08/03 10:30:47 Finished transferring input files
...
001 (9146987.008.000) 08/03 10:30:47 Job executing on host: <188.185.214.96:9618?addrs=188.185.214.96-9618+[2001-1458-303-1c--100-5c]-9618&alias=b9p29p1112.cern.ch&noUDP&sock=startd_5499_6f61>
	SlotName: slot1_11@b9p29p1112.cern.ch
	CondorScratchDir = "/pool/condor/dir_311356"
	Cpus = 1
	Disk = 3830
	GPUs = 0
	Memory = 3000
...
040 (9146987.010.000) 08/03 10:30:47 Started transferring input files
	Transferring to host: <188.185.213.214:9618?addrs=188.185.213.214-9618+[2001-1458-303-1b--100-52]-9618&alias=b9p28p1203.cern.ch&noUDP&sock=slot1_7_4082_e35f_20485>
...
040 (9146987.010.000) 08/03 10:30:47 Finished transferring input files
...
001 (9146987.010.000) 08/03 10:30:47 Job executing on host: <188.185.213.214:9618?addrs=188.185.213.214-9618+[2001-1458-303-1b--100-52]-9618&alias=b9p28p1203.cern.ch&noUDP&sock=startd_3301_ca37>
	SlotName: slot1_7@b9p28p1203.cern.ch
	CondorScratchDir = "/pool/condor/dir_2787658"
	Cpus = 1
	Disk = 3934
	GPUs = 0
	Memory = 3000
...
040 (9146987.016.000) 08/03 10:30:48 Started transferring input files
	Transferring to host: <188.185.212.232:9618?addrs=188.185.212.232-9618+[2001-1458-303-19--100-64]-9618&alias=b9p26p1694.cern.ch&noUDP&sock=slot1_16_4568_51b3_19938>
...
040 (9146987.015.000) 08/03 10:30:48 Started transferring input files
	Transferring to host: <188.185.210.208:9618?addrs=188.185.210.208-9618+[2001-1458-303-15--100-4c]-9618&alias=b9p22p0624.cern.ch&noUDP&sock=slot1_11_5776_76e4_18225>
...
040 (9146987.014.000) 08/03 10:30:48 Started transferring input files
	Transferring to host: <188.185.214.44:9618?addrs=188.185.214.44-9618+[2001-1458-303-1c--100-28]-9618&alias=b9p29p3559.cern.ch&noUDP&sock=slot1_13_7886_267a_18483>
...
040 (9146987.016.000) 08/03 10:30:48 Finished transferring input files
...
040 (9146987.015.000) 08/03 10:30:48 Finished transferring input files
...
040 (9146987.014.000) 08/03 10:30:48 Finished transferring input files
...
001 (9146987.016.000) 08/03 10:30:48 Job executing on host: <188.185.212.232:9618?addrs=188.185.212.232-9618+[2001-1458-303-19--100-64]-9618&alias=b9p26p1694.cern.ch&noUDP&sock=startd_3927_2c80>
	SlotName: slot1_16@b9p26p1694.cern.ch
	CondorScratchDir = "/pool/condor/dir_2783649"
	Cpus = 1
	Disk = 3754
	GPUs = 0
	Memory = 3000
...
001 (9146987.015.000) 08/03 10:30:48 Job executing on host: <188.185.210.208:9618?addrs=188.185.210.208-9618+[2001-1458-303-15--100-4c]-9618&alias=b9p22p0624.cern.ch&noUDP&sock=startd_4738_73cf>
	SlotName: slot1_11@b9p22p0624.cern.ch
	CondorScratchDir = "/pool/condor/dir_2833028"
	Cpus = 1
	Disk = 3801
	GPUs = 0
	Memory = 3000
...
001 (9146987.014.000) 08/03 10:30:48 Job executing on host: <188.185.214.44:9618?addrs=188.185.214.44-9618+[2001-1458-303-1c--100-28]-9618&alias=b9p29p3559.cern.ch&noUDP&sock=startd_6981_f6bd>
	SlotName: slot1_13@b9p29p3559.cern.ch
	CondorScratchDir = "/pool/condor/dir_4103971"
	Cpus = 1
	Disk = 3783
	GPUs = 0
	Memory = 3000
...
040 (9146987.011.000) 08/03 10:30:48 Started transferring input files
	Transferring to host: <188.185.192.173:9618?addrs=188.185.192.173-9618+[2001-1458-303-1f--100-a9]-9618&alias=b9p13p0054.cern.ch&noUDP&sock=slot1_11_7418_66e7_16650>
...
040 (9146987.011.000) 08/03 10:30:48 Finished transferring input files
...
001 (9146987.011.000) 08/03 10:30:48 Job executing on host: <188.185.192.173:9618?addrs=188.185.192.173-9618+[2001-1458-303-1f--100-a9]-9618&alias=b9p13p0054.cern.ch&noUDP&sock=startd_6207_106f>
	SlotName: slot1_11@b9p13p0054.cern.ch
	CondorScratchDir = "/pool/condor/dir_1328150"
	Cpus = 1
	Disk = 3954
	GPUs = 0
	Memory = 3000
...
040 (9146987.013.000) 08/03 10:30:48 Started transferring input files
	Transferring to host: <188.185.214.97:9618?addrs=188.185.214.97-9618+[2001-1458-303-1c--100-5d]-9618&alias=b9p29p0113.cern.ch&noUDP&sock=slot1_10_8447_6cf1_18397>
...
040 (9146987.013.000) 08/03 10:30:48 Finished transferring input files
...
040 (9146987.012.000) 08/03 10:30:48 Started transferring input files
	Transferring to host: <188.185.213.204:9618?addrs=188.185.213.204-9618+[2001-1458-303-1b--100-48]-9618&alias=b9p28p7017.cern.ch&noUDP&sock=slot1_4_9006_4aa7_18521>
...
001 (9146987.013.000) 08/03 10:30:48 Job executing on host: <188.185.214.97:9618?addrs=188.185.214.97-9618+[2001-1458-303-1c--100-5d]-9618&alias=b9p29p0113.cern.ch&noUDP&sock=startd_7603_9aa5>
	SlotName: slot1_10@b9p29p0113.cern.ch
	CondorScratchDir = "/pool/condor/dir_2289180"
	Cpus = 1
	Disk = 3858
	GPUs = 0
	Memory = 3000
...
040 (9146987.012.000) 08/03 10:30:48 Finished transferring input files
...
001 (9146987.012.000) 08/03 10:30:48 Job executing on host: <188.185.213.204:9618?addrs=188.185.213.204-9618+[2001-1458-303-1b--100-48]-9618&alias=b9p28p7017.cern.ch&noUDP&sock=startd_7849_56f1>
	SlotName: slot1_4@b9p28p7017.cern.ch
	CondorScratchDir = "/pool/condor/dir_1625276"
	Cpus = 1
	Disk = 3834
	GPUs = 0
	Memory = 3000
...
040 (9146987.018.000) 08/03 10:30:49 Started transferring input files
	Transferring to host: <188.185.215.184:9618?addrs=188.185.215.184-9618+[2001-1458-303-26--100-34]-9618&alias=b9p18p4694.cern.ch&noUDP&sock=slot1_7_7627_a94f_19273>
...
040 (9146987.019.000) 08/03 10:30:49 Started transferring input files
	Transferring to host: <188.185.214.96:9618?addrs=188.185.214.96-9618+[2001-1458-303-1c--100-5c]-9618&alias=b9p29p1112.cern.ch&noUDP&sock=slot1_18_6218_e4b6_19153>
...
040 (9146987.017.000) 08/03 10:30:49 Started transferring input files
	Transferring to host: <188.185.212.197:9618?addrs=188.185.212.197-9618+[2001-1458-303-19--100-41]-9618&alias=b9p26p6528.cern.ch&noUDP&sock=slot1_10_6348_7d7b_18743>
...
040 (9146987.018.000) 08/03 10:30:49 Finished transferring input files
...
040 (9146987.019.000) 08/03 10:30:49 Finished transferring input files
...
040 (9146987.017.000) 08/03 10:30:49 Finished transferring input files
...
001 (9146987.018.000) 08/03 10:30:49 Job executing on host: <188.185.215.184:9618?addrs=188.185.215.184-9618+[2001-1458-303-26--100-34]-9618&alias=b9p18p4694.cern.ch&noUDP&sock=startd_6566_4eef>
	SlotName: slot1_7@b9p18p4694.cern.ch
	CondorScratchDir = "/pool/condor/dir_3019177"
	Cpus = 1
	Disk = 3790
	GPUs = 0
	Memory = 3000
...
001 (9146987.019.000) 08/03 10:30:49 Job executing on host: <188.185.214.96:9618?addrs=188.185.214.96-9618+[2001-1458-303-1c--100-5c]-9618&alias=b9p29p1112.cern.ch&noUDP&sock=startd_5499_6f61>
	SlotName: slot1_18@b9p29p1112.cern.ch
	CondorScratchDir = "/pool/condor/dir_311742"
	Cpus = 1
	Disk = 3830
	GPUs = 0
	Memory = 3000
...
001 (9146987.017.000) 08/03 10:30:49 Job executing on host: <188.185.212.197:9618?addrs=188.185.212.197-9618+[2001-1458-303-19--100-41]-9618&alias=b9p26p6528.cern.ch&noUDP&sock=startd_5430_1b59>
	SlotName: slot1_10@b9p26p6528.cern.ch
	CondorScratchDir = "/pool/condor/dir_919628"
	Cpus = 1
	Disk = 3849
	GPUs = 0
	Memory = 3000
...
006 (9146987.004.000) 08/03 10:30:53 Image size of job updated: 277040
	28  -  MemoryUsage of job (MB)
	28296  -  ResidentSetSize of job (KB)
...
006 (9146987.003.000) 08/03 10:30:53 Image size of job updated: 279960
	20  -  MemoryUsage of job (MB)
	20032  -  ResidentSetSize of job (KB)
...
006 (9146987.002.000) 08/03 10:30:53 Image size of job updated: 269804
	12  -  MemoryUsage of job (MB)
	12004  -  ResidentSetSize of job (KB)
...
006 (9146987.001.000) 08/03 10:30:53 Image size of job updated: 269756
	52  -  MemoryUsage of job (MB)
	52316  -  ResidentSetSize of job (KB)
...
006 (9146987.000.000) 08/03 10:30:53 Image size of job updated: 269752
	46  -  MemoryUsage of job (MB)
	46408  -  ResidentSetSize of job (KB)
...
006 (9146987.006.000) 08/03 10:30:55 Image size of job updated: 294700
	78  -  MemoryUsage of job (MB)
	79684  -  ResidentSetSize of job (KB)
...
006 (9146987.005.000) 08/03 10:30:55 Image size of job updated: 282024
	65  -  MemoryUsage of job (MB)
	66000  -  ResidentSetSize of job (KB)
...
006 (9146987.007.000) 08/03 10:30:55 Image size of job updated: 292836
	70  -  MemoryUsage of job (MB)
	71564  -  ResidentSetSize of job (KB)
...
006 (9146987.016.000) 08/03 10:30:56 Image size of job updated: 279900
	78  -  MemoryUsage of job (MB)
	79224  -  ResidentSetSize of job (KB)
...
006 (9146987.015.000) 08/03 10:30:56 Image size of job updated: 286152
	78  -  MemoryUsage of job (MB)
	79316  -  ResidentSetSize of job (KB)
...
006 (9146987.014.000) 08/03 10:30:56 Image size of job updated: 284048
	59  -  MemoryUsage of job (MB)
	59772  -  ResidentSetSize of job (KB)
...
006 (9146987.009.000) 08/03 10:30:56 Image size of job updated: 288212
	78  -  MemoryUsage of job (MB)
	79192  -  ResidentSetSize of job (KB)
...
006 (9146987.008.000) 08/03 10:30:56 Image size of job updated: 228356
	58  -  MemoryUsage of job (MB)
	58992  -  ResidentSetSize of job (KB)
...
006 (9146987.010.000) 08/03 10:30:56 Image size of job updated: 284076
	60  -  MemoryUsage of job (MB)
	61264  -  ResidentSetSize of job (KB)
...
006 (9146987.018.000) 08/03 10:30:57 Image size of job updated: 292856
	78  -  MemoryUsage of job (MB)
	79812  -  ResidentSetSize of job (KB)
...
006 (9146987.019.000) 08/03 10:30:57 Image size of job updated: 304992
	60  -  MemoryUsage of job (MB)
	61272  -  ResidentSetSize of job (KB)
...
006 (9146987.017.000) 08/03 10:30:57 Image size of job updated: 293016
	78  -  MemoryUsage of job (MB)
	79856  -  ResidentSetSize of job (KB)
...
006 (9146987.011.000) 08/03 10:30:57 Image size of job updated: 251904
	41  -  MemoryUsage of job (MB)
	41868  -  ResidentSetSize of job (KB)
...
006 (9146987.013.000) 08/03 10:30:57 Image size of job updated: 281980
	70  -  MemoryUsage of job (MB)
	71272  -  ResidentSetSize of job (KB)
...
006 (9146987.012.000) 08/03 10:30:57 Image size of job updated: 158752
	52  -  MemoryUsage of job (MB)
	52324  -  ResidentSetSize of job (KB)
...
040 (9146987.016.000) 08/03 10:35:35 Started transferring output files
...
040 (9146987.016.000) 08/03 10:35:35 Finished transferring output files
...
040 (9146987.006.000) 08/03 10:35:35 Started transferring output files
...
040 (9146987.006.000) 08/03 10:35:35 Finished transferring output files
...
005 (9146987.016.000) 08/03 10:35:35 Job terminated.
	(1) Normal termination (return value 0)
		Usr 0 00:02:47, Sys 0 00:00:25  -  Run Remote Usage
		Usr 0 00:00:00, Sys 0 00:00:00  -  Run Local Usage
		Usr 0 00:02:47, Sys 0 00:00:25  -  Total Remote Usage
		Usr 0 00:00:00, Sys 0 00:00:00  -  Total Local Usage
	240234  -  Run Bytes Sent By Job
	658818  -  Run Bytes Received By Job
	240234  -  Total Bytes Sent By Job
	658818  -  Total Bytes Received By Job
	Partitionable Resources :    Usage  Request Allocated 
	   Cpus                 :        0        1         1 
	   Disk (KB)            :     1030      750      3754 
	   GPUs                 :                           0 
	   Memory (MB)          :       78     3000      3000 
	   TimeExecute (s)      :      287                    
	   TimeSlotBusy (s)     :      287                    
...
005 (9146987.006.000) 08/03 10:35:36 Job terminated.
	(1) Normal termination (return value 0)
		Usr 0 00:02:52, Sys 0 00:00:26  -  Run Remote Usage
		Usr 0 00:00:00, Sys 0 00:00:00  -  Run Local Usage
		Usr 0 00:02:52, Sys 0 00:00:26  -  Total Remote Usage
		Usr 0 00:00:00, Sys 0 00:00:00  -  Total Local Usage
	240320  -  Run Bytes Sent By Job
	658818  -  Run Bytes Received By Job
	240320  -  Total Bytes Sent By Job
	658818  -  Total Bytes Received By Job
	Partitionable Resources :    Usage  Request Allocated 
	   Cpus                 :        0        1         1 
	   Disk (KB)            :     1031      750      3849 
	   GPUs                 :                           0 
	   Memory (MB)          :       78     3000      3000 
	   TimeExecute (s)      :      289                    
	   TimeSlotBusy (s)     :      290                    
...
006 (9146987.014.000) 08/03 10:35:41 Image size of job updated: 284048
	59  -  MemoryUsage of job (MB)
	60188  -  ResidentSetSize of job (KB)
...
040 (9146987.014.000) 08/03 10:35:42 Started transferring output files
...
040 (9146987.014.000) 08/03 10:35:42 Finished transferring output files
...
005 (9146987.014.000) 08/03 10:35:42 Job terminated.
	(1) Normal termination (return value 0)
		Usr 0 00:02:54, Sys 0 00:00:28  -  Run Remote Usage
		Usr 0 00:00:00, Sys 0 00:00:00  -  Run Local Usage
		Usr 0 00:02:54, Sys 0 00:00:28  -  Total Remote Usage
		Usr 0 00:00:00, Sys 0 00:00:00  -  Total Local Usage
	238385  -  Run Bytes Sent By Job
	658818  -  Run Bytes Received By Job
	238385  -  Total Bytes Sent By Job
	658818  -  Total Bytes Received By Job
	Partitionable Resources :    Usage  Request Allocated 
	   Cpus                 :        0        1         1 
	   Disk (KB)            :     1028      750      3783 
	   GPUs                 :                           0 
	   Memory (MB)          :       59     3000      3000 
	   TimeExecute (s)      :      293                    
	   TimeSlotBusy (s)     :      294                    
...
040 (9146987.003.000) 08/03 10:35:43 Started transferring output files
...
040 (9146987.003.000) 08/03 10:35:43 Finished transferring output files
...
005 (9146987.003.000) 08/03 10:35:44 Job terminated.
	(1) Normal termination (return value 0)
		Usr 0 00:02:54, Sys 0 00:00:30  -  Run Remote Usage
		Usr 0 00:00:00, Sys 0 00:00:00  -  Run Local Usage
		Usr 0 00:02:54, Sys 0 00:00:30  -  Total Remote Usage
		Usr 0 00:00:00, Sys 0 00:00:00  -  Total Local Usage
	239348  -  Run Bytes Sent By Job
	658818  -  Run Bytes Received By Job
	239348  -  Total Bytes Sent By Job
	658818  -  Total Bytes Received By Job
	Partitionable Resources :    Usage  Request Allocated 
	   Cpus                 :                 1         1 
	   Disk (KB)            :     1021      750      3783 
	   GPUs                 :                           0 
	   Memory (MB)          :       20     3000      3000 
	   TimeExecute (s)      :      298                    
	   TimeSlotBusy (s)     :      299                    
...
040 (9146987.018.000) 08/03 10:35:50 Started transferring output files
...
040 (9146987.018.000) 08/03 10:35:50 Finished transferring output files
...
006 (9146987.013.000) 08/03 10:35:50 Image size of job updated: 281980
	70  -  MemoryUsage of job (MB)
	71324  -  ResidentSetSize of job (KB)
...
005 (9146987.018.000) 08/03 10:35:50 Job terminated.
	(1) Normal termination (return value 0)
		Usr 0 00:02:58, Sys 0 00:00:29  -  Run Remote Usage
		Usr 0 00:00:00, Sys 0 00:00:00  -  Run Local Usage
		Usr 0 00:02:58, Sys 0 00:00:29  -  Total Remote Usage
		Usr 0 00:00:00, Sys 0 00:00:00  -  Total Local Usage
	239402  -  Run Bytes Sent By Job
	658818  -  Run Bytes Received By Job
	239402  -  Total Bytes Sent By Job
	658818  -  Total Bytes Received By Job
	Partitionable Resources :    Usage  Request Allocated 
	   Cpus                 :        0        1         1 
	   Disk (KB)            :     1029      750      3790 
	   GPUs                 :                           0 
	   Memory (MB)          :       78     3000      3000 
	   TimeExecute (s)      :      300                    
	   TimeSlotBusy (s)     :      301                    
...
040 (9146987.009.000) 08/03 10:35:51 Started transferring output files
...
040 (9146987.013.000) 08/03 10:35:51 Started transferring output files
...
040 (9146987.009.000) 08/03 10:35:51 Finished transferring output files
...
040 (9146987.013.000) 08/03 10:35:51 Finished transferring output files
...
005 (9146987.013.000) 08/03 10:35:51 Job terminated.
	(1) Normal termination (return value 0)
		Usr 0 00:02:52, Sys 0 00:00:27  -  Run Remote Usage
		Usr 0 00:00:00, Sys 0 00:00:00  -  Run Local Usage
		Usr 0 00:02:52, Sys 0 00:00:27  -  Total Remote Usage
		Usr 0 00:00:00, Sys 0 00:00:00  -  Total Local Usage
	239280  -  Run Bytes Sent By Job
	658818  -  Run Bytes Received By Job
	239280  -  Total Bytes Sent By Job
	658818  -  Total Bytes Received By Job
	Partitionable Resources :    Usage  Request Allocated 
	   Cpus                 :        0        1         1 
	   Disk (KB)            :     1030      750      3858 
	   GPUs                 :                           0 
	   Memory (MB)          :       70     3000      3000 
	   TimeExecute (s)      :      302                    
	   TimeSlotBusy (s)     :      304                    
...
005 (9146987.009.000) 08/03 10:35:51 Job terminated.
	(1) Normal termination (return value 0)
		Usr 0 00:02:47, Sys 0 00:00:26  -  Run Remote Usage
		Usr 0 00:00:00, Sys 0 00:00:00  -  Run Local Usage
		Usr 0 00:02:47, Sys 0 00:00:26  -  Total Remote Usage
		Usr 0 00:00:00, Sys 0 00:00:00  -  Total Local Usage
	239132  -  Run Bytes Sent By Job
	658818  -  Run Bytes Received By Job
	239132  -  Total Bytes Sent By Job
	658818  -  Total Bytes Received By Job
	Partitionable Resources :    Usage  Request Allocated 
	   Cpus                 :     0.07        1         1 
	   Disk (KB)            :  1029         750      3833 
	   GPUs                 :                           0 
	   Memory (MB)          :    78        3000      3000 
	   TimeExecute (s)      :   303                       
	   TimeSlotBusy (s)     :   305                       
...
006 (9146987.007.000) 08/03 10:35:52 Image size of job updated: 292836
	70  -  MemoryUsage of job (MB)
	71620  -  ResidentSetSize of job (KB)
...
040 (9146987.007.000) 08/03 10:35:52 Started transferring output files
...
040 (9146987.007.000) 08/03 10:35:52 Finished transferring output files
...
005 (9146987.007.000) 08/03 10:35:52 Job terminated.
	(1) Normal termination (return value 0)
		Usr 0 00:03:01, Sys 0 00:00:29  -  Run Remote Usage
		Usr 0 00:00:00, Sys 0 00:00:00  -  Run Local Usage
		Usr 0 00:03:01, Sys 0 00:00:29  -  Total Remote Usage
		Usr 0 00:00:00, Sys 0 00:00:00  -  Total Local Usage
	238380  -  Run Bytes Sent By Job
	658818  -  Run Bytes Received By Job
	238380  -  Total Bytes Sent By Job
	658818  -  Total Bytes Received By Job
	Partitionable Resources :    Usage  Request Allocated 
	   Cpus                 :        0        1         1 
	   Disk (KB)            :     1029      750      3790 
	   GPUs                 :                           0 
	   Memory (MB)          :       70     3000      3000 
	   TimeExecute (s)      :      306                    
	   TimeSlotBusy (s)     :      307                    
...
006 (9146987.004.000) 08/03 10:35:53 Image size of job updated: 277040
	99  -  MemoryUsage of job (MB)
	101140  -  ResidentSetSize of job (KB)
...
006 (9146987.002.000) 08/03 10:35:53 Image size of job updated: 269804
	99  -  MemoryUsage of job (MB)
	101232  -  ResidentSetSize of job (KB)
...
006 (9146987.001.000) 08/03 10:35:54 Image size of job updated: 269756
	98  -  MemoryUsage of job (MB)
	100052  -  ResidentSetSize of job (KB)
...
040 (9146987.017.000) 08/03 10:35:54 Started transferring output files
...
006 (9146987.000.000) 08/03 10:35:54 Image size of job updated: 269752
	98  -  MemoryUsage of job (MB)
	100280  -  ResidentSetSize of job (KB)
...
040 (9146987.017.000) 08/03 10:35:55 Finished transferring output files
...
005 (9146987.017.000) 08/03 10:35:55 Job terminated.
	(1) Normal termination (return value 0)
		Usr 0 00:02:58, Sys 0 00:00:27  -  Run Remote Usage
		Usr 0 00:00:00, Sys 0 00:00:00  -  Run Local Usage
		Usr 0 00:02:58, Sys 0 00:00:27  -  Total Remote Usage
		Usr 0 00:00:00, Sys 0 00:00:00  -  Total Local Usage
	237593  -  Run Bytes Sent By Job
	658818  -  Run Bytes Received By Job
	237593  -  Total Bytes Sent By Job
	658818  -  Total Bytes Received By Job
	Partitionable Resources :    Usage  Request Allocated 
	   Cpus                 :        0        1         1 
	   Disk (KB)            :     1028      750      3849 
	   GPUs                 :                           0 
	   Memory (MB)          :       78     3000      3000 
	   TimeExecute (s)      :      305                    
	   TimeSlotBusy (s)     :      306                    
...
006 (9146987.005.000) 08/03 10:35:56 Image size of job updated: 282024
	99  -  MemoryUsage of job (MB)
	101308  -  ResidentSetSize of job (KB)
...
040 (9146987.002.000) 08/03 10:35:56 Started transferring output files
...
006 (9146987.015.000) 08/03 10:35:56 Image size of job updated: 286152
	99  -  MemoryUsage of job (MB)
	100372  -  ResidentSetSize of job (KB)
...
040 (9146987.002.000) 08/03 10:35:56 Finished transferring output files
...
005 (9146987.002.000) 08/03 10:35:56 Job terminated.
	(1) Normal termination (return value 0)
		Usr 0 00:03:00, Sys 0 00:00:30  -  Run Remote Usage
		Usr 0 00:00:00, Sys 0 00:00:00  -  Run Local Usage
		Usr 0 00:03:00, Sys 0 00:00:30  -  Total Remote Usage
		Usr 0 00:00:00, Sys 0 00:00:00  -  Total Local Usage
	240162  -  Run Bytes Sent By Job
	658818  -  Run Bytes Received By Job
	240162  -  Total Bytes Sent By Job
	658818  -  Total Bytes Received By Job
	Partitionable Resources :    Usage  Request Allocated 
	   Cpus                 :                 1         1 
	   Disk (KB)            :     1022      750      3778 
	   GPUs                 :                           0 
	   Memory (MB)          :       99     3000      3000 
	   TimeExecute (s)      :      311                    
	   TimeSlotBusy (s)     :      312                    
...
006 (9146987.008.000) 08/03 10:35:57 Image size of job updated: 228356
	99  -  MemoryUsage of job (MB)
	100676  -  ResidentSetSize of job (KB)
...
006 (9146987.010.000) 08/03 10:35:57 Image size of job updated: 284076
	99  -  MemoryUsage of job (MB)
	100372  -  ResidentSetSize of job (KB)
...
006 (9146987.019.000) 08/03 10:35:57 Image size of job updated: 304992
	99  -  MemoryUsage of job (MB)
	100536  -  ResidentSetSize of job (KB)
...
006 (9146987.011.000) 08/03 10:35:58 Image size of job updated: 251904
	97  -  MemoryUsage of job (MB)
	99272  -  ResidentSetSize of job (KB)
...
006 (9146987.012.000) 08/03 10:35:58 Image size of job updated: 158752
	98  -  MemoryUsage of job (MB)
	100280  -  ResidentSetSize of job (KB)
...
040 (9146987.005.000) 08/03 10:35:58 Started transferring output files
...
040 (9146987.005.000) 08/03 10:35:58 Finished transferring output files
...
005 (9146987.005.000) 08/03 10:35:58 Job terminated.
	(1) Normal termination (return value 0)
		Usr 0 00:02:43, Sys 0 00:00:24  -  Run Remote Usage
		Usr 0 00:00:00, Sys 0 00:00:00  -  Run Local Usage
		Usr 0 00:02:43, Sys 0 00:00:24  -  Total Remote Usage
		Usr 0 00:00:00, Sys 0 00:00:00  -  Total Local Usage
	238281  -  Run Bytes Sent By Job
	658818  -  Run Bytes Received By Job
	238281  -  Total Bytes Sent By Job
	658818  -  Total Bytes Received By Job
	Partitionable Resources :    Usage  Request Allocated 
	   Cpus                 :        0        1         1 
	   Disk (KB)            :     1029      750      3753 
	   GPUs                 :                           0 
	   Memory (MB)          :       99     3000      3000 
	   TimeExecute (s)      :      311                    
	   TimeSlotBusy (s)     :      313                    
...
040 (9146987.004.000) 08/03 10:36:00 Started transferring output files
...
040 (9146987.004.000) 08/03 10:36:00 Finished transferring output files
...
005 (9146987.004.000) 08/03 10:36:00 Job terminated.
	(1) Normal termination (return value 0)
		Usr 0 00:02:59, Sys 0 00:00:30  -  Run Remote Usage
		Usr 0 00:00:00, Sys 0 00:00:00  -  Run Local Usage
		Usr 0 00:02:59, Sys 0 00:00:30  -  Total Remote Usage
		Usr 0 00:00:00, Sys 0 00:00:00  -  Total Local Usage
	240641  -  Run Bytes Sent By Job
	658818  -  Run Bytes Received By Job
	240641  -  Total Bytes Sent By Job
	658818  -  Total Bytes Received By Job
	Partitionable Resources :    Usage  Request Allocated 
	   Cpus                 :                 1         1 
	   Disk (KB)            :     1022      750      3801 
	   GPUs                 :                           0 
	   Memory (MB)          :       99     3000      3000 
	   TimeExecute (s)      :      314                    
	   TimeSlotBusy (s)     :      316                    
...
040 (9146987.015.000) 08/03 10:36:10 Started transferring output files
...
040 (9146987.015.000) 08/03 10:36:10 Finished transferring output files
...
005 (9146987.015.000) 08/03 10:36:10 Job terminated.
	(1) Normal termination (return value 0)
		Usr 0 00:03:02, Sys 0 00:00:30  -  Run Remote Usage
		Usr 0 00:00:00, Sys 0 00:00:00  -  Run Local Usage
		Usr 0 00:03:02, Sys 0 00:00:30  -  Total Remote Usage
		Usr 0 00:00:00, Sys 0 00:00:00  -  Total Local Usage
	241479  -  Run Bytes Sent By Job
	658818  -  Run Bytes Received By Job
	241479  -  Total Bytes Sent By Job
	658818  -  Total Bytes Received By Job
	Partitionable Resources :    Usage  Request Allocated 
	   Cpus                 :        0        1         1 
	   Disk (KB)            :     1031      750      3801 
	   GPUs                 :                           0 
	   Memory (MB)          :       99     3000      3000 
	   TimeExecute (s)      :      322                    
	   TimeSlotBusy (s)     :      322                    
...
040 (9146987.019.000) 08/03 10:36:13 Started transferring output files
...
040 (9146987.019.000) 08/03 10:36:13 Finished transferring output files
...
005 (9146987.019.000) 08/03 10:36:13 Job terminated.
	(1) Normal termination (return value 0)
		Usr 0 00:02:58, Sys 0 00:00:29  -  Run Remote Usage
		Usr 0 00:00:00, Sys 0 00:00:00  -  Run Local Usage
		Usr 0 00:02:58, Sys 0 00:00:29  -  Total Remote Usage
		Usr 0 00:00:00, Sys 0 00:00:00  -  Total Local Usage
	241151  -  Run Bytes Sent By Job
	658818  -  Run Bytes Received By Job
	241151  -  Total Bytes Sent By Job
	658818  -  Total Bytes Received By Job
	Partitionable Resources :    Usage  Request Allocated 
	   Cpus                 :     0.71        1         1 
	   Disk (KB)            :  1031         750      3830 
	   GPUs                 :                           0 
	   Memory (MB)          :    99        3000      3000 
	   TimeExecute (s)      :   323                       
	   TimeSlotBusy (s)     :   324                       
...
040 (9146987.008.000) 08/03 10:36:14 Started transferring output files
...
040 (9146987.008.000) 08/03 10:36:14 Finished transferring output files
...
005 (9146987.008.000) 08/03 10:36:14 Job terminated.
	(1) Normal termination (return value 0)
		Usr 0 00:02:58, Sys 0 00:00:29  -  Run Remote Usage
		Usr 0 00:00:00, Sys 0 00:00:00  -  Run Local Usage
		Usr 0 00:02:58, Sys 0 00:00:29  -  Total Remote Usage
		Usr 0 00:00:00, Sys 0 00:00:00  -  Total Local Usage
	239813  -  Run Bytes Sent By Job
	658818  -  Run Bytes Received By Job
	239813  -  Total Bytes Sent By Job
	658818  -  Total Bytes Received By Job
	Partitionable Resources :    Usage  Request Allocated 
	   Cpus                 :     0.69        1         1 
	   Disk (KB)            :  1030         750      3830 
	   GPUs                 :                           0 
	   Memory (MB)          :    99        3000      3000 
	   TimeExecute (s)      :   326                       
	   TimeSlotBusy (s)     :   328                       
...
040 (9146987.012.000) 08/03 10:36:15 Started transferring output files
...
040 (9146987.012.000) 08/03 10:36:15 Finished transferring output files
...
005 (9146987.012.000) 08/03 10:36:15 Job terminated.
	(1) Normal termination (return value 0)
		Usr 0 00:02:58, Sys 0 00:00:30  -  Run Remote Usage
		Usr 0 00:00:00, Sys 0 00:00:00  -  Run Local Usage
		Usr 0 00:02:58, Sys 0 00:00:30  -  Total Remote Usage
		Usr 0 00:00:00, Sys 0 00:00:00  -  Total Local Usage
	239828  -  Run Bytes Sent By Job
	658818  -  Run Bytes Received By Job
	239828  -  Total Bytes Sent By Job
	658818  -  Total Bytes Received By Job
	Partitionable Resources :    Usage  Request Allocated 
	   Cpus                 :     0.71        1         1 
	   Disk (KB)            :  1195         750      3834 
	   GPUs                 :                           0 
	   Memory (MB)          :    98        3000      3000 
	   TimeExecute (s)      :   326                       
	   TimeSlotBusy (s)     :   328                       
...
040 (9146987.010.000) 08/03 10:36:18 Started transferring output files
...
040 (9146987.001.000) 08/03 10:36:18 Started transferring output files
...
040 (9146987.001.000) 08/03 10:36:18 Finished transferring output files
...
040 (9146987.010.000) 08/03 10:36:18 Finished transferring output files
...
005 (9146987.010.000) 08/03 10:36:18 Job terminated.
	(1) Normal termination (return value 0)
		Usr 0 00:02:59, Sys 0 00:00:30  -  Run Remote Usage
		Usr 0 00:00:00, Sys 0 00:00:00  -  Run Local Usage
		Usr 0 00:02:59, Sys 0 00:00:30  -  Total Remote Usage
		Usr 0 00:00:00, Sys 0 00:00:00  -  Total Local Usage
	238661  -  Run Bytes Sent By Job
	658818  -  Run Bytes Received By Job
	238661  -  Total Bytes Sent By Job
	658818  -  Total Bytes Received By Job
	Partitionable Resources :    Usage  Request Allocated 
	   Cpus                 :     0.66        1         1 
	   Disk (KB)            :  1029         750      3934 
	   GPUs                 :                           0 
	   Memory (MB)          :    99        3000      3000 
	   TimeExecute (s)      :   330                       
	   TimeSlotBusy (s)     :   332                       
...
005 (9146987.001.000) 08/03 10:36:19 Job terminated.
	(1) Normal termination (return value 0)
		Usr 0 00:03:01, Sys 0 00:00:29  -  Run Remote Usage
		Usr 0 00:00:00, Sys 0 00:00:00  -  Run Local Usage
		Usr 0 00:03:01, Sys 0 00:00:29  -  Total Remote Usage
		Usr 0 00:00:00, Sys 0 00:00:00  -  Total Local Usage
	239094  -  Run Bytes Sent By Job
	658818  -  Run Bytes Received By Job
	239094  -  Total Bytes Sent By Job
	658818  -  Total Bytes Received By Job
	Partitionable Resources :    Usage  Request Allocated 
	   Cpus                 :        0        1         1 
	   Disk (KB)            :     1029      750      3875 
	   GPUs                 :                           0 
	   Memory (MB)          :       98     3000      3000 
	   TimeExecute (s)      :      333                    
	   TimeSlotBusy (s)     :      335                    
...
040 (9146987.011.000) 08/03 10:36:35 Started transferring output files
...
040 (9146987.011.000) 08/03 10:36:36 Finished transferring output files
...
005 (9146987.011.000) 08/03 10:36:36 Job terminated.
	(1) Normal termination (return value 0)
		Usr 0 00:03:40, Sys 0 00:00:18  -  Run Remote Usage
		Usr 0 00:00:00, Sys 0 00:00:00  -  Run Local Usage
		Usr 0 00:03:40, Sys 0 00:00:18  -  Total Remote Usage
		Usr 0 00:00:00, Sys 0 00:00:00  -  Total Local Usage
	237675  -  Run Bytes Sent By Job
	658818  -  Run Bytes Received By Job
	237675  -  Total Bytes Sent By Job
	658818  -  Total Bytes Received By Job
	Partitionable Resources :    Usage  Request Allocated 
	   Cpus                 :     0.73        1         1 
	   Disk (KB)            :  1028         750      3954 
	   GPUs                 :                           0 
	   Memory (MB)          :    97        3000      3000 
	   TimeExecute (s)      :   347                       
	   TimeSlotBusy (s)     :   349                       
...
040 (9146987.000.000) 08/03 10:37:01 Started transferring output files
...
040 (9146987.000.000) 08/03 10:37:01 Finished transferring output files
...
005 (9146987.000.000) 08/03 10:37:01 Job terminated.
	(1) Normal termination (return value 0)
		Usr 0 00:03:03, Sys 0 00:00:30  -  Run Remote Usage
		Usr 0 00:00:00, Sys 0 00:00:00  -  Run Local Usage
		Usr 0 00:03:03, Sys 0 00:00:30  -  Total Remote Usage
		Usr 0 00:00:00, Sys 0 00:00:00  -  Total Local Usage
	238627  -  Run Bytes Sent By Job
	658818  -  Run Bytes Received By Job
	238627  -  Total Bytes Sent By Job
	658818  -  Total Bytes Received By Job
	Partitionable Resources :    Usage  Request Allocated 
	   Cpus                 :     0.69        1         1 
	   Disk (KB)            :  1029         750      3858 
	   GPUs                 :                           0 
	   Memory (MB)          :    98        3000      3000 
	   TimeExecute (s)      :   376                       
	   TimeSlotBusy (s)     :   378                       
...
000 (9146993.000.000) 08/03 10:59:35 Job submitted from host: <188.185.125.71:9618?addrs=188.185.125.71-9618+[2001-1458-d00-4a--100-15e]-9618&alias=bigbird28.cern.ch&noUDP&sock=schedd_1249217_88f9>
...
000 (9146993.001.000) 08/03 10:59:35 Job submitted from host: <188.185.125.71:9618?addrs=188.185.125.71-9618+[2001-1458-d00-4a--100-15e]-9618&alias=bigbird28.cern.ch&noUDP&sock=schedd_1249217_88f9>
...
000 (9146993.010.000) 08/03 10:59:35 Job submitted from host: <188.185.125.71:9618?addrs=188.185.125.71-9618+[2001-1458-d00-4a--100-15e]-9618&alias=bigbird28.cern.ch&noUDP&sock=schedd_1249217_88f9>
...
000 (9146993.011.000) 08/03 10:59:35 Job submitted from host: <188.185.125.71:9618?addrs=188.185.125.71-9618+[2001-1458-d00-4a--100-15e]-9618&alias=bigbird28.cern.ch&noUDP&sock=schedd_1249217_88f9>
...
000 (9146993.012.000) 08/03 10:59:35 Job submitted from host: <188.185.125.71:9618?addrs=188.185.125.71-9618+[2001-1458-d00-4a--100-15e]-9618&alias=bigbird28.cern.ch&noUDP&sock=schedd_1249217_88f9>
...
000 (9146993.013.000) 08/03 10:59:35 Job submitted from host: <188.185.125.71:9618?addrs=188.185.125.71-9618+[2001-1458-d00-4a--100-15e]-9618&alias=bigbird28.cern.ch&noUDP&sock=schedd_1249217_88f9>
...
000 (9146993.014.000) 08/03 10:59:35 Job submitted from host: <188.185.125.71:9618?addrs=188.185.125.71-9618+[2001-1458-d00-4a--100-15e]-9618&alias=bigbird28.cern.ch&noUDP&sock=schedd_1249217_88f9>
...
000 (9146993.015.000) 08/03 10:59:35 Job submitted from host: <188.185.125.71:9618?addrs=188.185.125.71-9618+[2001-1458-d00-4a--100-15e]-9618&alias=bigbird28.cern.ch&noUDP&sock=schedd_1249217_88f9>
...
000 (9146993.016.000) 08/03 10:59:35 Job submitted from host: <188.185.125.71:9618?addrs=188.185.125.71-9618+[2001-1458-d00-4a--100-15e]-9618&alias=bigbird28.cern.ch&noUDP&sock=schedd_1249217_88f9>
...
000 (9146993.017.000) 08/03 10:59:35 Job submitted from host: <188.185.125.71:9618?addrs=188.185.125.71-9618+[2001-1458-d00-4a--100-15e]-9618&alias=bigbird28.cern.ch&noUDP&sock=schedd_1249217_88f9>
...
000 (9146993.018.000) 08/03 10:59:35 Job submitted from host: <188.185.125.71:9618?addrs=188.185.125.71-9618+[2001-1458-d00-4a--100-15e]-9618&alias=bigbird28.cern.ch&noUDP&sock=schedd_1249217_88f9>
...
000 (9146993.019.000) 08/03 10:59:35 Job submitted from host: <188.185.125.71:9618?addrs=188.185.125.71-9618+[2001-1458-d00-4a--100-15e]-9618&alias=bigbird28.cern.ch&noUDP&sock=schedd_1249217_88f9>
...
000 (9146993.002.000) 08/03 10:59:35 Job submitted from host: <188.185.125.71:9618?addrs=188.185.125.71-9618+[2001-1458-d00-4a--100-15e]-9618&alias=bigbird28.cern.ch&noUDP&sock=schedd_1249217_88f9>
...
000 (9146993.003.000) 08/03 10:59:35 Job submitted from host: <188.185.125.71:9618?addrs=188.185.125.71-9618+[2001-1458-d00-4a--100-15e]-9618&alias=bigbird28.cern.ch&noUDP&sock=schedd_1249217_88f9>
...
000 (9146993.004.000) 08/03 10:59:35 Job submitted from host: <188.185.125.71:9618?addrs=188.185.125.71-9618+[2001-1458-d00-4a--100-15e]-9618&alias=bigbird28.cern.ch&noUDP&sock=schedd_1249217_88f9>
...
000 (9146993.005.000) 08/03 10:59:35 Job submitted from host: <188.185.125.71:9618?addrs=188.185.125.71-9618+[2001-1458-d00-4a--100-15e]-9618&alias=bigbird28.cern.ch&noUDP&sock=schedd_1249217_88f9>
...
000 (9146993.006.000) 08/03 10:59:35 Job submitted from host: <188.185.125.71:9618?addrs=188.185.125.71-9618+[2001-1458-d00-4a--100-15e]-9618&alias=bigbird28.cern.ch&noUDP&sock=schedd_1249217_88f9>
...
000 (9146993.007.000) 08/03 10:59:35 Job submitted from host: <188.185.125.71:9618?addrs=188.185.125.71-9618+[2001-1458-d00-4a--100-15e]-9618&alias=bigbird28.cern.ch&noUDP&sock=schedd_1249217_88f9>
...
000 (9146993.008.000) 08/03 10:59:35 Job submitted from host: <188.185.125.71:9618?addrs=188.185.125.71-9618+[2001-1458-d00-4a--100-15e]-9618&alias=bigbird28.cern.ch&noUDP&sock=schedd_1249217_88f9>
...
000 (9146993.009.000) 08/03 10:59:35 Job submitted from host: <188.185.125.71:9618?addrs=188.185.125.71-9618+[2001-1458-d00-4a--100-15e]-9618&alias=bigbird28.cern.ch&noUDP&sock=schedd_1249217_88f9>
...
040 (9146993.000.000) 08/03 11:00:52 Started transferring input files
	Transferring to host: <188.185.212.45:9618?addrs=188.185.212.45-9618+[2001-1458-303-18--100-29]-9618&alias=b9p25p8932.cern.ch&noUDP&sock=slot1_15_871724_2af1_15239>
...
040 (9146993.000.000) 08/03 11:00:52 Finished transferring input files
...
001 (9146993.000.000) 08/03 11:00:52 Job executing on host: <188.185.212.45:9618?addrs=188.185.212.45-9618+[2001-1458-303-18--100-29]-9618&alias=b9p25p8932.cern.ch&noUDP&sock=startd_3591_b4ae>
	SlotName: slot1_15@b9p25p8932.cern.ch
	CondorScratchDir = "/pool/condor/dir_1166331"
	Cpus = 1
	Disk = 3843
	GPUs = 0
	Memory = 3000
...
040 (9146993.001.000) 08/03 11:00:53 Started transferring input files
	Transferring to host: <188.185.211.54:9618?addrs=188.185.211.54-9618+[2001-1458-303-16--100-32]-9618&alias=b9p23p6315.cern.ch&noUDP&sock=slot1_18_6521_6262_7112>
...
040 (9146993.001.000) 08/03 11:00:53 Finished transferring input files
...
001 (9146993.001.000) 08/03 11:00:53 Job executing on host: <188.185.211.54:9618?addrs=188.185.211.54-9618+[2001-1458-303-16--100-32]-9618&alias=b9p23p6315.cern.ch&noUDP&sock=startd_5347_2cfc>
	SlotName: slot1_18@b9p23p6315.cern.ch
	CondorScratchDir = "/pool/condor/dir_1810036"
	Cpus = 1
	Disk = 3902
	GPUs = 0
	Memory = 3000
...
040 (9146993.005.000) 08/03 11:00:54 Started transferring input files
	Transferring to host: <128.142.248.171:9618?addrs=128.142.248.171-9618+[2001-1458-301-73--100-aa]-9618&alias=b9g23p8423.cern.ch&noUDP&sock=slot1_6_7862_3d79_9819>
...
040 (9146993.005.000) 08/03 11:00:54 Finished transferring input files
...
001 (9146993.005.000) 08/03 11:00:54 Job executing on host: <128.142.248.171:9618?addrs=128.142.248.171-9618+[2001-1458-301-73--100-aa]-9618&alias=b9g23p8423.cern.ch&noUDP&sock=startd_7017_a825>
	SlotName: slot1_6@b9g23p8423.cern.ch
	CondorScratchDir = "/pool/condor/dir_2175349"
	Cpus = 1
	Disk = 3954
	GPUs = 0
	Memory = 3000
...
040 (9146993.006.000) 08/03 11:00:54 Started transferring input files
	Transferring to host: <188.185.209.143:9618?addrs=188.185.209.143-9618+[2001-1458-303-12--100-c]-9618&alias=b9p12p0201.cern.ch&noUDP&sock=slot1_19_6078_4030_16181>
...
040 (9146993.006.000) 08/03 11:00:54 Finished transferring input files
...
001 (9146993.006.000) 08/03 11:00:54 Job executing on host: <188.185.209.143:9618?addrs=188.185.209.143-9618+[2001-1458-303-12--100-c]-9618&alias=b9p12p0201.cern.ch&noUDP&sock=startd_5082_6863>
	SlotName: slot1_19@b9p12p0201.cern.ch
	CondorScratchDir = "/pool/condor/dir_1950899"
	Cpus = 1
	Disk = 3512
	GPUs = 0
	Memory = 3000
...
040 (9146993.002.000) 08/03 11:01:00 Started transferring input files
	Transferring to host: <188.185.212.20:9618?addrs=188.185.212.20-9618+[2001-1458-303-18--100-10]-9618&alias=b9p25p4134.cern.ch&noUDP&sock=slot1_24_8124_d7c3_19030>
...
040 (9146993.003.000) 08/03 11:01:00 Started transferring input files
	Transferring to host: <128.142.192.161:9618?addrs=128.142.192.161-9618+[2001-1458-301-56--100-1d]-9618&alias=b9g18p0292.cern.ch&noUDP&sock=slot1_10_3621_126c_24429>
...
040 (9146993.002.000) 08/03 11:01:00 Finished transferring input files
...
040 (9146993.003.000) 08/03 11:01:00 Finished transferring input files
...
001 (9146993.003.000) 08/03 11:01:00 Job executing on host: <128.142.192.161:9618?addrs=128.142.192.161-9618+[2001-1458-301-56--100-1d]-9618&alias=b9g18p0292.cern.ch&noUDP&sock=startd_2938_cd56>
	SlotName: slot1_10@b9g18p0292.cern.ch
	CondorScratchDir = "/pool/condor/dir_1268857"
	Cpus = 1
	Disk = 3928
	GPUs = 0
	Memory = 3000
...
001 (9146993.002.000) 08/03 11:01:00 Job executing on host: <188.185.212.20:9618?addrs=188.185.212.20-9618+[2001-1458-303-18--100-10]-9618&alias=b9p25p4134.cern.ch&noUDP&sock=startd_7458_2569>
	SlotName: slot1_24@b9p25p4134.cern.ch
	CondorScratchDir = "/pool/condor/dir_1462257"
	Cpus = 1
	Disk = 3854
	GPUs = 0
	Memory = 3000
...
006 (9146993.000.000) 08/03 11:01:00 Image size of job updated: 176736
	52  -  MemoryUsage of job (MB)
	52320  -  ResidentSetSize of job (KB)
...
040 (9146993.004.000) 08/03 11:01:00 Started transferring input files
	Transferring to host: <128.142.192.145:9618?addrs=128.142.192.145-9618+[2001-1458-301-56--100-d]-9618&alias=b9g18p1820.cern.ch&noUDP&sock=slot1_7_2878042_b2e4_10384>
...
040 (9146993.004.000) 08/03 11:01:00 Finished transferring input files
...
001 (9146993.004.000) 08/03 11:01:00 Job executing on host: <128.142.192.145:9618?addrs=128.142.192.145-9618+[2001-1458-301-56--100-d]-9618&alias=b9g18p1820.cern.ch&noUDP&sock=startd_3850_5bb6>
	SlotName: slot1_7@b9g18p1820.cern.ch
	CondorScratchDir = "/pool/condor/dir_73655"
	Cpus = 1
	Disk = 3827
	GPUs = 0
	Memory = 3000
...
040 (9146993.007.000) 08/03 11:01:01 Started transferring input files
	Transferring to host: <188.185.213.200:9618?addrs=188.185.213.200-9618+[2001-1458-303-1b--100-44]-9618&alias=b9p28p1144.cern.ch&noUDP&sock=slot1_14_7669_4111_20089>
...
040 (9146993.007.000) 08/03 11:01:01 Finished transferring input files
...
001 (9146993.007.000) 08/03 11:01:01 Job executing on host: <188.185.213.200:9618?addrs=188.185.213.200-9618+[2001-1458-303-1b--100-44]-9618&alias=b9p28p1144.cern.ch&noUDP&sock=startd_6715_828b>
	SlotName: slot1_14@b9p28p1144.cern.ch
	CondorScratchDir = "/pool/condor/dir_3653960"
	Cpus = 1
	Disk = 3802
	GPUs = 0
	Memory = 3000
...
006 (9146993.005.000) 08/03 11:01:02 Image size of job updated: 288236
	282  -  MemoryUsage of job (MB)
	288236  -  ResidentSetSize of job (KB)
...
006 (9146993.001.000) 08/03 11:01:02 Image size of job updated: 286076
	79  -  MemoryUsage of job (MB)
	79892  -  ResidentSetSize of job (KB)
...
040 (9146993.009.000) 08/03 11:01:02 Started transferring input files
	Transferring to host: <188.185.209.159:9618?addrs=188.185.209.159-9618+[2001-1458-303-12--100-1c]-9618&alias=b9p12p5340.cern.ch&noUDP&sock=slot1_9_5614_521d_17907>
...
040 (9146993.009.000) 08/03 11:01:02 Finished transferring input files
...
001 (9146993.009.000) 08/03 11:01:02 Job executing on host: <188.185.209.159:9618?addrs=188.185.209.159-9618+[2001-1458-303-12--100-1c]-9618&alias=b9p12p5340.cern.ch&noUDP&sock=startd_5208_d552>
	SlotName: slot1_9@b9p12p5340.cern.ch
	CondorScratchDir = "/pool/condor/dir_2783264"
	Cpus = 1
	Disk = 3578
	GPUs = 0
	Memory = 3000
...
040 (9146993.010.000) 08/03 11:01:02 Started transferring input files
	Transferring to host: <188.185.204.145:9618?addrs=188.185.204.145-9618+[2001-1458-303-8--100-85]-9618&alias=b9p02p5696.cern.ch&noUDP&sock=slot1_10_5022_3405_18989>
...
040 (9146993.010.000) 08/03 11:01:02 Finished transferring input files
...
001 (9146993.010.000) 08/03 11:01:02 Job executing on host: <188.185.204.145:9618?addrs=188.185.204.145-9618+[2001-1458-303-8--100-85]-9618&alias=b9p02p5696.cern.ch&noUDP&sock=startd_4236_1f44>
	SlotName: slot1_10@b9p02p5696.cern.ch
	CondorScratchDir = "/pool/condor/dir_1718392"
	Cpus = 1
	Disk = 3698
	GPUs = 0
	Memory = 3000
...
040 (9146993.008.000) 08/03 11:01:02 Started transferring input files
	Transferring to host: <128.142.132.149:9618?addrs=128.142.132.149-9618+[2001-1458-301-5a--100-89]-9618&alias=b9g12p2095.cern.ch&noUDP&sock=slot1_39_6540_c583_16646>
...
040 (9146993.008.000) 08/03 11:01:02 Finished transferring input files
...
001 (9146993.008.000) 08/03 11:01:02 Job executing on host: <128.142.132.149:9618?addrs=128.142.132.149-9618+[2001-1458-301-5a--100-89]-9618&alias=b9g12p2095.cern.ch&noUDP&sock=startd_5754_5808>
	SlotName: slot1_39@b9g12p2095.cern.ch
	CondorScratchDir = "/pool/condor/dir_861189"
	Cpus = 1
	Disk = 2570
	GPUs = 0
	Memory = 3000
...
006 (9146993.006.000) 08/03 11:01:03 Image size of job updated: 292876
	287  -  MemoryUsage of job (MB)
	292876  -  ResidentSetSize of job (KB)
...
040 (9146993.011.000) 08/03 11:01:03 Started transferring input files
	Transferring to host: <188.185.210.48:9618?addrs=188.185.210.48-9618+[2001-1458-303-1--100-2c]-9618&alias=b9p21p8037.cern.ch&noUDP&sock=slot1_21_6820_0e8e_18476>
...
040 (9146993.011.000) 08/03 11:01:03 Finished transferring input files
...
001 (9146993.011.000) 08/03 11:01:03 Job executing on host: <188.185.210.48:9618?addrs=188.185.210.48-9618+[2001-1458-303-1--100-2c]-9618&alias=b9p21p8037.cern.ch&noUDP&sock=startd_6048_00e0>
	SlotName: slot1_21@b9p21p8037.cern.ch
	CondorScratchDir = "/pool/condor/dir_1697047"
	Cpus = 1
	Disk = 3755
	GPUs = 0
	Memory = 3000
...
040 (9146993.013.000) 08/03 11:01:04 Started transferring input files
	Transferring to host: <188.185.209.192:9618?addrs=188.185.209.192-9618+[2001-1458-303-12--100-3d]-9618&alias=b9p12p8249.cern.ch&noUDP&sock=slot1_9_6094_8631_15771>
...
040 (9146993.013.000) 08/03 11:01:04 Finished transferring input files
...
001 (9146993.013.000) 08/03 11:01:04 Job executing on host: <188.185.209.192:9618?addrs=188.185.209.192-9618+[2001-1458-303-12--100-3d]-9618&alias=b9p12p8249.cern.ch&noUDP&sock=startd_5139_8149>
	SlotName: slot1_9@b9p12p8249.cern.ch
	CondorScratchDir = "/pool/condor/dir_798821"
	Cpus = 1
	Disk = 3743
	GPUs = 0
	Memory = 3000
...
040 (9146993.016.000) 08/03 11:01:04 Started transferring input files
	Transferring to host: <188.185.210.187:9618?addrs=188.185.210.187-9618+[2001-1458-303-15--100-37]-9618&alias=b9p22p7224.cern.ch&noUDP&sock=slot1_18_3956_1c1a_16739>
...
040 (9146993.014.000) 08/03 11:01:04 Started transferring input files
	Transferring to host: <188.185.205.216:9618?addrs=188.185.205.216-9618+[2001-1458-303-a--100-55]-9618&alias=b9p04p2069.cern.ch&noUDP&sock=slot1_13_9842_5449_18638>
...
040 (9146993.016.000) 08/03 11:01:04 Finished transferring input files
...
040 (9146993.014.000) 08/03 11:01:04 Finished transferring input files
...
001 (9146993.016.000) 08/03 11:01:04 Job executing on host: <188.185.210.187:9618?addrs=188.185.210.187-9618+[2001-1458-303-15--100-37]-9618&alias=b9p22p7224.cern.ch&noUDP&sock=startd_3704_36e2>
	SlotName: slot1_18@b9p22p7224.cern.ch
	CondorScratchDir = "/pool/condor/dir_2673597"
	Cpus = 1
	Disk = 3712
	GPUs = 0
	Memory = 3000
...
001 (9146993.014.000) 08/03 11:01:04 Job executing on host: <188.185.205.216:9618?addrs=188.185.205.216-9618+[2001-1458-303-a--100-55]-9618&alias=b9p04p2069.cern.ch&noUDP&sock=startd_8364_9637>
	SlotName: slot1_13@b9p04p2069.cern.ch
	CondorScratchDir = "/pool/condor/dir_1065329"
	Cpus = 1
	Disk = 3731
	GPUs = 0
	Memory = 3000
...
040 (9146993.015.000) 08/03 11:01:04 Started transferring input files
	Transferring to host: <128.142.192.189:9618?addrs=128.142.192.189-9618+[2001-1458-301-56--100-39]-9618&alias=b9g18p5594.cern.ch&noUDP&sock=slot1_15_6202_9eb5_17190>
...
040 (9146993.015.000) 08/03 11:01:04 Finished transferring input files
...
001 (9146993.015.000) 08/03 11:01:04 Job executing on host: <128.142.192.189:9618?addrs=128.142.192.189-9618+[2001-1458-301-56--100-39]-9618&alias=b9g18p5594.cern.ch&noUDP&sock=startd_4857_1394>
	SlotName: slot1_15@b9g18p5594.cern.ch
	CondorScratchDir = "/pool/condor/dir_3590438"
	Cpus = 1
	Disk = 3794
	GPUs = 0
	Memory = 3000
...
040 (9146993.012.000) 08/03 11:01:04 Started transferring input files
	Transferring to host: <128.142.137.198:9618?addrs=128.142.137.198-9618+[2001-1458-301-5e--100-ba]-9618&alias=b9g19p8826.cern.ch&noUDP&sock=slot1_9_3000_8573_15867>
...
040 (9146993.012.000) 08/03 11:01:04 Finished transferring input files
...
001 (9146993.012.000) 08/03 11:01:04 Job executing on host: <128.142.137.198:9618?addrs=128.142.137.198-9618+[2001-1458-301-5e--100-ba]-9618&alias=b9g19p8826.cern.ch&noUDP&sock=startd_2498_ffaa>
	SlotName: slot1_9@b9g19p8826.cern.ch
	CondorScratchDir = "/pool/condor/dir_3074679"
	Cpus = 1
	Disk = 2659
	GPUs = 0
	Memory = 3000
...
040 (9146993.017.000) 08/03 11:01:05 Started transferring input files
	Transferring to host: <188.185.215.188:9618?addrs=188.185.215.188-9618+[2001-1458-303-26--100-38]-9618&alias=b9p18p2077.cern.ch&noUDP&sock=slot1_20_4091_3abf_18259>
...
040 (9146993.017.000) 08/03 11:01:05 Finished transferring input files
...
001 (9146993.017.000) 08/03 11:01:05 Job executing on host: <188.185.215.188:9618?addrs=188.185.215.188-9618+[2001-1458-303-26--100-38]-9618&alias=b9p18p2077.cern.ch&noUDP&sock=startd_3310_f691>
	SlotName: slot1_20@b9p18p2077.cern.ch
	CondorScratchDir = "/pool/condor/dir_4162541"
	Cpus = 1
	Disk = 3779
	GPUs = 0
	Memory = 3000
...
040 (9146993.019.000) 08/03 11:01:05 Started transferring input files
	Transferring to host: <128.142.192.193:9618?addrs=128.142.192.193-9618+[2001-1458-301-56--100-3d]-9618&alias=b9g18p3543.cern.ch&noUDP&sock=slot1_13_6789_36ed_18484>
...
040 (9146993.019.000) 08/03 11:01:05 Finished transferring input files
...
001 (9146993.019.000) 08/03 11:01:05 Job executing on host: <128.142.192.193:9618?addrs=128.142.192.193-9618+[2001-1458-301-56--100-3d]-9618&alias=b9g18p3543.cern.ch&noUDP&sock=startd_5569_7303>
	SlotName: slot1_13@b9g18p3543.cern.ch
	CondorScratchDir = "/pool/condor/dir_467016"
	Cpus = 1
	Disk = 3852
	GPUs = 0
	Memory = 3000
...
040 (9146993.018.000) 08/03 11:01:05 Started transferring input files
	Transferring to host: <188.185.208.7:9618?addrs=188.185.208.7-9618+[2001-1458-303-f--100-4]-9618&alias=b9p09p4323.cern.ch&noUDP&sock=slot1_12_4709_aa99_16459>
...
040 (9146993.018.000) 08/03 11:01:05 Finished transferring input files
...
001 (9146993.018.000) 08/03 11:01:05 Job executing on host: <188.185.208.7:9618?addrs=188.185.208.7-9618+[2001-1458-303-f--100-4]-9618&alias=b9p09p4323.cern.ch&noUDP&sock=startd_4447_d9c0>
	SlotName: slot1_12@b9p09p4323.cern.ch
	CondorScratchDir = "/pool/condor/dir_2265970"
	Cpus = 1
	Disk = 3545
	GPUs = 0
	Memory = 3000
...
006 (9146993.003.000) 08/03 11:01:08 Image size of job updated: 286080
	280  -  MemoryUsage of job (MB)
	286080  -  ResidentSetSize of job (KB)
...
006 (9146993.002.000) 08/03 11:01:08 Image size of job updated: 230556
	10  -  MemoryUsage of job (MB)
	9740  -  ResidentSetSize of job (KB)
...
006 (9146993.004.000) 08/03 11:01:08 Image size of job updated: 286044
	280  -  MemoryUsage of job (MB)
	286044  -  ResidentSetSize of job (KB)
...
006 (9146993.007.000) 08/03 11:01:10 Image size of job updated: 234868
	45  -  MemoryUsage of job (MB)
	45260  -  ResidentSetSize of job (KB)
...
006 (9146993.009.000) 08/03 11:01:11 Image size of job updated: 269692
	60  -  MemoryUsage of job (MB)
	61328  -  ResidentSetSize of job (KB)
...
006 (9146993.010.000) 08/03 11:01:11 Image size of job updated: 262668
	40  -  MemoryUsage of job (MB)
	40208  -  ResidentSetSize of job (KB)
...
006 (9146993.008.000) 08/03 11:01:11 Image size of job updated: 230628
	226  -  MemoryUsage of job (MB)
	230628  -  ResidentSetSize of job (KB)
...
006 (9146993.013.000) 08/03 11:01:12 Image size of job updated: 276896
	52  -  MemoryUsage of job (MB)
	52284  -  ResidentSetSize of job (KB)
...
006 (9146993.011.000) 08/03 11:01:12 Image size of job updated: 254072
	2  -  MemoryUsage of job (MB)
	1728  -  ResidentSetSize of job (KB)
...
006 (9146993.012.000) 08/03 11:01:13 Image size of job updated: 251912
	247  -  MemoryUsage of job (MB)
	251912  -  ResidentSetSize of job (KB)
...
006 (9146993.017.000) 08/03 11:01:13 Image size of job updated: 292956
	60  -  MemoryUsage of job (MB)
	61284  -  ResidentSetSize of job (KB)
...
006 (9146993.016.000) 08/03 11:01:13 Image size of job updated: 279848
	49  -  MemoryUsage of job (MB)
	50036  -  ResidentSetSize of job (KB)
...
006 (9146993.014.000) 08/03 11:01:13 Image size of job updated: 286112
	79  -  MemoryUsage of job (MB)
	79992  -  ResidentSetSize of job (KB)
...
006 (9146993.015.000) 08/03 11:01:13 Image size of job updated: 290252
	284  -  MemoryUsage of job (MB)
	290252  -  ResidentSetSize of job (KB)
...
006 (9146993.019.000) 08/03 11:01:14 Image size of job updated: 287196
	281  -  MemoryUsage of job (MB)
	287196  -  ResidentSetSize of job (KB)
...
006 (9146993.018.000) 08/03 11:01:14 Image size of job updated: 260444
	20  -  MemoryUsage of job (MB)
	20396  -  ResidentSetSize of job (KB)
...
040 (9146993.014.000) 08/03 11:05:11 Started transferring output files
...
040 (9146993.014.000) 08/03 11:05:11 Finished transferring output files
...
005 (9146993.014.000) 08/03 11:05:12 Job terminated.
	(1) Normal termination (return value 0)
		Usr 0 00:02:05, Sys 0 00:00:21  -  Run Remote Usage
		Usr 0 00:00:00, Sys 0 00:00:00  -  Run Local Usage
		Usr 0 00:02:05, Sys 0 00:00:21  -  Total Remote Usage
		Usr 0 00:00:00, Sys 0 00:00:00  -  Total Local Usage
	257643  -  Run Bytes Sent By Job
	658854  -  Run Bytes Received By Job
	257643  -  Total Bytes Sent By Job
	658854  -  Total Bytes Received By Job
	Partitionable Resources :    Usage  Request Allocated 
	   Cpus                 :        0        1         1 
	   Disk (KB)            :     1049      750      3731 
	   GPUs                 :                           0 
	   Memory (MB)          :       79     3000      3000 
	   TimeExecute (s)      :      247                    
	   TimeSlotBusy (s)     :      248                    
...
040 (9146993.001.000) 08/03 11:05:16 Started transferring output files
...
040 (9146993.001.000) 08/03 11:05:16 Finished transferring output files
...
005 (9146993.001.000) 08/03 11:05:16 Job terminated.
	(1) Normal termination (return value 0)
		Usr 0 00:02:25, Sys 0 00:00:24  -  Run Remote Usage
		Usr 0 00:00:00, Sys 0 00:00:00  -  Run Local Usage
		Usr 0 00:02:25, Sys 0 00:00:24  -  Total Remote Usage
		Usr 0 00:00:00, Sys 0 00:00:00  -  Total Local Usage
	258935  -  Run Bytes Sent By Job
	658854  -  Run Bytes Received By Job
	258935  -  Total Bytes Sent By Job
	658854  -  Total Bytes Received By Job
	Partitionable Resources :    Usage  Request Allocated 
	   Cpus                 :     0.58        1         1 
	   Disk (KB)            :  1049         750      3902 
	   GPUs                 :                           0 
	   Memory (MB)          :    79        3000      3000 
	   TimeExecute (s)      :   262                       
	   TimeSlotBusy (s)     :   264                       
...
040 (9146993.000.000) 08/03 11:05:34 Started transferring output files
...
040 (9146993.000.000) 08/03 11:05:34 Finished transferring output files
...
005 (9146993.000.000) 08/03 11:05:34 Job terminated.
	(1) Normal termination (return value 0)
		Usr 0 00:02:34, Sys 0 00:00:29  -  Run Remote Usage
		Usr 0 00:00:00, Sys 0 00:00:00  -  Run Local Usage
		Usr 0 00:02:34, Sys 0 00:00:29  -  Total Remote Usage
		Usr 0 00:00:00, Sys 0 00:00:00  -  Total Local Usage
	256887  -  Run Bytes Sent By Job
	658854  -  Run Bytes Received By Job
	256887  -  Total Bytes Sent By Job
	658854  -  Total Bytes Received By Job
	Partitionable Resources :    Usage  Request Allocated 
	   Cpus                 :                 1         1 
	   Disk (KB)            :     1185      750      3843 
	   GPUs                 :                           0 
	   Memory (MB)          :       52     3000      3000 
	   TimeExecute (s)      :      281                    
	   TimeSlotBusy (s)     :      283                    
...
040 (9146993.017.000) 08/03 11:05:57 Started transferring output files
...
040 (9146993.017.000) 08/03 11:05:58 Finished transferring output files
...
005 (9146993.017.000) 08/03 11:05:58 Job terminated.
	(1) Normal termination (return value 0)
		Usr 0 00:02:51, Sys 0 00:00:29  -  Run Remote Usage
		Usr 0 00:00:00, Sys 0 00:00:00  -  Run Local Usage
		Usr 0 00:02:51, Sys 0 00:00:29  -  Total Remote Usage
		Usr 0 00:00:00, Sys 0 00:00:00  -  Total Local Usage
	256359  -  Run Bytes Sent By Job
	658854  -  Run Bytes Received By Job
	256359  -  Total Bytes Sent By Job
	658854  -  Total Bytes Received By Job
	Partitionable Resources :    Usage  Request Allocated 
	   Cpus                 :     0.38        1         1 
	   Disk (KB)            :  1046         750      3779 
	   GPUs                 :                           0 
	   Memory (MB)          :    60        3000      3000 
	   TimeExecute (s)      :   292                       
	   TimeSlotBusy (s)     :   294                       
...
006 (9146993.003.000) 08/03 11:06:08 Image size of job updated: 308764
	280  -  MemoryUsage of job (MB)
	286080  -  ResidentSetSize of job (KB)
...
006 (9146993.002.000) 08/03 11:06:08 Image size of job updated: 230556
	98  -  MemoryUsage of job (MB)
	99504  -  ResidentSetSize of job (KB)
...
006 (9146993.004.000) 08/03 11:06:09 Image size of job updated: 308704
	280  -  MemoryUsage of job (MB)
	286044  -  ResidentSetSize of job (KB)
...
006 (9146993.007.000) 08/03 11:06:11 Image size of job updated: 234868
	99  -  MemoryUsage of job (MB)
	101336  -  ResidentSetSize of job (KB)
...
006 (9146993.010.000) 08/03 11:06:12 Image size of job updated: 262668
	99  -  MemoryUsage of job (MB)
	100616  -  ResidentSetSize of job (KB)
...
006 (9146993.009.000) 08/03 11:06:12 Image size of job updated: 269692
	99  -  MemoryUsage of job (MB)
	100620  -  ResidentSetSize of job (KB)
...
006 (9146993.008.000) 08/03 11:06:12 Image size of job updated: 269600
	226  -  MemoryUsage of job (MB)
	230628  -  ResidentSetSize of job (KB)
...
006 (9146993.013.000) 08/03 11:06:12 Image size of job updated: 276896
	99  -  MemoryUsage of job (MB)
	100552  -  ResidentSetSize of job (KB)
...
006 (9146993.011.000) 08/03 11:06:13 Image size of job updated: 254072
	99  -  MemoryUsage of job (MB)
	100748  -  ResidentSetSize of job (KB)
...
006 (9146993.012.000) 08/03 11:06:13 Image size of job updated: 283968
	247  -  MemoryUsage of job (MB)
	251912  -  ResidentSetSize of job (KB)
...
006 (9146993.015.000) 08/03 11:06:14 Image size of job updated: 304904
	284  -  MemoryUsage of job (MB)
	290268  -  ResidentSetSize of job (KB)
...
006 (9146993.016.000) 08/03 11:06:14 Image size of job updated: 279848
	98  -  MemoryUsage of job (MB)
	100016  -  ResidentSetSize of job (KB)
...
006 (9146993.018.000) 08/03 11:06:15 Image size of job updated: 260444
	97  -  MemoryUsage of job (MB)
	99120  -  ResidentSetSize of job (KB)
...
040 (9146993.007.000) 08/03 11:06:15 Started transferring output files
...
040 (9146993.007.000) 08/03 11:06:15 Finished transferring output files
...
005 (9146993.007.000) 08/03 11:06:15 Job terminated.
	(1) Normal termination (return value 0)
		Usr 0 00:03:04, Sys 0 00:00:29  -  Run Remote Usage
		Usr 0 00:00:00, Sys 0 00:00:00  -  Run Local Usage
		Usr 0 00:03:04, Sys 0 00:00:29  -  Total Remote Usage
		Usr 0 00:00:00, Sys 0 00:00:00  -  Total Local Usage
	257048  -  Run Bytes Sent By Job
	658854  -  Run Bytes Received By Job
	257048  -  Total Bytes Sent By Job
	658854  -  Total Bytes Received By Job
	Partitionable Resources :    Usage  Request Allocated 
	   Cpus                 :        0        1         1 
	   Disk (KB)            :     1047      750      3802 
	   GPUs                 :                           0 
	   Memory (MB)          :       99     3000      3000 
	   TimeExecute (s)      :      313                    
	   TimeSlotBusy (s)     :      315                    
...
006 (9146993.019.000) 08/03 11:06:15 Image size of job updated: 302212
	281  -  MemoryUsage of job (MB)
	287272  -  ResidentSetSize of job (KB)
...
040 (9146993.011.000) 08/03 11:06:20 Started transferring output files
...
040 (9146993.011.000) 08/03 11:06:20 Finished transferring output files
...
005 (9146993.011.000) 08/03 11:06:20 Job terminated.
	(1) Normal termination (return value 0)
		Usr 0 00:03:07, Sys 0 00:00:29  -  Run Remote Usage
		Usr 0 00:00:00, Sys 0 00:00:00  -  Run Local Usage
		Usr 0 00:03:07, Sys 0 00:00:29  -  Total Remote Usage
		Usr 0 00:00:00, Sys 0 00:00:00  -  Total Local Usage
	256369  -  Run Bytes Sent By Job
	658854  -  Run Bytes Received By Job
	256369  -  Total Bytes Sent By Job
	658854  -  Total Bytes Received By Job
	Partitionable Resources :    Usage  Request Allocated 
	   Cpus                 :        0        1         1 
	   Disk (KB)            :     1194      750      3755 
	   GPUs                 :                           0 
	   Memory (MB)          :       99     3000      3000 
	   TimeExecute (s)      :      316                    
	   TimeSlotBusy (s)     :      318                    
...
040 (9146993.006.000) 08/03 11:06:23 Started transferring output files
...
040 (9146993.006.000) 08/03 11:06:23 Finished transferring output files
...
005 (9146993.006.000) 08/03 11:06:24 Job terminated.
	(1) Normal termination (return value 0)
		Usr 0 00:03:06, Sys 0 00:00:30  -  Run Remote Usage
		Usr 0 00:00:00, Sys 0 00:00:00  -  Run Local Usage
		Usr 0 00:03:06, Sys 0 00:00:30  -  Total Remote Usage
		Usr 0 00:00:00, Sys 0 00:00:00  -  Total Local Usage
	258407  -  Run Bytes Sent By Job
	658854  -  Run Bytes Received By Job
	258407  -  Total Bytes Sent By Job
	658854  -  Total Bytes Received By Job
	Partitionable Resources :    Usage  Request Allocated 
	   Cpus                 :        0        1         1 
	   Disk (KB)            :     1051      750      3512 
	   GPUs                 :                           0 
	   Memory (MB)          :      287     3000      3000 
	   TimeExecute (s)      :      329                    
	   TimeSlotBusy (s)     :      330                    
...
040 (9146993.009.000) 08/03 11:06:24 Started transferring output files
...
040 (9146993.009.000) 08/03 11:06:24 Finished transferring output files
...
005 (9146993.009.000) 08/03 11:06:25 Job terminated.
	(1) Normal termination (return value 0)
		Usr 0 00:02:57, Sys 0 00:00:30  -  Run Remote Usage
		Usr 0 00:00:00, Sys 0 00:00:00  -  Run Local Usage
		Usr 0 00:02:57, Sys 0 00:00:30  -  Total Remote Usage
		Usr 0 00:00:00, Sys 0 00:00:00  -  Total Local Usage
	256913  -  Run Bytes Sent By Job
	658854  -  Run Bytes Received By Job
	256913  -  Total Bytes Sent By Job
	658854  -  Total Bytes Received By Job
	Partitionable Resources :    Usage  Request Allocated 
	   Cpus                 :     0.66        1         1 
	   Disk (KB)            :  1050         750      3578 
	   GPUs                 :                           0 
	   Memory (MB)          :    99        3000      3000 
	   TimeExecute (s)      :   322                       
	   TimeSlotBusy (s)     :   323                       
...
040 (9146993.010.000) 08/03 11:06:25 Started transferring output files
...
040 (9146993.010.000) 08/03 11:06:25 Finished transferring output files
...
005 (9146993.010.000) 08/03 11:06:26 Job terminated.
	(1) Normal termination (return value 0)
		Usr 0 00:03:03, Sys 0 00:00:30  -  Run Remote Usage
		Usr 0 00:00:00, Sys 0 00:00:00  -  Run Local Usage
		Usr 0 00:03:03, Sys 0 00:00:30  -  Total Remote Usage
		Usr 0 00:00:00, Sys 0 00:00:00  -  Total Local Usage
	258112  -  Run Bytes Sent By Job
	658854  -  Run Bytes Received By Job
	258112  -  Total Bytes Sent By Job
	658854  -  Total Bytes Received By Job
	Partitionable Resources :    Usage  Request Allocated 
	   Cpus                 :     0.67        1         1 
	   Disk (KB)            :  1050         750      3698 
	   GPUs                 :                           0 
	   Memory (MB)          :    99        3000      3000 
	   TimeExecute (s)      :   322                       
	   TimeSlotBusy (s)     :   324                       
...
040 (9146993.013.000) 08/03 11:06:26 Started transferring output files
...
040 (9146993.013.000) 08/03 11:06:26 Finished transferring output files
...
005 (9146993.013.000) 08/03 11:06:26 Job terminated.
	(1) Normal termination (return value 0)
		Usr 0 00:02:45, Sys 0 00:00:26  -  Run Remote Usage
		Usr 0 00:00:00, Sys 0 00:00:00  -  Run Local Usage
		Usr 0 00:02:45, Sys 0 00:00:26  -  Total Remote Usage
		Usr 0 00:00:00, Sys 0 00:00:00  -  Total Local Usage
	257225  -  Run Bytes Sent By Job
	658854  -  Run Bytes Received By Job
	257225  -  Total Bytes Sent By Job
	658854  -  Total Bytes Received By Job
	Partitionable Resources :    Usage  Request Allocated 
	   Cpus                 :     0.67        1         1 
	   Disk (KB)            :  1050         750      3743 
	   GPUs                 :                           0 
	   Memory (MB)          :    99        3000      3000 
	   TimeExecute (s)      :   321                       
	   TimeSlotBusy (s)     :   324                       
...
040 (9146993.016.000) 08/03 11:06:40 Started transferring output files
...
040 (9146993.016.000) 08/03 11:06:40 Finished transferring output files
...
005 (9146993.016.000) 08/03 11:06:40 Job terminated.
	(1) Normal termination (return value 0)
		Usr 0 00:03:04, Sys 0 00:00:32  -  Run Remote Usage
		Usr 0 00:00:00, Sys 0 00:00:00  -  Run Local Usage
		Usr 0 00:03:04, Sys 0 00:00:32  -  Total Remote Usage
		Usr 0 00:00:00, Sys 0 00:00:00  -  Total Local Usage
	259411  -  Run Bytes Sent By Job
	658854  -  Run Bytes Received By Job
	259411  -  Total Bytes Sent By Job
	658854  -  Total Bytes Received By Job
	Partitionable Resources :    Usage  Request Allocated 
	   Cpus                 :     0.67        1         1 
	   Disk (KB)            :  1049         750      3712 
	   GPUs                 :                           0 
	   Memory (MB)          :    98        3000      3000 
	   TimeExecute (s)      :   335                       
	   TimeSlotBusy (s)     :   337                       
...
040 (9146993.002.000) 08/03 11:06:44 Started transferring output files
...
040 (9146993.002.000) 08/03 11:06:44 Finished transferring output files
...
005 (9146993.002.000) 08/03 11:06:44 Job terminated.
	(1) Normal termination (return value 0)
		Usr 0 00:03:15, Sys 0 00:00:31  -  Run Remote Usage
		Usr 0 00:00:00, Sys 0 00:00:00  -  Run Local Usage
		Usr 0 00:03:15, Sys 0 00:00:31  -  Total Remote Usage
		Usr 0 00:00:00, Sys 0 00:00:00  -  Total Local Usage
	259005  -  Run Bytes Sent By Job
	658854  -  Run Bytes Received By Job
	259005  -  Total Bytes Sent By Job
	658854  -  Total Bytes Received By Job
	Partitionable Resources :    Usage  Request Allocated 
	   Cpus                 :        0        1         1 
	   Disk (KB)            :     1194      750      3854 
	   GPUs                 :                           0 
	   Memory (MB)          :       98     3000      3000 
	   TimeExecute (s)      :      343                    
	   TimeSlotBusy (s)     :      345                    
...
040 (9146993.018.000) 08/03 11:06:51 Started transferring output files
...
040 (9146993.018.000) 08/03 11:06:51 Finished transferring output files
...
005 (9146993.018.000) 08/03 11:06:51 Job terminated.
	(1) Normal termination (return value 0)
		Usr 0 00:03:02, Sys 0 00:00:30  -  Run Remote Usage
		Usr 0 00:00:00, Sys 0 00:00:00  -  Run Local Usage
		Usr 0 00:03:02, Sys 0 00:00:30  -  Total Remote Usage
		Usr 0 00:00:00, Sys 0 00:00:00  -  Total Local Usage
	257631  -  Run Bytes Sent By Job
	658854  -  Run Bytes Received By Job
	257631  -  Total Bytes Sent By Job
	658854  -  Total Bytes Received By Job
	Partitionable Resources :    Usage  Request Allocated 
	   Cpus                 :     0.71        1         1 
	   Disk (KB)            :  1050         750      3545 
	   GPUs                 :                           0 
	   Memory (MB)          :    97        3000      3000 
	   TimeExecute (s)      :   345                       
	   TimeSlotBusy (s)     :   347                       
...
040 (9146993.003.000) 08/03 11:06:57 Started transferring output files
...
040 (9146993.003.000) 08/03 11:06:57 Finished transferring output files
...
005 (9146993.003.000) 08/03 11:06:57 Job terminated.
	(1) Normal termination (return value 0)
		Usr 0 00:04:16, Sys 0 00:00:24  -  Run Remote Usage
		Usr 0 00:00:00, Sys 0 00:00:00  -  Run Local Usage
		Usr 0 00:04:16, Sys 0 00:00:24  -  Total Remote Usage
		Usr 0 00:00:00, Sys 0 00:00:00  -  Total Local Usage
	258327  -  Run Bytes Sent By Job
	658854  -  Run Bytes Received By Job
	258327  -  Total Bytes Sent By Job
	658854  -  Total Bytes Received By Job
	Partitionable Resources :    Usage  Request Allocated 
	   Cpus                 :     0.09        1         1 
	   Disk (KB)            :  1048         750      3928 
	   GPUs                 :                           0 
	   Memory (MB)          :   280        3000      3000 
	   TimeExecute (s)      :   356                       
	   TimeSlotBusy (s)     :   358                       
...
040 (9146993.004.000) 08/03 11:07:03 Started transferring output files
...
040 (9146993.004.000) 08/03 11:07:03 Finished transferring output files
...
005 (9146993.004.000) 08/03 11:07:03 Job terminated.
	(1) Normal termination (return value 0)
		Usr 0 00:04:11, Sys 0 00:00:24  -  Run Remote Usage
		Usr 0 00:00:00, Sys 0 00:00:00  -  Run Local Usage
		Usr 0 00:04:11, Sys 0 00:00:24  -  Total Remote Usage
		Usr 0 00:00:00, Sys 0 00:00:00  -  Total Local Usage
	258844  -  Run Bytes Sent By Job
	658854  -  Run Bytes Received By Job
	258844  -  Total Bytes Sent By Job
	658854  -  Total Bytes Received By Job
	Partitionable Resources :    Usage  Request Allocated 
	   Cpus                 :        0        1         1 
	   Disk (KB)            :     1048      750      3827 
	   GPUs                 :                           0 
	   Memory (MB)          :      280     3000      3000 
	   TimeExecute (s)      :      362                    
	   TimeSlotBusy (s)     :      364                    
...
040 (9146993.015.000) 08/03 11:07:36 Started transferring output files
...
040 (9146993.015.000) 08/03 11:07:36 Finished transferring output files
...
005 (9146993.015.000) 08/03 11:07:36 Job terminated.
	(1) Normal termination (return value 0)
		Usr 0 00:04:36, Sys 0 00:00:28  -  Run Remote Usage
		Usr 0 00:00:00, Sys 0 00:00:00  -  Run Local Usage
		Usr 0 00:04:36, Sys 0 00:00:28  -  Total Remote Usage
		Usr 0 00:00:00, Sys 0 00:00:00  -  Total Local Usage
	259592  -  Run Bytes Sent By Job
	658854  -  Run Bytes Received By Job
	259592  -  Total Bytes Sent By Job
	658854  -  Total Bytes Received By Job
	Partitionable Resources :    Usage  Request Allocated 
	   Cpus                 :     0.83        1         1 
	   Disk (KB)            :  1049         750      3794 
	   GPUs                 :                           0 
	   Memory (MB)          :   284        3000      3000 
	   TimeExecute (s)      :   391                       
	   TimeSlotBusy (s)     :   393                       
...
040 (9146993.019.000) 08/03 11:07:55 Started transferring output files
...
040 (9146993.019.000) 08/03 11:07:55 Finished transferring output files
...
005 (9146993.019.000) 08/03 11:07:55 Job terminated.
	(1) Normal termination (return value 0)
		Usr 0 00:04:45, Sys 0 00:00:31  -  Run Remote Usage
		Usr 0 00:00:00, Sys 0 00:00:00  -  Run Local Usage
		Usr 0 00:04:45, Sys 0 00:00:31  -  Total Remote Usage
		Usr 0 00:00:00, Sys 0 00:00:00  -  Total Local Usage
	258706  -  Run Bytes Sent By Job
	658854  -  Run Bytes Received By Job
	258706  -  Total Bytes Sent By Job
	658854  -  Total Bytes Received By Job
	Partitionable Resources :    Usage  Request Allocated 
	   Cpus                 :     0.82        1         1 
	   Disk (KB)            :  1049         750      3852 
	   GPUs                 :                           0 
	   Memory (MB)          :   281        3000      3000 
	   TimeExecute (s)      :   408                       
	   TimeSlotBusy (s)     :   411                       
...
040 (9146993.005.000) 08/03 11:08:08 Started transferring output files
...
040 (9146993.005.000) 08/03 11:08:08 Finished transferring output files
...
005 (9146993.005.000) 08/03 11:08:08 Job terminated.
	(1) Normal termination (return value 0)
		Usr 0 00:04:38, Sys 0 00:00:25  -  Run Remote Usage
		Usr 0 00:00:00, Sys 0 00:00:00  -  Run Local Usage
		Usr 0 00:04:38, Sys 0 00:00:25  -  Total Remote Usage
		Usr 0 00:00:00, Sys 0 00:00:00  -  Total Local Usage
	256601  -  Run Bytes Sent By Job
	658854  -  Run Bytes Received By Job
	256601  -  Total Bytes Sent By Job
	658854  -  Total Bytes Received By Job
	Partitionable Resources :    Usage  Request Allocated 
	   Cpus                 :        0        1         1 
	   Disk (KB)            :     1047      750      3954 
	   GPUs                 :                           0 
	   Memory (MB)          :      282     3000      3000 
	   TimeExecute (s)      :      432                    
	   TimeSlotBusy (s)     :      435                    
...
040 (9146993.012.000) 08/03 11:08:14 Started transferring output files
...
040 (9146993.012.000) 08/03 11:08:14 Finished transferring output files
...
005 (9146993.012.000) 08/03 11:08:14 Job terminated.
	(1) Normal termination (return value 0)
		Usr 0 00:04:58, Sys 0 00:00:31  -  Run Remote Usage
		Usr 0 00:00:00, Sys 0 00:00:00  -  Run Local Usage
		Usr 0 00:04:58, Sys 0 00:00:31  -  Total Remote Usage
		Usr 0 00:00:00, Sys 0 00:00:00  -  Total Local Usage
	258321  -  Run Bytes Sent By Job
	658854  -  Run Bytes Received By Job
	258321  -  Total Bytes Sent By Job
	658854  -  Total Bytes Received By Job
	Partitionable Resources :    Usage  Request Allocated 
	   Cpus                 :        0        1         1 
	   Disk (KB)            :     1048      750      2659 
	   GPUs                 :                           0 
	   Memory (MB)          :      247     3000      3000 
	   TimeExecute (s)      :      428                    
	   TimeSlotBusy (s)     :      432                    
...
040 (9146993.008.000) 08/03 11:09:05 Started transferring output files
...
040 (9146993.008.000) 08/03 11:09:05 Finished transferring output files
...
005 (9146993.008.000) 08/03 11:09:06 Job terminated.
	(1) Normal termination (return value 0)
		Usr 0 00:05:39, Sys 0 00:00:34  -  Run Remote Usage
		Usr 0 00:00:00, Sys 0 00:00:00  -  Run Local Usage
		Usr 0 00:05:39, Sys 0 00:00:34  -  Total Remote Usage
		Usr 0 00:00:00, Sys 0 00:00:00  -  Total Local Usage
	258730  -  Run Bytes Sent By Job
	658854  -  Run Bytes Received By Job
	258730  -  Total Bytes Sent By Job
	658854  -  Total Bytes Received By Job
	Partitionable Resources :    Usage  Request Allocated 
	   Cpus                 :     0.78        1         1 
	   Disk (KB)            :  1048         750      2570 
	   GPUs                 :                           0 
	   Memory (MB)          :   226        3000      3000 
	   TimeExecute (s)      :   482                       
	   TimeSlotBusy (s)     :   484                       
...
000 (9152097.000.000) 08/05 10:34:42 Job submitted from host: <188.185.125.71:9618?addrs=188.185.125.71-9618+[2001-1458-d00-4a--100-15e]-9618&alias=bigbird28.cern.ch&noUDP&sock=schedd_1249217_88f9>
...
000 (9152097.001.000) 08/05 10:34:42 Job submitted from host: <188.185.125.71:9618?addrs=188.185.125.71-9618+[2001-1458-d00-4a--100-15e]-9618&alias=bigbird28.cern.ch&noUDP&sock=schedd_1249217_88f9>
...
000 (9152097.010.000) 08/05 10:34:42 Job submitted from host: <188.185.125.71:9618?addrs=188.185.125.71-9618+[2001-1458-d00-4a--100-15e]-9618&alias=bigbird28.cern.ch&noUDP&sock=schedd_1249217_88f9>
...
000 (9152097.011.000) 08/05 10:34:42 Job submitted from host: <188.185.125.71:9618?addrs=188.185.125.71-9618+[2001-1458-d00-4a--100-15e]-9618&alias=bigbird28.cern.ch&noUDP&sock=schedd_1249217_88f9>
...
000 (9152097.012.000) 08/05 10:34:42 Job submitted from host: <188.185.125.71:9618?addrs=188.185.125.71-9618+[2001-1458-d00-4a--100-15e]-9618&alias=bigbird28.cern.ch&noUDP&sock=schedd_1249217_88f9>
...
000 (9152097.013.000) 08/05 10:34:42 Job submitted from host: <188.185.125.71:9618?addrs=188.185.125.71-9618+[2001-1458-d00-4a--100-15e]-9618&alias=bigbird28.cern.ch&noUDP&sock=schedd_1249217_88f9>
...
000 (9152097.014.000) 08/05 10:34:42 Job submitted from host: <188.185.125.71:9618?addrs=188.185.125.71-9618+[2001-1458-d00-4a--100-15e]-9618&alias=bigbird28.cern.ch&noUDP&sock=schedd_1249217_88f9>
...
000 (9152097.015.000) 08/05 10:34:42 Job submitted from host: <188.185.125.71:9618?addrs=188.185.125.71-9618+[2001-1458-d00-4a--100-15e]-9618&alias=bigbird28.cern.ch&noUDP&sock=schedd_1249217_88f9>
...
000 (9152097.016.000) 08/05 10:34:42 Job submitted from host: <188.185.125.71:9618?addrs=188.185.125.71-9618+[2001-1458-d00-4a--100-15e]-9618&alias=bigbird28.cern.ch&noUDP&sock=schedd_1249217_88f9>
...
000 (9152097.017.000) 08/05 10:34:42 Job submitted from host: <188.185.125.71:9618?addrs=188.185.125.71-9618+[2001-1458-d00-4a--100-15e]-9618&alias=bigbird28.cern.ch&noUDP&sock=schedd_1249217_88f9>
...
000 (9152097.018.000) 08/05 10:34:42 Job submitted from host: <188.185.125.71:9618?addrs=188.185.125.71-9618+[2001-1458-d00-4a--100-15e]-9618&alias=bigbird28.cern.ch&noUDP&sock=schedd_1249217_88f9>
...
000 (9152097.019.000) 08/05 10:34:42 Job submitted from host: <188.185.125.71:9618?addrs=188.185.125.71-9618+[2001-1458-d00-4a--100-15e]-9618&alias=bigbird28.cern.ch&noUDP&sock=schedd_1249217_88f9>
...
000 (9152097.002.000) 08/05 10:34:42 Job submitted from host: <188.185.125.71:9618?addrs=188.185.125.71-9618+[2001-1458-d00-4a--100-15e]-9618&alias=bigbird28.cern.ch&noUDP&sock=schedd_1249217_88f9>
...
000 (9152097.020.000) 08/05 10:34:42 Job submitted from host: <188.185.125.71:9618?addrs=188.185.125.71-9618+[2001-1458-d00-4a--100-15e]-9618&alias=bigbird28.cern.ch&noUDP&sock=schedd_1249217_88f9>
...
000 (9152097.021.000) 08/05 10:34:42 Job submitted from host: <188.185.125.71:9618?addrs=188.185.125.71-9618+[2001-1458-d00-4a--100-15e]-9618&alias=bigbird28.cern.ch&noUDP&sock=schedd_1249217_88f9>
...
000 (9152097.022.000) 08/05 10:34:42 Job submitted from host: <188.185.125.71:9618?addrs=188.185.125.71-9618+[2001-1458-d00-4a--100-15e]-9618&alias=bigbird28.cern.ch&noUDP&sock=schedd_1249217_88f9>
...
000 (9152097.023.000) 08/05 10:34:42 Job submitted from host: <188.185.125.71:9618?addrs=188.185.125.71-9618+[2001-1458-d00-4a--100-15e]-9618&alias=bigbird28.cern.ch&noUDP&sock=schedd_1249217_88f9>
...
000 (9152097.024.000) 08/05 10:34:42 Job submitted from host: <188.185.125.71:9618?addrs=188.185.125.71-9618+[2001-1458-d00-4a--100-15e]-9618&alias=bigbird28.cern.ch&noUDP&sock=schedd_1249217_88f9>
...
000 (9152097.025.000) 08/05 10:34:42 Job submitted from host: <188.185.125.71:9618?addrs=188.185.125.71-9618+[2001-1458-d00-4a--100-15e]-9618&alias=bigbird28.cern.ch&noUDP&sock=schedd_1249217_88f9>
...
000 (9152097.026.000) 08/05 10:34:42 Job submitted from host: <188.185.125.71:9618?addrs=188.185.125.71-9618+[2001-1458-d00-4a--100-15e]-9618&alias=bigbird28.cern.ch&noUDP&sock=schedd_1249217_88f9>
...
000 (9152097.027.000) 08/05 10:34:42 Job submitted from host: <188.185.125.71:9618?addrs=188.185.125.71-9618+[2001-1458-d00-4a--100-15e]-9618&alias=bigbird28.cern.ch&noUDP&sock=schedd_1249217_88f9>
...
000 (9152097.028.000) 08/05 10:34:42 Job submitted from host: <188.185.125.71:9618?addrs=188.185.125.71-9618+[2001-1458-d00-4a--100-15e]-9618&alias=bigbird28.cern.ch&noUDP&sock=schedd_1249217_88f9>
...
000 (9152097.029.000) 08/05 10:34:42 Job submitted from host: <188.185.125.71:9618?addrs=188.185.125.71-9618+[2001-1458-d00-4a--100-15e]-9618&alias=bigbird28.cern.ch&noUDP&sock=schedd_1249217_88f9>
...
000 (9152097.003.000) 08/05 10:34:42 Job submitted from host: <188.185.125.71:9618?addrs=188.185.125.71-9618+[2001-1458-d00-4a--100-15e]-9618&alias=bigbird28.cern.ch&noUDP&sock=schedd_1249217_88f9>
...
000 (9152097.030.000) 08/05 10:34:42 Job submitted from host: <188.185.125.71:9618?addrs=188.185.125.71-9618+[2001-1458-d00-4a--100-15e]-9618&alias=bigbird28.cern.ch&noUDP&sock=schedd_1249217_88f9>
...
000 (9152097.031.000) 08/05 10:34:42 Job submitted from host: <188.185.125.71:9618?addrs=188.185.125.71-9618+[2001-1458-d00-4a--100-15e]-9618&alias=bigbird28.cern.ch&noUDP&sock=schedd_1249217_88f9>
...
000 (9152097.032.000) 08/05 10:34:42 Job submitted from host: <188.185.125.71:9618?addrs=188.185.125.71-9618+[2001-1458-d00-4a--100-15e]-9618&alias=bigbird28.cern.ch&noUDP&sock=schedd_1249217_88f9>
...
000 (9152097.033.000) 08/05 10:34:42 Job submitted from host: <188.185.125.71:9618?addrs=188.185.125.71-9618+[2001-1458-d00-4a--100-15e]-9618&alias=bigbird28.cern.ch&noUDP&sock=schedd_1249217_88f9>
...
000 (9152097.034.000) 08/05 10:34:42 Job submitted from host: <188.185.125.71:9618?addrs=188.185.125.71-9618+[2001-1458-d00-4a--100-15e]-9618&alias=bigbird28.cern.ch&noUDP&sock=schedd_1249217_88f9>
...
000 (9152097.035.000) 08/05 10:34:42 Job submitted from host: <188.185.125.71:9618?addrs=188.185.125.71-9618+[2001-1458-d00-4a--100-15e]-9618&alias=bigbird28.cern.ch&noUDP&sock=schedd_1249217_88f9>
...
000 (9152097.036.000) 08/05 10:34:42 Job submitted from host: <188.185.125.71:9618?addrs=188.185.125.71-9618+[2001-1458-d00-4a--100-15e]-9618&alias=bigbird28.cern.ch&noUDP&sock=schedd_1249217_88f9>
...
000 (9152097.037.000) 08/05 10:34:42 Job submitted from host: <188.185.125.71:9618?addrs=188.185.125.71-9618+[2001-1458-d00-4a--100-15e]-9618&alias=bigbird28.cern.ch&noUDP&sock=schedd_1249217_88f9>
...
000 (9152097.038.000) 08/05 10:34:42 Job submitted from host: <188.185.125.71:9618?addrs=188.185.125.71-9618+[2001-1458-d00-4a--100-15e]-9618&alias=bigbird28.cern.ch&noUDP&sock=schedd_1249217_88f9>
...
000 (9152097.039.000) 08/05 10:34:42 Job submitted from host: <188.185.125.71:9618?addrs=188.185.125.71-9618+[2001-1458-d00-4a--100-15e]-9618&alias=bigbird28.cern.ch&noUDP&sock=schedd_1249217_88f9>
...
000 (9152097.004.000) 08/05 10:34:42 Job submitted from host: <188.185.125.71:9618?addrs=188.185.125.71-9618+[2001-1458-d00-4a--100-15e]-9618&alias=bigbird28.cern.ch&noUDP&sock=schedd_1249217_88f9>
...
000 (9152097.040.000) 08/05 10:34:42 Job submitted from host: <188.185.125.71:9618?addrs=188.185.125.71-9618+[2001-1458-d00-4a--100-15e]-9618&alias=bigbird28.cern.ch&noUDP&sock=schedd_1249217_88f9>
...
000 (9152097.041.000) 08/05 10:34:42 Job submitted from host: <188.185.125.71:9618?addrs=188.185.125.71-9618+[2001-1458-d00-4a--100-15e]-9618&alias=bigbird28.cern.ch&noUDP&sock=schedd_1249217_88f9>
...
000 (9152097.042.000) 08/05 10:34:42 Job submitted from host: <188.185.125.71:9618?addrs=188.185.125.71-9618+[2001-1458-d00-4a--100-15e]-9618&alias=bigbird28.cern.ch&noUDP&sock=schedd_1249217_88f9>
...
000 (9152097.043.000) 08/05 10:34:42 Job submitted from host: <188.185.125.71:9618?addrs=188.185.125.71-9618+[2001-1458-d00-4a--100-15e]-9618&alias=bigbird28.cern.ch&noUDP&sock=schedd_1249217_88f9>
...
000 (9152097.044.000) 08/05 10:34:42 Job submitted from host: <188.185.125.71:9618?addrs=188.185.125.71-9618+[2001-1458-d00-4a--100-15e]-9618&alias=bigbird28.cern.ch&noUDP&sock=schedd_1249217_88f9>
...
000 (9152097.045.000) 08/05 10:34:42 Job submitted from host: <188.185.125.71:9618?addrs=188.185.125.71-9618+[2001-1458-d00-4a--100-15e]-9618&alias=bigbird28.cern.ch&noUDP&sock=schedd_1249217_88f9>
...
000 (9152097.046.000) 08/05 10:34:42 Job submitted from host: <188.185.125.71:9618?addrs=188.185.125.71-9618+[2001-1458-d00-4a--100-15e]-9618&alias=bigbird28.cern.ch&noUDP&sock=schedd_1249217_88f9>
...
000 (9152097.047.000) 08/05 10:34:42 Job submitted from host: <188.185.125.71:9618?addrs=188.185.125.71-9618+[2001-1458-d00-4a--100-15e]-9618&alias=bigbird28.cern.ch&noUDP&sock=schedd_1249217_88f9>
...
000 (9152097.048.000) 08/05 10:34:42 Job submitted from host: <188.185.125.71:9618?addrs=188.185.125.71-9618+[2001-1458-d00-4a--100-15e]-9618&alias=bigbird28.cern.ch&noUDP&sock=schedd_1249217_88f9>
...
000 (9152097.049.000) 08/05 10:34:42 Job submitted from host: <188.185.125.71:9618?addrs=188.185.125.71-9618+[2001-1458-d00-4a--100-15e]-9618&alias=bigbird28.cern.ch&noUDP&sock=schedd_1249217_88f9>
...
000 (9152097.005.000) 08/05 10:34:42 Job submitted from host: <188.185.125.71:9618?addrs=188.185.125.71-9618+[2001-1458-d00-4a--100-15e]-9618&alias=bigbird28.cern.ch&noUDP&sock=schedd_1249217_88f9>
...
000 (9152097.006.000) 08/05 10:34:42 Job submitted from host: <188.185.125.71:9618?addrs=188.185.125.71-9618+[2001-1458-d00-4a--100-15e]-9618&alias=bigbird28.cern.ch&noUDP&sock=schedd_1249217_88f9>
...
000 (9152097.007.000) 08/05 10:34:42 Job submitted from host: <188.185.125.71:9618?addrs=188.185.125.71-9618+[2001-1458-d00-4a--100-15e]-9618&alias=bigbird28.cern.ch&noUDP&sock=schedd_1249217_88f9>
...
000 (9152097.008.000) 08/05 10:34:42 Job submitted from host: <188.185.125.71:9618?addrs=188.185.125.71-9618+[2001-1458-d00-4a--100-15e]-9618&alias=bigbird28.cern.ch&noUDP&sock=schedd_1249217_88f9>
...
000 (9152097.009.000) 08/05 10:34:42 Job submitted from host: <188.185.125.71:9618?addrs=188.185.125.71-9618+[2001-1458-d00-4a--100-15e]-9618&alias=bigbird28.cern.ch&noUDP&sock=schedd_1249217_88f9>
...
040 (9152097.000.000) 08/05 10:35:06 Started transferring input files
	Transferring to host: <188.185.213.204:9618?addrs=188.185.213.204-9618+[2001-1458-303-1b--100-48]-9618&alias=b9p28p7017.cern.ch&noUDP&sock=slot1_24_9006_4aa7_21078>
...
040 (9152097.000.000) 08/05 10:35:06 Finished transferring input files
...
001 (9152097.000.000) 08/05 10:35:06 Job executing on host: <188.185.213.204:9618?addrs=188.185.213.204-9618+[2001-1458-303-1b--100-48]-9618&alias=b9p28p7017.cern.ch&noUDP&sock=startd_7849_56f1>
	SlotName: slot1_24@b9p28p7017.cern.ch
	CondorScratchDir = "/pool/condor/dir_3063599"
	Cpus = 1
	Disk = 3832
	GPUs = 0
	Memory = 3000
...
040 (9152097.001.000) 08/05 10:35:06 Started transferring input files
	Transferring to host: <188.185.196.31:9618?addrs=188.185.196.31-9618+[2001-1458-303-23--100-1b]-9618&alias=b9p16p0041.cern.ch&noUDP&sock=slot1_16_5555_bffb_19326>
...
040 (9152097.001.000) 08/05 10:35:06 Finished transferring input files
...
001 (9152097.001.000) 08/05 10:35:06 Job executing on host: <188.185.196.31:9618?addrs=188.185.196.31-9618+[2001-1458-303-23--100-1b]-9618&alias=b9p16p0041.cern.ch&noUDP&sock=startd_4366_4a94>
	SlotName: slot1_16@b9p16p0041.cern.ch
	CondorScratchDir = "/pool/condor/dir_692929"
	Cpus = 1
	Disk = 3851
	GPUs = 0
	Memory = 3000
...
040 (9152097.002.000) 08/05 10:35:07 Started transferring input files
	Transferring to host: <128.142.161.146:9618?addrs=128.142.161.146-9618+[2001-1458-301-b9--100-f]-9618&alias=b9g03p9555.cern.ch&noUDP&sock=slot1_8_3846_9ad5_27488>
...
040 (9152097.002.000) 08/05 10:35:07 Finished transferring input files
...
001 (9152097.002.000) 08/05 10:35:07 Job executing on host: <128.142.161.146:9618?addrs=128.142.161.146-9618+[2001-1458-301-b9--100-f]-9618&alias=b9g03p9555.cern.ch&noUDP&sock=startd_2885_72d1>
	SlotName: slot1_8@b9g03p9555.cern.ch
	CondorScratchDir = "/pool/condor/dir_2684630"
	Cpus = 1
	Disk = 4128
	GPUs = 0
	Memory = 3000
...
040 (9152097.004.000) 08/05 10:35:07 Started transferring input files
	Transferring to host: <188.185.212.151:9618?addrs=188.185.212.151-9618+[2001-1458-303-19--100-13]-9618&alias=b9p26p7183.cern.ch&noUDP&sock=slot1_5_4565_3493_20707>
...
040 (9152097.004.000) 08/05 10:35:07 Finished transferring input files
...
001 (9152097.004.000) 08/05 10:35:07 Job executing on host: <188.185.212.151:9618?addrs=188.185.212.151-9618+[2001-1458-303-19--100-13]-9618&alias=b9p26p7183.cern.ch&noUDP&sock=startd_3933_4a12>
	SlotName: slot1_5@b9p26p7183.cern.ch
	CondorScratchDir = "/pool/condor/dir_2050525"
	Cpus = 1
	Disk = 3795
	GPUs = 0
	Memory = 3000
...
040 (9152097.003.000) 08/05 10:35:07 Started transferring input files
	Transferring to host: <188.185.193.52:9618?addrs=188.185.193.52-9618+[2001-1458-303-20--100-30]-9618&alias=b9p19p2108.cern.ch&noUDP&sock=slot1_8_3298_7d3f_19613>
...
040 (9152097.003.000) 08/05 10:35:07 Finished transferring input files
...
001 (9152097.003.000) 08/05 10:35:07 Job executing on host: <188.185.193.52:9618?addrs=188.185.193.52-9618+[2001-1458-303-20--100-30]-9618&alias=b9p19p2108.cern.ch&noUDP&sock=startd_2577_2fa6>
	SlotName: slot1_8@b9p19p2108.cern.ch
	CondorScratchDir = "/pool/condor/dir_165939"
	Cpus = 1
	Disk = 3895
	GPUs = 0
	Memory = 3000
...
040 (9152097.005.000) 08/05 10:35:08 Started transferring input files
	Transferring to host: <188.185.214.40:9618?addrs=188.185.214.40-9618+[2001-1458-303-1c--100-24]-9618&alias=b9p29p0984.cern.ch&noUDP&sock=slot1_18_4330_a069_20332>
...
040 (9152097.005.000) 08/05 10:35:08 Finished transferring input files
...
040 (9152097.006.000) 08/05 10:35:08 Started transferring input files
	Transferring to host: <188.185.214.209:9618?addrs=188.185.214.209-9618+[2001-1458-303-1d--100-4d]-9618&alias=b9p30p9269.cern.ch&noUDP&sock=slot1_31_7608_462e_23031>
...
040 (9152097.006.000) 08/05 10:35:08 Finished transferring input files
...
001 (9152097.005.000) 08/05 10:35:08 Job executing on host: <188.185.214.40:9618?addrs=188.185.214.40-9618+[2001-1458-303-1c--100-24]-9618&alias=b9p29p0984.cern.ch&noUDP&sock=startd_3742_477b>
	SlotName: slot1_18@b9p29p0984.cern.ch
	CondorScratchDir = "/pool/condor/dir_1153197"
	Cpus = 1
	Disk = 3801
	GPUs = 0
	Memory = 3000
...
040 (9152097.007.000) 08/05 10:35:08 Started transferring input files
	Transferring to host: <188.185.212.99:9618?addrs=188.185.212.99-9618+[2001-1458-303-18--100-5f]-9618&alias=b9p25p1129.cern.ch&noUDP&sock=slot1_17_7428_72a7_20556>
...
001 (9152097.006.000) 08/05 10:35:08 Job executing on host: <188.185.214.209:9618?addrs=188.185.214.209-9618+[2001-1458-303-1d--100-4d]-9618&alias=b9p30p9269.cern.ch&noUDP&sock=startd_6590_c535>
	SlotName: slot1_31@b9p30p9269.cern.ch
	CondorScratchDir = "/pool/condor/dir_2443402"
	Cpus = 1
	Disk = 3841
	GPUs = 0
	Memory = 3000
...
040 (9152097.007.000) 08/05 10:35:08 Finished transferring input files
...
001 (9152097.007.000) 08/05 10:35:08 Job executing on host: <188.185.212.99:9618?addrs=188.185.212.99-9618+[2001-1458-303-18--100-5f]-9618&alias=b9p25p1129.cern.ch&noUDP&sock=startd_6471_2570>
	SlotName: slot1_17@b9p25p1129.cern.ch
	CondorScratchDir = "/pool/condor/dir_737985"
	Cpus = 1
	Disk = 3765
	GPUs = 0
	Memory = 3000
...
040 (9152097.009.000) 08/05 10:35:09 Started transferring input files
	Transferring to host: <188.185.213.70:9618?addrs=188.185.213.70-9618+[2001-1458-303-1a--100-42]-9618&alias=b9p27p1866.cern.ch&noUDP&sock=slot1_12_4515_f9d1_20343>
...
040 (9152097.009.000) 08/05 10:35:09 Finished transferring input files
...
001 (9152097.009.000) 08/05 10:35:09 Job executing on host: <188.185.213.70:9618?addrs=188.185.213.70-9618+[2001-1458-303-1a--100-42]-9618&alias=b9p27p1866.cern.ch&noUDP&sock=startd_3792_9337>
	SlotName: slot1_12@b9p27p1866.cern.ch
	CondorScratchDir = "/pool/condor/dir_2084661"
	Cpus = 1
	Disk = 3763
	GPUs = 0
	Memory = 3000
...
040 (9152097.008.000) 08/05 10:35:09 Started transferring input files
	Transferring to host: <128.142.161.141:9618?addrs=128.142.161.141-9618+[2001-1458-301-b9--100-a]-9618&alias=b9g03p9248.cern.ch&noUDP&sock=slot1_22_3359_7822_18663>
...
040 (9152097.008.000) 08/05 10:35:09 Finished transferring input files
...
040 (9152097.010.000) 08/05 10:35:09 Started transferring input files
	Transferring to host: <188.185.209.204:9618?addrs=188.185.209.204-9618+[2001-1458-303-12--100-49]-9618&alias=b9p12p0289.cern.ch&noUDP&sock=slot1_21_5802_c8a5_19023>
...
001 (9152097.008.000) 08/05 10:35:09 Job executing on host: <128.142.161.141:9618?addrs=128.142.161.141-9618+[2001-1458-301-b9--100-a]-9618&alias=b9g03p9248.cern.ch&noUDP&sock=startd_2577_2fa6>
	SlotName: slot1_22@b9g03p9248.cern.ch
	CondorScratchDir = "/pool/condor/dir_2369852"
	Cpus = 1
	Disk = 3804
	GPUs = 0
	Memory = 3000
...
040 (9152097.010.000) 08/05 10:35:09 Finished transferring input files
...
001 (9152097.010.000) 08/05 10:35:09 Job executing on host: <188.185.209.204:9618?addrs=188.185.209.204-9618+[2001-1458-303-12--100-49]-9618&alias=b9p12p0289.cern.ch&noUDP&sock=startd_4933_34c7>
	SlotName: slot1_21@b9p12p0289.cern.ch
	CondorScratchDir = "/pool/condor/dir_1399781"
	Cpus = 1
	Disk = 3632
	GPUs = 0
	Memory = 3000
...
040 (9152097.011.000) 08/05 10:35:10 Started transferring input files
	Transferring to host: <188.185.210.210:9618?addrs=188.185.210.210-9618+[2001-1458-303-15--100-4e]-9618&alias=b9p22p2036.cern.ch&noUDP&sock=slot1_15_4346_e66a_20289>
...
040 (9152097.011.000) 08/05 10:35:10 Finished transferring input files
...
001 (9152097.011.000) 08/05 10:35:10 Job executing on host: <188.185.210.210:9618?addrs=188.185.210.210-9618+[2001-1458-303-15--100-4e]-9618&alias=b9p22p2036.cern.ch&noUDP&sock=startd_3652_8bf5>
	SlotName: slot1_15@b9p22p2036.cern.ch
	CondorScratchDir = "/pool/condor/dir_3508376"
	Cpus = 1
	Disk = 3881
	GPUs = 0
	Memory = 3000
...
040 (9152097.012.000) 08/05 10:35:10 Started transferring input files
	Transferring to host: <188.185.197.164:9618?addrs=188.185.197.164-9618+[2001-1458-303-24--100-a0]-9618&alias=b9p14p5917.cern.ch&noUDP&sock=slot1_8_3986_3f5b_10978>
...
040 (9152097.012.000) 08/05 10:35:10 Finished transferring input files
...
001 (9152097.012.000) 08/05 10:35:10 Job executing on host: <188.185.197.164:9618?addrs=188.185.197.164-9618+[2001-1458-303-24--100-a0]-9618&alias=b9p14p5917.cern.ch&noUDP&sock=startd_2968_612e>
	SlotName: slot1_8@b9p14p5917.cern.ch
	CondorScratchDir = "/pool/condor/dir_1108107"
	Cpus = 1
	Disk = 3852
	GPUs = 0
	Memory = 3000
...
040 (9152097.013.000) 08/05 10:35:10 Started transferring input files
	Transferring to host: <188.185.206.203:9618?addrs=188.185.206.203-9618+[2001-1458-303-c--100-48]-9618&alias=b9p06p2344.cern.ch&noUDP&sock=slot1_25_7306_7ce2_20153>
...
040 (9152097.013.000) 08/05 10:35:10 Finished transferring input files
...
001 (9152097.013.000) 08/05 10:35:10 Job executing on host: <188.185.206.203:9618?addrs=188.185.206.203-9618+[2001-1458-303-c--100-48]-9618&alias=b9p06p2344.cern.ch&noUDP&sock=startd_6469_c63f>
	SlotName: slot1_25@b9p06p2344.cern.ch
	CondorScratchDir = "/pool/condor/dir_291795"
	Cpus = 1
	Disk = 3580
	GPUs = 0
	Memory = 3000
...
040 (9152097.014.000) 08/05 10:35:11 Started transferring input files
	Transferring to host: <128.142.248.96:9618?addrs=128.142.248.96-9618+[2001-1458-301-73--100-150]-9618&alias=b9g23p8183.cern.ch&noUDP&sock=slot1_27_4936_9bc2_11617>
...
040 (9152097.014.000) 08/05 10:35:11 Finished transferring input files
...
001 (9152097.014.000) 08/05 10:35:11 Job executing on host: <128.142.248.96:9618?addrs=128.142.248.96-9618+[2001-1458-301-73--100-150]-9618&alias=b9g23p8183.cern.ch&noUDP&sock=startd_3925_cd50>
	SlotName: slot1_27@b9g23p8183.cern.ch
	CondorScratchDir = "/pool/condor/dir_1723125"
	Cpus = 1
	Disk = 3837
	GPUs = 0
	Memory = 3000
...
040 (9152097.016.000) 08/05 10:35:11 Started transferring input files
	Transferring to host: <188.185.211.200:9618?addrs=188.185.211.200-9618+[2001-1458-303-17--100-44]-9618&alias=b9p24p4462.cern.ch&noUDP&sock=slot1_23_9492_b8fb_20481>
...
040 (9152097.016.000) 08/05 10:35:11 Finished transferring input files
...
001 (9152097.016.000) 08/05 10:35:11 Job executing on host: <188.185.211.200:9618?addrs=188.185.211.200-9618+[2001-1458-303-17--100-44]-9618&alias=b9p24p4462.cern.ch&noUDP&sock=startd_8647_b385>
	SlotName: slot1_23@b9p24p4462.cern.ch
	CondorScratchDir = "/pool/condor/dir_1261217"
	Cpus = 1
	Disk = 3841
	GPUs = 0
	Memory = 3000
...
040 (9152097.015.000) 08/05 10:35:11 Started transferring input files
	Transferring to host: <188.185.192.15:9618?addrs=188.185.192.15-9618+[2001-1458-303-1f--100-b]-9618&alias=b9p13p1579.cern.ch&noUDP&sock=slot1_42_8643_8679_19132>
...
040 (9152097.015.000) 08/05 10:35:11 Finished transferring input files
...
001 (9152097.015.000) 08/05 10:35:11 Job executing on host: <188.185.192.15:9618?addrs=188.185.192.15-9618+[2001-1458-303-1f--100-b]-9618&alias=b9p13p1579.cern.ch&noUDP&sock=startd_7406_7a7d>
	SlotName: slot1_42@b9p13p1579.cern.ch
	CondorScratchDir = "/pool/condor/dir_497107"
	Cpus = 1
	Disk = 3783
	GPUs = 0
	Memory = 3000
...
040 (9152097.017.000) 08/05 10:35:12 Started transferring input files
	Transferring to host: <188.185.215.64:9618?addrs=188.185.215.64-9618+[2001-1458-303-1e--100-3c]-9618&alias=b9p31p9925.cern.ch&noUDP&sock=slot1_7_4918_ed01_11755>
...
040 (9152097.017.000) 08/05 10:35:12 Finished transferring input files
...
040 (9152097.018.000) 08/05 10:35:12 Started transferring input files
	Transferring to host: <188.185.192.21:9618?addrs=188.185.192.21-9618+[2001-1458-303-1f--100-11]-9618&alias=b9p13p6250.cern.ch&noUDP&sock=slot1_2_5706_24a1_19905>
...
040 (9152097.018.000) 08/05 10:35:12 Finished transferring input files
...
040 (9152097.019.000) 08/05 10:35:12 Started transferring input files
	Transferring to host: <188.185.211.51:9618?addrs=188.185.211.51-9618+[2001-1458-303-16--100-2f]-9618&alias=b9p23p7440.cern.ch&noUDP&sock=slot1_20_6328_65fa_18667>
...
001 (9152097.017.000) 08/05 10:35:12 Job executing on host: <188.185.215.64:9618?addrs=188.185.215.64-9618+[2001-1458-303-1e--100-3c]-9618&alias=b9p31p9925.cern.ch&noUDP&sock=startd_4155_9018>
	SlotName: slot1_7@b9p31p9925.cern.ch
	CondorScratchDir = "/pool/condor/dir_393459"
	Cpus = 1
	Disk = 3664
	GPUs = 0
	Memory = 3000
...
001 (9152097.018.000) 08/05 10:35:12 Job executing on host: <188.185.192.21:9618?addrs=188.185.192.21-9618+[2001-1458-303-1f--100-11]-9618&alias=b9p13p6250.cern.ch&noUDP&sock=startd_4344_337f>
	SlotName: slot1_2@b9p13p6250.cern.ch
	CondorScratchDir = "/pool/condor/dir_1193867"
	Cpus = 1
	Disk = 3834
	GPUs = 0
	Memory = 3000
...
040 (9152097.019.000) 08/05 10:35:12 Finished transferring input files
...
001 (9152097.019.000) 08/05 10:35:12 Job executing on host: <188.185.211.51:9618?addrs=188.185.211.51-9618+[2001-1458-303-16--100-2f]-9618&alias=b9p23p7440.cern.ch&noUDP&sock=startd_5693_80c1>
	SlotName: slot1_20@b9p23p7440.cern.ch
	CondorScratchDir = "/pool/condor/dir_1039683"
	Cpus = 1
	Disk = 3771
	GPUs = 0
	Memory = 3000
...
040 (9152097.020.000) 08/05 10:35:13 Started transferring input files
	Transferring to host: <188.185.213.81:9618?addrs=188.185.213.81-9618+[2001-1458-303-1a--100-4d]-9618&alias=b9p27p8513.cern.ch&noUDP&sock=slot1_23_3231_481c_21016>
...
040 (9152097.020.000) 08/05 10:35:13 Finished transferring input files
...
001 (9152097.020.000) 08/05 10:35:13 Job executing on host: <188.185.213.81:9618?addrs=188.185.213.81-9618+[2001-1458-303-1a--100-4d]-9618&alias=b9p27p8513.cern.ch&noUDP&sock=startd_2708_0a8e>
	SlotName: slot1_23@b9p27p8513.cern.ch
	CondorScratchDir = "/pool/condor/dir_2818214"
	Cpus = 1
	Disk = 3782
	GPUs = 0
	Memory = 3000
...
040 (9152097.021.000) 08/05 10:35:13 Started transferring input files
	Transferring to host: <188.185.212.61:9618?addrs=188.185.212.61-9618+[2001-1458-303-18--100-39]-9618&alias=b9p25p4435.cern.ch&noUDP&sock=slot1_5_7659_3551_22136>
...
040 (9152097.021.000) 08/05 10:35:13 Finished transferring input files
...
001 (9152097.021.000) 08/05 10:35:13 Job executing on host: <188.185.212.61:9618?addrs=188.185.212.61-9618+[2001-1458-303-18--100-39]-9618&alias=b9p25p4435.cern.ch&noUDP&sock=startd_6682_dfeb>
	SlotName: slot1_5@b9p25p4435.cern.ch
	CondorScratchDir = "/pool/condor/dir_1222642"
	Cpus = 1
	Disk = 3839
	GPUs = 0
	Memory = 3000
...
040 (9152097.022.000) 08/05 10:35:13 Started transferring input files
	Transferring to host: <188.185.214.69:9618?addrs=188.185.214.69-9618+[2001-1458-303-1c--100-41]-9618&alias=b9p29p9638.cern.ch&noUDP&sock=slot1_9_6019_ae0e_21125>
...
040 (9152097.022.000) 08/05 10:35:13 Finished transferring input files
...
001 (9152097.022.000) 08/05 10:35:13 Job executing on host: <188.185.214.69:9618?addrs=188.185.214.69-9618+[2001-1458-303-1c--100-41]-9618&alias=b9p29p9638.cern.ch&noUDP&sock=startd_5326_c57f>
	SlotName: slot1_9@b9p29p9638.cern.ch
	CondorScratchDir = "/pool/condor/dir_1690361"
	Cpus = 1
	Disk = 3828
	GPUs = 0
	Memory = 3000
...
040 (9152097.024.000) 08/05 10:35:14 Started transferring input files
	Transferring to host: <188.185.212.38:9618?addrs=188.185.212.38-9618+[2001-1458-303-18--100-22]-9618&alias=b9p25p7899.cern.ch&noUDP&sock=slot1_19_5825_fd46_20909>
...
040 (9152097.023.000) 08/05 10:35:14 Started transferring input files
	Transferring to host: <188.185.214.144:9618?addrs=188.185.214.144-9618+[2001-1458-303-1d--100-c]-9618&alias=b9p30p2765.cern.ch&noUDP&sock=slot1_23_1306939_81b3_20777>
...
040 (9152097.024.000) 08/05 10:35:14 Finished transferring input files
...
040 (9152097.025.000) 08/05 10:35:14 Started transferring input files
	Transferring to host: <188.185.211.211:9618?addrs=188.185.211.211-9618+[2001-1458-303-17--100-4f]-9618&alias=b9p24p1933.cern.ch&noUDP&sock=slot1_23_3228_2afc_22690>
...
040 (9152097.023.000) 08/05 10:35:14 Finished transferring input files
...
001 (9152097.024.000) 08/05 10:35:14 Job executing on host: <188.185.212.38:9618?addrs=188.185.212.38-9618+[2001-1458-303-18--100-22]-9618&alias=b9p25p7899.cern.ch&noUDP&sock=startd_4999_7a07>
	SlotName: slot1_19@b9p25p7899.cern.ch
	CondorScratchDir = "/pool/condor/dir_66313"
	Cpus = 1
	Disk = 3738
	GPUs = 0
	Memory = 3000
...
040 (9152097.025.000) 08/05 10:35:14 Finished transferring input files
...
001 (9152097.023.000) 08/05 10:35:14 Job executing on host: <188.185.214.144:9618?addrs=188.185.214.144-9618+[2001-1458-303-1d--100-c]-9618&alias=b9p30p2765.cern.ch&noUDP&sock=startd_4373_17be>
	SlotName: slot1_23@b9p30p2765.cern.ch
	CondorScratchDir = "/pool/condor/dir_2062160"
	Cpus = 1
	Disk = 3896
	GPUs = 0
	Memory = 3000
...
001 (9152097.025.000) 08/05 10:35:14 Job executing on host: <188.185.211.211:9618?addrs=188.185.211.211-9618+[2001-1458-303-17--100-4f]-9618&alias=b9p24p1933.cern.ch&noUDP&sock=startd_2648_e2df>
	SlotName: slot1_23@b9p24p1933.cern.ch
	CondorScratchDir = "/pool/condor/dir_3296038"
	Cpus = 1
	Disk = 3740
	GPUs = 0
	Memory = 3000
...
006 (9152097.000.000) 08/05 10:35:14 Image size of job updated: 286548
	58  -  MemoryUsage of job (MB)
	58908  -  ResidentSetSize of job (KB)
...
006 (9152097.001.000) 08/05 10:35:14 Image size of job updated: 275104
	52  -  MemoryUsage of job (MB)
	52328  -  ResidentSetSize of job (KB)
...
040 (9152097.026.000) 08/05 10:35:15 Started transferring input files
	Transferring to host: <188.185.211.151:9618?addrs=188.185.211.151-9618+[2001-1458-303-17--100-13]-9618&alias=b9p24p7898.cern.ch&noUDP&sock=slot1_27_7521_f98b_22416>
...
040 (9152097.026.000) 08/05 10:35:15 Finished transferring input files
...
001 (9152097.026.000) 08/05 10:35:15 Job executing on host: <188.185.211.151:9618?addrs=188.185.211.151-9618+[2001-1458-303-17--100-13]-9618&alias=b9p24p7898.cern.ch&noUDP&sock=startd_6453_ccbb>
	SlotName: slot1_27@b9p24p7898.cern.ch
	CondorScratchDir = "/pool/condor/dir_2310278"
	Cpus = 1
	Disk = 3826
	GPUs = 0
	Memory = 3000
...
040 (9152097.027.000) 08/05 10:35:15 Started transferring input files
	Transferring to host: <188.185.212.200:9618?addrs=188.185.212.200-9618+[2001-1458-303-19--100-44]-9618&alias=b9p26p3503.cern.ch&noUDP&sock=slot1_2_4499_b3d0_23356>
...
040 (9152097.027.000) 08/05 10:35:15 Finished transferring input files
...
040 (9152097.028.000) 08/05 10:35:15 Started transferring input files
	Transferring to host: <128.142.192.206:9618?addrs=128.142.192.206-9618+[2001-1458-301-56--100-4a]-9618&alias=b9g18p4177.cern.ch&noUDP&sock=slot1_29_5354_2093_19478>
...
001 (9152097.027.000) 08/05 10:35:15 Job executing on host: <188.185.212.200:9618?addrs=188.185.212.200-9618+[2001-1458-303-19--100-44]-9618&alias=b9p26p3503.cern.ch&noUDP&sock=startd_3873_2263>
	SlotName: slot1_2@b9p26p3503.cern.ch
	CondorScratchDir = "/pool/condor/dir_889015"
	Cpus = 1
	Disk = 3789
	GPUs = 0
	Memory = 3000
...
040 (9152097.028.000) 08/05 10:35:15 Finished transferring input files
...
001 (9152097.028.000) 08/05 10:35:15 Job executing on host: <128.142.192.206:9618?addrs=128.142.192.206-9618+[2001-1458-301-56--100-4a]-9618&alias=b9g18p4177.cern.ch&noUDP&sock=startd_4480_7c60>
	SlotName: slot1_29@b9g18p4177.cern.ch
	CondorScratchDir = "/pool/condor/dir_2864808"
	Cpus = 1
	Disk = 3908
	GPUs = 0
	Memory = 3000
...
006 (9152097.002.000) 08/05 10:35:15 Image size of job updated: 241184
	52  -  MemoryUsage of job (MB)
	52324  -  ResidentSetSize of job (KB)
...
040 (9152097.030.000) 08/05 10:35:16 Started transferring input files
	Transferring to host: <188.185.211.33:9618?addrs=188.185.211.33-9618+[2001-1458-303-16--100-1d]-9618&alias=b9p23p7111.cern.ch&noUDP&sock=slot1_6_6776_0e0d_19328>
...
040 (9152097.030.000) 08/05 10:35:16 Finished transferring input files
...
001 (9152097.030.000) 08/05 10:35:16 Job executing on host: <188.185.211.33:9618?addrs=188.185.211.33-9618+[2001-1458-303-16--100-1d]-9618&alias=b9p23p7111.cern.ch&noUDP&sock=startd_5922_93f1>
	SlotName: slot1_6@b9p23p7111.cern.ch
	CondorScratchDir = "/pool/condor/dir_536998"
	Cpus = 1
	Disk = 3898
	GPUs = 0
	Memory = 3000
...
040 (9152097.031.000) 08/05 10:35:16 Started transferring input files
	Transferring to host: <188.185.210.18:9618?addrs=188.185.210.18-9618+[2001-1458-303-1--100-e]-9618&alias=b9p21p5034.cern.ch&noUDP&sock=slot1_2_4958_1c03_22433>
...
040 (9152097.029.000) 08/05 10:35:16 Started transferring input files
	Transferring to host: <188.185.212.83:9618?addrs=188.185.212.83-9618+[2001-1458-303-18--100-4f]-9618&alias=b9p25p7437.cern.ch&noUDP&sock=slot1_17_4508_0b30_22661>
...
040 (9152097.031.000) 08/05 10:35:16 Finished transferring input files
...
040 (9152097.029.000) 08/05 10:35:16 Finished transferring input files
...
001 (9152097.031.000) 08/05 10:35:16 Job executing on host: <188.185.210.18:9618?addrs=188.185.210.18-9618+[2001-1458-303-1--100-e]-9618&alias=b9p21p5034.cern.ch&noUDP&sock=startd_4171_899c>
	SlotName: slot1_2@b9p21p5034.cern.ch
	CondorScratchDir = "/pool/condor/dir_2345074"
	Cpus = 1
	Disk = 3770
	GPUs = 0
	Memory = 3000
...
001 (9152097.029.000) 08/05 10:35:16 Job executing on host: <188.185.212.83:9618?addrs=188.185.212.83-9618+[2001-1458-303-18--100-4f]-9618&alias=b9p25p7437.cern.ch&noUDP&sock=startd_3873_2263>
	SlotName: slot1_17@b9p25p7437.cern.ch
	CondorScratchDir = "/pool/condor/dir_1513037"
	Cpus = 1
	Disk = 3847
	GPUs = 0
	Memory = 3000
...
006 (9152097.006.000) 08/05 10:35:16 Image size of job updated: 217876
	14  -  MemoryUsage of job (MB)
	13488  -  ResidentSetSize of job (KB)
...
006 (9152097.005.000) 08/05 10:35:16 Image size of job updated: 292972
	287  -  MemoryUsage of job (MB)
	292972  -  ResidentSetSize of job (KB)
...
006 (9152097.007.000) 08/05 10:35:16 Image size of job updated: 209196
	61  -  MemoryUsage of job (MB)
	61468  -  ResidentSetSize of job (KB)
...
006 (9152097.004.000) 08/05 10:35:16 Image size of job updated: 286572
	75  -  MemoryUsage of job (MB)
	76420  -  ResidentSetSize of job (KB)
...
006 (9152097.003.000) 08/05 10:35:16 Image size of job updated: 288668
	282  -  MemoryUsage of job (MB)
	288668  -  ResidentSetSize of job (KB)
...
040 (9152097.034.000) 08/05 10:35:17 Started transferring input files
	Transferring to host: <188.185.212.226:9618?addrs=188.185.212.226-9618+[2001-1458-303-19--100-5e]-9618&alias=b9p26p0084.cern.ch&noUDP&sock=slot1_10_4134_86e1_20500>
...
040 (9152097.034.000) 08/05 10:35:17 Finished transferring input files
...
040 (9152097.033.000) 08/05 10:35:17 Started transferring input files
	Transferring to host: <188.185.215.69:9618?addrs=188.185.215.69-9618+[2001-1458-303-1e--100-41]-9618&alias=b9p31p6890.cern.ch&noUDP&sock=slot1_16_7977_449d_12823>
...
001 (9152097.034.000) 08/05 10:35:17 Job executing on host: <188.185.212.226:9618?addrs=188.185.212.226-9618+[2001-1458-303-19--100-5e]-9618&alias=b9p26p0084.cern.ch&noUDP&sock=startd_3315_648b>
	SlotName: slot1_10@b9p26p0084.cern.ch
	CondorScratchDir = "/pool/condor/dir_1437767"
	Cpus = 1
	Disk = 3698
	GPUs = 0
	Memory = 3000
...
040 (9152097.033.000) 08/05 10:35:17 Finished transferring input files
...
001 (9152097.033.000) 08/05 10:35:17 Job executing on host: <188.185.215.69:9618?addrs=188.185.215.69-9618+[2001-1458-303-1e--100-41]-9618&alias=b9p31p6890.cern.ch&noUDP&sock=startd_7410_38de>
	SlotName: slot1_16@b9p31p6890.cern.ch
	CondorScratchDir = "/pool/condor/dir_2378057"
	Cpus = 1
	Disk = 3839
	GPUs = 0
	Memory = 3000
...
006 (9152097.009.000) 08/05 10:35:17 Image size of job updated: 302980
	296  -  MemoryUsage of job (MB)
	302980  -  ResidentSetSize of job (KB)
...
040 (9152097.032.000) 08/05 10:35:17 Started transferring input files
	Transferring to host: <188.185.211.224:9618?addrs=188.185.211.224-9618+[2001-1458-303-17--100-5c]-9618&alias=b9p24p8550.cern.ch&noUDP&sock=slot1_14_5322_9491_22312>
...
040 (9152097.032.000) 08/05 10:35:17 Finished transferring input files
...
006 (9152097.008.000) 08/05 10:35:17 Image size of job updated: 262664
	257  -  MemoryUsage of job (MB)
	262664  -  ResidentSetSize of job (KB)
...
001 (9152097.032.000) 08/05 10:35:17 Job executing on host: <188.185.211.224:9618?addrs=188.185.211.224-9618+[2001-1458-303-17--100-5c]-9618&alias=b9p24p8550.cern.ch&noUDP&sock=startd_4287_1a99>
	SlotName: slot1_14@b9p24p8550.cern.ch
	CondorScratchDir = "/pool/condor/dir_1591217"
	Cpus = 1
	Disk = 3674
	GPUs = 0
	Memory = 3000
...
006 (9152097.010.000) 08/05 10:35:17 Image size of job updated: 294260
	288  -  MemoryUsage of job (MB)
	294260  -  ResidentSetSize of job (KB)
...
040 (9152097.035.000) 08/05 10:35:18 Started transferring input files
	Transferring to host: <188.185.211.172:9618?addrs=188.185.211.172-9618+[2001-1458-303-17--100-28]-9618&alias=b9p24p8652.cern.ch&noUDP&sock=slot1_5_778538_3364_20087>
...
040 (9152097.035.000) 08/05 10:35:18 Finished transferring input files
...
001 (9152097.035.000) 08/05 10:35:18 Job executing on host: <188.185.211.172:9618?addrs=188.185.211.172-9618+[2001-1458-303-17--100-28]-9618&alias=b9p24p8652.cern.ch&noUDP&sock=startd_3823_d6a7>
	SlotName: slot1_5@b9p24p8652.cern.ch
	CondorScratchDir = "/pool/condor/dir_500735"
	Cpus = 1
	Disk = 3849
	GPUs = 0
	Memory = 3000
...
006 (9152097.011.000) 08/05 10:35:18 Image size of job updated: 236948
	18  -  MemoryUsage of job (MB)
	17748  -  ResidentSetSize of job (KB)
...
040 (9152097.036.000) 08/05 10:35:18 Started transferring input files
	Transferring to host: <188.185.214.167:9618?addrs=188.185.214.167-9618+[2001-1458-303-1d--100-23]-9618&alias=b9p30p1158.cern.ch&noUDP&sock=slot1_6_4321_4909_21359>
...
040 (9152097.036.000) 08/05 10:35:18 Finished transferring input files
...
001 (9152097.036.000) 08/05 10:35:18 Job executing on host: <188.185.214.167:9618?addrs=188.185.214.167-9618+[2001-1458-303-1d--100-23]-9618&alias=b9p30p1158.cern.ch&noUDP&sock=startd_3651_dc5d>
	SlotName: slot1_6@b9p30p1158.cern.ch
	CondorScratchDir = "/pool/condor/dir_3390771"
	Cpus = 1
	Disk = 3739
	GPUs = 0
	Memory = 3000
...
006 (9152097.012.000) 08/05 10:35:18 Image size of job updated: 282412
	276  -  MemoryUsage of job (MB)
	282412  -  ResidentSetSize of job (KB)
...
040 (9152097.037.000) 08/05 10:35:18 Started transferring input files
	Transferring to host: <188.185.204.155:9618?addrs=188.185.204.155-9618+[2001-1458-303-8--100-8f]-9618&alias=b9p02p6274.cern.ch&noUDP&sock=slot1_16_10560_39a6_19523>
...
040 (9152097.037.000) 08/05 10:35:18 Finished transferring input files
...
001 (9152097.037.000) 08/05 10:35:18 Job executing on host: <188.185.204.155:9618?addrs=188.185.204.155-9618+[2001-1458-303-8--100-8f]-9618&alias=b9p02p6274.cern.ch&noUDP&sock=startd_9166_b12c>
	SlotName: slot1_16@b9p02p6274.cern.ch
	CondorScratchDir = "/pool/condor/dir_3339770"
	Cpus = 1
	Disk = 3740
	GPUs = 0
	Memory = 3000
...
040 (9152097.040.000) 08/05 10:35:19 Started transferring input files
	Transferring to host: <188.185.215.78:9618?addrs=188.185.215.78-9618+[2001-1458-303-1e--100-4a]-9618&alias=b9p31p8056.cern.ch&noUDP&sock=slot1_23_4856_3dbf_12759>
...
040 (9152097.040.000) 08/05 10:35:19 Finished transferring input files
...
040 (9152097.039.000) 08/05 10:35:19 Started transferring input files
	Transferring to host: <188.185.196.118:9618?addrs=188.185.196.118-9618+[2001-1458-303-23--100-72]-9618&alias=b9p16p4498.cern.ch&noUDP&sock=slot1_9_202117_75f4_18735>
...
001 (9152097.040.000) 08/05 10:35:19 Job executing on host: <188.185.215.78:9618?addrs=188.185.215.78-9618+[2001-1458-303-1e--100-4a]-9618&alias=b9p31p8056.cern.ch&noUDP&sock=startd_4165_6c0b>
	SlotName: slot1_23@b9p31p8056.cern.ch
	CondorScratchDir = "/pool/condor/dir_715356"
	Cpus = 1
	Disk = 3725
	GPUs = 0
	Memory = 3000
...
040 (9152097.039.000) 08/05 10:35:19 Finished transferring input files
...
001 (9152097.039.000) 08/05 10:35:19 Job executing on host: <188.185.196.118:9618?addrs=188.185.196.118-9618+[2001-1458-303-23--100-72]-9618&alias=b9p16p4498.cern.ch&noUDP&sock=startd_5766_932b>
	SlotName: slot1_9@b9p16p4498.cern.ch
	CondorScratchDir = "/pool/condor/dir_765182"
	Cpus = 1
	Disk = 3804
	GPUs = 0
	Memory = 3000
...
006 (9152097.014.000) 08/05 10:35:19 Image size of job updated: 282400
	276  -  MemoryUsage of job (MB)
	282400  -  ResidentSetSize of job (KB)
...
040 (9152097.038.000) 08/05 10:35:19 Started transferring input files
	Transferring to host: <188.185.212.218:9618?addrs=188.185.212.218-9618+[2001-1458-303-19--100-56]-9618&alias=b9p26p1804.cern.ch&noUDP&sock=slot1_15_7171_5e3d_19353>
...
040 (9152097.038.000) 08/05 10:35:19 Finished transferring input files
...
006 (9152097.016.000) 08/05 10:35:19 Image size of job updated: 292428
	286  -  MemoryUsage of job (MB)
	292428  -  ResidentSetSize of job (KB)
...
001 (9152097.038.000) 08/05 10:35:19 Job executing on host: <188.185.212.218:9618?addrs=188.185.212.218-9618+[2001-1458-303-19--100-56]-9618&alias=b9p26p1804.cern.ch&noUDP&sock=startd_6109_d827>
	SlotName: slot1_15@b9p26p1804.cern.ch
	CondorScratchDir = "/pool/condor/dir_1168674"
	Cpus = 1
	Disk = 3829
	GPUs = 0
	Memory = 3000
...
006 (9152097.015.000) 08/05 10:35:19 Image size of job updated: 286496
	280  -  MemoryUsage of job (MB)
	286496  -  ResidentSetSize of job (KB)
...
006 (9152097.013.000) 08/05 10:35:19 Image size of job updated: 296576
	290  -  MemoryUsage of job (MB)
	296576  -  ResidentSetSize of job (KB)
...
006 (9152097.017.000) 08/05 10:35:20 Image size of job updated: 304444
	298  -  MemoryUsage of job (MB)
	304444  -  ResidentSetSize of job (KB)
...
006 (9152097.018.000) 08/05 10:35:20 Image size of job updated: 288668
	282  -  MemoryUsage of job (MB)
	288668  -  ResidentSetSize of job (KB)
...
040 (9152097.041.000) 08/05 10:35:20 Started transferring input files
	Transferring to host: <128.142.248.85:9618?addrs=128.142.248.85-9618+[2001-1458-301-73--100-145]-9618&alias=b9g23p2654.cern.ch&noUDP&sock=slot1_1_3535_7a29_11946>
...
040 (9152097.041.000) 08/05 10:35:20 Finished transferring input files
...
001 (9152097.041.000) 08/05 10:35:20 Job executing on host: <128.142.248.85:9618?addrs=128.142.248.85-9618+[2001-1458-301-73--100-145]-9618&alias=b9g23p2654.cern.ch&noUDP&sock=startd_2740_fd96>
	SlotName: slot1_1@b9g23p2654.cern.ch
	CondorScratchDir = "/pool/condor/dir_522291"
	Cpus = 1
	Disk = 3902
	GPUs = 0
	Memory = 3000
...
040 (9152097.042.000) 08/05 10:35:20 Started transferring input files
	Transferring to host: <188.185.211.215:9618?addrs=188.185.211.215-9618+[2001-1458-303-17--100-53]-9618&alias=b9p24p4110.cern.ch&noUDP&sock=slot1_25_6526_e842_19495>
...
040 (9152097.042.000) 08/05 10:35:20 Finished transferring input files
...
001 (9152097.042.000) 08/05 10:35:20 Job executing on host: <188.185.211.215:9618?addrs=188.185.211.215-9618+[2001-1458-303-17--100-53]-9618&alias=b9p24p4110.cern.ch&noUDP&sock=startd_5759_c601>
	SlotName: slot1_25@b9p24p4110.cern.ch
	CondorScratchDir = "/pool/condor/dir_549833"
	Cpus = 1
	Disk = 3866
	GPUs = 0
	Memory = 3000
...
040 (9152097.043.000) 08/05 10:35:20 Started transferring input files
	Transferring to host: <188.185.210.81:9618?addrs=188.185.210.81-9618+[2001-1458-303-1--100-4d]-9618&alias=b9p21p8125.cern.ch&noUDP&sock=slot1_10_4512_dcb1_20180>
...
040 (9152097.043.000) 08/05 10:35:20 Finished transferring input files
...
001 (9152097.043.000) 08/05 10:35:20 Job executing on host: <188.185.210.81:9618?addrs=188.185.210.81-9618+[2001-1458-303-1--100-4d]-9618&alias=b9p21p8125.cern.ch&noUDP&sock=startd_3893_da48>
	SlotName: slot1_10@b9p21p8125.cern.ch
	CondorScratchDir = "/pool/condor/dir_4120768"
	Cpus = 1
	Disk = 3684
	GPUs = 0
	Memory = 3000
...
006 (9152097.019.000) 08/05 10:35:20 Image size of job updated: 283444
	60  -  MemoryUsage of job (MB)
	61268  -  ResidentSetSize of job (KB)
...
006 (9152097.020.000) 08/05 10:35:21 Image size of job updated: 290784
	0  -  MemoryUsage of job (MB)
	0  -  ResidentSetSize of job (KB)
...
040 (9152097.046.000) 08/05 10:35:21 Started transferring input files
	Transferring to host: <188.185.212.227:9618?addrs=188.185.212.227-9618+[2001-1458-303-19--100-5f]-9618&alias=b9p26p8743.cern.ch&noUDP&sock=slot1_21_3741_9f71_22384>
...
040 (9152097.044.000) 08/05 10:35:21 Started transferring input files
	Transferring to host: <188.185.215.33:9618?addrs=188.185.215.33-9618+[2001-1458-303-1e--100-1d]-9618&alias=b9p31p5823.cern.ch&noUDP&sock=slot1_15_5890_c9a9_13059>
...
040 (9152097.046.000) 08/05 10:35:21 Finished transferring input files
...
040 (9152097.044.000) 08/05 10:35:21 Finished transferring input files
...
001 (9152097.046.000) 08/05 10:35:21 Job executing on host: <188.185.212.227:9618?addrs=188.185.212.227-9618+[2001-1458-303-19--100-5f]-9618&alias=b9p26p8743.cern.ch&noUDP&sock=startd_3702_d7b1>
	SlotName: slot1_21@b9p26p8743.cern.ch
	CondorScratchDir = "/pool/condor/dir_3791502"
	Cpus = 1
	Disk = 3795
	GPUs = 0
	Memory = 3000
...
001 (9152097.044.000) 08/05 10:35:21 Job executing on host: <188.185.215.33:9618?addrs=188.185.215.33-9618+[2001-1458-303-1e--100-1d]-9618&alias=b9p31p5823.cern.ch&noUDP&sock=startd_5212_93b3>
	SlotName: slot1_15@b9p31p5823.cern.ch
	CondorScratchDir = "/pool/condor/dir_926888"
	Cpus = 1
	Disk = 3701
	GPUs = 0
	Memory = 3000
...
040 (9152097.045.000) 08/05 10:35:21 Started transferring input files
	Transferring to host: <188.185.192.130:9618?addrs=188.185.192.130-9618+[2001-1458-303-1f--100-7e]-9618&alias=b9p13p5069.cern.ch&noUDP&sock=slot1_22_4959_d063_19283>
...
006 (9152097.021.000) 08/05 10:35:21 Image size of job updated: 284516
	39  -  MemoryUsage of job (MB)
	39476  -  ResidentSetSize of job (KB)
...
040 (9152097.045.000) 08/05 10:35:21 Finished transferring input files
...
001 (9152097.045.000) 08/05 10:35:21 Job executing on host: <188.185.192.130:9618?addrs=188.185.192.130-9618+[2001-1458-303-1f--100-7e]-9618&alias=b9p13p5069.cern.ch&noUDP&sock=startd_4034_9123>
	SlotName: slot1_22@b9p13p5069.cern.ch
	CondorScratchDir = "/pool/condor/dir_2541484"
	Cpus = 1
	Disk = 3920
	GPUs = 0
	Memory = 3000
...
006 (9152097.022.000) 08/05 10:35:21 Image size of job updated: 237480
	3  -  MemoryUsage of job (MB)
	2420  -  ResidentSetSize of job (KB)
...
040 (9152097.020.000) 08/05 10:35:21 Started transferring output files
...
040 (9152097.020.000) 08/05 10:35:21 Finished transferring output files
...
021 (9152097.020.000) 08/05 10:35:21 Error from starter on slot1_23@b9p27p8513.cern.ch:
	STARTER at 188.185.213.81 failed to send file(s) to <188.185.125.71:9618>: : FILETRANSFER:1:non-zero exit (1) from /usr/libexec/condor/curl_plugin. |Error: could not open local file /pool/condor/dir_2818214/HardQCD_Pt15to7000_Oniaoff_CR0_PYTHIA8309_Chunk20_Part0.root, error 2 (No such file or directory) ( URL file = file:///afs/cern.ch/user/s/shuangyu/CMSSW_15_0_14/src/Jpsi/pythia_generation/./rootfile_nomuoncut_nojpsijet/HardQCD_Pt15to7000_Oniaoff_CR0_PYTHIA8309_Chunk20_Part0.root )|; SHADOW failed to receive file(s) from <188.185.213.81:33177>
	Code 13 Subcode 256
...
004 (9152097.020.000) 08/05 10:35:21 Job was evicted. Code 12 Subcode 256
	(0) CPU times
		Usr 0 00:00:04, Sys 0 00:00:01  -  Run Remote Usage
		Usr 0 00:00:00, Sys 0 00:00:00  -  Run Local Usage
	0  -  Run Bytes Sent By Job
	660198  -  Run Bytes Received By Job
	Reason: Transfer output files failure at execution point slot1_23@b9p27p8513.cern.ch while sending files to access point bigbird28. Details: could not open local file /pool/condor/dir_2818214/HardQCD_Pt15to7000_Oniaoff_CR0_PYTHIA8309_Chunk20_Part0.root, error 2 (No such file or directory) ( URL file = file:///afs/cern.ch/user/s/shuangyu/CMSSW_15_0_14/src/Jpsi/pythia_generation/./rootfile_nomuoncut_nojpsijet/HardQCD_Pt15to7000_Oniaoff_CR0_PYTHIA8309_Chunk20_Part0.root )|
	Partitionable Resources :    Usage  Request Allocated 
	   Cpus                 :        0        1         1 
	   Disk (KB)            :      797      750      3782 
	   GPUs                 :                           0 
	   Memory (MB)          :        0     3000      3000 
	   TimeExecute (s)      :        8                    
	   TimeSlotBusy (s)     :        9                    
...
012 (9152097.020.000) 08/05 10:35:21 Job was held.
	Transfer output files failure at execution point slot1_23@b9p27p8513.cern.ch while sending files to access point bigbird28. Details: could not open local file /pool/condor/dir_2818214/HardQCD_Pt15to7000_Oniaoff_CR0_PYTHIA8309_Chunk20_Part0.root, error 2 (No such file or directory) ( URL file = file:///afs/cern.ch/user/s/shuangyu/CMSSW_15_0_14/src/Jpsi/pythia_generation/./rootfile_nomuoncut_nojpsijet/HardQCD_Pt15to7000_Oniaoff_CR0_PYTHIA8309_Chunk20_Part0.root )|
	Code 12 Subcode 256
...
006 (9152097.024.000) 08/05 10:35:22 Image size of job updated: 294492
	0  -  MemoryUsage of job (MB)
	0  -  ResidentSetSize of job (KB)
...
006 (9152097.021.000) 08/05 10:35:22 Image size of job updated: 284516
	39  -  MemoryUsage of job (MB)
	39588  -  ResidentSetSize of job (KB)
...
040 (9152097.047.000) 08/05 10:35:22 Started transferring input files
	Transferring to host: <188.185.214.178:9618?addrs=188.185.214.178-9618+[2001-1458-303-1d--100-2e]-9618&alias=b9p30p2782.cern.ch&noUDP&sock=slot1_19_7742_b074_21224>
...
040 (9152097.047.000) 08/05 10:35:22 Finished transferring input files
...
001 (9152097.047.000) 08/05 10:35:22 Job executing on host: <188.185.214.178:9618?addrs=188.185.214.178-9618+[2001-1458-303-1d--100-2e]-9618&alias=b9p30p2782.cern.ch&noUDP&sock=startd_6757_5186>
	SlotName: slot1_19@b9p30p2782.cern.ch
	CondorScratchDir = "/pool/condor/dir_481947"
	Cpus = 1
	Disk = 3866
	GPUs = 0
	Memory = 3000
...
040 (9152097.048.000) 08/05 10:35:22 Started transferring input files
	Transferring to host: <188.185.192.58:9618?addrs=188.185.192.58-9618+[2001-1458-303-1f--100-36]-9618&alias=b9p13p3997.cern.ch&noUDP&sock=slot1_41_5097_0c28_13973>
...
040 (9152097.048.000) 08/05 10:35:22 Finished transferring input files
...
001 (9152097.048.000) 08/05 10:35:22 Job executing on host: <188.185.192.58:9618?addrs=188.185.192.58-9618+[2001-1458-303-1f--100-36]-9618&alias=b9p13p3997.cern.ch&noUDP&sock=startd_4561_0b8c>
	SlotName: slot1_41@b9p13p3997.cern.ch
	CondorScratchDir = "/pool/condor/dir_1706146"
	Cpus = 1
	Disk = 3804
	GPUs = 0
	Memory = 3000
...
006 (9152097.023.000) 08/05 10:35:22 Image size of job updated: 247736
	12  -  MemoryUsage of job (MB)
	11476  -  ResidentSetSize of job (KB)
...
006 (9152097.025.000) 08/05 10:35:22 Image size of job updated: 282084
	60  -  MemoryUsage of job (MB)
	61272  -  ResidentSetSize of job (KB)
...
040 (9152097.049.000) 08/05 10:35:22 Started transferring input files
	Transferring to host: <188.185.210.34:9618?addrs=188.185.210.34-9618+[2001-1458-303-1--100-1e]-9618&alias=b9p21p6303.cern.ch&noUDP&sock=slot1_14_3704_8d90_22083>
...
040 (9152097.049.000) 08/05 10:35:22 Finished transferring input files
...
001 (9152097.049.000) 08/05 10:35:22 Job executing on host: <188.185.210.34:9618?addrs=188.185.210.34-9618+[2001-1458-303-1--100-1e]-9618&alias=b9p21p6303.cern.ch&noUDP&sock=startd_3212_be49>
	SlotName: slot1_14@b9p21p6303.cern.ch
	CondorScratchDir = "/pool/condor/dir_1235880"
	Cpus = 1
	Disk = 3731
	GPUs = 0
	Memory = 3000
...
040 (9152097.024.000) 08/05 10:35:22 Started transferring output files
...
040 (9152097.024.000) 08/05 10:35:22 Finished transferring output files
...
021 (9152097.024.000) 08/05 10:35:22 Error from starter on slot1_19@b9p25p7899.cern.ch:
	STARTER at 188.185.212.38 failed to send file(s) to <188.185.125.71:9618>: : FILETRANSFER:1:non-zero exit (1) from /usr/libexec/condor/curl_plugin. |Error: could not open local file /pool/condor/dir_66313/HardQCD_Pt15to7000_Oniaoff_CR0_PYTHIA8309_Chunk24_Part0.root, error 2 (No such file or directory) ( URL file = file:///afs/cern.ch/user/s/shuangyu/CMSSW_15_0_14/src/Jpsi/pythia_generation/./rootfile_nomuoncut_nojpsijet/HardQCD_Pt15to7000_Oniaoff_CR0_PYTHIA8309_Chunk24_Part0.root )|; SHADOW failed to receive file(s) from <188.185.212.38:38905>
	Code 13 Subcode 256
...
040 (9152097.021.000) 08/05 10:35:22 Started transferring output files
...
040 (9152097.021.000) 08/05 10:35:22 Finished transferring output files
...
021 (9152097.021.000) 08/05 10:35:22 Error from starter on slot1_5@b9p25p4435.cern.ch:
	STARTER at 188.185.212.61 failed to send file(s) to <188.185.125.71:9618>: : FILETRANSFER:1:non-zero exit (1) from /usr/libexec/condor/curl_plugin. |Error: could not open local file /pool/condor/dir_1222642/HardQCD_Pt15to7000_Oniaoff_CR0_PYTHIA8309_Chunk21_Part0.root, error 2 (No such file or directory) ( URL file = file:///afs/cern.ch/user/s/shuangyu/CMSSW_15_0_14/src/Jpsi/pythia_generation/./rootfile_nomuoncut_nojpsijet/HardQCD_Pt15to7000_Oniaoff_CR0_PYTHIA8309_Chunk21_Part0.root )|; SHADOW failed to receive file(s) from <188.185.212.61:37475>
	Code 13 Subcode 256
...
004 (9152097.024.000) 08/05 10:35:23 Job was evicted. Code 12 Subcode 256
	(0) CPU times
		Usr 0 00:00:04, Sys 0 00:00:01  -  Run Remote Usage
		Usr 0 00:00:00, Sys 0 00:00:00  -  Run Local Usage
	0  -  Run Bytes Sent By Job
	660198  -  Run Bytes Received By Job
	Reason: Transfer output files failure at execution point slot1_19@b9p25p7899.cern.ch while sending files to access point bigbird28. Details: could not open local file /pool/condor/dir_66313/HardQCD_Pt15to7000_Oniaoff_CR0_PYTHIA8309_Chunk24_Part0.root, error 2 (No such file or directory) ( URL file = file:///afs/cern.ch/user/s/shuangyu/CMSSW_15_0_14/src/Jpsi/pythia_generation/./rootfile_nomuoncut_nojpsijet/HardQCD_Pt15to7000_Oniaoff_CR0_PYTHIA8309_Chunk24_Part0.root )|
	Partitionable Resources :    Usage  Request Allocated 
	   Cpus                 :        0        1         1 
	   Disk (KB)            :      797      750      3738 
	   GPUs                 :                           0 
	   Memory (MB)          :        0     3000      3000 
	   TimeExecute (s)      :        8                    
	   TimeSlotBusy (s)     :        9                    
...
012 (9152097.024.000) 08/05 10:35:23 Job was held.
	Transfer output files failure at execution point slot1_19@b9p25p7899.cern.ch while sending files to access point bigbird28. Details: could not open local file /pool/condor/dir_66313/HardQCD_Pt15to7000_Oniaoff_CR0_PYTHIA8309_Chunk24_Part0.root, error 2 (No such file or directory) ( URL file = file:///afs/cern.ch/user/s/shuangyu/CMSSW_15_0_14/src/Jpsi/pythia_generation/./rootfile_nomuoncut_nojpsijet/HardQCD_Pt15to7000_Oniaoff_CR0_PYTHIA8309_Chunk24_Part0.root )|
	Code 12 Subcode 256
...
004 (9152097.021.000) 08/05 10:35:23 Job was evicted. Code 12 Subcode 256
	(0) CPU times
		Usr 0 00:00:04, Sys 0 00:00:01  -  Run Remote Usage
		Usr 0 00:00:00, Sys 0 00:00:00  -  Run Local Usage
	0  -  Run Bytes Sent By Job
	660198  -  Run Bytes Received By Job
	Reason: Transfer output files failure at execution point slot1_5@b9p25p4435.cern.ch while sending files to access point bigbird28. Details: could not open local file /pool/condor/dir_1222642/HardQCD_Pt15to7000_Oniaoff_CR0_PYTHIA8309_Chunk21_Part0.root, error 2 (No such file or directory) ( URL file = file:///afs/cern.ch/user/s/shuangyu/CMSSW_15_0_14/src/Jpsi/pythia_generation/./rootfile_nomuoncut_nojpsijet/HardQCD_Pt15to7000_Oniaoff_CR0_PYTHIA8309_Chunk21_Part0.root )|
	Partitionable Resources :    Usage  Request Allocated 
	   Cpus                 :        0        1         1 
	   Disk (KB)            :      797      750      3839 
	   GPUs                 :                           0 
	   Memory (MB)          :       39     3000      3000 
	   TimeExecute (s)      :        9                    
	   TimeSlotBusy (s)     :       10                    
...
012 (9152097.021.000) 08/05 10:35:23 Job was held.
	Transfer output files failure at execution point slot1_5@b9p25p4435.cern.ch while sending files to access point bigbird28. Details: could not open local file /pool/condor/dir_1222642/HardQCD_Pt15to7000_Oniaoff_CR0_PYTHIA8309_Chunk21_Part0.root, error 2 (No such file or directory) ( URL file = file:///afs/cern.ch/user/s/shuangyu/CMSSW_15_0_14/src/Jpsi/pythia_generation/./rootfile_nomuoncut_nojpsijet/HardQCD_Pt15to7000_Oniaoff_CR0_PYTHIA8309_Chunk21_Part0.root )|
	Code 12 Subcode 256
...
040 (9152097.025.000) 08/05 10:35:23 Started transferring output files
...
040 (9152097.025.000) 08/05 10:35:23 Finished transferring output files
...
021 (9152097.025.000) 08/05 10:35:23 Error from starter on slot1_23@b9p24p1933.cern.ch:
	STARTER at 188.185.211.211 failed to send file(s) to <188.185.125.71:9618>: : FILETRANSFER:1:non-zero exit (1) from /usr/libexec/condor/curl_plugin. |Error: could not open local file /pool/condor/dir_3296038/HardQCD_Pt15to7000_Oniaoff_CR0_PYTHIA8309_Chunk25_Part0.root, error 2 (No such file or directory) ( URL file = file:///afs/cern.ch/user/s/shuangyu/CMSSW_15_0_14/src/Jpsi/pythia_generation/./rootfile_nomuoncut_nojpsijet/HardQCD_Pt15to7000_Oniaoff_CR0_PYTHIA8309_Chunk25_Part0.root )|; SHADOW failed to receive file(s) from <188.185.211.211:41077>
	Code 13 Subcode 256
...
006 (9152097.026.000) 08/05 10:35:23 Image size of job updated: 300416
	294  -  MemoryUsage of job (MB)
	300416  -  ResidentSetSize of job (KB)
...
006 (9152097.027.000) 08/05 10:35:23 Image size of job updated: 236280
	52  -  MemoryUsage of job (MB)
	52316  -  ResidentSetSize of job (KB)
...
006 (9152097.028.000) 08/05 10:35:23 Image size of job updated: 269908
	264  -  MemoryUsage of job (MB)
	269908  -  ResidentSetSize of job (KB)
...
004 (9152097.025.000) 08/05 10:35:23 Job was evicted. Code 12 Subcode 256
	(0) CPU times
		Usr 0 00:00:04, Sys 0 00:00:01  -  Run Remote Usage
		Usr 0 00:00:00, Sys 0 00:00:00  -  Run Local Usage
	0  -  Run Bytes Sent By Job
	660198  -  Run Bytes Received By Job
	Reason: Transfer output files failure at execution point slot1_23@b9p24p1933.cern.ch while sending files to access point bigbird28. Details: could not open local file /pool/condor/dir_3296038/HardQCD_Pt15to7000_Oniaoff_CR0_PYTHIA8309_Chunk25_Part0.root, error 2 (No such file or directory) ( URL file = file:///afs/cern.ch/user/s/shuangyu/CMSSW_15_0_14/src/Jpsi/pythia_generation/./rootfile_nomuoncut_nojpsijet/HardQCD_Pt15to7000_Oniaoff_CR0_PYTHIA8309_Chunk25_Part0.root )|
	Partitionable Resources :    Usage  Request Allocated 
	   Cpus                 :        0        1         1 
	   Disk (KB)            :      797      750      3740 
	   GPUs                 :                           0 
	   Memory (MB)          :       60     3000      3000 
	   TimeExecute (s)      :        8                    
	   TimeSlotBusy (s)     :       10                    
...
012 (9152097.025.000) 08/05 10:35:23 Job was held.
	Transfer output files failure at execution point slot1_23@b9p24p1933.cern.ch while sending files to access point bigbird28. Details: could not open local file /pool/condor/dir_3296038/HardQCD_Pt15to7000_Oniaoff_CR0_PYTHIA8309_Chunk25_Part0.root, error 2 (No such file or directory) ( URL file = file:///afs/cern.ch/user/s/shuangyu/CMSSW_15_0_14/src/Jpsi/pythia_generation/./rootfile_nomuoncut_nojpsijet/HardQCD_Pt15to7000_Oniaoff_CR0_PYTHIA8309_Chunk25_Part0.root )|
	Code 12 Subcode 256
...
006 (9152097.023.000) 08/05 10:35:24 Image size of job updated: 247736
	12  -  MemoryUsage of job (MB)
	11756  -  ResidentSetSize of job (KB)
...
006 (9152097.031.000) 08/05 10:35:24 Image size of job updated: 304332
	298  -  MemoryUsage of job (MB)
	304332  -  ResidentSetSize of job (KB)
...
006 (9152097.030.000) 08/05 10:35:24 Image size of job updated: 267564
	17  -  MemoryUsage of job (MB)
	16408  -  ResidentSetSize of job (KB)
...
006 (9152097.029.000) 08/05 10:35:24 Image size of job updated: 219964
	60  -  MemoryUsage of job (MB)
	61016  -  ResidentSetSize of job (KB)
...
006 (9152097.022.000) 08/05 10:35:24 Image size of job updated: 237480
	3  -  MemoryUsage of job (MB)
	2904  -  ResidentSetSize of job (KB)
...
040 (9152097.023.000) 08/05 10:35:24 Started transferring output files
...
040 (9152097.023.000) 08/05 10:35:24 Finished transferring output files
...
021 (9152097.023.000) 08/05 10:35:24 Error from starter on slot1_23@b9p30p2765.cern.ch:
	STARTER at 188.185.214.144 failed to send file(s) to <188.185.125.71:9618>: : FILETRANSFER:1:non-zero exit (1) from /usr/libexec/condor/curl_plugin. |Error: could not open local file /pool/condor/dir_2062160/HardQCD_Pt15to7000_Oniaoff_CR0_PYTHIA8309_Chunk23_Part0.root, error 2 (No such file or directory) ( URL file = file:///afs/cern.ch/user/s/shuangyu/CMSSW_15_0_14/src/Jpsi/pythia_generation/./rootfile_nomuoncut_nojpsijet/HardQCD_Pt15to7000_Oniaoff_CR0_PYTHIA8309_Chunk23_Part0.root )|; SHADOW failed to receive file(s) from <188.185.214.144:39947>
	Code 13 Subcode 256
...
004 (9152097.023.000) 08/05 10:35:25 Job was evicted. Code 12 Subcode 256
	(0) CPU times
		Usr 0 00:00:05, Sys 0 00:00:01  -  Run Remote Usage
		Usr 0 00:00:00, Sys 0 00:00:00  -  Run Local Usage
	0  -  Run Bytes Sent By Job
	660198  -  Run Bytes Received By Job
	Reason: Transfer output files failure at execution point slot1_23@b9p30p2765.cern.ch while sending files to access point bigbird28. Details: could not open local file /pool/condor/dir_2062160/HardQCD_Pt15to7000_Oniaoff_CR0_PYTHIA8309_Chunk23_Part0.root, error 2 (No such file or directory) ( URL file = file:///afs/cern.ch/user/s/shuangyu/CMSSW_15_0_14/src/Jpsi/pythia_generation/./rootfile_nomuoncut_nojpsijet/HardQCD_Pt15to7000_Oniaoff_CR0_PYTHIA8309_Chunk23_Part0.root )|
	Partitionable Resources :    Usage  Request Allocated 
	   Cpus                 :        0        1         1 
	   Disk (KB)            :      797      750      3896 
	   GPUs                 :                           0 
	   Memory (MB)          :       12     3000      3000 
	   TimeExecute (s)      :       10                    
	   TimeSlotBusy (s)     :       11                    
...
012 (9152097.023.000) 08/05 10:35:25 Job was held.
	Transfer output files failure at execution point slot1_23@b9p30p2765.cern.ch while sending files to access point bigbird28. Details: could not open local file /pool/condor/dir_2062160/HardQCD_Pt15to7000_Oniaoff_CR0_PYTHIA8309_Chunk23_Part0.root, error 2 (No such file or directory) ( URL file = file:///afs/cern.ch/user/s/shuangyu/CMSSW_15_0_14/src/Jpsi/pythia_generation/./rootfile_nomuoncut_nojpsijet/HardQCD_Pt15to7000_Oniaoff_CR0_PYTHIA8309_Chunk23_Part0.root )|
	Code 12 Subcode 256
...
040 (9152097.022.000) 08/05 10:35:25 Started transferring output files
...
040 (9152097.022.000) 08/05 10:35:25 Finished transferring output files
...
021 (9152097.022.000) 08/05 10:35:25 Error from starter on slot1_9@b9p29p9638.cern.ch:
	STARTER at 188.185.214.69 failed to send file(s) to <188.185.125.71:9618>: : FILETRANSFER:1:non-zero exit (1) from /usr/libexec/condor/curl_plugin. |Error: could not open local file /pool/condor/dir_1690361/HardQCD_Pt15to7000_Oniaoff_CR0_PYTHIA8309_Chunk22_Part0.root, error 2 (No such file or directory) ( URL file = file:///afs/cern.ch/user/s/shuangyu/CMSSW_15_0_14/src/Jpsi/pythia_generation/./rootfile_nomuoncut_nojpsijet/HardQCD_Pt15to7000_Oniaoff_CR0_PYTHIA8309_Chunk22_Part0.root )|; SHADOW failed to receive file(s) from <188.185.214.69:43101>
	Code 13 Subcode 256
...
006 (9152097.034.000) 08/05 10:35:25 Image size of job updated: 187212
	52  -  MemoryUsage of job (MB)
	52356  -  ResidentSetSize of job (KB)
...
006 (9152097.033.000) 08/05 10:35:25 Image size of job updated: 165316
	3  -  MemoryUsage of job (MB)
	2424  -  ResidentSetSize of job (KB)
...
006 (9152097.032.000) 08/05 10:35:25 Image size of job updated: 267176
	52  -  MemoryUsage of job (MB)
	52320  -  ResidentSetSize of job (KB)
...
004 (9152097.022.000) 08/05 10:35:25 Job was evicted. Code 12 Subcode 256
	(0) CPU times
		Usr 0 00:00:06, Sys 0 00:00:02  -  Run Remote Usage
		Usr 0 00:00:00, Sys 0 00:00:00  -  Run Local Usage
	0  -  Run Bytes Sent By Job
	660198  -  Run Bytes Received By Job
	Reason: Transfer output files failure at execution point slot1_9@b9p29p9638.cern.ch while sending files to access point bigbird28. Details: could not open local file /pool/condor/dir_1690361/HardQCD_Pt15to7000_Oniaoff_CR0_PYTHIA8309_Chunk22_Part0.root, error 2 (No such file or directory) ( URL file = file:///afs/cern.ch/user/s/shuangyu/CMSSW_15_0_14/src/Jpsi/pythia_generation/./rootfile_nomuoncut_nojpsijet/HardQCD_Pt15to7000_Oniaoff_CR0_PYTHIA8309_Chunk22_Part0.root )|
	Partitionable Resources :    Usage  Request Allocated 
	   Cpus                 :        0        1         1 
	   Disk (KB)            :     1199      750      3828 
	   GPUs                 :                           0 
	   Memory (MB)          :        3     3000      3000 
	   TimeExecute (s)      :       11                    
	   TimeSlotBusy (s)     :       13                    
...
012 (9152097.022.000) 08/05 10:35:25 Job was held.
	Transfer output files failure at execution point slot1_9@b9p29p9638.cern.ch while sending files to access point bigbird28. Details: could not open local file /pool/condor/dir_1690361/HardQCD_Pt15to7000_Oniaoff_CR0_PYTHIA8309_Chunk22_Part0.root, error 2 (No such file or directory) ( URL file = file:///afs/cern.ch/user/s/shuangyu/CMSSW_15_0_14/src/Jpsi/pythia_generation/./rootfile_nomuoncut_nojpsijet/HardQCD_Pt15to7000_Oniaoff_CR0_PYTHIA8309_Chunk22_Part0.root )|
	Code 12 Subcode 256
...
006 (9152097.030.000) 08/05 10:35:25 Image size of job updated: 267564
	17  -  MemoryUsage of job (MB)
	16444  -  ResidentSetSize of job (KB)
...
040 (9152097.027.000) 08/05 10:35:26 Started transferring output files
...
040 (9152097.027.000) 08/05 10:35:26 Finished transferring output files
...
021 (9152097.027.000) 08/05 10:35:26 Error from starter on slot1_2@b9p26p3503.cern.ch:
	STARTER at 188.185.212.200 failed to send file(s) to <188.185.125.71:9618>: : FILETRANSFER:1:non-zero exit (1) from /usr/libexec/condor/curl_plugin. |Error: could not open local file /pool/condor/dir_889015/HardQCD_Pt15to7000_Oniaoff_CR0_PYTHIA8309_Chunk27_Part0.root, error 2 (No such file or directory) ( URL file = file:///afs/cern.ch/user/s/shuangyu/CMSSW_15_0_14/src/Jpsi/pythia_generation/./rootfile_nomuoncut_nojpsijet/HardQCD_Pt15to7000_Oniaoff_CR0_PYTHIA8309_Chunk27_Part0.root )|; SHADOW failed to receive file(s) from <188.185.212.200:39571>
	Code 13 Subcode 256
...
006 (9152097.035.000) 08/05 10:35:26 Image size of job updated: 284476
	60  -  MemoryUsage of job (MB)
	61264  -  ResidentSetSize of job (KB)
...
006 (9152097.029.000) 08/05 10:35:26 Image size of job updated: 219964
	63  -  MemoryUsage of job (MB)
	63728  -  ResidentSetSize of job (KB)
...
006 (9152097.036.000) 08/05 10:35:26 Image size of job updated: 306404
	300  -  MemoryUsage of job (MB)
	306404  -  ResidentSetSize of job (KB)
...
040 (9152097.030.000) 08/05 10:35:26 Started transferring output files
...
004 (9152097.027.000) 08/05 10:35:26 Job was evicted. Code 12 Subcode 256
	(0) CPU times
		Usr 0 00:00:05, Sys 0 00:00:02  -  Run Remote Usage
		Usr 0 00:00:00, Sys 0 00:00:00  -  Run Local Usage
	0  -  Run Bytes Sent By Job
	660198  -  Run Bytes Received By Job
	Reason: Transfer output files failure at execution point slot1_2@b9p26p3503.cern.ch while sending files to access point bigbird28. Details: could not open local file /pool/condor/dir_889015/HardQCD_Pt15to7000_Oniaoff_CR0_PYTHIA8309_Chunk27_Part0.root, error 2 (No such file or directory) ( URL file = file:///afs/cern.ch/user/s/shuangyu/CMSSW_15_0_14/src/Jpsi/pythia_generation/./rootfile_nomuoncut_nojpsijet/HardQCD_Pt15to7000_Oniaoff_CR0_PYTHIA8309_Chunk27_Part0.root )|
	Partitionable Resources :    Usage  Request Allocated 
	   Cpus                 :        0        1         1 
	   Disk (KB)            :     1199      750      3789 
	   GPUs                 :                           0 
	   Memory (MB)          :       52     3000      3000 
	   TimeExecute (s)      :       10                    
	   TimeSlotBusy (s)     :       12                    
...
012 (9152097.027.000) 08/05 10:35:26 Job was held.
	Transfer output files failure at execution point slot1_2@b9p26p3503.cern.ch while sending files to access point bigbird28. Details: could not open local file /pool/condor/dir_889015/HardQCD_Pt15to7000_Oniaoff_CR0_PYTHIA8309_Chunk27_Part0.root, error 2 (No such file or directory) ( URL file = file:///afs/cern.ch/user/s/shuangyu/CMSSW_15_0_14/src/Jpsi/pythia_generation/./rootfile_nomuoncut_nojpsijet/HardQCD_Pt15to7000_Oniaoff_CR0_PYTHIA8309_Chunk27_Part0.root )|
	Code 12 Subcode 256
...
040 (9152097.030.000) 08/05 10:35:26 Finished transferring output files
...
021 (9152097.030.000) 08/05 10:35:26 Error from starter on slot1_6@b9p23p7111.cern.ch:
	STARTER at 188.185.211.33 failed to send file(s) to <188.185.125.71:9618>: : FILETRANSFER:1:non-zero exit (1) from /usr/libexec/condor/curl_plugin. |Error: could not open local file /pool/condor/dir_536998/HardQCD_Pt15to7000_Oniaoff_CR0_PYTHIA8309_Chunk30_Part0.root, error 2 (No such file or directory) ( URL file = file:///afs/cern.ch/user/s/shuangyu/CMSSW_15_0_14/src/Jpsi/pythia_generation/./rootfile_nomuoncut_nojpsijet/HardQCD_Pt15to7000_Oniaoff_CR0_PYTHIA8309_Chunk30_Part0.root )|; SHADOW failed to receive file(s) from <188.185.211.33:42443>
	Code 13 Subcode 256
...
006 (9152097.031.000) 08/05 10:35:26 Image size of job updated: 304336
	298  -  MemoryUsage of job (MB)
	304336  -  ResidentSetSize of job (KB)
...
004 (9152097.030.000) 08/05 10:35:26 Job was evicted. Code 12 Subcode 256
	(0) CPU times
		Usr 0 00:00:05, Sys 0 00:00:01  -  Run Remote Usage
		Usr 0 00:00:00, Sys 0 00:00:00  -  Run Local Usage
	0  -  Run Bytes Sent By Job
	660198  -  Run Bytes Received By Job
	Reason: Transfer output files failure at execution point slot1_6@b9p23p7111.cern.ch while sending files to access point bigbird28. Details: could not open local file /pool/condor/dir_536998/HardQCD_Pt15to7000_Oniaoff_CR0_PYTHIA8309_Chunk30_Part0.root, error 2 (No such file or directory) ( URL file = file:///afs/cern.ch/user/s/shuangyu/CMSSW_15_0_14/src/Jpsi/pythia_generation/./rootfile_nomuoncut_nojpsijet/HardQCD_Pt15to7000_Oniaoff_CR0_PYTHIA8309_Chunk30_Part0.root )|
	Partitionable Resources :    Usage  Request Allocated 
	   Cpus                 :        0        1         1 
	   Disk (KB)            :      797      750      3898 
	   GPUs                 :                           0 
	   Memory (MB)          :       17     3000      3000 
	   TimeExecute (s)      :        9                    
	   TimeSlotBusy (s)     :       11                    
...
012 (9152097.030.000) 08/05 10:35:26 Job was held.
	Transfer output files failure at execution point slot1_6@b9p23p7111.cern.ch while sending files to access point bigbird28. Details: could not open local file /pool/condor/dir_536998/HardQCD_Pt15to7000_Oniaoff_CR0_PYTHIA8309_Chunk30_Part0.root, error 2 (No such file or directory) ( URL file = file:///afs/cern.ch/user/s/shuangyu/CMSSW_15_0_14/src/Jpsi/pythia_generation/./rootfile_nomuoncut_nojpsijet/HardQCD_Pt15to7000_Oniaoff_CR0_PYTHIA8309_Chunk30_Part0.root )|
	Code 12 Subcode 256
...
040 (9152097.026.000) 08/05 10:35:26 Started transferring output files
...
040 (9152097.026.000) 08/05 10:35:26 Finished transferring output files
...
021 (9152097.026.000) 08/05 10:35:26 Error from starter on slot1_27@b9p24p7898.cern.ch:
	STARTER at 188.185.211.151 failed to send file(s) to <188.185.125.71:9618>: : FILETRANSFER:1:non-zero exit (1) from /usr/libexec/condor/curl_plugin. |Error: could not open local file /pool/condor/dir_2310278/HardQCD_Pt15to7000_Oniaoff_CR0_PYTHIA8309_Chunk26_Part0.root, error 2 (No such file or directory) ( URL file = file:///afs/cern.ch/user/s/shuangyu/CMSSW_15_0_14/src/Jpsi/pythia_generation/./rootfile_nomuoncut_nojpsijet/HardQCD_Pt15to7000_Oniaoff_CR0_PYTHIA8309_Chunk26_Part0.root )|; SHADOW failed to receive file(s) from <188.185.211.151:36137>
	Code 13 Subcode 256
...
004 (9152097.026.000) 08/05 10:35:27 Job was evicted. Code 12 Subcode 256
	(0) CPU times
		Usr 0 00:00:05, Sys 0 00:00:02  -  Run Remote Usage
		Usr 0 00:00:00, Sys 0 00:00:00  -  Run Local Usage
	0  -  Run Bytes Sent By Job
	660198  -  Run Bytes Received By Job
	Reason: Transfer output files failure at execution point slot1_27@b9p24p7898.cern.ch while sending files to access point bigbird28. Details: could not open local file /pool/condor/dir_2310278/HardQCD_Pt15to7000_Oniaoff_CR0_PYTHIA8309_Chunk26_Part0.root, error 2 (No such file or directory) ( URL file = file:///afs/cern.ch/user/s/shuangyu/CMSSW_15_0_14/src/Jpsi/pythia_generation/./rootfile_nomuoncut_nojpsijet/HardQCD_Pt15to7000_Oniaoff_CR0_PYTHIA8309_Chunk26_Part0.root )|
	Partitionable Resources :    Usage  Request Allocated 
	   Cpus                 :        0        1         1 
	   Disk (KB)            :      936      750      3826 
	   GPUs                 :                           0 
	   Memory (MB)          :      294     3000      3000 
	   TimeExecute (s)      :       11                    
	   TimeSlotBusy (s)     :       12                    
...
040 (9152097.035.000) 08/05 10:35:27 Started transferring output files
...
040 (9152097.029.000) 08/05 10:35:27 Started transferring output files
...
040 (9152097.035.000) 08/05 10:35:27 Finished transferring output files
...
012 (9152097.026.000) 08/05 10:35:27 Job was held.
	Transfer output files failure at execution point slot1_27@b9p24p7898.cern.ch while sending files to access point bigbird28. Details: could not open local file /pool/condor/dir_2310278/HardQCD_Pt15to7000_Oniaoff_CR0_PYTHIA8309_Chunk26_Part0.root, error 2 (No such file or directory) ( URL file = file:///afs/cern.ch/user/s/shuangyu/CMSSW_15_0_14/src/Jpsi/pythia_generation/./rootfile_nomuoncut_nojpsijet/HardQCD_Pt15to7000_Oniaoff_CR0_PYTHIA8309_Chunk26_Part0.root )|
	Code 12 Subcode 256
...
021 (9152097.035.000) 08/05 10:35:27 Error from starter on slot1_5@b9p24p8652.cern.ch:
	STARTER at 188.185.211.172 failed to send file(s) to <188.185.125.71:9618>: : FILETRANSFER:1:non-zero exit (1) from /usr/libexec/condor/curl_plugin. |Error: could not open local file /pool/condor/dir_500735/HardQCD_Pt15to7000_Oniaoff_CR0_PYTHIA8309_Chunk35_Part0.root, error 2 (No such file or directory) ( URL file = file:///afs/cern.ch/user/s/shuangyu/CMSSW_15_0_14/src/Jpsi/pythia_generation/./rootfile_nomuoncut_nojpsijet/HardQCD_Pt15to7000_Oniaoff_CR0_PYTHIA8309_Chunk35_Part0.root )|; SHADOW failed to receive file(s) from <188.185.211.172:35573>
	Code 13 Subcode 256
...
040 (9152097.029.000) 08/05 10:35:27 Finished transferring output files
...
021 (9152097.029.000) 08/05 10:35:27 Error from starter on slot1_17@b9p25p7437.cern.ch:
	STARTER at 188.185.212.83 failed to send file(s) to <188.185.125.71:9618>: : FILETRANSFER:1:non-zero exit (1) from /usr/libexec/condor/curl_plugin. |Error: could not open local file /pool/condor/dir_1513037/HardQCD_Pt15to7000_Oniaoff_CR0_PYTHIA8309_Chunk29_Part0.root, error 2 (No such file or directory) ( URL file = file:///afs/cern.ch/user/s/shuangyu/CMSSW_15_0_14/src/Jpsi/pythia_generation/./rootfile_nomuoncut_nojpsijet/HardQCD_Pt15to7000_Oniaoff_CR0_PYTHIA8309_Chunk29_Part0.root )|; SHADOW failed to receive file(s) from <188.185.212.83:44073>
	Code 13 Subcode 256
...
006 (9152097.039.000) 08/05 10:35:27 Image size of job updated: 278144
	272  -  MemoryUsage of job (MB)
	278144  -  ResidentSetSize of job (KB)
...
006 (9152097.040.000) 08/05 10:35:27 Image size of job updated: 245636
	31  -  MemoryUsage of job (MB)
	31616  -  ResidentSetSize of job (KB)
...
004 (9152097.035.000) 08/05 10:35:27 Job was evicted. Code 12 Subcode 256
	(0) CPU times
		Usr 0 00:00:04, Sys 0 00:00:01  -  Run Remote Usage
		Usr 0 00:00:00, Sys 0 00:00:00  -  Run Local Usage
	0  -  Run Bytes Sent By Job
	660198  -  Run Bytes Received By Job
	Reason: Transfer output files failure at execution point slot1_5@b9p24p8652.cern.ch while sending files to access point bigbird28. Details: could not open local file /pool/condor/dir_500735/HardQCD_Pt15to7000_Oniaoff_CR0_PYTHIA8309_Chunk35_Part0.root, error 2 (No such file or directory) ( URL file = file:///afs/cern.ch/user/s/shuangyu/CMSSW_15_0_14/src/Jpsi/pythia_generation/./rootfile_nomuoncut_nojpsijet/HardQCD_Pt15to7000_Oniaoff_CR0_PYTHIA8309_Chunk35_Part0.root )|
	Partitionable Resources :    Usage  Request Allocated 
	   Cpus                 :        0        1         1 
	   Disk (KB)            :      797      750      3849 
	   GPUs                 :                           0 
	   Memory (MB)          :       60     3000      3000 
	   TimeExecute (s)      :        8                    
	   TimeSlotBusy (s)     :       10                    
...
012 (9152097.035.000) 08/05 10:35:27 Job was held.
	Transfer output files failure at execution point slot1_5@b9p24p8652.cern.ch while sending files to access point bigbird28. Details: could not open local file /pool/condor/dir_500735/HardQCD_Pt15to7000_Oniaoff_CR0_PYTHIA8309_Chunk35_Part0.root, error 2 (No such file or directory) ( URL file = file:///afs/cern.ch/user/s/shuangyu/CMSSW_15_0_14/src/Jpsi/pythia_generation/./rootfile_nomuoncut_nojpsijet/HardQCD_Pt15to7000_Oniaoff_CR0_PYTHIA8309_Chunk35_Part0.root )|
	Code 12 Subcode 256
...
004 (9152097.029.000) 08/05 10:35:27 Job was evicted. Code 12 Subcode 256
	(0) CPU times
		Usr 0 00:00:05, Sys 0 00:00:01  -  Run Remote Usage
		Usr 0 00:00:00, Sys 0 00:00:00  -  Run Local Usage
	0  -  Run Bytes Sent By Job
	660198  -  Run Bytes Received By Job
	Reason: Transfer output files failure at execution point slot1_17@b9p25p7437.cern.ch while sending files to access point bigbird28. Details: could not open local file /pool/condor/dir_1513037/HardQCD_Pt15to7000_Oniaoff_CR0_PYTHIA8309_Chunk29_Part0.root, error 2 (No such file or directory) ( URL file = file:///afs/cern.ch/user/s/shuangyu/CMSSW_15_0_14/src/Jpsi/pythia_generation/./rootfile_nomuoncut_nojpsijet/HardQCD_Pt15to7000_Oniaoff_CR0_PYTHIA8309_Chunk29_Part0.root )|
	Partitionable Resources :    Usage  Request Allocated 
	   Cpus                 :        0        1         1 
	   Disk (KB)            :     1199      750      3847 
	   GPUs                 :                           0 
	   Memory (MB)          :       63     3000      3000 
	   TimeExecute (s)      :       10                    
	   TimeSlotBusy (s)     :       12                    
...
006 (9152097.038.000) 08/05 10:35:27 Image size of job updated: 269992
	2  -  MemoryUsage of job (MB)
	1696  -  ResidentSetSize of job (KB)
...
012 (9152097.029.000) 08/05 10:35:27 Job was held.
	Transfer output files failure at execution point slot1_17@b9p25p7437.cern.ch while sending files to access point bigbird28. Details: could not open local file /pool/condor/dir_1513037/HardQCD_Pt15to7000_Oniaoff_CR0_PYTHIA8309_Chunk29_Part0.root, error 2 (No such file or directory) ( URL file = file:///afs/cern.ch/user/s/shuangyu/CMSSW_15_0_14/src/Jpsi/pythia_generation/./rootfile_nomuoncut_nojpsijet/HardQCD_Pt15to7000_Oniaoff_CR0_PYTHIA8309_Chunk29_Part0.root )|
	Code 12 Subcode 256
...
040 (9152097.031.000) 08/05 10:35:27 Started transferring output files
...
006 (9152097.037.000) 08/05 10:35:27 Image size of job updated: 222084
	52  -  MemoryUsage of job (MB)
	52316  -  ResidentSetSize of job (KB)
...
040 (9152097.031.000) 08/05 10:35:27 Finished transferring output files
...
021 (9152097.031.000) 08/05 10:35:27 Error from starter on slot1_2@b9p21p5034.cern.ch:
	STARTER at 188.185.210.18 failed to send file(s) to <188.185.125.71:9618>: : FILETRANSFER:1:non-zero exit (1) from /usr/libexec/condor/curl_plugin. |Error: could not open local file /pool/condor/dir_2345074/HardQCD_Pt15to7000_Oniaoff_CR0_PYTHIA8309_Chunk31_Part0.root, error 2 (No such file or directory) ( URL file = file:///afs/cern.ch/user/s/shuangyu/CMSSW_15_0_14/src/Jpsi/pythia_generation/./rootfile_nomuoncut_nojpsijet/HardQCD_Pt15to7000_Oniaoff_CR0_PYTHIA8309_Chunk31_Part0.root )|; SHADOW failed to receive file(s) from <188.185.210.18:36099>
	Code 13 Subcode 256
...
004 (9152097.031.000) 08/05 10:35:27 Job was evicted. Code 12 Subcode 256
	(0) CPU times
		Usr 0 00:00:05, Sys 0 00:00:01  -  Run Remote Usage
		Usr 0 00:00:00, Sys 0 00:00:00  -  Run Local Usage
	0  -  Run Bytes Sent By Job
	660198  -  Run Bytes Received By Job
	Reason: Transfer output files failure at execution point slot1_2@b9p21p5034.cern.ch while sending files to access point bigbird28. Details: could not open local file /pool/condor/dir_2345074/HardQCD_Pt15to7000_Oniaoff_CR0_PYTHIA8309_Chunk31_Part0.root, error 2 (No such file or directory) ( URL file = file:///afs/cern.ch/user/s/shuangyu/CMSSW_15_0_14/src/Jpsi/pythia_generation/./rootfile_nomuoncut_nojpsijet/HardQCD_Pt15to7000_Oniaoff_CR0_PYTHIA8309_Chunk31_Part0.root )|
	Partitionable Resources :    Usage  Request Allocated 
	   Cpus                 :        0        1         1 
	   Disk (KB)            :      936      750      3770 
	   GPUs                 :                           0 
	   Memory (MB)          :      298     3000      3000 
	   TimeExecute (s)      :       10                    
	   TimeSlotBusy (s)     :       12                    
...
012 (9152097.031.000) 08/05 10:35:27 Job was held.
	Transfer output files failure at execution point slot1_2@b9p21p5034.cern.ch while sending files to access point bigbird28. Details: could not open local file /pool/condor/dir_2345074/HardQCD_Pt15to7000_Oniaoff_CR0_PYTHIA8309_Chunk31_Part0.root, error 2 (No such file or directory) ( URL file = file:///afs/cern.ch/user/s/shuangyu/CMSSW_15_0_14/src/Jpsi/pythia_generation/./rootfile_nomuoncut_nojpsijet/HardQCD_Pt15to7000_Oniaoff_CR0_PYTHIA8309_Chunk31_Part0.root )|
	Code 12 Subcode 256
...
040 (9152097.032.000) 08/05 10:35:27 Started transferring output files
...
040 (9152097.034.000) 08/05 10:35:27 Started transferring output files
...
040 (9152097.032.000) 08/05 10:35:27 Finished transferring output files
...
040 (9152097.034.000) 08/05 10:35:28 Finished transferring output files
...
021 (9152097.032.000) 08/05 10:35:28 Error from starter on slot1_14@b9p24p8550.cern.ch:
	STARTER at 188.185.211.224 failed to send file(s) to <188.185.125.71:9618>: : FILETRANSFER:1:non-zero exit (1) from /usr/libexec/condor/curl_plugin. |Error: could not open local file /pool/condor/dir_1591217/HardQCD_Pt15to7000_Oniaoff_CR0_PYTHIA8309_Chunk32_Part0.root, error 2 (No such file or directory) ( URL file = file:///afs/cern.ch/user/s/shuangyu/CMSSW_15_0_14/src/Jpsi/pythia_generation/./rootfile_nomuoncut_nojpsijet/HardQCD_Pt15to7000_Oniaoff_CR0_PYTHIA8309_Chunk32_Part0.root )|; SHADOW failed to receive file(s) from <188.185.211.224:33619>
	Code 13 Subcode 256
...
021 (9152097.034.000) 08/05 10:35:28 Error from starter on slot1_10@b9p26p0084.cern.ch:
	STARTER at 188.185.212.226 failed to send file(s) to <188.185.125.71:9618>: : FILETRANSFER:1:non-zero exit (1) from /usr/libexec/condor/curl_plugin. |Error: could not open local file /pool/condor/dir_1437767/HardQCD_Pt15to7000_Oniaoff_CR0_PYTHIA8309_Chunk34_Part0.root, error 2 (No such file or directory) ( URL file = file:///afs/cern.ch/user/s/shuangyu/CMSSW_15_0_14/src/Jpsi/pythia_generation/./rootfile_nomuoncut_nojpsijet/HardQCD_Pt15to7000_Oniaoff_CR0_PYTHIA8309_Chunk34_Part0.root )|; SHADOW failed to receive file(s) from <188.185.212.226:43977>
	Code 13 Subcode 256
...
004 (9152097.034.000) 08/05 10:35:28 Job was evicted. Code 12 Subcode 256
	(0) CPU times
		Usr 0 00:00:05, Sys 0 00:00:01  -  Run Remote Usage
		Usr 0 00:00:00, Sys 0 00:00:00  -  Run Local Usage
	0  -  Run Bytes Sent By Job
	660198  -  Run Bytes Received By Job
	Reason: Transfer output files failure at execution point slot1_10@b9p26p0084.cern.ch while sending files to access point bigbird28. Details: could not open local file /pool/condor/dir_1437767/HardQCD_Pt15to7000_Oniaoff_CR0_PYTHIA8309_Chunk34_Part0.root, error 2 (No such file or directory) ( URL file = file:///afs/cern.ch/user/s/shuangyu/CMSSW_15_0_14/src/Jpsi/pythia_generation/./rootfile_nomuoncut_nojpsijet/HardQCD_Pt15to7000_Oniaoff_CR0_PYTHIA8309_Chunk34_Part0.root )|
	Partitionable Resources :    Usage  Request Allocated 
	   Cpus                 :        0        1         1 
	   Disk (KB)            :     1199      750      3698 
	   GPUs                 :                           0 
	   Memory (MB)          :       52     3000      3000 
	   TimeExecute (s)      :       10                    
	   TimeSlotBusy (s)     :       12                    
...
006 (9152097.041.000) 08/05 10:35:28 Image size of job updated: 286588
	280  -  MemoryUsage of job (MB)
	286588  -  ResidentSetSize of job (KB)
...
012 (9152097.034.000) 08/05 10:35:28 Job was held.
	Transfer output files failure at execution point slot1_10@b9p26p0084.cern.ch while sending files to access point bigbird28. Details: could not open local file /pool/condor/dir_1437767/HardQCD_Pt15to7000_Oniaoff_CR0_PYTHIA8309_Chunk34_Part0.root, error 2 (No such file or directory) ( URL file = file:///afs/cern.ch/user/s/shuangyu/CMSSW_15_0_14/src/Jpsi/pythia_generation/./rootfile_nomuoncut_nojpsijet/HardQCD_Pt15to7000_Oniaoff_CR0_PYTHIA8309_Chunk34_Part0.root )|
	Code 12 Subcode 256
...
004 (9152097.032.000) 08/05 10:35:28 Job was evicted. Code 12 Subcode 256
	(0) CPU times
		Usr 0 00:00:06, Sys 0 00:00:01  -  Run Remote Usage
		Usr 0 00:00:00, Sys 0 00:00:00  -  Run Local Usage
	0  -  Run Bytes Sent By Job
	660198  -  Run Bytes Received By Job
	Reason: Transfer output files failure at execution point slot1_14@b9p24p8550.cern.ch while sending files to access point bigbird28. Details: could not open local file /pool/condor/dir_1591217/HardQCD_Pt15to7000_Oniaoff_CR0_PYTHIA8309_Chunk32_Part0.root, error 2 (No such file or directory) ( URL file = file:///afs/cern.ch/user/s/shuangyu/CMSSW_15_0_14/src/Jpsi/pythia_generation/./rootfile_nomuoncut_nojpsijet/HardQCD_Pt15to7000_Oniaoff_CR0_PYTHIA8309_Chunk32_Part0.root )|
	Partitionable Resources :    Usage  Request Allocated 
	   Cpus                 :        0        1         1 
	   Disk (KB)            :     1199      750      3674 
	   GPUs                 :                           0 
	   Memory (MB)          :       52     3000      3000 
	   TimeExecute (s)      :       10                    
	   TimeSlotBusy (s)     :       12                    
...
006 (9152097.042.000) 08/05 10:35:28 Image size of job updated: 254012
	52  -  MemoryUsage of job (MB)
	52320  -  ResidentSetSize of job (KB)
...
012 (9152097.032.000) 08/05 10:35:28 Job was held.
	Transfer output files failure at execution point slot1_14@b9p24p8550.cern.ch while sending files to access point bigbird28. Details: could not open local file /pool/condor/dir_1591217/HardQCD_Pt15to7000_Oniaoff_CR0_PYTHIA8309_Chunk32_Part0.root, error 2 (No such file or directory) ( URL file = file:///afs/cern.ch/user/s/shuangyu/CMSSW_15_0_14/src/Jpsi/pythia_generation/./rootfile_nomuoncut_nojpsijet/HardQCD_Pt15to7000_Oniaoff_CR0_PYTHIA8309_Chunk32_Part0.root )|
	Code 12 Subcode 256
...
040 (9152097.033.000) 08/05 10:35:28 Started transferring output files
...
040 (9152097.033.000) 08/05 10:35:28 Finished transferring output files
...
021 (9152097.033.000) 08/05 10:35:28 Error from starter on slot1_16@b9p31p6890.cern.ch:
	STARTER at 188.185.215.69 failed to send file(s) to <188.185.125.71:9618>: : FILETRANSFER:1:non-zero exit (1) from /usr/libexec/condor/curl_plugin. |Error: could not open local file /pool/condor/dir_2378057/HardQCD_Pt15to7000_Oniaoff_CR0_PYTHIA8309_Chunk33_Part0.root, error 2 (No such file or directory) ( URL file = file:///afs/cern.ch/user/s/shuangyu/CMSSW_15_0_14/src/Jpsi/pythia_generation/./rootfile_nomuoncut_nojpsijet/HardQCD_Pt15to7000_Oniaoff_CR0_PYTHIA8309_Chunk33_Part0.root )|; SHADOW failed to receive file(s) from <188.185.215.69:38913>
	Code 13 Subcode 256
...
006 (9152097.038.000) 08/05 10:35:29 Image size of job updated: 269992
	2  -  MemoryUsage of job (MB)
	2024  -  ResidentSetSize of job (KB)
...
004 (9152097.033.000) 08/05 10:35:29 Job was evicted. Code 12 Subcode 256
	(0) CPU times
		Usr 0 00:00:05, Sys 0 00:00:01  -  Run Remote Usage
		Usr 0 00:00:00, Sys 0 00:00:00  -  Run Local Usage
	0  -  Run Bytes Sent By Job
	660198  -  Run Bytes Received By Job
	Reason: Transfer output files failure at execution point slot1_16@b9p31p6890.cern.ch while sending files to access point bigbird28. Details: could not open local file /pool/condor/dir_2378057/HardQCD_Pt15to7000_Oniaoff_CR0_PYTHIA8309_Chunk33_Part0.root, error 2 (No such file or directory) ( URL file = file:///afs/cern.ch/user/s/shuangyu/CMSSW_15_0_14/src/Jpsi/pythia_generation/./rootfile_nomuoncut_nojpsijet/HardQCD_Pt15to7000_Oniaoff_CR0_PYTHIA8309_Chunk33_Part0.root )|
	Partitionable Resources :    Usage  Request Allocated 
	   Cpus                 :        0        1         1 
	   Disk (KB)            :     1199      750      3839 
	   GPUs                 :                           0 
	   Memory (MB)          :        3     3000      3000 
	   TimeExecute (s)      :       10                    
	   TimeSlotBusy (s)     :       12                    
...
012 (9152097.033.000) 08/05 10:35:29 Job was held.
	Transfer output files failure at execution point slot1_16@b9p31p6890.cern.ch while sending files to access point bigbird28. Details: could not open local file /pool/condor/dir_2378057/HardQCD_Pt15to7000_Oniaoff_CR0_PYTHIA8309_Chunk33_Part0.root, error 2 (No such file or directory) ( URL file = file:///afs/cern.ch/user/s/shuangyu/CMSSW_15_0_14/src/Jpsi/pythia_generation/./rootfile_nomuoncut_nojpsijet/HardQCD_Pt15to7000_Oniaoff_CR0_PYTHIA8309_Chunk33_Part0.root )|
	Code 12 Subcode 256
...
006 (9152097.046.000) 08/05 10:35:29 Image size of job updated: 288736
	0  -  MemoryUsage of job (MB)
	0  -  ResidentSetSize of job (KB)
...
006 (9152097.044.000) 08/05 10:35:29 Image size of job updated: 200872
	38  -  MemoryUsage of job (MB)
	38528  -  ResidentSetSize of job (KB)
...
006 (9152097.045.000) 08/05 10:35:29 Image size of job updated: 284488
	278  -  MemoryUsage of job (MB)
	284488  -  ResidentSetSize of job (KB)
...
006 (9152097.043.000) 08/05 10:35:29 Image size of job updated: 264816
	61  -  MemoryUsage of job (MB)
	61980  -  ResidentSetSize of job (KB)
...
006 (9152097.043.000) 08/05 10:35:29 Image size of job updated: 264816
	62  -  MemoryUsage of job (MB)
	62936  -  ResidentSetSize of job (KB)
...
006 (9152097.040.000) 08/05 10:35:29 Image size of job updated: 245636
	35  -  MemoryUsage of job (MB)
	35712  -  ResidentSetSize of job (KB)
...
040 (9152097.038.000) 08/05 10:35:29 Started transferring output files
...
040 (9152097.038.000) 08/05 10:35:29 Finished transferring output files
...
021 (9152097.038.000) 08/05 10:35:29 Error from starter on slot1_15@b9p26p1804.cern.ch:
	STARTER at 188.185.212.218 failed to send file(s) to <188.185.125.71:9618>: : FILETRANSFER:1:non-zero exit (1) from /usr/libexec/condor/curl_plugin. |Error: could not open local file /pool/condor/dir_1168674/HardQCD_Pt15to7000_Oniaoff_CR0_PYTHIA8309_Chunk38_Part0.root, error 2 (No such file or directory) ( URL file = file:///afs/cern.ch/user/s/shuangyu/CMSSW_15_0_14/src/Jpsi/pythia_generation/./rootfile_nomuoncut_nojpsijet/HardQCD_Pt15to7000_Oniaoff_CR0_PYTHIA8309_Chunk38_Part0.root )|; SHADOW failed to receive file(s) from <188.185.212.218:32817>
	Code 13 Subcode 256
...
040 (9152097.046.000) 08/05 10:35:29 Started transferring output files
...
040 (9152097.046.000) 08/05 10:35:29 Finished transferring output files
...
021 (9152097.046.000) 08/05 10:35:29 Error from starter on slot1_21@b9p26p8743.cern.ch:
	STARTER at 188.185.212.227 failed to send file(s) to <188.185.125.71:9618>: : FILETRANSFER:1:non-zero exit (1) from /usr/libexec/condor/curl_plugin. |Error: could not open local file /pool/condor/dir_3791502/HardQCD_Pt15to7000_Oniaoff_CR0_PYTHIA8309_Chunk46_Part0.root, error 2 (No such file or directory) ( URL file = file:///afs/cern.ch/user/s/shuangyu/CMSSW_15_0_14/src/Jpsi/pythia_generation/./rootfile_nomuoncut_nojpsijet/HardQCD_Pt15to7000_Oniaoff_CR0_PYTHIA8309_Chunk46_Part0.root )|; SHADOW failed to receive file(s) from <188.185.212.227:46239>
	Code 13 Subcode 256
...
040 (9152097.036.000) 08/05 10:35:30 Started transferring output files
...
004 (9152097.046.000) 08/05 10:35:30 Job was evicted. Code 12 Subcode 256
	(0) CPU times
		Usr 0 00:00:04, Sys 0 00:00:01  -  Run Remote Usage
		Usr 0 00:00:00, Sys 0 00:00:00  -  Run Local Usage
	0  -  Run Bytes Sent By Job
	660198  -  Run Bytes Received By Job
	Reason: Transfer output files failure at execution point slot1_21@b9p26p8743.cern.ch while sending files to access point bigbird28. Details: could not open local file /pool/condor/dir_3791502/HardQCD_Pt15to7000_Oniaoff_CR0_PYTHIA8309_Chunk46_Part0.root, error 2 (No such file or directory) ( URL file = file:///afs/cern.ch/user/s/shuangyu/CMSSW_15_0_14/src/Jpsi/pythia_generation/./rootfile_nomuoncut_nojpsijet/HardQCD_Pt15to7000_Oniaoff_CR0_PYTHIA8309_Chunk46_Part0.root )|
	Partitionable Resources :    Usage  Request Allocated 
	   Cpus                 :        0        1         1 
	   Disk (KB)            :      797      750      3795 
	   GPUs                 :                           0 
	   Memory (MB)          :        0     3000      3000 
	   TimeExecute (s)      :        8                    
	   TimeSlotBusy (s)     :        9                    
...
004 (9152097.038.000) 08/05 10:35:30 Job was evicted. Code 12 Subcode 256
	(0) CPU times
		Usr 0 00:00:05, Sys 0 00:00:01  -  Run Remote Usage
		Usr 0 00:00:00, Sys 0 00:00:00  -  Run Local Usage
	0  -  Run Bytes Sent By Job
	660198  -  Run Bytes Received By Job
	Reason: Transfer output files failure at execution point slot1_15@b9p26p1804.cern.ch while sending files to access point bigbird28. Details: could not open local file /pool/condor/dir_1168674/HardQCD_Pt15to7000_Oniaoff_CR0_PYTHIA8309_Chunk38_Part0.root, error 2 (No such file or directory) ( URL file = file:///afs/cern.ch/user/s/shuangyu/CMSSW_15_0_14/src/Jpsi/pythia_generation/./rootfile_nomuoncut_nojpsijet/HardQCD_Pt15to7000_Oniaoff_CR0_PYTHIA8309_Chunk38_Part0.root )|
	Partitionable Resources :    Usage  Request Allocated 
	   Cpus                 :        0        1         1 
	   Disk (KB)            :      797      750      3829 
	   GPUs                 :                           0 
	   Memory (MB)          :        2     3000      3000 
	   TimeExecute (s)      :       10                    
	   TimeSlotBusy (s)     :       11                    
...
040 (9152097.036.000) 08/05 10:35:30 Finished transferring output files
...
012 (9152097.046.000) 08/05 10:35:30 Job was held.
	Transfer output files failure at execution point slot1_21@b9p26p8743.cern.ch while sending files to access point bigbird28. Details: could not open local file /pool/condor/dir_3791502/HardQCD_Pt15to7000_Oniaoff_CR0_PYTHIA8309_Chunk46_Part0.root, error 2 (No such file or directory) ( URL file = file:///afs/cern.ch/user/s/shuangyu/CMSSW_15_0_14/src/Jpsi/pythia_generation/./rootfile_nomuoncut_nojpsijet/HardQCD_Pt15to7000_Oniaoff_CR0_PYTHIA8309_Chunk46_Part0.root )|
	Code 12 Subcode 256
...
012 (9152097.038.000) 08/05 10:35:30 Job was held.
	Transfer output files failure at execution point slot1_15@b9p26p1804.cern.ch while sending files to access point bigbird28. Details: could not open local file /pool/condor/dir_1168674/HardQCD_Pt15to7000_Oniaoff_CR0_PYTHIA8309_Chunk38_Part0.root, error 2 (No such file or directory) ( URL file = file:///afs/cern.ch/user/s/shuangyu/CMSSW_15_0_14/src/Jpsi/pythia_generation/./rootfile_nomuoncut_nojpsijet/HardQCD_Pt15to7000_Oniaoff_CR0_PYTHIA8309_Chunk38_Part0.root )|
	Code 12 Subcode 256
...
021 (9152097.036.000) 08/05 10:35:30 Error from starter on slot1_6@b9p30p1158.cern.ch:
	STARTER at 188.185.214.167 failed to send file(s) to <188.185.125.71:9618>: : FILETRANSFER:1:non-zero exit (1) from /usr/libexec/condor/curl_plugin. |Error: could not open local file /pool/condor/dir_3390771/HardQCD_Pt15to7000_Oniaoff_CR0_PYTHIA8309_Chunk36_Part0.root, error 2 (No such file or directory) ( URL file = file:///afs/cern.ch/user/s/shuangyu/CMSSW_15_0_14/src/Jpsi/pythia_generation/./rootfile_nomuoncut_nojpsijet/HardQCD_Pt15to7000_Oniaoff_CR0_PYTHIA8309_Chunk36_Part0.root )|; SHADOW failed to receive file(s) from <188.185.214.167:43563>
	Code 13 Subcode 256
...
040 (9152097.043.000) 08/05 10:35:30 Started transferring output files
...
040 (9152097.043.000) 08/05 10:35:30 Finished transferring output files
...
021 (9152097.043.000) 08/05 10:35:30 Error from starter on slot1_10@b9p21p8125.cern.ch:
	STARTER at 188.185.210.81 failed to send file(s) to <188.185.125.71:9618>: : FILETRANSFER:1:non-zero exit (1) from /usr/libexec/condor/curl_plugin. |Error: could not open local file /pool/condor/dir_4120768/HardQCD_Pt15to7000_Oniaoff_CR0_PYTHIA8309_Chunk43_Part0.root, error 2 (No such file or directory) ( URL file = file:///afs/cern.ch/user/s/shuangyu/CMSSW_15_0_14/src/Jpsi/pythia_generation/./rootfile_nomuoncut_nojpsijet/HardQCD_Pt15to7000_Oniaoff_CR0_PYTHIA8309_Chunk43_Part0.root )|; SHADOW failed to receive file(s) from <188.185.210.81:35893>
	Code 13 Subcode 256
...
040 (9152097.040.000) 08/05 10:35:30 Started transferring output files
...
006 (9152097.047.000) 08/05 10:35:30 Image size of job updated: 296576
	290  -  MemoryUsage of job (MB)
	296576  -  ResidentSetSize of job (KB)
...
004 (9152097.036.000) 08/05 10:35:30 Job was evicted. Code 12 Subcode 256
	(0) CPU times
		Usr 0 00:00:06, Sys 0 00:00:01  -  Run Remote Usage
		Usr 0 00:00:00, Sys 0 00:00:00  -  Run Local Usage
	0  -  Run Bytes Sent By Job
	660198  -  Run Bytes Received By Job
	Reason: Transfer output files failure at execution point slot1_6@b9p30p1158.cern.ch while sending files to access point bigbird28. Details: could not open local file /pool/condor/dir_3390771/HardQCD_Pt15to7000_Oniaoff_CR0_PYTHIA8309_Chunk36_Part0.root, error 2 (No such file or directory) ( URL file = file:///afs/cern.ch/user/s/shuangyu/CMSSW_15_0_14/src/Jpsi/pythia_generation/./rootfile_nomuoncut_nojpsijet/HardQCD_Pt15to7000_Oniaoff_CR0_PYTHIA8309_Chunk36_Part0.root )|
	Partitionable Resources :    Usage  Request Allocated 
	   Cpus                 :        0        1         1 
	   Disk (KB)            :      936      750      3739 
	   GPUs                 :                           0 
	   Memory (MB)          :      300     3000      3000 
	   TimeExecute (s)      :       11                    
	   TimeSlotBusy (s)     :       13                    
...
040 (9152097.040.000) 08/05 10:35:30 Finished transferring output files
...
006 (9152097.028.000) 08/05 10:35:30 Image size of job updated: 290748
	264  -  MemoryUsage of job (MB)
	269912  -  ResidentSetSize of job (KB)
...
012 (9152097.036.000) 08/05 10:35:30 Job was held.
	Transfer output files failure at execution point slot1_6@b9p30p1158.cern.ch while sending files to access point bigbird28. Details: could not open local file /pool/condor/dir_3390771/HardQCD_Pt15to7000_Oniaoff_CR0_PYTHIA8309_Chunk36_Part0.root, error 2 (No such file or directory) ( URL file = file:///afs/cern.ch/user/s/shuangyu/CMSSW_15_0_14/src/Jpsi/pythia_generation/./rootfile_nomuoncut_nojpsijet/HardQCD_Pt15to7000_Oniaoff_CR0_PYTHIA8309_Chunk36_Part0.root )|
	Code 12 Subcode 256
...
021 (9152097.040.000) 08/05 10:35:30 Error from starter on slot1_23@b9p31p8056.cern.ch:
	STARTER at 188.185.215.78 failed to send file(s) to <188.185.125.71:9618>: : FILETRANSFER:1:non-zero exit (1) from /usr/libexec/condor/curl_plugin. |Error: could not open local file /pool/condor/dir_715356/HardQCD_Pt15to7000_Oniaoff_CR0_PYTHIA8309_Chunk40_Part0.root, error 2 (No such file or directory) ( URL file = file:///afs/cern.ch/user/s/shuangyu/CMSSW_15_0_14/src/Jpsi/pythia_generation/./rootfile_nomuoncut_nojpsijet/HardQCD_Pt15to7000_Oniaoff_CR0_PYTHIA8309_Chunk40_Part0.root )|; SHADOW failed to receive file(s) from <188.185.215.78:41745>
	Code 13 Subcode 256
...
006 (9152097.048.000) 08/05 10:35:30 Image size of job updated: 282404
	276  -  MemoryUsage of job (MB)
	282404  -  ResidentSetSize of job (KB)
...
004 (9152097.043.000) 08/05 10:35:30 Job was evicted. Code 12 Subcode 256
	(0) CPU times
		Usr 0 00:00:05, Sys 0 00:00:01  -  Run Remote Usage
		Usr 0 00:00:00, Sys 0 00:00:00  -  Run Local Usage
	0  -  Run Bytes Sent By Job
	660198  -  Run Bytes Received By Job
	Reason: Transfer output files failure at execution point slot1_10@b9p21p8125.cern.ch while sending files to access point bigbird28. Details: could not open local file /pool/condor/dir_4120768/HardQCD_Pt15to7000_Oniaoff_CR0_PYTHIA8309_Chunk43_Part0.root, error 2 (No such file or directory) ( URL file = file:///afs/cern.ch/user/s/shuangyu/CMSSW_15_0_14/src/Jpsi/pythia_generation/./rootfile_nomuoncut_nojpsijet/HardQCD_Pt15to7000_Oniaoff_CR0_PYTHIA8309_Chunk43_Part0.root )|
	Partitionable Resources :    Usage  Request Allocated 
	   Cpus                 :        0        1         1 
	   Disk (KB)            :      797      750      3684 
	   GPUs                 :                           0 
	   Memory (MB)          :       62     3000      3000 
	   TimeExecute (s)      :        9                    
	   TimeSlotBusy (s)     :       11                    
...
012 (9152097.043.000) 08/05 10:35:30 Job was held.
	Transfer output files failure at execution point slot1_10@b9p21p8125.cern.ch while sending files to access point bigbird28. Details: could not open local file /pool/condor/dir_4120768/HardQCD_Pt15to7000_Oniaoff_CR0_PYTHIA8309_Chunk43_Part0.root, error 2 (No such file or directory) ( URL file = file:///afs/cern.ch/user/s/shuangyu/CMSSW_15_0_14/src/Jpsi/pythia_generation/./rootfile_nomuoncut_nojpsijet/HardQCD_Pt15to7000_Oniaoff_CR0_PYTHIA8309_Chunk43_Part0.root )|
	Code 12 Subcode 256
...
004 (9152097.040.000) 08/05 10:35:30 Job was evicted. Code 12 Subcode 256
	(0) CPU times
		Usr 0 00:00:06, Sys 0 00:00:01  -  Run Remote Usage
		Usr 0 00:00:00, Sys 0 00:00:00  -  Run Local Usage
	0  -  Run Bytes Sent By Job
	660198  -  Run Bytes Received By Job
	Reason: Transfer output files failure at execution point slot1_23@b9p31p8056.cern.ch while sending files to access point bigbird28. Details: could not open local file /pool/condor/dir_715356/HardQCD_Pt15to7000_Oniaoff_CR0_PYTHIA8309_Chunk40_Part0.root, error 2 (No such file or directory) ( URL file = file:///afs/cern.ch/user/s/shuangyu/CMSSW_15_0_14/src/Jpsi/pythia_generation/./rootfile_nomuoncut_nojpsijet/HardQCD_Pt15to7000_Oniaoff_CR0_PYTHIA8309_Chunk40_Part0.root )|
	Partitionable Resources :    Usage  Request Allocated 
	   Cpus                 :        0        1         1 
	   Disk (KB)            :     1199      750      3725 
	   GPUs                 :                           0 
	   Memory (MB)          :       35     3000      3000 
	   TimeExecute (s)      :       10                    
	   TimeSlotBusy (s)     :       12                    
...
012 (9152097.040.000) 08/05 10:35:30 Job was held.
	Transfer output files failure at execution point slot1_23@b9p31p8056.cern.ch while sending files to access point bigbird28. Details: could not open local file /pool/condor/dir_715356/HardQCD_Pt15to7000_Oniaoff_CR0_PYTHIA8309_Chunk40_Part0.root, error 2 (No such file or directory) ( URL file = file:///afs/cern.ch/user/s/shuangyu/CMSSW_15_0_14/src/Jpsi/pythia_generation/./rootfile_nomuoncut_nojpsijet/HardQCD_Pt15to7000_Oniaoff_CR0_PYTHIA8309_Chunk40_Part0.root )|
	Code 12 Subcode 256
...
040 (9152097.037.000) 08/05 10:35:30 Started transferring output files
...
040 (9152097.037.000) 08/05 10:35:30 Finished transferring output files
...
021 (9152097.037.000) 08/05 10:35:30 Error from starter on slot1_16@b9p02p6274.cern.ch:
	STARTER at 188.185.204.155 failed to send file(s) to <188.185.125.71:9618>: : FILETRANSFER:1:non-zero exit (1) from /usr/libexec/condor/curl_plugin. |Error: could not open local file /pool/condor/dir_3339770/HardQCD_Pt15to7000_Oniaoff_CR0_PYTHIA8309_Chunk37_Part0.root, error 2 (No such file or directory) ( URL file = file:///afs/cern.ch/user/s/shuangyu/CMSSW_15_0_14/src/Jpsi/pythia_generation/./rootfile_nomuoncut_nojpsijet/HardQCD_Pt15to7000_Oniaoff_CR0_PYTHIA8309_Chunk37_Part0.root )|; SHADOW failed to receive file(s) from <188.185.204.155:39743>
	Code 13 Subcode 256
...
040 (9152097.042.000) 08/05 10:35:31 Started transferring output files
...
040 (9152097.042.000) 08/05 10:35:31 Finished transferring output files
...
021 (9152097.042.000) 08/05 10:35:31 Error from starter on slot1_25@b9p24p4110.cern.ch:
	STARTER at 188.185.211.215 failed to send file(s) to <188.185.125.71:9618>: : FILETRANSFER:1:non-zero exit (1) from /usr/libexec/condor/curl_plugin. |Error: could not open local file /pool/condor/dir_549833/HardQCD_Pt15to7000_Oniaoff_CR0_PYTHIA8309_Chunk42_Part0.root, error 2 (No such file or directory) ( URL file = file:///afs/cern.ch/user/s/shuangyu/CMSSW_15_0_14/src/Jpsi/pythia_generation/./rootfile_nomuoncut_nojpsijet/HardQCD_Pt15to7000_Oniaoff_CR0_PYTHIA8309_Chunk42_Part0.root )|; SHADOW failed to receive file(s) from <188.185.211.215:33199>
	Code 13 Subcode 256
...
004 (9152097.037.000) 08/05 10:35:31 Job was evicted. Code 12 Subcode 256
	(0) CPU times
		Usr 0 00:00:06, Sys 0 00:00:01  -  Run Remote Usage
		Usr 0 00:00:00, Sys 0 00:00:00  -  Run Local Usage
	0  -  Run Bytes Sent By Job
	660198  -  Run Bytes Received By Job
	Reason: Transfer output files failure at execution point slot1_16@b9p02p6274.cern.ch while sending files to access point bigbird28. Details: could not open local file /pool/condor/dir_3339770/HardQCD_Pt15to7000_Oniaoff_CR0_PYTHIA8309_Chunk37_Part0.root, error 2 (No such file or directory) ( URL file = file:///afs/cern.ch/user/s/shuangyu/CMSSW_15_0_14/src/Jpsi/pythia_generation/./rootfile_nomuoncut_nojpsijet/HardQCD_Pt15to7000_Oniaoff_CR0_PYTHIA8309_Chunk37_Part0.root )|
	Partitionable Resources :    Usage  Request Allocated 
	   Cpus                 :        0        1         1 
	   Disk (KB)            :     1298      750      3740 
	   GPUs                 :                           0 
	   Memory (MB)          :       52     3000      3000 
	   TimeExecute (s)      :       11                    
	   TimeSlotBusy (s)     :       13                    
...
012 (9152097.037.000) 08/05 10:35:31 Job was held.
	Transfer output files failure at execution point slot1_16@b9p02p6274.cern.ch while sending files to access point bigbird28. Details: could not open local file /pool/condor/dir_3339770/HardQCD_Pt15to7000_Oniaoff_CR0_PYTHIA8309_Chunk37_Part0.root, error 2 (No such file or directory) ( URL file = file:///afs/cern.ch/user/s/shuangyu/CMSSW_15_0_14/src/Jpsi/pythia_generation/./rootfile_nomuoncut_nojpsijet/HardQCD_Pt15to7000_Oniaoff_CR0_PYTHIA8309_Chunk37_Part0.root )|
	Code 12 Subcode 256
...
004 (9152097.042.000) 08/05 10:35:31 Job was evicted. Code 12 Subcode 256
	(0) CPU times
		Usr 0 00:00:05, Sys 0 00:00:01  -  Run Remote Usage
		Usr 0 00:00:00, Sys 0 00:00:00  -  Run Local Usage
	0  -  Run Bytes Sent By Job
	660198  -  Run Bytes Received By Job
	Reason: Transfer output files failure at execution point slot1_25@b9p24p4110.cern.ch while sending files to access point bigbird28. Details: could not open local file /pool/condor/dir_549833/HardQCD_Pt15to7000_Oniaoff_CR0_PYTHIA8309_Chunk42_Part0.root, error 2 (No such file or directory) ( URL file = file:///afs/cern.ch/user/s/shuangyu/CMSSW_15_0_14/src/Jpsi/pythia_generation/./rootfile_nomuoncut_nojpsijet/HardQCD_Pt15to7000_Oniaoff_CR0_PYTHIA8309_Chunk42_Part0.root )|
	Partitionable Resources :    Usage  Request Allocated 
	   Cpus                 :        0        1         1 
	   Disk (KB)            :     1199      750      3866 
	   GPUs                 :                           0 
	   Memory (MB)          :       52     3000      3000 
	   TimeExecute (s)      :       10                    
	   TimeSlotBusy (s)     :       12                    
...
012 (9152097.042.000) 08/05 10:35:31 Job was held.
	Transfer output files failure at execution point slot1_25@b9p24p4110.cern.ch while sending files to access point bigbird28. Details: could not open local file /pool/condor/dir_549833/HardQCD_Pt15to7000_Oniaoff_CR0_PYTHIA8309_Chunk42_Part0.root, error 2 (No such file or directory) ( URL file = file:///afs/cern.ch/user/s/shuangyu/CMSSW_15_0_14/src/Jpsi/pythia_generation/./rootfile_nomuoncut_nojpsijet/HardQCD_Pt15to7000_Oniaoff_CR0_PYTHIA8309_Chunk42_Part0.root )|
	Code 12 Subcode 256
...
006 (9152097.049.000) 08/05 10:35:31 Image size of job updated: 276036
	59  -  MemoryUsage of job (MB)
	60364  -  ResidentSetSize of job (KB)
...
040 (9152097.028.000) 08/05 10:35:31 Started transferring output files
...
040 (9152097.028.000) 08/05 10:35:31 Finished transferring output files
...
021 (9152097.028.000) 08/05 10:35:31 Error from starter on slot1_29@b9g18p4177.cern.ch:
	STARTER at 128.142.192.206 failed to send file(s) to <188.185.125.71:9618>: : FILETRANSFER:1:non-zero exit (1) from /usr/libexec/condor/curl_plugin. |Error: could not open local file /pool/condor/dir_2864808/HardQCD_Pt15to7000_Oniaoff_CR0_PYTHIA8309_Chunk28_Part0.root, error 2 (No such file or directory) ( URL file = file:///afs/cern.ch/user/s/shuangyu/CMSSW_15_0_14/src/Jpsi/pythia_generation/./rootfile_nomuoncut_nojpsijet/HardQCD_Pt15to7000_Oniaoff_CR0_PYTHIA8309_Chunk28_Part0.root )|; SHADOW failed to receive file(s) from <128.142.192.206:34007>
	Code 13 Subcode 256
...
006 (9152097.044.000) 08/05 10:35:31 Image size of job updated: 200872
	42  -  MemoryUsage of job (MB)
	42624  -  ResidentSetSize of job (KB)
...
006 (9152097.049.000) 08/05 10:35:31 Image size of job updated: 276036
	60  -  MemoryUsage of job (MB)
	60464  -  ResidentSetSize of job (KB)
...
004 (9152097.028.000) 08/05 10:35:31 Job was evicted. Code 12 Subcode 256
	(0) CPU times
		Usr 0 00:00:10, Sys 0 00:00:01  -  Run Remote Usage
		Usr 0 00:00:00, Sys 0 00:00:00  -  Run Local Usage
	0  -  Run Bytes Sent By Job
	660198  -  Run Bytes Received By Job
	Reason: Transfer output files failure at execution point slot1_29@b9g18p4177.cern.ch while sending files to access point bigbird28. Details: could not open local file /pool/condor/dir_2864808/HardQCD_Pt15to7000_Oniaoff_CR0_PYTHIA8309_Chunk28_Part0.root, error 2 (No such file or directory) ( URL file = file:///afs/cern.ch/user/s/shuangyu/CMSSW_15_0_14/src/Jpsi/pythia_generation/./rootfile_nomuoncut_nojpsijet/HardQCD_Pt15to7000_Oniaoff_CR0_PYTHIA8309_Chunk28_Part0.root )|
	Partitionable Resources :    Usage  Request Allocated 
	   Cpus                 :     0.08        1         1 
	   Disk (KB)            :   797         750      3908 
	   GPUs                 :                           0 
	   Memory (MB)          :   264        3000      3000 
	   TimeExecute (s)      :    15                       
	   TimeSlotBusy (s)     :    17                       
...
012 (9152097.028.000) 08/05 10:35:31 Job was held.
	Transfer output files failure at execution point slot1_29@b9g18p4177.cern.ch while sending files to access point bigbird28. Details: could not open local file /pool/condor/dir_2864808/HardQCD_Pt15to7000_Oniaoff_CR0_PYTHIA8309_Chunk28_Part0.root, error 2 (No such file or directory) ( URL file = file:///afs/cern.ch/user/s/shuangyu/CMSSW_15_0_14/src/Jpsi/pythia_generation/./rootfile_nomuoncut_nojpsijet/HardQCD_Pt15to7000_Oniaoff_CR0_PYTHIA8309_Chunk28_Part0.root )|
	Code 12 Subcode 256
...
040 (9152097.044.000) 08/05 10:35:32 Started transferring output files
...
040 (9152097.044.000) 08/05 10:35:32 Finished transferring output files
...
021 (9152097.044.000) 08/05 10:35:32 Error from starter on slot1_15@b9p31p5823.cern.ch:
	STARTER at 188.185.215.33 failed to send file(s) to <188.185.125.71:9618>: : FILETRANSFER:1:non-zero exit (1) from /usr/libexec/condor/curl_plugin. |Error: could not open local file /pool/condor/dir_926888/HardQCD_Pt15to7000_Oniaoff_CR0_PYTHIA8309_Chunk44_Part0.root, error 2 (No such file or directory) ( URL file = file:///afs/cern.ch/user/s/shuangyu/CMSSW_15_0_14/src/Jpsi/pythia_generation/./rootfile_nomuoncut_nojpsijet/HardQCD_Pt15to7000_Oniaoff_CR0_PYTHIA8309_Chunk44_Part0.root )|; SHADOW failed to receive file(s) from <188.185.215.33:41447>
	Code 13 Subcode 256
...
040 (9152097.049.000) 08/05 10:35:32 Started transferring output files
...
040 (9152097.049.000) 08/05 10:35:32 Finished transferring output files
...
021 (9152097.049.000) 08/05 10:35:32 Error from starter on slot1_14@b9p21p6303.cern.ch:
	STARTER at 188.185.210.34 failed to send file(s) to <188.185.125.71:9618>: : FILETRANSFER:1:non-zero exit (1) from /usr/libexec/condor/curl_plugin. |Error: could not open local file /pool/condor/dir_1235880/HardQCD_Pt15to7000_Oniaoff_CR0_PYTHIA8309_Chunk49_Part0.root, error 2 (No such file or directory) ( URL file = file:///afs/cern.ch/user/s/shuangyu/CMSSW_15_0_14/src/Jpsi/pythia_generation/./rootfile_nomuoncut_nojpsijet/HardQCD_Pt15to7000_Oniaoff_CR0_PYTHIA8309_Chunk49_Part0.root )|; SHADOW failed to receive file(s) from <188.185.210.34:38863>
	Code 13 Subcode 256
...
004 (9152097.044.000) 08/05 10:35:32 Job was evicted. Code 12 Subcode 256
	(0) CPU times
		Usr 0 00:00:05, Sys 0 00:00:02  -  Run Remote Usage
		Usr 0 00:00:00, Sys 0 00:00:00  -  Run Local Usage
	0  -  Run Bytes Sent By Job
	660198  -  Run Bytes Received By Job
	Reason: Transfer output files failure at execution point slot1_15@b9p31p5823.cern.ch while sending files to access point bigbird28. Details: could not open local file /pool/condor/dir_926888/HardQCD_Pt15to7000_Oniaoff_CR0_PYTHIA8309_Chunk44_Part0.root, error 2 (No such file or directory) ( URL file = file:///afs/cern.ch/user/s/shuangyu/CMSSW_15_0_14/src/Jpsi/pythia_generation/./rootfile_nomuoncut_nojpsijet/HardQCD_Pt15to7000_Oniaoff_CR0_PYTHIA8309_Chunk44_Part0.root )|
	Partitionable Resources :    Usage  Request Allocated 
	   Cpus                 :        0        1         1 
	   Disk (KB)            :     1199      750      3701 
	   GPUs                 :                           0 
	   Memory (MB)          :       42     3000      3000 
	   TimeExecute (s)      :       10                    
	   TimeSlotBusy (s)     :       12                    
...
012 (9152097.044.000) 08/05 10:35:32 Job was held.
	Transfer output files failure at execution point slot1_15@b9p31p5823.cern.ch while sending files to access point bigbird28. Details: could not open local file /pool/condor/dir_926888/HardQCD_Pt15to7000_Oniaoff_CR0_PYTHIA8309_Chunk44_Part0.root, error 2 (No such file or directory) ( URL file = file:///afs/cern.ch/user/s/shuangyu/CMSSW_15_0_14/src/Jpsi/pythia_generation/./rootfile_nomuoncut_nojpsijet/HardQCD_Pt15to7000_Oniaoff_CR0_PYTHIA8309_Chunk44_Part0.root )|
	Code 12 Subcode 256
...
004 (9152097.049.000) 08/05 10:35:32 Job was evicted. Code 12 Subcode 256
	(0) CPU times
		Usr 0 00:00:05, Sys 0 00:00:01  -  Run Remote Usage
		Usr 0 00:00:00, Sys 0 00:00:00  -  Run Local Usage
	0  -  Run Bytes Sent By Job
	660198  -  Run Bytes Received By Job
	Reason: Transfer output files failure at execution point slot1_14@b9p21p6303.cern.ch while sending files to access point bigbird28. Details: could not open local file /pool/condor/dir_1235880/HardQCD_Pt15to7000_Oniaoff_CR0_PYTHIA8309_Chunk49_Part0.root, error 2 (No such file or directory) ( URL file = file:///afs/cern.ch/user/s/shuangyu/CMSSW_15_0_14/src/Jpsi/pythia_generation/./rootfile_nomuoncut_nojpsijet/HardQCD_Pt15to7000_Oniaoff_CR0_PYTHIA8309_Chunk49_Part0.root )|
	Partitionable Resources :    Usage  Request Allocated 
	   Cpus                 :        0        1         1 
	   Disk (KB)            :      797      750      3731 
	   GPUs                 :                           0 
	   Memory (MB)          :       60     3000      3000 
	   TimeExecute (s)      :        9                    
	   TimeSlotBusy (s)     :       11                    
...
012 (9152097.049.000) 08/05 10:35:33 Job was held.
	Transfer output files failure at execution point slot1_14@b9p21p6303.cern.ch while sending files to access point bigbird28. Details: could not open local file /pool/condor/dir_1235880/HardQCD_Pt15to7000_Oniaoff_CR0_PYTHIA8309_Chunk49_Part0.root, error 2 (No such file or directory) ( URL file = file:///afs/cern.ch/user/s/shuangyu/CMSSW_15_0_14/src/Jpsi/pythia_generation/./rootfile_nomuoncut_nojpsijet/HardQCD_Pt15to7000_Oniaoff_CR0_PYTHIA8309_Chunk49_Part0.root )|
	Code 12 Subcode 256
...
040 (9152097.041.000) 08/05 10:35:33 Started transferring output files
...
040 (9152097.041.000) 08/05 10:35:33 Finished transferring output files
...
021 (9152097.041.000) 08/05 10:35:33 Error from starter on slot1_1@b9g23p2654.cern.ch:
	STARTER at 128.142.248.85 failed to send file(s) to <188.185.125.71:9618>: : FILETRANSFER:1:non-zero exit (1) from /usr/libexec/condor/curl_plugin. |Error: could not open local file /pool/condor/dir_522291/HardQCD_Pt15to7000_Oniaoff_CR0_PYTHIA8309_Chunk41_Part0.root, error 2 (No such file or directory) ( URL file = file:///afs/cern.ch/user/s/shuangyu/CMSSW_15_0_14/src/Jpsi/pythia_generation/./rootfile_nomuoncut_nojpsijet/HardQCD_Pt15to7000_Oniaoff_CR0_PYTHIA8309_Chunk41_Part0.root )|; SHADOW failed to receive file(s) from <128.142.248.85:36663>
	Code 13 Subcode 256
...
004 (9152097.041.000) 08/05 10:35:34 Job was evicted. Code 12 Subcode 256
	(0) CPU times
		Usr 0 00:00:08, Sys 0 00:00:01  -  Run Remote Usage
		Usr 0 00:00:00, Sys 0 00:00:00  -  Run Local Usage
	0  -  Run Bytes Sent By Job
	660198  -  Run Bytes Received By Job
	Reason: Transfer output files failure at execution point slot1_1@b9g23p2654.cern.ch while sending files to access point bigbird28. Details: could not open local file /pool/condor/dir_522291/HardQCD_Pt15to7000_Oniaoff_CR0_PYTHIA8309_Chunk41_Part0.root, error 2 (No such file or directory) ( URL file = file:///afs/cern.ch/user/s/shuangyu/CMSSW_15_0_14/src/Jpsi/pythia_generation/./rootfile_nomuoncut_nojpsijet/HardQCD_Pt15to7000_Oniaoff_CR0_PYTHIA8309_Chunk41_Part0.root )|
	Partitionable Resources :    Usage  Request Allocated 
	   Cpus                 :        0        1         1 
	   Disk (KB)            :      832      750      3902 
	   GPUs                 :                           0 
	   Memory (MB)          :      280     3000      3000 
	   TimeExecute (s)      :       12                    
	   TimeSlotBusy (s)     :       14                    
...
012 (9152097.041.000) 08/05 10:35:34 Job was held.
	Transfer output files failure at execution point slot1_1@b9g23p2654.cern.ch while sending files to access point bigbird28. Details: could not open local file /pool/condor/dir_522291/HardQCD_Pt15to7000_Oniaoff_CR0_PYTHIA8309_Chunk41_Part0.root, error 2 (No such file or directory) ( URL file = file:///afs/cern.ch/user/s/shuangyu/CMSSW_15_0_14/src/Jpsi/pythia_generation/./rootfile_nomuoncut_nojpsijet/HardQCD_Pt15to7000_Oniaoff_CR0_PYTHIA8309_Chunk41_Part0.root )|
	Code 12 Subcode 256
...
040 (9152097.047.000) 08/05 10:35:34 Started transferring output files
...
040 (9152097.047.000) 08/05 10:35:34 Finished transferring output files
...
021 (9152097.047.000) 08/05 10:35:34 Error from starter on slot1_19@b9p30p2782.cern.ch:
	STARTER at 188.185.214.178 failed to send file(s) to <188.185.125.71:9618>: : FILETRANSFER:1:non-zero exit (1) from /usr/libexec/condor/curl_plugin. |Error: could not open local file /pool/condor/dir_481947/HardQCD_Pt15to7000_Oniaoff_CR0_PYTHIA8309_Chunk47_Part0.root, error 2 (No such file or directory) ( URL file = file:///afs/cern.ch/user/s/shuangyu/CMSSW_15_0_14/src/Jpsi/pythia_generation/./rootfile_nomuoncut_nojpsijet/HardQCD_Pt15to7000_Oniaoff_CR0_PYTHIA8309_Chunk47_Part0.root )|; SHADOW failed to receive file(s) from <188.185.214.178:46771>
	Code 13 Subcode 256
...
006 (9152097.039.000) 08/05 10:35:34 Image size of job updated: 299356
	272  -  MemoryUsage of job (MB)
	278144  -  ResidentSetSize of job (KB)
...
004 (9152097.047.000) 08/05 10:35:34 Job was evicted. Code 12 Subcode 256
	(0) CPU times
		Usr 0 00:00:06, Sys 0 00:00:01  -  Run Remote Usage
		Usr 0 00:00:00, Sys 0 00:00:00  -  Run Local Usage
	0  -  Run Bytes Sent By Job
	660198  -  Run Bytes Received By Job
	Reason: Transfer output files failure at execution point slot1_19@b9p30p2782.cern.ch while sending files to access point bigbird28. Details: could not open local file /pool/condor/dir_481947/HardQCD_Pt15to7000_Oniaoff_CR0_PYTHIA8309_Chunk47_Part0.root, error 2 (No such file or directory) ( URL file = file:///afs/cern.ch/user/s/shuangyu/CMSSW_15_0_14/src/Jpsi/pythia_generation/./rootfile_nomuoncut_nojpsijet/HardQCD_Pt15to7000_Oniaoff_CR0_PYTHIA8309_Chunk47_Part0.root )|
	Partitionable Resources :    Usage  Request Allocated 
	   Cpus                 :        0        1         1 
	   Disk (KB)            :      936      750      3866 
	   GPUs                 :                           0 
	   Memory (MB)          :      290     3000      3000 
	   TimeExecute (s)      :       11                    
	   TimeSlotBusy (s)     :       13                    
...
012 (9152097.047.000) 08/05 10:35:34 Job was held.
	Transfer output files failure at execution point slot1_19@b9p30p2782.cern.ch while sending files to access point bigbird28. Details: could not open local file /pool/condor/dir_481947/HardQCD_Pt15to7000_Oniaoff_CR0_PYTHIA8309_Chunk47_Part0.root, error 2 (No such file or directory) ( URL file = file:///afs/cern.ch/user/s/shuangyu/CMSSW_15_0_14/src/Jpsi/pythia_generation/./rootfile_nomuoncut_nojpsijet/HardQCD_Pt15to7000_Oniaoff_CR0_PYTHIA8309_Chunk47_Part0.root )|
	Code 12 Subcode 256
...
040 (9152097.039.000) 08/05 10:35:35 Started transferring output files
...
040 (9152097.039.000) 08/05 10:35:35 Finished transferring output files
...
021 (9152097.039.000) 08/05 10:35:35 Error from starter on slot1_9@b9p16p4498.cern.ch:
	STARTER at 188.185.196.118 failed to send file(s) to <188.185.125.71:9618>: : FILETRANSFER:1:non-zero exit (1) from /usr/libexec/condor/curl_plugin. |Error: could not open local file /pool/condor/dir_765182/HardQCD_Pt15to7000_Oniaoff_CR0_PYTHIA8309_Chunk39_Part0.root, error 2 (No such file or directory) ( URL file = file:///afs/cern.ch/user/s/shuangyu/CMSSW_15_0_14/src/Jpsi/pythia_generation/./rootfile_nomuoncut_nojpsijet/HardQCD_Pt15to7000_Oniaoff_CR0_PYTHIA8309_Chunk39_Part0.root )|; SHADOW failed to receive file(s) from <188.185.196.118:45445>
	Code 13 Subcode 256
...
004 (9152097.039.000) 08/05 10:35:36 Job was evicted. Code 12 Subcode 256
	(0) CPU times
		Usr 0 00:00:08, Sys 0 00:00:01  -  Run Remote Usage
		Usr 0 00:00:00, Sys 0 00:00:00  -  Run Local Usage
	0  -  Run Bytes Sent By Job
	660198  -  Run Bytes Received By Job
	Reason: Transfer output files failure at execution point slot1_9@b9p16p4498.cern.ch while sending files to access point bigbird28. Details: could not open local file /pool/condor/dir_765182/HardQCD_Pt15to7000_Oniaoff_CR0_PYTHIA8309_Chunk39_Part0.root, error 2 (No such file or directory) ( URL file = file:///afs/cern.ch/user/s/shuangyu/CMSSW_15_0_14/src/Jpsi/pythia_generation/./rootfile_nomuoncut_nojpsijet/HardQCD_Pt15to7000_Oniaoff_CR0_PYTHIA8309_Chunk39_Part0.root )|
	Partitionable Resources :    Usage  Request Allocated 
	   Cpus                 :        0        1         1 
	   Disk (KB)            :      797      750      3804 
	   GPUs                 :                           0 
	   Memory (MB)          :      272     3000      3000 
	   TimeExecute (s)      :       15                    
	   TimeSlotBusy (s)     :       17                    
...
012 (9152097.039.000) 08/05 10:35:36 Job was held.
	Transfer output files failure at execution point slot1_9@b9p16p4498.cern.ch while sending files to access point bigbird28. Details: could not open local file /pool/condor/dir_765182/HardQCD_Pt15to7000_Oniaoff_CR0_PYTHIA8309_Chunk39_Part0.root, error 2 (No such file or directory) ( URL file = file:///afs/cern.ch/user/s/shuangyu/CMSSW_15_0_14/src/Jpsi/pythia_generation/./rootfile_nomuoncut_nojpsijet/HardQCD_Pt15to7000_Oniaoff_CR0_PYTHIA8309_Chunk39_Part0.root )|
	Code 12 Subcode 256
...
040 (9152097.045.000) 08/05 10:35:36 Started transferring output files
...
040 (9152097.045.000) 08/05 10:35:36 Finished transferring output files
...
021 (9152097.045.000) 08/05 10:35:36 Error from starter on slot1_22@b9p13p5069.cern.ch:
	STARTER at 188.185.192.130 failed to send file(s) to <188.185.125.71:9618>: : FILETRANSFER:1:non-zero exit (1) from /usr/libexec/condor/curl_plugin. |Error: could not open local file /pool/condor/dir_2541484/HardQCD_Pt15to7000_Oniaoff_CR0_PYTHIA8309_Chunk45_Part0.root, error 2 (No such file or directory) ( URL file = file:///afs/cern.ch/user/s/shuangyu/CMSSW_15_0_14/src/Jpsi/pythia_generation/./rootfile_nomuoncut_nojpsijet/HardQCD_Pt15to7000_Oniaoff_CR0_PYTHIA8309_Chunk45_Part0.root )|; SHADOW failed to receive file(s) from <188.185.192.130:45065>
	Code 13 Subcode 256
...
004 (9152097.045.000) 08/05 10:35:36 Job was evicted. Code 12 Subcode 256
	(0) CPU times
		Usr 0 00:00:08, Sys 0 00:00:01  -  Run Remote Usage
		Usr 0 00:00:00, Sys 0 00:00:00  -  Run Local Usage
	0  -  Run Bytes Sent By Job
	660198  -  Run Bytes Received By Job
	Reason: Transfer output files failure at execution point slot1_22@b9p13p5069.cern.ch while sending files to access point bigbird28. Details: could not open local file /pool/condor/dir_2541484/HardQCD_Pt15to7000_Oniaoff_CR0_PYTHIA8309_Chunk45_Part0.root, error 2 (No such file or directory) ( URL file = file:///afs/cern.ch/user/s/shuangyu/CMSSW_15_0_14/src/Jpsi/pythia_generation/./rootfile_nomuoncut_nojpsijet/HardQCD_Pt15to7000_Oniaoff_CR0_PYTHIA8309_Chunk45_Part0.root )|
	Partitionable Resources :    Usage  Request Allocated 
	   Cpus                 :        0        1         1 
	   Disk (KB)            :      804      750      3920 
	   GPUs                 :                           0 
	   Memory (MB)          :      278     3000      3000 
	   TimeExecute (s)      :       14                    
	   TimeSlotBusy (s)     :       16                    
...
012 (9152097.045.000) 08/05 10:35:36 Job was held.
	Transfer output files failure at execution point slot1_22@b9p13p5069.cern.ch while sending files to access point bigbird28. Details: could not open local file /pool/condor/dir_2541484/HardQCD_Pt15to7000_Oniaoff_CR0_PYTHIA8309_Chunk45_Part0.root, error 2 (No such file or directory) ( URL file = file:///afs/cern.ch/user/s/shuangyu/CMSSW_15_0_14/src/Jpsi/pythia_generation/./rootfile_nomuoncut_nojpsijet/HardQCD_Pt15to7000_Oniaoff_CR0_PYTHIA8309_Chunk45_Part0.root )|
	Code 12 Subcode 256
...
006 (9152097.048.000) 08/05 10:35:37 Image size of job updated: 303252
	276  -  MemoryUsage of job (MB)
	282404  -  ResidentSetSize of job (KB)
...
040 (9152097.048.000) 08/05 10:35:38 Started transferring output files
...
040 (9152097.048.000) 08/05 10:35:38 Finished transferring output files
...
021 (9152097.048.000) 08/05 10:35:38 Error from starter on slot1_41@b9p13p3997.cern.ch:
	STARTER at 188.185.192.58 failed to send file(s) to <188.185.125.71:9618>: : FILETRANSFER:1:non-zero exit (1) from /usr/libexec/condor/curl_plugin. |Error: could not open local file /pool/condor/dir_1706146/HardQCD_Pt15to7000_Oniaoff_CR0_PYTHIA8309_Chunk48_Part0.root, error 2 (No such file or directory) ( URL file = file:///afs/cern.ch/user/s/shuangyu/CMSSW_15_0_14/src/Jpsi/pythia_generation/./rootfile_nomuoncut_nojpsijet/HardQCD_Pt15to7000_Oniaoff_CR0_PYTHIA8309_Chunk48_Part0.root )|; SHADOW failed to receive file(s) from <188.185.192.58:43853>
	Code 13 Subcode 256
...
004 (9152097.048.000) 08/05 10:35:38 Job was evicted. Code 12 Subcode 256
	(0) CPU times
		Usr 0 00:00:09, Sys 0 00:00:01  -  Run Remote Usage
		Usr 0 00:00:00, Sys 0 00:00:00  -  Run Local Usage
	0  -  Run Bytes Sent By Job
	660198  -  Run Bytes Received By Job
	Reason: Transfer output files failure at execution point slot1_41@b9p13p3997.cern.ch while sending files to access point bigbird28. Details: could not open local file /pool/condor/dir_1706146/HardQCD_Pt15to7000_Oniaoff_CR0_PYTHIA8309_Chunk48_Part0.root, error 2 (No such file or directory) ( URL file = file:///afs/cern.ch/user/s/shuangyu/CMSSW_15_0_14/src/Jpsi/pythia_generation/./rootfile_nomuoncut_nojpsijet/HardQCD_Pt15to7000_Oniaoff_CR0_PYTHIA8309_Chunk48_Part0.root )|
	Partitionable Resources :    Usage  Request Allocated 
	   Cpus                 :        0        1         1 
	   Disk (KB)            :      798      750      3804 
	   GPUs                 :                           0 
	   Memory (MB)          :      276     3000      3000 
	   TimeExecute (s)      :       15                    
	   TimeSlotBusy (s)     :       17                    
...
012 (9152097.048.000) 08/05 10:35:38 Job was held.
	Transfer output files failure at execution point slot1_41@b9p13p3997.cern.ch while sending files to access point bigbird28. Details: could not open local file /pool/condor/dir_1706146/HardQCD_Pt15to7000_Oniaoff_CR0_PYTHIA8309_Chunk48_Part0.root, error 2 (No such file or directory) ( URL file = file:///afs/cern.ch/user/s/shuangyu/CMSSW_15_0_14/src/Jpsi/pythia_generation/./rootfile_nomuoncut_nojpsijet/HardQCD_Pt15to7000_Oniaoff_CR0_PYTHIA8309_Chunk48_Part0.root )|
	Code 12 Subcode 256
...
009 (9152097.020.000) 08/05 10:39:32 Job was aborted.
	via condor_rm (by user shuangyu)
...
009 (9152097.021.000) 08/05 10:39:32 Job was aborted.
	via condor_rm (by user shuangyu)
...
009 (9152097.022.000) 08/05 10:39:32 Job was aborted.
	via condor_rm (by user shuangyu)
...
009 (9152097.023.000) 08/05 10:39:32 Job was aborted.
	via condor_rm (by user shuangyu)
...
009 (9152097.024.000) 08/05 10:39:32 Job was aborted.
	via condor_rm (by user shuangyu)
...
009 (9152097.025.000) 08/05 10:39:32 Job was aborted.
	via condor_rm (by user shuangyu)
...
009 (9152097.026.000) 08/05 10:39:32 Job was aborted.
	via condor_rm (by user shuangyu)
...
009 (9152097.027.000) 08/05 10:39:32 Job was aborted.
	via condor_rm (by user shuangyu)
...
009 (9152097.028.000) 08/05 10:39:32 Job was aborted.
	via condor_rm (by user shuangyu)
...
009 (9152097.029.000) 08/05 10:39:32 Job was aborted.
	via condor_rm (by user shuangyu)
...
009 (9152097.030.000) 08/05 10:39:32 Job was aborted.
	via condor_rm (by user shuangyu)
...
009 (9152097.031.000) 08/05 10:39:32 Job was aborted.
	via condor_rm (by user shuangyu)
...
009 (9152097.032.000) 08/05 10:39:32 Job was aborted.
	via condor_rm (by user shuangyu)
...
009 (9152097.033.000) 08/05 10:39:32 Job was aborted.
	via condor_rm (by user shuangyu)
...
009 (9152097.034.000) 08/05 10:39:32 Job was aborted.
	via condor_rm (by user shuangyu)
...
009 (9152097.035.000) 08/05 10:39:32 Job was aborted.
	via condor_rm (by user shuangyu)
...
009 (9152097.036.000) 08/05 10:39:32 Job was aborted.
	via condor_rm (by user shuangyu)
...
009 (9152097.037.000) 08/05 10:39:32 Job was aborted.
	via condor_rm (by user shuangyu)
...
009 (9152097.038.000) 08/05 10:39:32 Job was aborted.
	via condor_rm (by user shuangyu)
...
009 (9152097.039.000) 08/05 10:39:32 Job was aborted.
	via condor_rm (by user shuangyu)
...
009 (9152097.040.000) 08/05 10:39:32 Job was aborted.
	via condor_rm (by user shuangyu)
...
009 (9152097.041.000) 08/05 10:39:32 Job was aborted.
	via condor_rm (by user shuangyu)
...
009 (9152097.042.000) 08/05 10:39:32 Job was aborted.
	via condor_rm (by user shuangyu)
...
009 (9152097.043.000) 08/05 10:39:32 Job was aborted.
	via condor_rm (by user shuangyu)
...
009 (9152097.044.000) 08/05 10:39:32 Job was aborted.
	via condor_rm (by user shuangyu)
...
009 (9152097.045.000) 08/05 10:39:32 Job was aborted.
	via condor_rm (by user shuangyu)
...
009 (9152097.046.000) 08/05 10:39:32 Job was aborted.
	via condor_rm (by user shuangyu)
...
009 (9152097.047.000) 08/05 10:39:32 Job was aborted.
	via condor_rm (by user shuangyu)
...
009 (9152097.048.000) 08/05 10:39:32 Job was aborted.
	via condor_rm (by user shuangyu)
...
009 (9152097.049.000) 08/05 10:39:32 Job was aborted.
	via condor_rm (by user shuangyu)
...
040 (9152097.002.000) 08/05 10:39:33 Started transferring output files
...
006 (9152097.003.000) 08/05 10:39:33 Image size of job updated: 303240
	282  -  MemoryUsage of job (MB)
	288668  -  ResidentSetSize of job (KB)
...
040 (9152097.002.000) 08/05 10:39:33 Finished transferring output files
...
006 (9152097.006.000) 08/05 10:39:33 Image size of job updated: 217876
	14  -  MemoryUsage of job (MB)
	13584  -  ResidentSetSize of job (KB)
...
040 (9152097.001.000) 08/05 10:39:33 Started transferring output files
...
006 (9152097.008.000) 08/05 10:39:33 Image size of job updated: 286572
	257  -  MemoryUsage of job (MB)
	262664  -  ResidentSetSize of job (KB)
...
006 (9152097.000.000) 08/05 10:39:33 Image size of job updated: 286548
	58  -  MemoryUsage of job (MB)
	58928  -  ResidentSetSize of job (KB)
...
006 (9152097.004.000) 08/05 10:39:33 Image size of job updated: 286572
	75  -  MemoryUsage of job (MB)
	76600  -  ResidentSetSize of job (KB)
...
021 (9152097.002.000) 08/05 10:39:33 Error from starter on slot1_8@b9g03p9555.cern.ch:
	STARTER at 128.142.161.146 failed to send file(s) to <188.185.125.71:9618>: |Error: 1 total failures: first failure: reading from file /pool/condor/dir_2684630/HardQCD_Pt15to7000_Oniaoff_CR0_PYTHIA8309_Chunk2_Part0.root: (errno 2) No such file or directory; SHADOW failed to receive file(s) from <128.142.161.146:44685>
	Code 13 Subcode 2
...
040 (9152097.001.000) 08/05 10:39:33 Finished transferring output files
...
006 (9152097.005.000) 08/05 10:39:33 Image size of job updated: 292976
	287  -  MemoryUsage of job (MB)
	292976  -  ResidentSetSize of job (KB)
...
040 (9152097.003.000) 08/05 10:39:33 Started transferring output files
...
004 (9152097.002.000) 08/05 10:39:33 Job was evicted. Code 12 Subcode 2
	(0) CPU times
		Usr 0 00:02:15, Sys 0 00:00:14  -  Run Remote Usage
		Usr 0 00:00:00, Sys 0 00:00:00  -  Run Local Usage
	0  -  Run Bytes Sent By Job
	660198  -  Run Bytes Received By Job
	Reason: Transfer output files failure at execution point slot1_8@b9g03p9555.cern.ch while sending files to access point bigbird28. Details: 1 total failures: first failure: reading from file /pool/condor/dir_2684630/HardQCD_Pt15to7000_Oniaoff_CR0_PYTHIA8309_Chunk2_Part0.root: (errno 2) No such file or directory
	Partitionable Resources :    Usage  Request Allocated 
	   Cpus                 :        0        1         1 
	   Disk (KB)            :     1198      750      4128 
	   GPUs                 :                           0 
	   Memory (MB)          :       52     3000      3000 
	   TimeExecute (s)      :      266                    
	   TimeSlotBusy (s)     :      267                    
...
040 (9152097.006.000) 08/05 10:39:33 Started transferring output files
...
040 (9152097.008.000) 08/05 10:39:33 Started transferring output files
...
040 (9152097.000.000) 08/05 10:39:33 Started transferring output files
...
021 (9152097.001.000) 08/05 10:39:33 Error from starter on slot1_16@b9p16p0041.cern.ch:
	STARTER at 188.185.196.31 failed to send file(s) to <188.185.125.71:9618>: |Error: 1 total failures: first failure: reading from file /pool/condor/dir_692929/HardQCD_Pt15to7000_Oniaoff_CR0_PYTHIA8309_Chunk1_Part0.root: (errno 2) No such file or directory; SHADOW failed to receive file(s) from <188.185.196.31:35253>
	Code 13 Subcode 2
...
040 (9152097.003.000) 08/05 10:39:33 Finished transferring output files
...
006 (9152097.007.000) 08/05 10:39:33 Image size of job updated: 209196
	64  -  MemoryUsage of job (MB)
	64768  -  ResidentSetSize of job (KB)
...
040 (9152097.004.000) 08/05 10:39:33 Started transferring output files
...
040 (9152097.006.000) 08/05 10:39:33 Finished transferring output files
...
040 (9152097.008.000) 08/05 10:39:33 Finished transferring output files
...
004 (9152097.001.000) 08/05 10:39:33 Job was evicted. Code 12 Subcode 2
	(0) CPU times
		Usr 0 00:01:24, Sys 0 00:00:09  -  Run Remote Usage
		Usr 0 00:00:00, Sys 0 00:00:00  -  Run Local Usage
	0  -  Run Bytes Sent By Job
	660198  -  Run Bytes Received By Job
	Reason: Transfer output files failure at execution point slot1_16@b9p16p0041.cern.ch while sending files to access point bigbird28. Details: 1 total failures: first failure: reading from file /pool/condor/dir_692929/HardQCD_Pt15to7000_Oniaoff_CR0_PYTHIA8309_Chunk1_Part0.root: (errno 2) No such file or directory
	Partitionable Resources :    Usage  Request Allocated 
	   Cpus                 :        0        1         1 
	   Disk (KB)            :     1199      750      3851 
	   GPUs                 :                           0 
	   Memory (MB)          :       52     3000      3000 
	   TimeExecute (s)      :      267                    
	   TimeSlotBusy (s)     :      268                    
...
040 (9152097.000.000) 08/05 10:39:33 Finished transferring output files
...
040 (9152097.005.000) 08/05 10:39:33 Started transferring output files
...
040 (9152097.004.000) 08/05 10:39:33 Finished transferring output files
...
040 (9152097.009.000) 08/05 10:39:33 Started transferring output files
...
021 (9152097.003.000) 08/05 10:39:33 Error from starter on slot1_8@b9p19p2108.cern.ch:
	STARTER at 188.185.193.52 failed to send file(s) to <188.185.125.71:9618>: |Error: 1 total failures: first failure: reading from file /pool/condor/dir_165939/HardQCD_Pt15to7000_Oniaoff_CR0_PYTHIA8309_Chunk3_Part0.root: (errno 2) No such file or directory; SHADOW failed to receive file(s) from <188.185.193.52:34779>
	Code 13 Subcode 2
...
040 (9152097.005.000) 08/05 10:39:33 Finished transferring output files
...
040 (9152097.007.000) 08/05 10:39:33 Started transferring output files
...
009 (9152097.002.000) 08/05 10:39:33 Job was aborted.
	via condor_rm (by user shuangyu)
...
021 (9152097.006.000) 08/05 10:39:33 Error from starter on slot1_31@b9p30p9269.cern.ch:
	STARTER at 188.185.214.209 failed to send file(s) to <188.185.125.71:9618>: |Error: 1 total failures: first failure: reading from file /pool/condor/dir_2443402/HardQCD_Pt15to7000_Oniaoff_CR0_PYTHIA8309_Chunk6_Part0.root: (errno 2) No such file or directory; SHADOW failed to receive file(s) from <188.185.214.209:34189>
	Code 13 Subcode 2
...
021 (9152097.008.000) 08/05 10:39:33 Error from starter on slot1_22@b9g03p9248.cern.ch:
	STARTER at 128.142.161.141 failed to send file(s) to <188.185.125.71:9618>: |Error: 1 total failures: first failure: reading from file /pool/condor/dir_2369852/HardQCD_Pt15to7000_Oniaoff_CR0_PYTHIA8309_Chunk8_Part0.root: (errno 2) No such file or directory; SHADOW failed to receive file(s) from <128.142.161.141:36483>
	Code 13 Subcode 2
...
040 (9152097.009.000) 08/05 10:39:33 Finished transferring output files
...
021 (9152097.000.000) 08/05 10:39:33 Error from starter on slot1_24@b9p28p7017.cern.ch:
	STARTER at 188.185.213.204 failed to send file(s) to <188.185.125.71:9618>: |Error: 1 total failures: first failure: reading from file /pool/condor/dir_3063599/HardQCD_Pt15to7000_Oniaoff_CR0_PYTHIA8309_Chunk0_Part0.root: (errno 2) No such file or directory; SHADOW failed to receive file(s) from <188.185.213.204:36127>
	Code 13 Subcode 2
...
004 (9152097.003.000) 08/05 10:39:33 Job was evicted. Code 12 Subcode 2
	(0) CPU times
		Usr 0 00:02:15, Sys 0 00:00:15  -  Run Remote Usage
		Usr 0 00:00:00, Sys 0 00:00:00  -  Run Local Usage
	0  -  Run Bytes Sent By Job
	660198  -  Run Bytes Received By Job
	Reason: Transfer output files failure at execution point slot1_8@b9p19p2108.cern.ch while sending files to access point bigbird28. Details: 1 total failures: first failure: reading from file /pool/condor/dir_165939/HardQCD_Pt15to7000_Oniaoff_CR0_PYTHIA8309_Chunk3_Part0.root: (errno 2) No such file or directory
	Partitionable Resources :    Usage  Request Allocated 
	   Cpus                 :     0.70        1         1 
	   Disk (KB)            :   884         750      3895 
	   GPUs                 :                           0 
	   Memory (MB)          :   282        3000      3000 
	   TimeExecute (s)      :   266                       
	   TimeSlotBusy (s)     :   267                       
...
040 (9152097.007.000) 08/05 10:39:33 Finished transferring output files
...
009 (9152097.001.000) 08/05 10:39:33 Job was aborted.
	via condor_rm (by user shuangyu)
...
021 (9152097.004.000) 08/05 10:39:33 Error from starter on slot1_5@b9p26p7183.cern.ch:
	STARTER at 188.185.212.151 failed to send file(s) to <188.185.125.71:9618>: |Error: 1 total failures: first failure: reading from file /pool/condor/dir_2050525/HardQCD_Pt15to7000_Oniaoff_CR0_PYTHIA8309_Chunk4_Part0.root: (errno 2) No such file or directory; SHADOW failed to receive file(s) from <188.185.212.151:44337>
	Code 13 Subcode 2
...
004 (9152097.006.000) 08/05 10:39:33 Job was evicted. Code 12 Subcode 2
	(0) CPU times
		Usr 0 00:02:17, Sys 0 00:00:27  -  Run Remote Usage
		Usr 0 00:00:00, Sys 0 00:00:00  -  Run Local Usage
	0  -  Run Bytes Sent By Job
	660198  -  Run Bytes Received By Job
	Reason: Transfer output files failure at execution point slot1_31@b9p30p9269.cern.ch while sending files to access point bigbird28. Details: 1 total failures: first failure: reading from file /pool/condor/dir_2443402/HardQCD_Pt15to7000_Oniaoff_CR0_PYTHIA8309_Chunk6_Part0.root: (errno 2) No such file or directory
	Partitionable Resources :    Usage  Request Allocated 
	   Cpus                 :     0.66        1         1 
	   Disk (KB)            :   804         750      3841 
	   GPUs                 :                           0 
	   Memory (MB)          :    14        3000      3000 
	   TimeExecute (s)      :   265                       
	   TimeSlotBusy (s)     :   266                       
...
004 (9152097.008.000) 08/05 10:39:33 Job was evicted. Code 12 Subcode 2
	(0) CPU times
		Usr 0 00:02:03, Sys 0 00:00:14  -  Run Remote Usage
		Usr 0 00:00:00, Sys 0 00:00:00  -  Run Local Usage
	0  -  Run Bytes Sent By Job
	660198  -  Run Bytes Received By Job
	Reason: Transfer output files failure at execution point slot1_22@b9g03p9248.cern.ch while sending files to access point bigbird28. Details: 1 total failures: first failure: reading from file /pool/condor/dir_2369852/HardQCD_Pt15to7000_Oniaoff_CR0_PYTHIA8309_Chunk8_Part0.root: (errno 2) No such file or directory
	Partitionable Resources :    Usage  Request Allocated 
	   Cpus                 :        0        1         1 
	   Disk (KB)            :      801      750      3804 
	   GPUs                 :                           0 
	   Memory (MB)          :      257     3000      3000 
	   TimeExecute (s)      :      264                    
	   TimeSlotBusy (s)     :      265                    
...
004 (9152097.000.000) 08/05 10:39:33 Job was evicted. Code 12 Subcode 2
	(0) CPU times
		Usr 0 00:02:19, Sys 0 00:00:26  -  Run Remote Usage
		Usr 0 00:00:00, Sys 0 00:00:00  -  Run Local Usage
	0  -  Run Bytes Sent By Job
	660198  -  Run Bytes Received By Job
	Reason: Transfer output files failure at execution point slot1_24@b9p28p7017.cern.ch while sending files to access point bigbird28. Details: 1 total failures: first failure: reading from file /pool/condor/dir_3063599/HardQCD_Pt15to7000_Oniaoff_CR0_PYTHIA8309_Chunk0_Part0.root: (errno 2) No such file or directory
	Partitionable Resources :    Usage  Request Allocated 
	   Cpus                 :                 1         1 
	   Disk (KB)            :      794      750      3832 
	   GPUs                 :                           0 
	   Memory (MB)          :       58     3000      3000 
	   TimeExecute (s)      :      267                    
	   TimeSlotBusy (s)     :      268                    
...
021 (9152097.005.000) 08/05 10:39:33 Error from starter on slot1_18@b9p29p0984.cern.ch:
	STARTER at 188.185.214.40 failed to send file(s) to <188.185.125.71:9618>: |Error: 1 total failures: first failure: reading from file /pool/condor/dir_1153197/HardQCD_Pt15to7000_Oniaoff_CR0_PYTHIA8309_Chunk5_Part0.root: (errno 2) No such file or directory; SHADOW failed to receive file(s) from <188.185.214.40:33947>
	Code 13 Subcode 2
...
004 (9152097.004.000) 08/05 10:39:33 Job was evicted. Code 12 Subcode 2
	(0) CPU times
		Usr 0 00:02:12, Sys 0 00:00:27  -  Run Remote Usage
		Usr 0 00:00:00, Sys 0 00:00:00  -  Run Local Usage
	0  -  Run Bytes Sent By Job
	660198  -  Run Bytes Received By Job
	Reason: Transfer output files failure at execution point slot1_5@b9p26p7183.cern.ch while sending files to access point bigbird28. Details: 1 total failures: first failure: reading from file /pool/condor/dir_2050525/HardQCD_Pt15to7000_Oniaoff_CR0_PYTHIA8309_Chunk4_Part0.root: (errno 2) No such file or directory
	Partitionable Resources :    Usage  Request Allocated 
	   Cpus                 :        0        1         1 
	   Disk (KB)            :      803      750      3795 
	   GPUs                 :                           0 
	   Memory (MB)          :       75     3000      3000 
	   TimeExecute (s)      :      266                    
	   TimeSlotBusy (s)     :      267                    
...
021 (9152097.009.000) 08/05 10:39:33 Error from starter on slot1_12@b9p27p1866.cern.ch:
	STARTER at 188.185.213.70 failed to send file(s) to <188.185.125.71:9618>: |Error: 1 total failures: first failure: reading from file /pool/condor/dir_2084661/HardQCD_Pt15to7000_Oniaoff_CR0_PYTHIA8309_Chunk9_Part0.root: (errno 2) No such file or directory; SHADOW failed to receive file(s) from <188.185.213.70:33655>
	Code 13 Subcode 2
...
004 (9152097.005.000) 08/05 10:39:33 Job was evicted. Code 12 Subcode 2
	(0) CPU times
		Usr 0 00:01:24, Sys 0 00:00:18  -  Run Remote Usage
		Usr 0 00:00:00, Sys 0 00:00:00  -  Run Local Usage
	0  -  Run Bytes Sent By Job
	660198  -  Run Bytes Received By Job
	Reason: Transfer output files failure at execution point slot1_18@b9p29p0984.cern.ch while sending files to access point bigbird28. Details: 1 total failures: first failure: reading from file /pool/condor/dir_1153197/HardQCD_Pt15to7000_Oniaoff_CR0_PYTHIA8309_Chunk5_Part0.root: (errno 2) No such file or directory
	Partitionable Resources :    Usage  Request Allocated 
	   Cpus                 :        0        1         1 
	   Disk (KB)            :      928      750      3801 
	   GPUs                 :                           0 
	   Memory (MB)          :      287     3000      3000 
	   TimeExecute (s)      :      265                    
	   TimeSlotBusy (s)     :      266                    
...
021 (9152097.007.000) 08/05 10:39:33 Error from starter on slot1_17@b9p25p1129.cern.ch:
	STARTER at 188.185.212.99 failed to send file(s) to <188.185.125.71:9618>: |Error: 1 total failures: first failure: reading from file /pool/condor/dir_737985/HardQCD_Pt15to7000_Oniaoff_CR0_PYTHIA8309_Chunk7_Part0.root: (errno 2) No such file or directory; SHADOW failed to receive file(s) from <188.185.212.99:36301>
	Code 13 Subcode 2
...
009 (9152097.000.000) 08/05 10:39:33 Job was aborted.
	via condor_rm (by user shuangyu)
...
009 (9152097.003.000) 08/05 10:39:33 Job was aborted.
	via condor_rm (by user shuangyu)
...
009 (9152097.006.000) 08/05 10:39:33 Job was aborted.
	via condor_rm (by user shuangyu)
...
009 (9152097.008.000) 08/05 10:39:33 Job was aborted.
	via condor_rm (by user shuangyu)
...
004 (9152097.009.000) 08/05 10:39:33 Job was evicted. Code 12 Subcode 2
	(0) CPU times
		Usr 0 00:01:28, Sys 0 00:00:19  -  Run Remote Usage
		Usr 0 00:00:00, Sys 0 00:00:00  -  Run Local Usage
	0  -  Run Bytes Sent By Job
	660198  -  Run Bytes Received By Job
	Reason: Transfer output files failure at execution point slot1_12@b9p27p1866.cern.ch while sending files to access point bigbird28. Details: 1 total failures: first failure: reading from file /pool/condor/dir_2084661/HardQCD_Pt15to7000_Oniaoff_CR0_PYTHIA8309_Chunk9_Part0.root: (errno 2) No such file or directory
	Partitionable Resources :    Usage  Request Allocated 
	   Cpus                 :        0        1         1 
	   Disk (KB)            :      936      750      3763 
	   GPUs                 :                           0 
	   Memory (MB)          :      296     3000      3000 
	   TimeExecute (s)      :      264                    
	   TimeSlotBusy (s)     :      265                    
...
004 (9152097.007.000) 08/05 10:39:33 Job was evicted. Code 12 Subcode 2
	(0) CPU times
		Usr 0 00:02:15, Sys 0 00:00:28  -  Run Remote Usage
		Usr 0 00:00:00, Sys 0 00:00:00  -  Run Local Usage
	0  -  Run Bytes Sent By Job
	660198  -  Run Bytes Received By Job
	Reason: Transfer output files failure at execution point slot1_17@b9p25p1129.cern.ch while sending files to access point bigbird28. Details: 1 total failures: first failure: reading from file /pool/condor/dir_737985/HardQCD_Pt15to7000_Oniaoff_CR0_PYTHIA8309_Chunk7_Part0.root: (errno 2) No such file or directory
	Partitionable Resources :    Usage  Request Allocated 
	   Cpus                 :        0        1         1 
	   Disk (KB)            :     1199      750      3765 
	   GPUs                 :                           0 
	   Memory (MB)          :       64     3000      3000 
	   TimeExecute (s)      :      265                    
	   TimeSlotBusy (s)     :      266                    
...
009 (9152097.004.000) 08/05 10:39:33 Job was aborted.
	via condor_rm (by user shuangyu)
...
009 (9152097.005.000) 08/05 10:39:33 Job was aborted.
	via condor_rm (by user shuangyu)
...
009 (9152097.007.000) 08/05 10:39:33 Job was aborted.
	via condor_rm (by user shuangyu)
...
009 (9152097.009.000) 08/05 10:39:33 Job was aborted.
	via condor_rm (by user shuangyu)
...
006 (9152097.012.000) 08/05 10:39:34 Image size of job updated: 304340
	276  -  MemoryUsage of job (MB)
	282412  -  ResidentSetSize of job (KB)
...
006 (9152097.014.000) 08/05 10:39:34 Image size of job updated: 303216
	276  -  MemoryUsage of job (MB)
	282400  -  ResidentSetSize of job (KB)
...
006 (9152097.011.000) 08/05 10:39:34 Image size of job updated: 236948
	18  -  MemoryUsage of job (MB)
	17792  -  ResidentSetSize of job (KB)
...
040 (9152097.012.000) 08/05 10:39:34 Started transferring output files
...
040 (9152097.018.000) 08/05 10:39:34 Started transferring output files
...
040 (9152097.013.000) 08/05 10:39:34 Started transferring output files
...
040 (9152097.014.000) 08/05 10:39:34 Started transferring output files
...
040 (9152097.012.000) 08/05 10:39:34 Finished transferring output files
...
040 (9152097.019.000) 08/05 10:39:34 Started transferring output files
...
006 (9152097.015.000) 08/05 10:39:34 Image size of job updated: 303968
	280  -  MemoryUsage of job (MB)
	286496  -  ResidentSetSize of job (KB)
...
040 (9152097.018.000) 08/05 10:39:34 Finished transferring output files
...
040 (9152097.011.000) 08/05 10:39:34 Started transferring output files
...
040 (9152097.013.000) 08/05 10:39:34 Finished transferring output files
...
040 (9152097.014.000) 08/05 10:39:34 Finished transferring output files
...
040 (9152097.017.000) 08/05 10:39:34 Started transferring output files
...
040 (9152097.019.000) 08/05 10:39:34 Finished transferring output files
...
040 (9152097.016.000) 08/05 10:39:34 Started transferring output files
...
040 (9152097.011.000) 08/05 10:39:34 Finished transferring output files
...
040 (9152097.015.000) 08/05 10:39:34 Started transferring output files
...
021 (9152097.012.000) 08/05 10:39:34 Error from starter on slot1_8@b9p14p5917.cern.ch:
	STARTER at 188.185.197.164 failed to send file(s) to <188.185.125.71:9618>: |Error: 1 total failures: first failure: reading from file /pool/condor/dir_1108107/HardQCD_Pt15to7000_Oniaoff_CR0_PYTHIA8309_Chunk12_Part0.root: (errno 2) No such file or directory; SHADOW failed to receive file(s) from <188.185.197.164:36789>
	Code 13 Subcode 2
...
040 (9152097.017.000) 08/05 10:39:34 Finished transferring output files
...
021 (9152097.018.000) 08/05 10:39:34 Error from starter on slot1_2@b9p13p6250.cern.ch:
	STARTER at 188.185.192.21 failed to send file(s) to <188.185.125.71:9618>: |Error: 1 total failures: first failure: reading from file /pool/condor/dir_1193867/HardQCD_Pt15to7000_Oniaoff_CR0_PYTHIA8309_Chunk18_Part0.root: (errno 2) No such file or directory; SHADOW failed to receive file(s) from <188.185.192.21:36885>
	Code 13 Subcode 2
...
040 (9152097.016.000) 08/05 10:39:34 Finished transferring output files
...
021 (9152097.013.000) 08/05 10:39:34 Error from starter on slot1_25@b9p06p2344.cern.ch:
	STARTER at 188.185.206.203 failed to send file(s) to <188.185.125.71:9618>: |Error: 1 total failures: first failure: reading from file /pool/condor/dir_291795/HardQCD_Pt15to7000_Oniaoff_CR0_PYTHIA8309_Chunk13_Part0.root: (errno 2) No such file or directory; SHADOW failed to receive file(s) from <188.185.206.203:44411>
	Code 13 Subcode 2
...
021 (9152097.014.000) 08/05 10:39:34 Error from starter on slot1_27@b9g23p8183.cern.ch:
	STARTER at 128.142.248.96 failed to send file(s) to <188.185.125.71:9618>: |Error: 1 total failures: first failure: reading from file /pool/condor/dir_1723125/HardQCD_Pt15to7000_Oniaoff_CR0_PYTHIA8309_Chunk14_Part0.root: (errno 2) No such file or directory; SHADOW failed to receive file(s) from <128.142.248.96:45191>
	Code 13 Subcode 2
...
040 (9152097.015.000) 08/05 10:39:34 Finished transferring output files
...
004 (9152097.012.000) 08/05 10:39:34 Job was evicted. Code 12 Subcode 2
	(0) CPU times
		Usr 0 00:02:16, Sys 0 00:00:15  -  Run Remote Usage
		Usr 0 00:00:00, Sys 0 00:00:00  -  Run Local Usage
	0  -  Run Bytes Sent By Job
	660198  -  Run Bytes Received By Job
	Reason: Transfer output files failure at execution point slot1_8@b9p14p5917.cern.ch while sending files to access point bigbird28. Details: 1 total failures: first failure: reading from file /pool/condor/dir_1108107/HardQCD_Pt15to7000_Oniaoff_CR0_PYTHIA8309_Chunk12_Part0.root: (errno 2) No such file or directory
	Partitionable Resources :    Usage  Request Allocated 
	   Cpus                 :        0        1         1 
	   Disk (KB)            :      802      750      3852 
	   GPUs                 :                           0 
	   Memory (MB)          :      276     3000      3000 
	   TimeExecute (s)      :      264                    
	   TimeSlotBusy (s)     :      265                    
...
021 (9152097.019.000) 08/05 10:39:34 Error from starter on slot1_20@b9p23p7440.cern.ch:
	STARTER at 188.185.211.51 failed to send file(s) to <188.185.125.71:9618>: |Error: 1 total failures: first failure: reading from file /pool/condor/dir_1039683/HardQCD_Pt15to7000_Oniaoff_CR0_PYTHIA8309_Chunk19_Part0.root: (errno 2) No such file or directory; SHADOW failed to receive file(s) from <188.185.211.51:33075>
	Code 13 Subcode 2
...
004 (9152097.018.000) 08/05 10:39:34 Job was evicted. Code 12 Subcode 2
	(0) CPU times
		Usr 0 00:02:43, Sys 0 00:00:17  -  Run Remote Usage
		Usr 0 00:00:00, Sys 0 00:00:00  -  Run Local Usage
	0  -  Run Bytes Sent By Job
	660198  -  Run Bytes Received By Job
	Reason: Transfer output files failure at execution point slot1_2@b9p13p6250.cern.ch while sending files to access point bigbird28. Details: 1 total failures: first failure: reading from file /pool/condor/dir_1193867/HardQCD_Pt15to7000_Oniaoff_CR0_PYTHIA8309_Chunk18_Part0.root: (errno 2) No such file or directory
	Partitionable Resources :    Usage  Request Allocated 
	   Cpus                 :        0        1         1 
	   Disk (KB)            :      884      750      3834 
	   GPUs                 :                           0 
	   Memory (MB)          :      282     3000      3000 
	   TimeExecute (s)      :      262                    
	   TimeSlotBusy (s)     :      263                    
...
021 (9152097.011.000) 08/05 10:39:34 Error from starter on slot1_15@b9p22p2036.cern.ch:
	STARTER at 188.185.210.210 failed to send file(s) to <188.185.125.71:9618>: |Error: 1 total failures: first failure: reading from file /pool/condor/dir_3508376/HardQCD_Pt15to7000_Oniaoff_CR0_PYTHIA8309_Chunk11_Part0.root: (errno 2) No such file or directory; SHADOW failed to receive file(s) from <188.185.210.210:34689>
	Code 13 Subcode 2
...
004 (9152097.013.000) 08/05 10:39:34 Job was evicted. Code 12 Subcode 2
	(0) CPU times
		Usr 0 00:01:54, Sys 0 00:00:20  -  Run Remote Usage
		Usr 0 00:00:00, Sys 0 00:00:00  -  Run Local Usage
	0  -  Run Bytes Sent By Job
	660198  -  Run Bytes Received By Job
	Reason: Transfer output files failure at execution point slot1_25@b9p06p2344.cern.ch while sending files to access point bigbird28. Details: 1 total failures: first failure: reading from file /pool/condor/dir_291795/HardQCD_Pt15to7000_Oniaoff_CR0_PYTHIA8309_Chunk13_Part0.root: (errno 2) No such file or directory
	Partitionable Resources :    Usage  Request Allocated 
	   Cpus                 :     0.63        1         1 
	   Disk (KB)            :   939         750      3580 
	   GPUs                 :                           0 
	   Memory (MB)          :   290        3000      3000 
	   TimeExecute (s)      :   264                       
	   TimeSlotBusy (s)     :   265                       
...
004 (9152097.014.000) 08/05 10:39:34 Job was evicted. Code 12 Subcode 2
	(0) CPU times
		Usr 0 00:02:41, Sys 0 00:00:18  -  Run Remote Usage
		Usr 0 00:00:00, Sys 0 00:00:00  -  Run Local Usage
	0  -  Run Bytes Sent By Job
	660198  -  Run Bytes Received By Job
	Reason: Transfer output files failure at execution point slot1_27@b9g23p8183.cern.ch while sending files to access point bigbird28. Details: 1 total failures: first failure: reading from file /pool/condor/dir_1723125/HardQCD_Pt15to7000_Oniaoff_CR0_PYTHIA8309_Chunk14_Part0.root: (errno 2) No such file or directory
	Partitionable Resources :    Usage  Request Allocated 
	   Cpus                 :     0.76        1         1 
	   Disk (KB)            :   802         750      3837 
	   GPUs                 :                           0 
	   Memory (MB)          :   276        3000      3000 
	   TimeExecute (s)      :   263                       
	   TimeSlotBusy (s)     :   264                       
...
021 (9152097.017.000) 08/05 10:39:34 Error from starter on slot1_7@b9p31p9925.cern.ch:
	STARTER at 188.185.215.64 failed to send file(s) to <188.185.125.71:9618>: |Error: 1 total failures: first failure: reading from file /pool/condor/dir_393459/HardQCD_Pt15to7000_Oniaoff_CR0_PYTHIA8309_Chunk17_Part0.root: (errno 2) No such file or directory; SHADOW failed to receive file(s) from <188.185.215.64:43757>
	Code 13 Subcode 2
...
004 (9152097.019.000) 08/05 10:39:34 Job was evicted. Code 12 Subcode 2
	(0) CPU times
		Usr 0 00:01:52, Sys 0 00:00:23  -  Run Remote Usage
		Usr 0 00:00:00, Sys 0 00:00:00  -  Run Local Usage
	0  -  Run Bytes Sent By Job
	660198  -  Run Bytes Received By Job
	Reason: Transfer output files failure at execution point slot1_20@b9p23p7440.cern.ch while sending files to access point bigbird28. Details: 1 total failures: first failure: reading from file /pool/condor/dir_1039683/HardQCD_Pt15to7000_Oniaoff_CR0_PYTHIA8309_Chunk19_Part0.root: (errno 2) No such file or directory
	Partitionable Resources :    Usage  Request Allocated 
	   Cpus                 :        0        1         1 
	   Disk (KB)            :      802      750      3771 
	   GPUs                 :                           0 
	   Memory (MB)          :       60     3000      3000 
	   TimeExecute (s)      :      262                    
	   TimeSlotBusy (s)     :      263                    
...
021 (9152097.016.000) 08/05 10:39:34 Error from starter on slot1_23@b9p24p4462.cern.ch:
	STARTER at 188.185.211.200 failed to send file(s) to <188.185.125.71:9618>: |Error: 1 total failures: first failure: reading from file /pool/condor/dir_1261217/HardQCD_Pt15to7000_Oniaoff_CR0_PYTHIA8309_Chunk16_Part0.root: (errno 2) No such file or directory; SHADOW failed to receive file(s) from <188.185.211.200:41855>
	Code 13 Subcode 2
...
004 (9152097.011.000) 08/05 10:39:34 Job was evicted. Code 12 Subcode 2
	(0) CPU times
		Usr 0 00:01:49, Sys 0 00:00:23  -  Run Remote Usage
		Usr 0 00:00:00, Sys 0 00:00:00  -  Run Local Usage
	0  -  Run Bytes Sent By Job
	660198  -  Run Bytes Received By Job
	Reason: Transfer output files failure at execution point slot1_15@b9p22p2036.cern.ch while sending files to access point bigbird28. Details: 1 total failures: first failure: reading from file /pool/condor/dir_3508376/HardQCD_Pt15to7000_Oniaoff_CR0_PYTHIA8309_Chunk11_Part0.root: (errno 2) No such file or directory
	Partitionable Resources :    Usage  Request Allocated 
	   Cpus                 :        0        1         1 
	   Disk (KB)            :      802      750      3881 
	   GPUs                 :                           0 
	   Memory (MB)          :       18     3000      3000 
	   TimeExecute (s)      :      264                    
	   TimeSlotBusy (s)     :      265                    
...
021 (9152097.015.000) 08/05 10:39:34 Error from starter on slot1_42@b9p13p1579.cern.ch:
	STARTER at 188.185.192.15 failed to send file(s) to <188.185.125.71:9618>: |Error: 1 total failures: first failure: reading from file /pool/condor/dir_497107/HardQCD_Pt15to7000_Oniaoff_CR0_PYTHIA8309_Chunk15_Part0.root: (errno 2) No such file or directory; SHADOW failed to receive file(s) from <188.185.192.15:40097>
	Code 13 Subcode 2
...
004 (9152097.017.000) 08/05 10:39:34 Job was evicted. Code 12 Subcode 2
	(0) CPU times
		Usr 0 00:01:30, Sys 0 00:00:19  -  Run Remote Usage
		Usr 0 00:00:00, Sys 0 00:00:00  -  Run Local Usage
	0  -  Run Bytes Sent By Job
	660198  -  Run Bytes Received By Job
	Reason: Transfer output files failure at execution point slot1_7@b9p31p9925.cern.ch while sending files to access point bigbird28. Details: 1 total failures: first failure: reading from file /pool/condor/dir_393459/HardQCD_Pt15to7000_Oniaoff_CR0_PYTHIA8309_Chunk17_Part0.root: (errno 2) No such file or directory
	Partitionable Resources :    Usage  Request Allocated 
	   Cpus                 :        0        1         1 
	   Disk (KB)            :      936      750      3664 
	   GPUs                 :                           0 
	   Memory (MB)          :      298     3000      3000 
	   TimeExecute (s)      :      262                    
	   TimeSlotBusy (s)     :      263                    
...
009 (9152097.012.000) 08/05 10:39:34 Job was aborted.
	via condor_rm (by user shuangyu)
...
009 (9152097.018.000) 08/05 10:39:34 Job was aborted.
	via condor_rm (by user shuangyu)
...
004 (9152097.016.000) 08/05 10:39:34 Job was evicted. Code 12 Subcode 2
	(0) CPU times
		Usr 0 00:01:58, Sys 0 00:00:24  -  Run Remote Usage
		Usr 0 00:00:00, Sys 0 00:00:00  -  Run Local Usage
	0  -  Run Bytes Sent By Job
	660198  -  Run Bytes Received By Job
	Reason: Transfer output files failure at execution point slot1_23@b9p24p4462.cern.ch while sending files to access point bigbird28. Details: 1 total failures: first failure: reading from file /pool/condor/dir_1261217/HardQCD_Pt15to7000_Oniaoff_CR0_PYTHIA8309_Chunk16_Part0.root: (errno 2) No such file or directory
	Partitionable Resources :    Usage  Request Allocated 
	   Cpus                 :        0        1         1 
	   Disk (KB)            :      936      750      3841 
	   GPUs                 :                           0 
	   Memory (MB)          :      286     3000      3000 
	   TimeExecute (s)      :      263                    
	   TimeSlotBusy (s)     :      264                    
...
004 (9152097.015.000) 08/05 10:39:34 Job was evicted. Code 12 Subcode 2
	(0) CPU times
		Usr 0 00:02:03, Sys 0 00:00:14  -  Run Remote Usage
		Usr 0 00:00:00, Sys 0 00:00:00  -  Run Local Usage
	0  -  Run Bytes Sent By Job
	660198  -  Run Bytes Received By Job
	Reason: Transfer output files failure at execution point slot1_42@b9p13p1579.cern.ch while sending files to access point bigbird28. Details: 1 total failures: first failure: reading from file /pool/condor/dir_497107/HardQCD_Pt15to7000_Oniaoff_CR0_PYTHIA8309_Chunk15_Part0.root: (errno 2) No such file or directory
	Partitionable Resources :    Usage  Request Allocated 
	   Cpus                 :        0        1         1 
	   Disk (KB)            :      832      750      3783 
	   GPUs                 :                           0 
	   Memory (MB)          :      280     3000      3000 
	   TimeExecute (s)      :      263                    
	   TimeSlotBusy (s)     :      264                    
...
009 (9152097.013.000) 08/05 10:39:34 Job was aborted.
	via condor_rm (by user shuangyu)
...
040 (9152097.010.000) 08/05 10:39:34 Started transferring output files
...
009 (9152097.014.000) 08/05 10:39:34 Job was aborted.
	via condor_rm (by user shuangyu)
...
009 (9152097.019.000) 08/05 10:39:34 Job was aborted.
	via condor_rm (by user shuangyu)
...
040 (9152097.010.000) 08/05 10:39:34 Finished transferring output files
...
009 (9152097.011.000) 08/05 10:39:34 Job was aborted.
	via condor_rm (by user shuangyu)
...
009 (9152097.017.000) 08/05 10:39:34 Job was aborted.
	via condor_rm (by user shuangyu)
...
009 (9152097.015.000) 08/05 10:39:34 Job was aborted.
	via condor_rm (by user shuangyu)
...
009 (9152097.016.000) 08/05 10:39:35 Job was aborted.
	via condor_rm (by user shuangyu)
...
021 (9152097.010.000) 08/05 10:39:35 Error from starter on slot1_21@b9p12p0289.cern.ch:
	STARTER at 188.185.209.204 failed to send file(s) to <188.185.125.71:9618>: |Error: 1 total failures: first failure: reading from file /pool/condor/dir_1399781/HardQCD_Pt15to7000_Oniaoff_CR0_PYTHIA8309_Chunk10_Part0.root: (errno 2) No such file or directory; SHADOW failed to receive file(s) from <188.185.209.204:32809>
	Code 13 Subcode 2
...
004 (9152097.010.000) 08/05 10:39:35 Job was evicted. Code 12 Subcode 2
	(0) CPU times
		Usr 0 00:01:55, Sys 0 00:00:23  -  Run Remote Usage
		Usr 0 00:00:00, Sys 0 00:00:00  -  Run Local Usage
	0  -  Run Bytes Sent By Job
	660198  -  Run Bytes Received By Job
	Reason: Transfer output files failure at execution point slot1_21@b9p12p0289.cern.ch while sending files to access point bigbird28. Details: 1 total failures: first failure: reading from file /pool/condor/dir_1399781/HardQCD_Pt15to7000_Oniaoff_CR0_PYTHIA8309_Chunk10_Part0.root: (errno 2) No such file or directory
	Partitionable Resources :    Usage  Request Allocated 
	   Cpus                 :        0        1         1 
	   Disk (KB)            :      939      750      3632 
	   GPUs                 :                           0 
	   Memory (MB)          :      288     3000      3000 
	   TimeExecute (s)      :      265                    
	   TimeSlotBusy (s)     :      267                    
...
009 (9152097.010.000) 08/05 10:39:35 Job was aborted.
	via condor_rm (by user shuangyu)
...
