000 (9144435.000.000) 07/31 09:58:59 Job submitted from host: <188.185.125.71:9618?addrs=188.185.125.71-9618+[2001-1458-d00-4a--100-15e]-9618&alias=bigbird28.cern.ch&noUDP&sock=schedd_1249217_88f9>
...
000 (9144435.001.000) 07/31 09:58:59 Job submitted from host: <188.185.125.71:9618?addrs=188.185.125.71-9618+[2001-1458-d00-4a--100-15e]-9618&alias=bigbird28.cern.ch&noUDP&sock=schedd_1249217_88f9>
...
000 (9144435.010.000) 07/31 09:58:59 Job submitted from host: <188.185.125.71:9618?addrs=188.185.125.71-9618+[2001-1458-d00-4a--100-15e]-9618&alias=bigbird28.cern.ch&noUDP&sock=schedd_1249217_88f9>
...
000 (9144435.011.000) 07/31 09:58:59 Job submitted from host: <188.185.125.71:9618?addrs=188.185.125.71-9618+[2001-1458-d00-4a--100-15e]-9618&alias=bigbird28.cern.ch&noUDP&sock=schedd_1249217_88f9>
...
000 (9144435.012.000) 07/31 09:58:59 Job submitted from host: <188.185.125.71:9618?addrs=188.185.125.71-9618+[2001-1458-d00-4a--100-15e]-9618&alias=bigbird28.cern.ch&noUDP&sock=schedd_1249217_88f9>
...
000 (9144435.013.000) 07/31 09:58:59 Job submitted from host: <188.185.125.71:9618?addrs=188.185.125.71-9618+[2001-1458-d00-4a--100-15e]-9618&alias=bigbird28.cern.ch&noUDP&sock=schedd_1249217_88f9>
...
000 (9144435.014.000) 07/31 09:58:59 Job submitted from host: <188.185.125.71:9618?addrs=188.185.125.71-9618+[2001-1458-d00-4a--100-15e]-9618&alias=bigbird28.cern.ch&noUDP&sock=schedd_1249217_88f9>
...
000 (9144435.015.000) 07/31 09:58:59 Job submitted from host: <188.185.125.71:9618?addrs=188.185.125.71-9618+[2001-1458-d00-4a--100-15e]-9618&alias=bigbird28.cern.ch&noUDP&sock=schedd_1249217_88f9>
...
000 (9144435.016.000) 07/31 09:58:59 Job submitted from host: <188.185.125.71:9618?addrs=188.185.125.71-9618+[2001-1458-d00-4a--100-15e]-9618&alias=bigbird28.cern.ch&noUDP&sock=schedd_1249217_88f9>
...
000 (9144435.017.000) 07/31 09:58:59 Job submitted from host: <188.185.125.71:9618?addrs=188.185.125.71-9618+[2001-1458-d00-4a--100-15e]-9618&alias=bigbird28.cern.ch&noUDP&sock=schedd_1249217_88f9>
...
000 (9144435.018.000) 07/31 09:58:59 Job submitted from host: <188.185.125.71:9618?addrs=188.185.125.71-9618+[2001-1458-d00-4a--100-15e]-9618&alias=bigbird28.cern.ch&noUDP&sock=schedd_1249217_88f9>
...
000 (9144435.019.000) 07/31 09:58:59 Job submitted from host: <188.185.125.71:9618?addrs=188.185.125.71-9618+[2001-1458-d00-4a--100-15e]-9618&alias=bigbird28.cern.ch&noUDP&sock=schedd_1249217_88f9>
...
000 (9144435.002.000) 07/31 09:58:59 Job submitted from host: <188.185.125.71:9618?addrs=188.185.125.71-9618+[2001-1458-d00-4a--100-15e]-9618&alias=bigbird28.cern.ch&noUDP&sock=schedd_1249217_88f9>
...
000 (9144435.003.000) 07/31 09:58:59 Job submitted from host: <188.185.125.71:9618?addrs=188.185.125.71-9618+[2001-1458-d00-4a--100-15e]-9618&alias=bigbird28.cern.ch&noUDP&sock=schedd_1249217_88f9>
...
000 (9144435.004.000) 07/31 09:58:59 Job submitted from host: <188.185.125.71:9618?addrs=188.185.125.71-9618+[2001-1458-d00-4a--100-15e]-9618&alias=bigbird28.cern.ch&noUDP&sock=schedd_1249217_88f9>
...
000 (9144435.005.000) 07/31 09:58:59 Job submitted from host: <188.185.125.71:9618?addrs=188.185.125.71-9618+[2001-1458-d00-4a--100-15e]-9618&alias=bigbird28.cern.ch&noUDP&sock=schedd_1249217_88f9>
...
000 (9144435.006.000) 07/31 09:58:59 Job submitted from host: <188.185.125.71:9618?addrs=188.185.125.71-9618+[2001-1458-d00-4a--100-15e]-9618&alias=bigbird28.cern.ch&noUDP&sock=schedd_1249217_88f9>
...
000 (9144435.007.000) 07/31 09:58:59 Job submitted from host: <188.185.125.71:9618?addrs=188.185.125.71-9618+[2001-1458-d00-4a--100-15e]-9618&alias=bigbird28.cern.ch&noUDP&sock=schedd_1249217_88f9>
...
000 (9144435.008.000) 07/31 09:58:59 Job submitted from host: <188.185.125.71:9618?addrs=188.185.125.71-9618+[2001-1458-d00-4a--100-15e]-9618&alias=bigbird28.cern.ch&noUDP&sock=schedd_1249217_88f9>
...
000 (9144435.009.000) 07/31 09:58:59 Job submitted from host: <188.185.125.71:9618?addrs=188.185.125.71-9618+[2001-1458-d00-4a--100-15e]-9618&alias=bigbird28.cern.ch&noUDP&sock=schedd_1249217_88f9>
...
040 (9144435.000.000) 07/31 10:00:43 Started transferring input files
	Transferring to host: <188.185.196.61:9618?addrs=188.185.196.61-9618+[2001-1458-303-23--100-39]-9618&alias=b9p16p0681.cern.ch&noUDP&sock=slot1_44_5945_8a4b_13201>
...
040 (9144435.000.000) 07/31 10:00:43 Finished transferring input files
...
001 (9144435.000.000) 07/31 10:00:43 Job executing on host: <188.185.196.61:9618?addrs=188.185.196.61-9618+[2001-1458-303-23--100-39]-9618&alias=b9p16p0681.cern.ch&noUDP&sock=startd_4854_04cb>
	SlotName: slot1_44@b9p16p0681.cern.ch
	CondorScratchDir = "/pool/condor/dir_720561"
	Cpus = 1
	Disk = 3826
	GPUs = 0
	Memory = 3000
...
040 (9144435.003.000) 07/31 10:00:44 Started transferring input files
	Transferring to host: <188.185.193.174:9618?addrs=188.185.193.174-9618+[2001-1458-303-20--100-aa]-9618&alias=b9p19p1461.cern.ch&noUDP&sock=slot1_35_3394_2143_13562>
...
040 (9144435.001.000) 07/31 10:00:44 Started transferring input files
	Transferring to host: <188.185.193.46:9618?addrs=188.185.193.46-9618+[2001-1458-303-20--100-2a]-9618&alias=b9p19p8632.cern.ch&noUDP&sock=slot1_45_5735_9382_13988>
...
040 (9144435.003.000) 07/31 10:00:44 Finished transferring input files
...
040 (9144435.001.000) 07/31 10:00:44 Finished transferring input files
...
001 (9144435.003.000) 07/31 10:00:44 Job executing on host: <188.185.193.174:9618?addrs=188.185.193.174-9618+[2001-1458-303-20--100-aa]-9618&alias=b9p19p1461.cern.ch&noUDP&sock=startd_2793_581b>
	SlotName: slot1_35@b9p19p1461.cern.ch
	CondorScratchDir = "/pool/condor/dir_2626047"
	Cpus = 1
	Disk = 3905
	GPUs = 0
	Memory = 3000
...
001 (9144435.001.000) 07/31 10:00:44 Job executing on host: <188.185.193.46:9618?addrs=188.185.193.46-9618+[2001-1458-303-20--100-2a]-9618&alias=b9p19p8632.cern.ch&noUDP&sock=startd_4662_529c>
	SlotName: slot1_45@b9p19p8632.cern.ch
	CondorScratchDir = "/pool/condor/dir_3945402"
	Cpus = 1
	Disk = 3943
	GPUs = 0
	Memory = 3000
...
040 (9144435.004.000) 07/31 10:00:45 Started transferring input files
	Transferring to host: <188.185.192.49:9618?addrs=188.185.192.49-9618+[2001-1458-303-1f--100-2d]-9618&alias=b9p13p2491.cern.ch&noUDP&sock=slot1_30_6987_b935_15147>
...
040 (9144435.004.000) 07/31 10:00:45 Finished transferring input files
...
040 (9144435.002.000) 07/31 10:00:45 Started transferring input files
	Transferring to host: <188.185.193.147:9618?addrs=188.185.193.147-9618+[2001-1458-303-20--100-8f]-9618&alias=b9p19p4528.cern.ch&noUDP&sock=slot1_52_5836_bd66_16215>
...
001 (9144435.004.000) 07/31 10:00:45 Job executing on host: <188.185.192.49:9618?addrs=188.185.192.49-9618+[2001-1458-303-1f--100-2d]-9618&alias=b9p13p2491.cern.ch&noUDP&sock=startd_5421_eefe>
	SlotName: slot1_30@b9p13p2491.cern.ch
	CondorScratchDir = "/pool/condor/dir_2286976"
	Cpus = 1
	Disk = 3849
	GPUs = 0
	Memory = 3000
...
040 (9144435.005.000) 07/31 10:00:45 Started transferring input files
	Transferring to host: <128.142.161.88:9618?addrs=128.142.161.88-9618+[2001-1458-301-b8--100-16]-9618&alias=b9g03p5293.cern.ch&noUDP&sock=slot1_41_6428_db7e_14788>
...
040 (9144435.002.000) 07/31 10:00:45 Finished transferring input files
...
040 (9144435.005.000) 07/31 10:00:45 Finished transferring input files
...
001 (9144435.002.000) 07/31 10:00:45 Job executing on host: <188.185.193.147:9618?addrs=188.185.193.147-9618+[2001-1458-303-20--100-8f]-9618&alias=b9p19p4528.cern.ch&noUDP&sock=startd_4744_9161>
	SlotName: slot1_52@b9p19p4528.cern.ch
	CondorScratchDir = "/pool/condor/dir_1416575"
	Cpus = 1
	Disk = 3810
	GPUs = 0
	Memory = 3000
...
001 (9144435.005.000) 07/31 10:00:45 Job executing on host: <128.142.161.88:9618?addrs=128.142.161.88-9618+[2001-1458-301-b8--100-16]-9618&alias=b9g03p5293.cern.ch&noUDP&sock=startd_5688_12c8>
	SlotName: slot1_41@b9g03p5293.cern.ch
	CondorScratchDir = "/pool/condor/dir_3666208"
	Cpus = 1
	Disk = 3857
	GPUs = 0
	Memory = 3000
...
040 (9144435.007.000) 07/31 10:00:46 Started transferring input files
	Transferring to host: <188.185.193.10:9618?addrs=188.185.193.10-9618+[2001-1458-303-20--100-6]-9618&alias=b9p19p9652.cern.ch&noUDP&sock=slot1_6_4246_70e6_15520>
...
040 (9144435.007.000) 07/31 10:00:46 Finished transferring input files
...
001 (9144435.007.000) 07/31 10:00:46 Job executing on host: <188.185.193.10:9618?addrs=188.185.193.10-9618+[2001-1458-303-20--100-6]-9618&alias=b9p19p9652.cern.ch&noUDP&sock=startd_3181_7ada>
	SlotName: slot1_6@b9p19p9652.cern.ch
	CondorScratchDir = "/pool/condor/dir_2384631"
	Cpus = 1
	Disk = 3924
	GPUs = 0
	Memory = 3000
...
040 (9144435.008.000) 07/31 10:00:46 Started transferring input files
	Transferring to host: <188.185.193.165:9618?addrs=188.185.193.165-9618+[2001-1458-303-20--100-a1]-9618&alias=b9p19p2832.cern.ch&noUDP&sock=slot1_48_3155_bb99_14316>
...
040 (9144435.006.000) 07/31 10:00:46 Started transferring input files
	Transferring to host: <188.185.192.175:9618?addrs=188.185.192.175-9618+[2001-1458-303-1f--100-ab]-9618&alias=b9p13p2082.cern.ch&noUDP&sock=slot1_12_7114_34da_13706>
...
040 (9144435.008.000) 07/31 10:00:46 Finished transferring input files
...
040 (9144435.006.000) 07/31 10:00:46 Finished transferring input files
...
001 (9144435.008.000) 07/31 10:00:46 Job executing on host: <188.185.193.165:9618?addrs=188.185.193.165-9618+[2001-1458-303-20--100-a1]-9618&alias=b9p19p2832.cern.ch&noUDP&sock=startd_2551_5a2f>
	SlotName: slot1_48@b9p19p2832.cern.ch
	CondorScratchDir = "/pool/condor/dir_2611739"
	Cpus = 1
	Disk = 3844
	GPUs = 0
	Memory = 3000
...
001 (9144435.006.000) 07/31 10:00:46 Job executing on host: <188.185.192.175:9618?addrs=188.185.192.175-9618+[2001-1458-303-1f--100-ab]-9618&alias=b9p13p2082.cern.ch&noUDP&sock=startd_5557_37e0>
	SlotName: slot1_12@b9p13p2082.cern.ch
	CondorScratchDir = "/pool/condor/dir_2290287"
	Cpus = 1
	Disk = 3801
	GPUs = 0
	Memory = 3000
...
040 (9144435.009.000) 07/31 10:00:47 Started transferring input files
	Transferring to host: <188.185.194.14:9618?addrs=188.185.194.14-9618+[2001-1458-303-21--100-a]-9618&alias=b9p20p9758.cern.ch&noUDP&sock=slot1_39_3520_e888_14695>
...
040 (9144435.010.000) 07/31 10:00:47 Started transferring input files
	Transferring to host: <188.185.196.185:9618?addrs=188.185.196.185-9618+[2001-1458-303-23--100-b5]-9618&alias=b9p16p8521.cern.ch&noUDP&sock=slot1_4_6846_604f_14091>
...
040 (9144435.011.000) 07/31 10:00:47 Started transferring input files
	Transferring to host: <188.185.197.62:9618?addrs=188.185.197.62-9618+[2001-1458-303-24--100-3a]-9618&alias=b9p14p6906.cern.ch&noUDP&sock=slot1_47_6469_bee0_7202>
...
040 (9144435.009.000) 07/31 10:00:47 Finished transferring input files
...
040 (9144435.010.000) 07/31 10:00:47 Finished transferring input files
...
040 (9144435.011.000) 07/31 10:00:47 Finished transferring input files
...
001 (9144435.009.000) 07/31 10:00:47 Job executing on host: <188.185.194.14:9618?addrs=188.185.194.14-9618+[2001-1458-303-21--100-a]-9618&alias=b9p20p9758.cern.ch&noUDP&sock=startd_2702_ecfc>
	SlotName: slot1_39@b9p20p9758.cern.ch
	CondorScratchDir = "/pool/condor/dir_4173490"
	Cpus = 1
	Disk = 3839
	GPUs = 0
	Memory = 3000
...
001 (9144435.010.000) 07/31 10:00:47 Job executing on host: <188.185.196.185:9618?addrs=188.185.196.185-9618+[2001-1458-303-23--100-b5]-9618&alias=b9p16p8521.cern.ch&noUDP&sock=startd_6152_56b9>
	SlotName: slot1_4@b9p16p8521.cern.ch
	CondorScratchDir = "/pool/condor/dir_1061905"
	Cpus = 1
	Disk = 3992
	GPUs = 0
	Memory = 3000
...
001 (9144435.011.000) 07/31 10:00:47 Job executing on host: <188.185.197.62:9618?addrs=188.185.197.62-9618+[2001-1458-303-24--100-3a]-9618&alias=b9p14p6906.cern.ch&noUDP&sock=startd_5376_113b>
	SlotName: slot1_47@b9p14p6906.cern.ch
	CondorScratchDir = "/pool/condor/dir_3888450"
	Cpus = 1
	Disk = 3867
	GPUs = 0
	Memory = 3000
...
040 (9144435.012.000) 07/31 10:00:49 Started transferring input files
	Transferring to host: <128.142.161.82:9618?addrs=128.142.161.82-9618+[2001-1458-301-b8--100-10]-9618&alias=b9g03p3548.cern.ch&noUDP&sock=slot1_5_79517_ab7b_419>
...
040 (9144435.012.000) 07/31 10:00:49 Finished transferring input files
...
001 (9144435.012.000) 07/31 10:00:49 Job executing on host: <128.142.161.82:9618?addrs=128.142.161.82-9618+[2001-1458-301-b8--100-10]-9618&alias=b9g03p3548.cern.ch&noUDP&sock=startd_79453_ba54>
	SlotName: slot1_5@b9g03p3548.cern.ch
	CondorScratchDir = "/pool/condor/dir_2093167"
	Cpus = 1
	Disk = 3832
	GPUs = 0
	Memory = 3000
...
040 (9144435.014.000) 07/31 10:00:49 Started transferring input files
	Transferring to host: <188.185.196.35:9618?addrs=188.185.196.35-9618+[2001-1458-303-23--100-1f]-9618&alias=b9p16p8087.cern.ch&noUDP&sock=slot1_9_3904104_3320_14717>
...
040 (9144435.014.000) 07/31 10:00:49 Finished transferring input files
...
001 (9144435.014.000) 07/31 10:00:49 Job executing on host: <188.185.196.35:9618?addrs=188.185.196.35-9618+[2001-1458-303-23--100-1f]-9618&alias=b9p16p8087.cern.ch&noUDP&sock=startd_3903674_3fb1>
	SlotName: slot1_9@b9p16p8087.cern.ch
	CondorScratchDir = "/pool/condor/dir_3248952"
	Cpus = 1
	Disk = 3850
	GPUs = 0
	Memory = 3000
...
040 (9144435.013.000) 07/31 10:00:49 Started transferring input files
	Transferring to host: <188.185.195.62:9618?addrs=188.185.195.62-9618+[2001-1458-303-22--100-3a]-9618&alias=b9p17p5734.cern.ch&noUDP&sock=slot1_46_4653_3596_13330>
...
040 (9144435.013.000) 07/31 10:00:49 Finished transferring input files
...
001 (9144435.013.000) 07/31 10:00:49 Job executing on host: <188.185.195.62:9618?addrs=188.185.195.62-9618+[2001-1458-303-22--100-3a]-9618&alias=b9p17p5734.cern.ch&noUDP&sock=startd_3529_2dcf>
	SlotName: slot1_46@b9p17p5734.cern.ch
	CondorScratchDir = "/pool/condor/dir_1602586"
	Cpus = 1
	Disk = 3821
	GPUs = 0
	Memory = 3000
...
040 (9144435.016.000) 07/31 10:00:49 Started transferring input files
	Transferring to host: <188.185.215.153:9618?addrs=188.185.215.153-9618+[2001-1458-303-26--100-15]-9618&alias=b9p18p4537.cern.ch&noUDP&sock=slot1_40_6319_0e9a_15553>
...
040 (9144435.017.000) 07/31 10:00:49 Started transferring input files
	Transferring to host: <188.185.197.67:9618?addrs=188.185.197.67-9618+[2001-1458-303-24--100-3f]-9618&alias=b9p14p5699.cern.ch&noUDP&sock=slot1_47_7619_064f_6783>
...
040 (9144435.016.000) 07/31 10:00:49 Finished transferring input files
...
040 (9144435.017.000) 07/31 10:00:49 Finished transferring input files
...
001 (9144435.016.000) 07/31 10:00:49 Job executing on host: <188.185.215.153:9618?addrs=188.185.215.153-9618+[2001-1458-303-26--100-15]-9618&alias=b9p18p4537.cern.ch&noUDP&sock=startd_5106_dea9>
	SlotName: slot1_40@b9p18p4537.cern.ch
	CondorScratchDir = "/pool/condor/dir_3017920"
	Cpus = 1
	Disk = 3873
	GPUs = 0
	Memory = 3000
...
001 (9144435.017.000) 07/31 10:00:49 Job executing on host: <188.185.197.67:9618?addrs=188.185.197.67-9618+[2001-1458-303-24--100-3f]-9618&alias=b9p14p5699.cern.ch&noUDP&sock=startd_6790_f426>
	SlotName: slot1_47@b9p14p5699.cern.ch
	CondorScratchDir = "/pool/condor/dir_2552950"
	Cpus = 1
	Disk = 3819
	GPUs = 0
	Memory = 3000
...
040 (9144435.015.000) 07/31 10:00:49 Started transferring input files
	Transferring to host: <188.185.194.23:9618?addrs=188.185.194.23-9618+[2001-1458-303-21--100-13]-9618&alias=b9p20p7526.cern.ch&noUDP&sock=slot1_44_3406_95c4_13922>
...
040 (9144435.015.000) 07/31 10:00:49 Finished transferring input files
...
001 (9144435.015.000) 07/31 10:00:49 Job executing on host: <188.185.194.23:9618?addrs=188.185.194.23-9618+[2001-1458-303-21--100-13]-9618&alias=b9p20p7526.cern.ch&noUDP&sock=startd_2712_c8ef>
	SlotName: slot1_44@b9p20p7526.cern.ch
	CondorScratchDir = "/pool/condor/dir_2196885"
	Cpus = 1
	Disk = 3867
	GPUs = 0
	Memory = 3000
...
040 (9144435.018.000) 07/31 10:00:50 Started transferring input files
	Transferring to host: <128.142.161.110:9618?addrs=128.142.161.110-9618+[2001-1458-301-b8--100-2c]-9618&alias=b9g03p0247.cern.ch&noUDP&sock=slot1_31_5619_d7fe_14951>
...
040 (9144435.018.000) 07/31 10:00:50 Finished transferring input files
...
040 (9144435.019.000) 07/31 10:00:50 Started transferring input files
	Transferring to host: <188.185.197.114:9618?addrs=188.185.197.114-9618+[2001-1458-303-24--100-6e]-9618&alias=b9p14p0624.cern.ch&noUDP&sock=slot1_25_8970_ed26_7022>
...
040 (9144435.019.000) 07/31 10:00:50 Finished transferring input files
...
001 (9144435.018.000) 07/31 10:00:50 Job executing on host: <128.142.161.110:9618?addrs=128.142.161.110-9618+[2001-1458-301-b8--100-2c]-9618&alias=b9g03p0247.cern.ch&noUDP&sock=startd_4389_1142>
	SlotName: slot1_31@b9g03p0247.cern.ch
	CondorScratchDir = "/pool/condor/dir_875223"
	Cpus = 1
	Disk = 3806
	GPUs = 0
	Memory = 3000
...
001 (9144435.019.000) 07/31 10:00:50 Job executing on host: <188.185.197.114:9618?addrs=188.185.197.114-9618+[2001-1458-303-24--100-6e]-9618&alias=b9p14p0624.cern.ch&noUDP&sock=startd_7567_e93c>
	SlotName: slot1_25@b9p14p0624.cern.ch
	CondorScratchDir = "/pool/condor/dir_2196466"
	Cpus = 1
	Disk = 3928
	GPUs = 0
	Memory = 3000
...
006 (9144435.000.000) 07/31 10:00:51 Image size of job updated: 264732
	259  -  MemoryUsage of job (MB)
	264732  -  ResidentSetSize of job (KB)
...
006 (9144435.003.000) 07/31 10:00:52 Image size of job updated: 231380
	226  -  MemoryUsage of job (MB)
	231380  -  ResidentSetSize of job (KB)
...
006 (9144435.001.000) 07/31 10:00:52 Image size of job updated: 115724
	114  -  MemoryUsage of job (MB)
	115724  -  ResidentSetSize of job (KB)
...
006 (9144435.004.000) 07/31 10:00:54 Image size of job updated: 256104
	251  -  MemoryUsage of job (MB)
	256104  -  ResidentSetSize of job (KB)
...
006 (9144435.002.000) 07/31 10:00:54 Image size of job updated: 272092
	266  -  MemoryUsage of job (MB)
	272092  -  ResidentSetSize of job (KB)
...
006 (9144435.005.000) 07/31 10:00:54 Image size of job updated: 252244
	247  -  MemoryUsage of job (MB)
	252244  -  ResidentSetSize of job (KB)
...
006 (9144435.007.000) 07/31 10:00:55 Image size of job updated: 209428
	205  -  MemoryUsage of job (MB)
	209428  -  ResidentSetSize of job (KB)
...
006 (9144435.008.000) 07/31 10:00:55 Image size of job updated: 220820
	216  -  MemoryUsage of job (MB)
	220820  -  ResidentSetSize of job (KB)
...
006 (9144435.006.000) 07/31 10:00:55 Image size of job updated: 9184
	6  -  MemoryUsage of job (MB)
	5600  -  ResidentSetSize of job (KB)
...
006 (9144435.009.000) 07/31 10:00:56 Image size of job updated: 193092
	189  -  MemoryUsage of job (MB)
	193092  -  ResidentSetSize of job (KB)
...
006 (9144435.011.000) 07/31 10:00:56 Image size of job updated: 279608
	274  -  MemoryUsage of job (MB)
	279608  -  ResidentSetSize of job (KB)
...
006 (9144435.010.000) 07/31 10:00:56 Image size of job updated: 272356
	266  -  MemoryUsage of job (MB)
	272356  -  ResidentSetSize of job (KB)
...
006 (9144435.012.000) 07/31 10:00:57 Image size of job updated: 66852
	66  -  MemoryUsage of job (MB)
	66852  -  ResidentSetSize of job (KB)
...
006 (9144435.014.000) 07/31 10:00:57 Image size of job updated: 146384
	143  -  MemoryUsage of job (MB)
	146384  -  ResidentSetSize of job (KB)
...
006 (9144435.015.000) 07/31 10:00:58 Image size of job updated: 16100
	16  -  MemoryUsage of job (MB)
	16100  -  ResidentSetSize of job (KB)
...
006 (9144435.018.000) 07/31 10:00:58 Image size of job updated: 211212
	207  -  MemoryUsage of job (MB)
	211212  -  ResidentSetSize of job (KB)
...
006 (9144435.019.000) 07/31 10:00:58 Image size of job updated: 197932
	194  -  MemoryUsage of job (MB)
	197932  -  ResidentSetSize of job (KB)
...
006 (9144435.013.000) 07/31 10:00:58 Image size of job updated: 15948
	6  -  MemoryUsage of job (MB)
	5556  -  ResidentSetSize of job (KB)
...
006 (9144435.016.000) 07/31 10:00:58 Image size of job updated: 152976
	150  -  MemoryUsage of job (MB)
	152976  -  ResidentSetSize of job (KB)
...
006 (9144435.017.000) 07/31 10:00:58 Image size of job updated: 189268
	185  -  MemoryUsage of job (MB)
	189268  -  ResidentSetSize of job (KB)
...
006 (9144435.000.000) 07/31 10:05:51 Image size of job updated: 289704
	259  -  MemoryUsage of job (MB)
	264772  -  ResidentSetSize of job (KB)
...
006 (9144435.001.000) 07/31 10:05:52 Image size of job updated: 303844
	114  -  MemoryUsage of job (MB)
	115824  -  ResidentSetSize of job (KB)
...
006 (9144435.003.000) 07/31 10:05:52 Image size of job updated: 280152
	227  -  MemoryUsage of job (MB)
	231504  -  ResidentSetSize of job (KB)
...
006 (9144435.002.000) 07/31 10:05:55 Image size of job updated: 283760
	266  -  MemoryUsage of job (MB)
	272316  -  ResidentSetSize of job (KB)
...
006 (9144435.005.000) 07/31 10:05:55 Image size of job updated: 275624
	247  -  MemoryUsage of job (MB)
	252244  -  ResidentSetSize of job (KB)
...
006 (9144435.004.000) 07/31 10:05:55 Image size of job updated: 279548
	251  -  MemoryUsage of job (MB)
	256104  -  ResidentSetSize of job (KB)
...
006 (9144435.007.000) 07/31 10:05:56 Image size of job updated: 256000
	205  -  MemoryUsage of job (MB)
	209428  -  ResidentSetSize of job (KB)
...
006 (9144435.008.000) 07/31 10:05:56 Image size of job updated: 267316
	216  -  MemoryUsage of job (MB)
	220988  -  ResidentSetSize of job (KB)
...
006 (9144435.006.000) 07/31 10:05:56 Image size of job updated: 305264
	90  -  MemoryUsage of job (MB)
	92092  -  ResidentSetSize of job (KB)
...
006 (9144435.009.000) 07/31 10:05:57 Image size of job updated: 241124
	189  -  MemoryUsage of job (MB)
	193212  -  ResidentSetSize of job (KB)
...
006 (9144435.011.000) 07/31 10:05:57 Image size of job updated: 292812
	274  -  MemoryUsage of job (MB)
	279608  -  ResidentSetSize of job (KB)
...
006 (9144435.010.000) 07/31 10:05:57 Image size of job updated: 283812
	266  -  MemoryUsage of job (MB)
	272356  -  ResidentSetSize of job (KB)
...
006 (9144435.012.000) 07/31 10:05:57 Image size of job updated: 186276
	95  -  MemoryUsage of job (MB)
	97148  -  ResidentSetSize of job (KB)
...
006 (9144435.014.000) 07/31 10:05:57 Image size of job updated: 241824
	144  -  MemoryUsage of job (MB)
	146624  -  ResidentSetSize of job (KB)
...
006 (9144435.015.000) 07/31 10:05:58 Image size of job updated: 265988
	92  -  MemoryUsage of job (MB)
	93944  -  ResidentSetSize of job (KB)
...
006 (9144435.018.000) 07/31 10:05:58 Image size of job updated: 279536
	207  -  MemoryUsage of job (MB)
	211212  -  ResidentSetSize of job (KB)
...
006 (9144435.019.000) 07/31 10:05:58 Image size of job updated: 273200
	194  -  MemoryUsage of job (MB)
	198172  -  ResidentSetSize of job (KB)
...
006 (9144435.013.000) 07/31 10:05:59 Image size of job updated: 305132
	94  -  MemoryUsage of job (MB)
	95372  -  ResidentSetSize of job (KB)
...
006 (9144435.016.000) 07/31 10:05:59 Image size of job updated: 200604
	150  -  MemoryUsage of job (MB)
	152976  -  ResidentSetSize of job (KB)
...
006 (9144435.017.000) 07/31 10:05:59 Image size of job updated: 267232
	185  -  MemoryUsage of job (MB)
	189268  -  ResidentSetSize of job (KB)
...
040 (9144435.004.000) 07/31 10:07:16 Started transferring output files
...
040 (9144435.004.000) 07/31 10:07:16 Finished transferring output files
...
005 (9144435.004.000) 07/31 10:07:16 Job terminated.
	(1) Normal termination (return value 0)
		Usr 0 00:04:14, Sys 0 00:00:23  -  Run Remote Usage
		Usr 0 00:00:00, Sys 0 00:00:00  -  Run Local Usage
		Usr 0 00:04:14, Sys 0 00:00:23  -  Total Remote Usage
		Usr 0 00:00:00, Sys 0 00:00:00  -  Total Local Usage
	145743  -  Run Bytes Sent By Job
	657735  -  Run Bytes Received By Job
	145743  -  Total Bytes Sent By Job
	657735  -  Total Bytes Received By Job
	Partitionable Resources :    Usage  Request Allocated 
	   Cpus                 :     0.72        1         1 
	   Disk (KB)            :   971         750      3849 
	   GPUs                 :                           0 
	   Memory (MB)          :   251        3000      3000 
	   TimeExecute (s)      :   390                       
	   TimeSlotBusy (s)     :   392                       
...
040 (9144435.016.000) 07/31 10:07:28 Started transferring output files
...
040 (9144435.016.000) 07/31 10:07:28 Finished transferring output files
...
005 (9144435.016.000) 07/31 10:07:28 Job terminated.
	(1) Normal termination (return value 0)
		Usr 0 00:04:28, Sys 0 00:00:27  -  Run Remote Usage
		Usr 0 00:00:00, Sys 0 00:00:00  -  Run Local Usage
		Usr 0 00:04:28, Sys 0 00:00:27  -  Total Remote Usage
		Usr 0 00:00:00, Sys 0 00:00:00  -  Total Local Usage
	149096  -  Run Bytes Sent By Job
	657735  -  Run Bytes Received By Job
	149096  -  Total Bytes Sent By Job
	657735  -  Total Bytes Received By Job
	Partitionable Resources :    Usage  Request Allocated 
	   Cpus                 :        0        1         1 
	   Disk (KB)            :      974      750      3873 
	   GPUs                 :                           0 
	   Memory (MB)          :      150     3000      3000 
	   TimeExecute (s)      :      398                    
	   TimeSlotBusy (s)     :      400                    
...
040 (9144435.003.000) 07/31 10:07:33 Started transferring output files
...
040 (9144435.003.000) 07/31 10:07:33 Finished transferring output files
...
005 (9144435.003.000) 07/31 10:07:33 Job terminated.
	(1) Normal termination (return value 0)
		Usr 0 00:04:33, Sys 0 00:00:27  -  Run Remote Usage
		Usr 0 00:00:00, Sys 0 00:00:00  -  Run Local Usage
		Usr 0 00:04:33, Sys 0 00:00:27  -  Total Remote Usage
		Usr 0 00:00:00, Sys 0 00:00:00  -  Total Local Usage
	145990  -  Run Bytes Sent By Job
	657735  -  Run Bytes Received By Job
	145990  -  Total Bytes Sent By Job
	657735  -  Total Bytes Received By Job
	Partitionable Resources :    Usage  Request Allocated 
	   Cpus                 :     0.78        1         1 
	   Disk (KB)            :   971         750      3905 
	   GPUs                 :                           0 
	   Memory (MB)          :   227        3000      3000 
	   TimeExecute (s)      :   408                       
	   TimeSlotBusy (s)     :   410                       
...
040 (9144435.012.000) 07/31 10:07:37 Started transferring output files
...
040 (9144435.012.000) 07/31 10:07:37 Finished transferring output files
...
040 (9144435.019.000) 07/31 10:07:38 Started transferring output files
...
005 (9144435.012.000) 07/31 10:07:38 Job terminated.
	(1) Normal termination (return value 0)
		Usr 0 00:04:43, Sys 0 00:00:28  -  Run Remote Usage
		Usr 0 00:00:00, Sys 0 00:00:00  -  Run Local Usage
		Usr 0 00:04:43, Sys 0 00:00:28  -  Total Remote Usage
		Usr 0 00:00:00, Sys 0 00:00:00  -  Total Local Usage
	145305  -  Run Bytes Sent By Job
	657735  -  Run Bytes Received By Job
	145305  -  Total Bytes Sent By Job
	657735  -  Total Bytes Received By Job
	Partitionable Resources :    Usage  Request Allocated 
	   Cpus                 :        0        1         1 
	   Disk (KB)            :      970      750      3832 
	   GPUs                 :                           0 
	   Memory (MB)          :       95     3000      3000 
	   TimeExecute (s)      :      407                    
	   TimeSlotBusy (s)     :      410                    
...
040 (9144435.019.000) 07/31 10:07:38 Finished transferring output files
...
040 (9144435.018.000) 07/31 10:07:38 Started transferring output files
...
005 (9144435.019.000) 07/31 10:07:38 Job terminated.
	(1) Normal termination (return value 0)
		Usr 0 00:04:30, Sys 0 00:00:27  -  Run Remote Usage
		Usr 0 00:00:00, Sys 0 00:00:00  -  Run Local Usage
		Usr 0 00:04:30, Sys 0 00:00:27  -  Total Remote Usage
		Usr 0 00:00:00, Sys 0 00:00:00  -  Total Local Usage
	145478  -  Run Bytes Sent By Job
	657735  -  Run Bytes Received By Job
	145478  -  Total Bytes Sent By Job
	657735  -  Total Bytes Received By Job
	Partitionable Resources :    Usage  Request Allocated 
	   Cpus                 :        0        1         1 
	   Disk (KB)            :      970      750      3928 
	   GPUs                 :                           0 
	   Memory (MB)          :      194     3000      3000 
	   TimeExecute (s)      :      407                    
	   TimeSlotBusy (s)     :      409                    
...
040 (9144435.018.000) 07/31 10:07:38 Finished transferring output files
...
005 (9144435.018.000) 07/31 10:07:38 Job terminated.
	(1) Normal termination (return value 0)
		Usr 0 00:04:37, Sys 0 00:00:27  -  Run Remote Usage
		Usr 0 00:00:00, Sys 0 00:00:00  -  Run Local Usage
		Usr 0 00:04:37, Sys 0 00:00:27  -  Total Remote Usage
		Usr 0 00:00:00, Sys 0 00:00:00  -  Total Local Usage
	147716  -  Run Bytes Sent By Job
	657735  -  Run Bytes Received By Job
	147716  -  Total Bytes Sent By Job
	657735  -  Total Bytes Received By Job
	Partitionable Resources :    Usage  Request Allocated 
	   Cpus                 :        0        1         1 
	   Disk (KB)            :      973      750      3806 
	   GPUs                 :                           0 
	   Memory (MB)          :      207     3000      3000 
	   TimeExecute (s)      :      407                    
	   TimeSlotBusy (s)     :      409                    
...
040 (9144435.017.000) 07/31 10:07:39 Started transferring output files
...
040 (9144435.017.000) 07/31 10:07:39 Finished transferring output files
...
005 (9144435.017.000) 07/31 10:07:39 Job terminated.
	(1) Normal termination (return value 0)
		Usr 0 00:04:24, Sys 0 00:00:28  -  Run Remote Usage
		Usr 0 00:00:00, Sys 0 00:00:00  -  Run Local Usage
		Usr 0 00:04:24, Sys 0 00:00:28  -  Total Remote Usage
		Usr 0 00:00:00, Sys 0 00:00:00  -  Total Local Usage
	145222  -  Run Bytes Sent By Job
	657735  -  Run Bytes Received By Job
	145222  -  Total Bytes Sent By Job
	657735  -  Total Bytes Received By Job
	Partitionable Resources :    Usage  Request Allocated 
	   Cpus                 :     0.20        1         1 
	   Disk (KB)            :   970         750      3819 
	   GPUs                 :                           0 
	   Memory (MB)          :   185        3000      3000 
	   TimeExecute (s)      :   409                       
	   TimeSlotBusy (s)     :   411                       
...
040 (9144435.007.000) 07/31 10:07:40 Started transferring output files
...
040 (9144435.007.000) 07/31 10:07:40 Finished transferring output files
...
005 (9144435.007.000) 07/31 10:07:40 Job terminated.
	(1) Normal termination (return value 0)
		Usr 0 00:04:38, Sys 0 00:00:28  -  Run Remote Usage
		Usr 0 00:00:00, Sys 0 00:00:00  -  Run Local Usage
		Usr 0 00:04:38, Sys 0 00:00:28  -  Total Remote Usage
		Usr 0 00:00:00, Sys 0 00:00:00  -  Total Local Usage
	144379  -  Run Bytes Sent By Job
	657735  -  Run Bytes Received By Job
	144379  -  Total Bytes Sent By Job
	657735  -  Total Bytes Received By Job
	Partitionable Resources :    Usage  Request Allocated 
	   Cpus                 :     0.77        1         1 
	   Disk (KB)            :   970         750      3924 
	   GPUs                 :                           0 
	   Memory (MB)          :   205        3000      3000 
	   TimeExecute (s)      :   412                       
	   TimeSlotBusy (s)     :   415                       
...
040 (9144435.014.000) 07/31 10:07:41 Started transferring output files
...
040 (9144435.014.000) 07/31 10:07:41 Finished transferring output files
...
005 (9144435.014.000) 07/31 10:07:42 Job terminated.
	(1) Normal termination (return value 0)
		Usr 0 00:04:35, Sys 0 00:00:27  -  Run Remote Usage
		Usr 0 00:00:00, Sys 0 00:00:00  -  Run Local Usage
		Usr 0 00:04:35, Sys 0 00:00:27  -  Total Remote Usage
		Usr 0 00:00:00, Sys 0 00:00:00  -  Total Local Usage
	145387  -  Run Bytes Sent By Job
	657735  -  Run Bytes Received By Job
	145387  -  Total Bytes Sent By Job
	657735  -  Total Bytes Received By Job
	Partitionable Resources :    Usage  Request Allocated 
	   Cpus                 :        0        1         1 
	   Disk (KB)            :      971      750      3850 
	   GPUs                 :                           0 
	   Memory (MB)          :      144     3000      3000 
	   TimeExecute (s)      :      411                    
	   TimeSlotBusy (s)     :      414                    
...
040 (9144435.011.000) 07/31 10:07:42 Started transferring output files
...
040 (9144435.011.000) 07/31 10:07:42 Finished transferring output files
...
005 (9144435.011.000) 07/31 10:07:42 Job terminated.
	(1) Normal termination (return value 0)
		Usr 0 00:04:38, Sys 0 00:00:29  -  Run Remote Usage
		Usr 0 00:00:00, Sys 0 00:00:00  -  Run Local Usage
		Usr 0 00:04:38, Sys 0 00:00:29  -  Total Remote Usage
		Usr 0 00:00:00, Sys 0 00:00:00  -  Total Local Usage
	144632  -  Run Bytes Sent By Job
	657735  -  Run Bytes Received By Job
	144632  -  Total Bytes Sent By Job
	657735  -  Total Bytes Received By Job
	Partitionable Resources :    Usage  Request Allocated 
	   Cpus                 :        0        1         1 
	   Disk (KB)            :      970      750      3867 
	   GPUs                 :                           0 
	   Memory (MB)          :      274     3000      3000 
	   TimeExecute (s)      :      413                    
	   TimeSlotBusy (s)     :      416                    
...
040 (9144435.001.000) 07/31 10:07:50 Started transferring output files
...
040 (9144435.001.000) 07/31 10:07:50 Finished transferring output files
...
005 (9144435.001.000) 07/31 10:07:50 Job terminated.
	(1) Normal termination (return value 0)
		Usr 0 00:04:52, Sys 0 00:00:28  -  Run Remote Usage
		Usr 0 00:00:00, Sys 0 00:00:00  -  Run Local Usage
		Usr 0 00:04:52, Sys 0 00:00:28  -  Total Remote Usage
		Usr 0 00:00:00, Sys 0 00:00:00  -  Total Local Usage
	146343  -  Run Bytes Sent By Job
	657735  -  Run Bytes Received By Job
	146343  -  Total Bytes Sent By Job
	657735  -  Total Bytes Received By Job
	Partitionable Resources :    Usage  Request Allocated 
	   Cpus                 :     0.79        1         1 
	   Disk (KB)            :   972         750      3943 
	   GPUs                 :                           0 
	   Memory (MB)          :   114        3000      3000 
	   TimeExecute (s)      :   425                       
	   TimeSlotBusy (s)     :   427                       
...
040 (9144435.000.000) 07/31 10:07:59 Started transferring output files
...
040 (9144435.000.000) 07/31 10:07:59 Finished transferring output files
...
005 (9144435.000.000) 07/31 10:07:59 Job terminated.
	(1) Normal termination (return value 0)
		Usr 0 00:04:23, Sys 0 00:00:26  -  Run Remote Usage
		Usr 0 00:00:00, Sys 0 00:00:00  -  Run Local Usage
		Usr 0 00:04:23, Sys 0 00:00:26  -  Total Remote Usage
		Usr 0 00:00:00, Sys 0 00:00:00  -  Total Local Usage
	144729  -  Run Bytes Sent By Job
	657735  -  Run Bytes Received By Job
	144729  -  Total Bytes Sent By Job
	657735  -  Total Bytes Received By Job
	Partitionable Resources :    Usage  Request Allocated 
	   Cpus                 :     0.64        1         1 
	   Disk (KB)            :   970         750      3826 
	   GPUs                 :                           0 
	   Memory (MB)          :   259        3000      3000 
	   TimeExecute (s)      :   434                       
	   TimeSlotBusy (s)     :   437                       
...
040 (9144435.002.000) 07/31 10:07:59 Started transferring output files
...
040 (9144435.002.000) 07/31 10:08:00 Finished transferring output files
...
005 (9144435.002.000) 07/31 10:08:00 Job terminated.
	(1) Normal termination (return value 0)
		Usr 0 00:04:31, Sys 0 00:00:26  -  Run Remote Usage
		Usr 0 00:00:00, Sys 0 00:00:00  -  Run Local Usage
		Usr 0 00:04:31, Sys 0 00:00:26  -  Total Remote Usage
		Usr 0 00:00:00, Sys 0 00:00:00  -  Total Local Usage
	144232  -  Run Bytes Sent By Job
	657735  -  Run Bytes Received By Job
	144232  -  Total Bytes Sent By Job
	657735  -  Total Bytes Received By Job
	Partitionable Resources :    Usage  Request Allocated 
	   Cpus                 :     0.77        1         1 
	   Disk (KB)            :   969         750      3810 
	   GPUs                 :                           0 
	   Memory (MB)          :   266        3000      3000 
	   TimeExecute (s)      :   433                       
	   TimeSlotBusy (s)     :   436                       
...
040 (9144435.010.000) 07/31 10:08:00 Started transferring output files
...
040 (9144435.010.000) 07/31 10:08:01 Finished transferring output files
...
005 (9144435.010.000) 07/31 10:08:01 Job terminated.
	(1) Normal termination (return value 0)
		Usr 0 00:04:29, Sys 0 00:00:26  -  Run Remote Usage
		Usr 0 00:00:00, Sys 0 00:00:00  -  Run Local Usage
		Usr 0 00:04:29, Sys 0 00:00:26  -  Total Remote Usage
		Usr 0 00:00:00, Sys 0 00:00:00  -  Total Local Usage
	145229  -  Run Bytes Sent By Job
	657735  -  Run Bytes Received By Job
	145229  -  Total Bytes Sent By Job
	657735  -  Total Bytes Received By Job
	Partitionable Resources :    Usage  Request Allocated 
	   Cpus                 :     0.78        1         1 
	   Disk (KB)            :   971         750      3992 
	   GPUs                 :                           0 
	   Memory (MB)          :   266        3000      3000 
	   TimeExecute (s)      :   432                       
	   TimeSlotBusy (s)     :   435                       
...
040 (9144435.008.000) 07/31 10:08:04 Started transferring output files
...
040 (9144435.008.000) 07/31 10:08:04 Finished transferring output files
...
005 (9144435.008.000) 07/31 10:08:04 Job terminated.
	(1) Normal termination (return value 0)
		Usr 0 00:04:53, Sys 0 00:00:30  -  Run Remote Usage
		Usr 0 00:00:00, Sys 0 00:00:00  -  Run Local Usage
		Usr 0 00:04:53, Sys 0 00:00:30  -  Total Remote Usage
		Usr 0 00:00:00, Sys 0 00:00:00  -  Total Local Usage
	144690  -  Run Bytes Sent By Job
	657735  -  Run Bytes Received By Job
	144690  -  Total Bytes Sent By Job
	657735  -  Total Bytes Received By Job
	Partitionable Resources :    Usage  Request Allocated 
	   Cpus                 :     0.75        1         1 
	   Disk (KB)            :   970         750      3844 
	   GPUs                 :                           0 
	   Memory (MB)          :   216        3000      3000 
	   TimeExecute (s)      :   437                       
	   TimeSlotBusy (s)     :   439                       
...
040 (9144435.005.000) 07/31 10:08:08 Started transferring output files
...
040 (9144435.005.000) 07/31 10:08:08 Finished transferring output files
...
005 (9144435.005.000) 07/31 10:08:08 Job terminated.
	(1) Normal termination (return value 0)
		Usr 0 00:04:48, Sys 0 00:00:32  -  Run Remote Usage
		Usr 0 00:00:00, Sys 0 00:00:00  -  Run Local Usage
		Usr 0 00:04:48, Sys 0 00:00:32  -  Total Remote Usage
		Usr 0 00:00:00, Sys 0 00:00:00  -  Total Local Usage
	146839  -  Run Bytes Sent By Job
	657735  -  Run Bytes Received By Job
	146839  -  Total Bytes Sent By Job
	657735  -  Total Bytes Received By Job
	Partitionable Resources :    Usage  Request Allocated 
	   Cpus                 :     0.75        1         1 
	   Disk (KB)            :   972         750      3857 
	   GPUs                 :                           0 
	   Memory (MB)          :   247        3000      3000 
	   TimeExecute (s)      :   442                       
	   TimeSlotBusy (s)     :   444                       
...
040 (9144435.013.000) 07/31 10:08:14 Started transferring output files
...
040 (9144435.013.000) 07/31 10:08:14 Finished transferring output files
...
005 (9144435.013.000) 07/31 10:08:14 Job terminated.
	(1) Normal termination (return value 0)
		Usr 0 00:04:40, Sys 0 00:00:28  -  Run Remote Usage
		Usr 0 00:00:00, Sys 0 00:00:00  -  Run Local Usage
		Usr 0 00:04:40, Sys 0 00:00:28  -  Total Remote Usage
		Usr 0 00:00:00, Sys 0 00:00:00  -  Total Local Usage
	143931  -  Run Bytes Sent By Job
	657735  -  Run Bytes Received By Job
	143931  -  Total Bytes Sent By Job
	657735  -  Total Bytes Received By Job
	Partitionable Resources :    Usage  Request Allocated 
	   Cpus                 :     0.79        1         1 
	   Disk (KB)            :   969         750      3821 
	   GPUs                 :                           0 
	   Memory (MB)          :    94        3000      3000 
	   TimeExecute (s)      :   444                       
	   TimeSlotBusy (s)     :   447                       
...
040 (9144435.009.000) 07/31 10:08:18 Started transferring output files
...
040 (9144435.009.000) 07/31 10:08:18 Finished transferring output files
...
005 (9144435.009.000) 07/31 10:08:18 Job terminated.
	(1) Normal termination (return value 0)
		Usr 0 00:04:54, Sys 0 00:00:29  -  Run Remote Usage
		Usr 0 00:00:00, Sys 0 00:00:00  -  Run Local Usage
		Usr 0 00:04:54, Sys 0 00:00:29  -  Total Remote Usage
		Usr 0 00:00:00, Sys 0 00:00:00  -  Total Local Usage
	146196  -  Run Bytes Sent By Job
	657735  -  Run Bytes Received By Job
	146196  -  Total Bytes Sent By Job
	657735  -  Total Bytes Received By Job
	Partitionable Resources :    Usage  Request Allocated 
	   Cpus                 :     0.75        1         1 
	   Disk (KB)            :   971         750      3839 
	   GPUs                 :                           0 
	   Memory (MB)          :   189        3000      3000 
	   TimeExecute (s)      :   449                       
	   TimeSlotBusy (s)     :   452                       
...
040 (9144435.015.000) 07/31 10:09:29 Started transferring output files
...
040 (9144435.015.000) 07/31 10:09:29 Finished transferring output files
...
005 (9144435.015.000) 07/31 10:09:29 Job terminated.
	(1) Normal termination (return value 0)
		Usr 0 00:04:40, Sys 0 00:00:30  -  Run Remote Usage
		Usr 0 00:00:00, Sys 0 00:00:00  -  Run Local Usage
		Usr 0 00:04:40, Sys 0 00:00:30  -  Total Remote Usage
		Usr 0 00:00:00, Sys 0 00:00:00  -  Total Local Usage
	144870  -  Run Bytes Sent By Job
	657735  -  Run Bytes Received By Job
	144870  -  Total Bytes Sent By Job
	657735  -  Total Bytes Received By Job
	Partitionable Resources :    Usage  Request Allocated 
	   Cpus                 :     0.60        1         1 
	   Disk (KB)            :   970         750      3867 
	   GPUs                 :                           0 
	   Memory (MB)          :    92        3000      3000 
	   TimeExecute (s)      :   518                       
	   TimeSlotBusy (s)     :   521                       
...
006 (9144435.006.000) 07/31 10:10:56 Image size of job updated: 305264
	99  -  MemoryUsage of job (MB)
	100776  -  ResidentSetSize of job (KB)
...
040 (9144435.006.000) 07/31 10:11:12 Started transferring output files
...
040 (9144435.006.000) 07/31 10:11:12 Finished transferring output files
...
005 (9144435.006.000) 07/31 10:11:12 Job terminated.
	(1) Normal termination (return value 0)
		Usr 0 00:04:51, Sys 0 00:00:27  -  Run Remote Usage
		Usr 0 00:00:00, Sys 0 00:00:00  -  Run Local Usage
		Usr 0 00:04:51, Sys 0 00:00:27  -  Total Remote Usage
		Usr 0 00:00:00, Sys 0 00:00:00  -  Total Local Usage
	145804  -  Run Bytes Sent By Job
	657735  -  Run Bytes Received By Job
	145804  -  Total Bytes Sent By Job
	657735  -  Total Bytes Received By Job
	Partitionable Resources :    Usage  Request Allocated 
	   Cpus                 :     0.42        1         1 
	   Disk (KB)            :   971         750      3801 
	   GPUs                 :                           0 
	   Memory (MB)          :    99        3000      3000 
	   TimeExecute (s)      :   624                       
	   TimeSlotBusy (s)     :   627                       
...
000 (9146981.000.000) 08/03 09:20:26 Job submitted from host: <188.185.125.71:9618?addrs=188.185.125.71-9618+[2001-1458-d00-4a--100-15e]-9618&alias=bigbird28.cern.ch&noUDP&sock=schedd_1249217_88f9>
...
000 (9146981.001.000) 08/03 09:20:26 Job submitted from host: <188.185.125.71:9618?addrs=188.185.125.71-9618+[2001-1458-d00-4a--100-15e]-9618&alias=bigbird28.cern.ch&noUDP&sock=schedd_1249217_88f9>
...
000 (9146981.010.000) 08/03 09:20:26 Job submitted from host: <188.185.125.71:9618?addrs=188.185.125.71-9618+[2001-1458-d00-4a--100-15e]-9618&alias=bigbird28.cern.ch&noUDP&sock=schedd_1249217_88f9>
...
000 (9146981.011.000) 08/03 09:20:26 Job submitted from host: <188.185.125.71:9618?addrs=188.185.125.71-9618+[2001-1458-d00-4a--100-15e]-9618&alias=bigbird28.cern.ch&noUDP&sock=schedd_1249217_88f9>
...
000 (9146981.012.000) 08/03 09:20:26 Job submitted from host: <188.185.125.71:9618?addrs=188.185.125.71-9618+[2001-1458-d00-4a--100-15e]-9618&alias=bigbird28.cern.ch&noUDP&sock=schedd_1249217_88f9>
...
000 (9146981.013.000) 08/03 09:20:26 Job submitted from host: <188.185.125.71:9618?addrs=188.185.125.71-9618+[2001-1458-d00-4a--100-15e]-9618&alias=bigbird28.cern.ch&noUDP&sock=schedd_1249217_88f9>
...
000 (9146981.014.000) 08/03 09:20:26 Job submitted from host: <188.185.125.71:9618?addrs=188.185.125.71-9618+[2001-1458-d00-4a--100-15e]-9618&alias=bigbird28.cern.ch&noUDP&sock=schedd_1249217_88f9>
...
000 (9146981.015.000) 08/03 09:20:26 Job submitted from host: <188.185.125.71:9618?addrs=188.185.125.71-9618+[2001-1458-d00-4a--100-15e]-9618&alias=bigbird28.cern.ch&noUDP&sock=schedd_1249217_88f9>
...
000 (9146981.016.000) 08/03 09:20:26 Job submitted from host: <188.185.125.71:9618?addrs=188.185.125.71-9618+[2001-1458-d00-4a--100-15e]-9618&alias=bigbird28.cern.ch&noUDP&sock=schedd_1249217_88f9>
...
000 (9146981.017.000) 08/03 09:20:26 Job submitted from host: <188.185.125.71:9618?addrs=188.185.125.71-9618+[2001-1458-d00-4a--100-15e]-9618&alias=bigbird28.cern.ch&noUDP&sock=schedd_1249217_88f9>
...
000 (9146981.018.000) 08/03 09:20:26 Job submitted from host: <188.185.125.71:9618?addrs=188.185.125.71-9618+[2001-1458-d00-4a--100-15e]-9618&alias=bigbird28.cern.ch&noUDP&sock=schedd_1249217_88f9>
...
000 (9146981.019.000) 08/03 09:20:26 Job submitted from host: <188.185.125.71:9618?addrs=188.185.125.71-9618+[2001-1458-d00-4a--100-15e]-9618&alias=bigbird28.cern.ch&noUDP&sock=schedd_1249217_88f9>
...
000 (9146981.002.000) 08/03 09:20:26 Job submitted from host: <188.185.125.71:9618?addrs=188.185.125.71-9618+[2001-1458-d00-4a--100-15e]-9618&alias=bigbird28.cern.ch&noUDP&sock=schedd_1249217_88f9>
...
000 (9146981.003.000) 08/03 09:20:26 Job submitted from host: <188.185.125.71:9618?addrs=188.185.125.71-9618+[2001-1458-d00-4a--100-15e]-9618&alias=bigbird28.cern.ch&noUDP&sock=schedd_1249217_88f9>
...
000 (9146981.004.000) 08/03 09:20:26 Job submitted from host: <188.185.125.71:9618?addrs=188.185.125.71-9618+[2001-1458-d00-4a--100-15e]-9618&alias=bigbird28.cern.ch&noUDP&sock=schedd_1249217_88f9>
...
000 (9146981.005.000) 08/03 09:20:26 Job submitted from host: <188.185.125.71:9618?addrs=188.185.125.71-9618+[2001-1458-d00-4a--100-15e]-9618&alias=bigbird28.cern.ch&noUDP&sock=schedd_1249217_88f9>
...
000 (9146981.006.000) 08/03 09:20:26 Job submitted from host: <188.185.125.71:9618?addrs=188.185.125.71-9618+[2001-1458-d00-4a--100-15e]-9618&alias=bigbird28.cern.ch&noUDP&sock=schedd_1249217_88f9>
...
000 (9146981.007.000) 08/03 09:20:26 Job submitted from host: <188.185.125.71:9618?addrs=188.185.125.71-9618+[2001-1458-d00-4a--100-15e]-9618&alias=bigbird28.cern.ch&noUDP&sock=schedd_1249217_88f9>
...
000 (9146981.008.000) 08/03 09:20:26 Job submitted from host: <188.185.125.71:9618?addrs=188.185.125.71-9618+[2001-1458-d00-4a--100-15e]-9618&alias=bigbird28.cern.ch&noUDP&sock=schedd_1249217_88f9>
...
000 (9146981.009.000) 08/03 09:20:26 Job submitted from host: <188.185.125.71:9618?addrs=188.185.125.71-9618+[2001-1458-d00-4a--100-15e]-9618&alias=bigbird28.cern.ch&noUDP&sock=schedd_1249217_88f9>
...
040 (9146981.004.000) 08/03 09:21:28 Started transferring input files
	Transferring to host: <188.185.197.137:9618?addrs=188.185.197.137-9618+[2001-1458-303-24--100-85]-9618&alias=b9p14p6795.cern.ch&noUDP&sock=slot1_20_4994_7984_9936>
...
040 (9146981.004.000) 08/03 09:21:28 Finished transferring input files
...
001 (9146981.004.000) 08/03 09:21:28 Job executing on host: <188.185.197.137:9618?addrs=188.185.197.137-9618+[2001-1458-303-24--100-85]-9618&alias=b9p14p6795.cern.ch&noUDP&sock=startd_4046_cc46>
	SlotName: slot1_20@b9p14p6795.cern.ch
	CondorScratchDir = "/pool/condor/dir_455038"
	Cpus = 1
	Disk = 3899
	GPUs = 0
	Memory = 3000
...
040 (9146981.002.000) 08/03 09:21:33 Started transferring input files
	Transferring to host: <128.142.51.206:9618?addrs=128.142.51.206-9618+[2001-1458-301-3--100-b]-9618&alias=b9g02p1247.cern.ch&noUDP&sock=slot1_2_6324_947a_16536>
...
040 (9146981.002.000) 08/03 09:21:33 Finished transferring input files
...
001 (9146981.002.000) 08/03 09:21:33 Job executing on host: <128.142.51.206:9618?addrs=128.142.51.206-9618+[2001-1458-301-3--100-b]-9618&alias=b9g02p1247.cern.ch&noUDP&sock=startd_4595_5dc4>
	SlotName: slot1_2@b9g02p1247.cern.ch
	CondorScratchDir = "/pool/condor/dir_588759"
	Cpus = 1
	Disk = 3828
	GPUs = 0
	Memory = 3000
...
040 (9146981.001.000) 08/03 09:21:33 Started transferring input files
	Transferring to host: <188.185.192.121:9618?addrs=188.185.192.121-9618+[2001-1458-303-1f--100-75]-9618&alias=b9p13p1267.cern.ch&noUDP&sock=slot1_33_3254_7cbd_17375>
...
040 (9146981.001.000) 08/03 09:21:33 Finished transferring input files
...
001 (9146981.001.000) 08/03 09:21:33 Job executing on host: <188.185.192.121:9618?addrs=188.185.192.121-9618+[2001-1458-303-1f--100-75]-9618&alias=b9p13p1267.cern.ch&noUDP&sock=startd_2574_20dd>
	SlotName: slot1_33@b9p13p1267.cern.ch
	CondorScratchDir = "/pool/condor/dir_984047"
	Cpus = 1
	Disk = 3848
	GPUs = 0
	Memory = 3000
...
040 (9146981.005.000) 08/03 09:21:34 Started transferring input files
	Transferring to host: <188.185.196.187:9618?addrs=188.185.196.187-9618+[2001-1458-303-23--100-b7]-9618&alias=b9p16p4396.cern.ch&noUDP&sock=slot1_23_3438_21c5_16385>
...
040 (9146981.005.000) 08/03 09:21:34 Finished transferring input files
...
001 (9146981.005.000) 08/03 09:21:34 Job executing on host: <188.185.196.187:9618?addrs=188.185.196.187-9618+[2001-1458-303-23--100-b7]-9618&alias=b9p16p4396.cern.ch&noUDP&sock=startd_2553_b960>
	SlotName: slot1_23@b9p16p4396.cern.ch
	CondorScratchDir = "/pool/condor/dir_2320366"
	Cpus = 1
	Disk = 3927
	GPUs = 0
	Memory = 3000
...
040 (9146981.003.000) 08/03 09:21:34 Started transferring input files
	Transferring to host: <188.185.193.21:9618?addrs=188.185.193.21-9618+[2001-1458-303-20--100-11]-9618&alias=b9p19p0571.cern.ch&noUDP&sock=slot1_46_3420_7304_17259>
...
040 (9146981.003.000) 08/03 09:21:34 Finished transferring input files
...
001 (9146981.003.000) 08/03 09:21:34 Job executing on host: <188.185.193.21:9618?addrs=188.185.193.21-9618+[2001-1458-303-20--100-11]-9618&alias=b9p19p0571.cern.ch&noUDP&sock=startd_2792_a882>
	SlotName: slot1_46@b9p19p0571.cern.ch
	CondorScratchDir = "/pool/condor/dir_2674948"
	Cpus = 1
	Disk = 3871
	GPUs = 0
	Memory = 3000
...
040 (9146981.006.000) 08/03 09:21:35 Started transferring input files
	Transferring to host: <188.185.197.13:9618?addrs=188.185.197.13-9618+[2001-1458-303-24--100-9]-9618&alias=b9p14p3829.cern.ch&noUDP&sock=slot1_25_5393_9b34_9172>
...
040 (9146981.006.000) 08/03 09:21:35 Finished transferring input files
...
001 (9146981.006.000) 08/03 09:21:35 Job executing on host: <188.185.197.13:9618?addrs=188.185.197.13-9618+[2001-1458-303-24--100-9]-9618&alias=b9p14p3829.cern.ch&noUDP&sock=startd_4322_1c69>
	SlotName: slot1_25@b9p14p3829.cern.ch
	CondorScratchDir = "/pool/condor/dir_1070440"
	Cpus = 1
	Disk = 3957
	GPUs = 0
	Memory = 3000
...
040 (9146981.007.000) 08/03 09:21:36 Started transferring input files
	Transferring to host: <128.142.248.61:9618?addrs=128.142.248.61-9618+[2001-1458-301-73--100-12d]-9618&alias=b9g23p8424.cern.ch&noUDP&sock=slot1_6_5399_d575_9606>
...
040 (9146981.007.000) 08/03 09:21:36 Finished transferring input files
...
040 (9146981.010.000) 08/03 09:21:36 Started transferring input files
	Transferring to host: <188.185.197.44:9618?addrs=188.185.197.44-9618+[2001-1458-303-24--100-28]-9618&alias=b9p14p5507.cern.ch&noUDP&sock=slot1_29_5731_c202_9708>
...
001 (9146981.007.000) 08/03 09:21:36 Job executing on host: <128.142.248.61:9618?addrs=128.142.248.61-9618+[2001-1458-301-73--100-12d]-9618&alias=b9g23p8424.cern.ch&noUDP&sock=startd_4214_082f>
	SlotName: slot1_6@b9g23p8424.cern.ch
	CondorScratchDir = "/pool/condor/dir_3155121"
	Cpus = 1
	Disk = 3910
	GPUs = 0
	Memory = 3000
...
040 (9146981.010.000) 08/03 09:21:36 Finished transferring input files
...
001 (9146981.010.000) 08/03 09:21:36 Job executing on host: <188.185.197.44:9618?addrs=188.185.197.44-9618+[2001-1458-303-24--100-28]-9618&alias=b9p14p5507.cern.ch&noUDP&sock=startd_4537_9546>
	SlotName: slot1_29@b9p14p5507.cern.ch
	CondorScratchDir = "/pool/condor/dir_2215125"
	Cpus = 1
	Disk = 3973
	GPUs = 0
	Memory = 3000
...
040 (9146981.009.000) 08/03 09:21:36 Started transferring input files
	Transferring to host: <188.185.194.18:9618?addrs=188.185.194.18-9618+[2001-1458-303-21--100-e]-9618&alias=b9p20p9442.cern.ch&noUDP&sock=slot1_27_5121_f529_18513>
...
040 (9146981.009.000) 08/03 09:21:36 Finished transferring input files
...
001 (9146981.009.000) 08/03 09:21:36 Job executing on host: <188.185.194.18:9618?addrs=188.185.194.18-9618+[2001-1458-303-21--100-e]-9618&alias=b9p20p9442.cern.ch&noUDP&sock=startd_4225_93b9>
	SlotName: slot1_27@b9p20p9442.cern.ch
	CondorScratchDir = "/pool/condor/dir_3447927"
	Cpus = 1
	Disk = 3826
	GPUs = 0
	Memory = 3000
...
040 (9146981.013.000) 08/03 09:21:36 Started transferring input files
	Transferring to host: <188.185.197.90:9618?addrs=188.185.197.90-9618+[2001-1458-303-24--100-56]-9618&alias=b9p14p2790.cern.ch&noUDP&sock=slot1_3_4990_a804_9802>
...
040 (9146981.011.000) 08/03 09:21:36 Started transferring input files
	Transferring to host: <188.185.196.177:9618?addrs=188.185.196.177-9618+[2001-1458-303-23--100-ad]-9618&alias=b9p16p6692.cern.ch&noUDP&sock=slot1_17_6213_5ed6_14743>
...
040 (9146981.013.000) 08/03 09:21:36 Finished transferring input files
...
040 (9146981.011.000) 08/03 09:21:36 Finished transferring input files
...
001 (9146981.013.000) 08/03 09:21:36 Job executing on host: <188.185.197.90:9618?addrs=188.185.197.90-9618+[2001-1458-303-24--100-56]-9618&alias=b9p14p2790.cern.ch&noUDP&sock=startd_4093_0939>
	SlotName: slot1_3@b9p14p2790.cern.ch
	CondorScratchDir = "/pool/condor/dir_3817635"
	Cpus = 1
	Disk = 4035
	GPUs = 0
	Memory = 3000
...
001 (9146981.011.000) 08/03 09:21:36 Job executing on host: <188.185.196.177:9618?addrs=188.185.196.177-9618+[2001-1458-303-23--100-ad]-9618&alias=b9p16p6692.cern.ch&noUDP&sock=startd_5236_09f9>
	SlotName: slot1_17@b9p16p6692.cern.ch
	CondorScratchDir = "/pool/condor/dir_2972423"
	Cpus = 1
	Disk = 3767
	GPUs = 0
	Memory = 3000
...
040 (9146981.012.000) 08/03 09:21:36 Started transferring input files
	Transferring to host: <188.185.193.183:9618?addrs=188.185.193.183-9618+[2001-1458-303-20--100-b3]-9618&alias=b9p19p3024.cern.ch&noUDP&sock=slot1_1_3944_a799_16521>
...
006 (9146981.004.000) 08/03 09:21:36 Image size of job updated: 286200
	280  -  MemoryUsage of job (MB)
	286200  -  ResidentSetSize of job (KB)
...
040 (9146981.012.000) 08/03 09:21:36 Finished transferring input files
...
001 (9146981.012.000) 08/03 09:21:36 Job executing on host: <188.185.193.183:9618?addrs=188.185.193.183-9618+[2001-1458-303-20--100-b3]-9618&alias=b9p19p3024.cern.ch&noUDP&sock=startd_3897_98a9>
	SlotName: slot1_1@b9p19p3024.cern.ch
	CondorScratchDir = "/pool/condor/dir_552985"
	Cpus = 1
	Disk = 3852
	GPUs = 0
	Memory = 3000
...
040 (9146981.015.000) 08/03 09:21:37 Started transferring input files
	Transferring to host: <188.185.196.24:9618?addrs=188.185.196.24-9618+[2001-1458-303-23--100-14]-9618&alias=b9p16p0894.cern.ch&noUDP&sock=slot1_19_2818_492c_18616>
...
040 (9146981.016.000) 08/03 09:21:37 Started transferring input files
	Transferring to host: <128.142.248.233:9618?addrs=128.142.248.233-9618+[2001-1458-301-73--100-e8]-9618&alias=b9g23p4534.cern.ch&noUDP&sock=slot1_12_6867_2c30_9768>
...
040 (9146981.015.000) 08/03 09:21:37 Finished transferring input files
...
040 (9146981.016.000) 08/03 09:21:37 Finished transferring input files
...
001 (9146981.015.000) 08/03 09:21:37 Job executing on host: <188.185.196.24:9618?addrs=188.185.196.24-9618+[2001-1458-303-23--100-14]-9618&alias=b9p16p0894.cern.ch&noUDP&sock=startd_2560_868a>
	SlotName: slot1_19@b9p16p0894.cern.ch
	CondorScratchDir = "/pool/condor/dir_2292147"
	Cpus = 1
	Disk = 3819
	GPUs = 0
	Memory = 3000
...
001 (9146981.016.000) 08/03 09:21:37 Job executing on host: <128.142.248.233:9618?addrs=128.142.248.233-9618+[2001-1458-301-73--100-e8]-9618&alias=b9g23p4534.cern.ch&noUDP&sock=startd_5996_55f3>
	SlotName: slot1_12@b9g23p4534.cern.ch
	CondorScratchDir = "/pool/condor/dir_3083721"
	Cpus = 1
	Disk = 3862
	GPUs = 0
	Memory = 3000
...
040 (9146981.017.000) 08/03 09:21:37 Started transferring input files
	Transferring to host: <188.185.195.24:9618?addrs=188.185.195.24-9618+[2001-1458-303-22--100-14]-9618&alias=b9p17p3186.cern.ch&noUDP&sock=slot1_28_5133_69aa_17127>
...
040 (9146981.017.000) 08/03 09:21:37 Finished transferring input files
...
001 (9146981.017.000) 08/03 09:21:37 Job executing on host: <188.185.195.24:9618?addrs=188.185.195.24-9618+[2001-1458-303-22--100-14]-9618&alias=b9p17p3186.cern.ch&noUDP&sock=startd_4203_7ca4>
	SlotName: slot1_28@b9p17p3186.cern.ch
	CondorScratchDir = "/pool/condor/dir_359657"
	Cpus = 1
	Disk = 3805
	GPUs = 0
	Memory = 3000
...
040 (9146981.019.000) 08/03 09:21:38 Started transferring input files
	Transferring to host: <188.185.192.135:9618?addrs=188.185.192.135-9618+[2001-1458-303-1f--100-83]-9618&alias=b9p13p3014.cern.ch&noUDP&sock=slot1_25_354788_fdd4_3548>
...
040 (9146981.019.000) 08/03 09:21:38 Finished transferring input files
...
001 (9146981.019.000) 08/03 09:21:38 Job executing on host: <188.185.192.135:9618?addrs=188.185.192.135-9618+[2001-1458-303-1f--100-83]-9618&alias=b9p13p3014.cern.ch&noUDP&sock=startd_2647_3347>
	SlotName: slot1_25@b9p13p3014.cern.ch
	CondorScratchDir = "/pool/condor/dir_1238007"
	Cpus = 1
	Disk = 3830
	GPUs = 0
	Memory = 3000
...
040 (9146981.018.000) 08/03 09:21:39 Started transferring input files
	Transferring to host: <188.185.194.119:9618?addrs=188.185.194.119-9618+[2001-1458-303-21--100-73]-9618&alias=b9p20p0758.cern.ch&noUDP&sock=slot1_3_6394_e6bd_17014>
...
040 (9146981.018.000) 08/03 09:21:39 Finished transferring input files
...
001 (9146981.018.000) 08/03 09:21:39 Job executing on host: <188.185.194.119:9618?addrs=188.185.194.119-9618+[2001-1458-303-21--100-73]-9618&alias=b9p20p0758.cern.ch&noUDP&sock=startd_5477_584c>
	SlotName: slot1_3@b9p20p0758.cern.ch
	CondorScratchDir = "/pool/condor/dir_2992609"
	Cpus = 1
	Disk = 3842
	GPUs = 0
	Memory = 3000
...
006 (9146981.002.000) 08/03 09:21:42 Image size of job updated: 290340
	284  -  MemoryUsage of job (MB)
	290340  -  ResidentSetSize of job (KB)
...
006 (9146981.001.000) 08/03 09:21:42 Image size of job updated: 292912
	287  -  MemoryUsage of job (MB)
	292912  -  ResidentSetSize of job (KB)
...
040 (9146981.008.000) 08/03 09:21:43 Started transferring input files
	Transferring to host: <128.142.248.28:9618?addrs=128.142.248.28-9618+[2001-1458-301-73--100-10c]-9618&alias=b9g23p6607.cern.ch&noUDP&sock=slot1_45_6474_44c0_9552>
...
040 (9146981.008.000) 08/03 09:21:43 Finished transferring input files
...
040 (9146981.000.000) 08/03 09:21:43 Started transferring input files
	Transferring to host: <188.185.195.19:9618?addrs=188.185.195.19-9618+[2001-1458-303-22--100-f]-9618&alias=b9p17p5825.cern.ch&noUDP&sock=slot1_8_6053_a2cf_16879>
...
001 (9146981.008.000) 08/03 09:21:43 Job executing on host: <128.142.248.28:9618?addrs=128.142.248.28-9618+[2001-1458-301-73--100-10c]-9618&alias=b9g23p6607.cern.ch&noUDP&sock=startd_5331_3378>
	SlotName: slot1_45@b9g23p6607.cern.ch
	CondorScratchDir = "/pool/condor/dir_599761"
	Cpus = 1
	Disk = 3975
	GPUs = 0
	Memory = 3000
...
040 (9146981.000.000) 08/03 09:21:43 Finished transferring input files
...
001 (9146981.000.000) 08/03 09:21:43 Job executing on host: <188.185.195.19:9618?addrs=188.185.195.19-9618+[2001-1458-303-22--100-f]-9618&alias=b9p17p5825.cern.ch&noUDP&sock=startd_4957_ab0d>
	SlotName: slot1_8@b9p17p5825.cern.ch
	CondorScratchDir = "/pool/condor/dir_1359800"
	Cpus = 1
	Disk = 3889
	GPUs = 0
	Memory = 3000
...
006 (9146981.005.000) 08/03 09:21:43 Image size of job updated: 296396
	290  -  MemoryUsage of job (MB)
	296396  -  ResidentSetSize of job (KB)
...
006 (9146981.003.000) 08/03 09:21:43 Image size of job updated: 282040
	276  -  MemoryUsage of job (MB)
	282040  -  ResidentSetSize of job (KB)
...
006 (9146981.007.000) 08/03 09:21:44 Image size of job updated: 282004
	276  -  MemoryUsage of job (MB)
	282004  -  ResidentSetSize of job (KB)
...
006 (9146981.009.000) 08/03 09:21:44 Image size of job updated: 269584
	264  -  MemoryUsage of job (MB)
	269584  -  ResidentSetSize of job (KB)
...
006 (9146981.010.000) 08/03 09:21:44 Image size of job updated: 276972
	271  -  MemoryUsage of job (MB)
	276972  -  ResidentSetSize of job (KB)
...
006 (9146981.013.000) 08/03 09:21:44 Image size of job updated: 284036
	278  -  MemoryUsage of job (MB)
	284036  -  ResidentSetSize of job (KB)
...
006 (9146981.011.000) 08/03 09:21:44 Image size of job updated: 222112
	217  -  MemoryUsage of job (MB)
	222112  -  ResidentSetSize of job (KB)
...
040 (9146981.014.000) 08/03 09:21:44 Started transferring input files
	Transferring to host: <188.185.193.92:9618?addrs=188.185.193.92-9618+[2001-1458-303-20--100-58]-9618&alias=b9p19p1708.cern.ch&noUDP&sock=slot1_50_3949_2d7a_16103>
...
040 (9146981.014.000) 08/03 09:21:44 Finished transferring input files
...
001 (9146981.014.000) 08/03 09:21:44 Job executing on host: <188.185.193.92:9618?addrs=188.185.193.92-9618+[2001-1458-303-20--100-58]-9618&alias=b9p19p1708.cern.ch&noUDP&sock=startd_3897_98a9>
	SlotName: slot1_50@b9p19p1708.cern.ch
	CondorScratchDir = "/pool/condor/dir_163229"
	Cpus = 1
	Disk = 3833
	GPUs = 0
	Memory = 3000
...
006 (9146981.012.000) 08/03 09:21:44 Image size of job updated: 282016
	276  -  MemoryUsage of job (MB)
	282016  -  ResidentSetSize of job (KB)
...
006 (9146981.006.000) 08/03 09:21:44 Image size of job updated: 288284
	282  -  MemoryUsage of job (MB)
	288284  -  ResidentSetSize of job (KB)
...
006 (9146981.016.000) 08/03 09:21:45 Image size of job updated: 286180
	280  -  MemoryUsage of job (MB)
	286180  -  ResidentSetSize of job (KB)
...
006 (9146981.015.000) 08/03 09:21:45 Image size of job updated: 290360
	284  -  MemoryUsage of job (MB)
	290360  -  ResidentSetSize of job (KB)
...
006 (9146981.017.000) 08/03 09:21:45 Image size of job updated: 284068
	278  -  MemoryUsage of job (MB)
	284068  -  ResidentSetSize of job (KB)
...
006 (9146981.019.000) 08/03 09:21:46 Image size of job updated: 274844
	269  -  MemoryUsage of job (MB)
	274844  -  ResidentSetSize of job (KB)
...
006 (9146981.018.000) 08/03 09:21:48 Image size of job updated: 284020
	278  -  MemoryUsage of job (MB)
	284020  -  ResidentSetSize of job (KB)
...
006 (9146981.008.000) 08/03 09:21:51 Image size of job updated: 286180
	280  -  MemoryUsage of job (MB)
	286180  -  ResidentSetSize of job (KB)
...
006 (9146981.000.000) 08/03 09:21:51 Image size of job updated: 281988
	276  -  MemoryUsage of job (MB)
	281988  -  ResidentSetSize of job (KB)
...
006 (9146981.014.000) 08/03 09:21:52 Image size of job updated: 277776
	272  -  MemoryUsage of job (MB)
	277776  -  ResidentSetSize of job (KB)
...
006 (9146981.004.000) 08/03 09:26:36 Image size of job updated: 311288
	280  -  MemoryUsage of job (MB)
	286204  -  ResidentSetSize of job (KB)
...
006 (9146981.002.000) 08/03 09:26:43 Image size of job updated: 302824
	284  -  MemoryUsage of job (MB)
	290340  -  ResidentSetSize of job (KB)
...
006 (9146981.001.000) 08/03 09:26:43 Image size of job updated: 305348
	287  -  MemoryUsage of job (MB)
	292912  -  ResidentSetSize of job (KB)
...
006 (9146981.003.000) 08/03 09:26:44 Image size of job updated: 290400
	276  -  MemoryUsage of job (MB)
	282040  -  ResidentSetSize of job (KB)
...
006 (9146981.007.000) 08/03 09:26:44 Image size of job updated: 305356
	276  -  MemoryUsage of job (MB)
	282004  -  ResidentSetSize of job (KB)
...
006 (9146981.009.000) 08/03 09:26:44 Image size of job updated: 290348
	264  -  MemoryUsage of job (MB)
	269588  -  ResidentSetSize of job (KB)
...
006 (9146981.010.000) 08/03 09:26:44 Image size of job updated: 294680
	271  -  MemoryUsage of job (MB)
	276972  -  ResidentSetSize of job (KB)
...
006 (9146981.011.000) 08/03 09:26:44 Image size of job updated: 282012
	217  -  MemoryUsage of job (MB)
	222116  -  ResidentSetSize of job (KB)
...
006 (9146981.013.000) 08/03 09:26:44 Image size of job updated: 305408
	278  -  MemoryUsage of job (MB)
	284036  -  ResidentSetSize of job (KB)
...
006 (9146981.012.000) 08/03 09:26:44 Image size of job updated: 298612
	276  -  MemoryUsage of job (MB)
	282016  -  ResidentSetSize of job (KB)
...
006 (9146981.006.000) 08/03 09:26:45 Image size of job updated: 302864
	282  -  MemoryUsage of job (MB)
	288284  -  ResidentSetSize of job (KB)
...
006 (9146981.015.000) 08/03 09:26:45 Image size of job updated: 290372
	284  -  MemoryUsage of job (MB)
	290372  -  ResidentSetSize of job (KB)
...
006 (9146981.016.000) 08/03 09:26:45 Image size of job updated: 311164
	280  -  MemoryUsage of job (MB)
	286180  -  ResidentSetSize of job (KB)
...
006 (9146981.017.000) 08/03 09:26:45 Image size of job updated: 305328
	278  -  MemoryUsage of job (MB)
	284068  -  ResidentSetSize of job (KB)
...
006 (9146981.019.000) 08/03 09:26:47 Image size of job updated: 292280
	269  -  MemoryUsage of job (MB)
	274912  -  ResidentSetSize of job (KB)
...
006 (9146981.018.000) 08/03 09:26:49 Image size of job updated: 292932
	278  -  MemoryUsage of job (MB)
	284020  -  ResidentSetSize of job (KB)
...
006 (9146981.008.000) 08/03 09:26:51 Image size of job updated: 286184
	280  -  MemoryUsage of job (MB)
	286184  -  ResidentSetSize of job (KB)
...
006 (9146981.000.000) 08/03 09:26:51 Image size of job updated: 304856
	276  -  MemoryUsage of job (MB)
	281988  -  ResidentSetSize of job (KB)
...
006 (9146981.014.000) 08/03 09:26:52 Image size of job updated: 294428
	272  -  MemoryUsage of job (MB)
	277776  -  ResidentSetSize of job (KB)
...
040 (9146981.016.000) 08/03 09:42:04 Started transferring output files
...
040 (9146981.016.000) 08/03 09:42:04 Finished transferring output files
...
005 (9146981.016.000) 08/03 09:42:04 Job terminated.
	(1) Normal termination (return value 0)
		Usr 0 00:04:35, Sys 0 00:00:25  -  Run Remote Usage
		Usr 0 00:00:00, Sys 0 00:00:00  -  Run Local Usage
		Usr 0 00:04:35, Sys 0 00:00:25  -  Total Remote Usage
		Usr 0 00:00:00, Sys 0 00:00:00  -  Total Local Usage
	170866  -  Run Bytes Sent By Job
	658794  -  Run Bytes Received By Job
	170866  -  Total Bytes Sent By Job
	658794  -  Total Bytes Received By Job
	Partitionable Resources :    Usage  Request Allocated 
	   Cpus                 :     0.87        1         1 
	   Disk (KB)            :   963         750      3862 
	   GPUs                 :                           0 
	   Memory (MB)          :   280        3000      3000 
	   TimeExecute (s)      :  1226                       
	   TimeSlotBusy (s)     :  1228                       
...
040 (9146981.004.000) 08/03 09:42:12 Started transferring output files
...
040 (9146981.004.000) 08/03 09:42:12 Finished transferring output files
...
005 (9146981.004.000) 08/03 09:42:13 Job terminated.
	(1) Normal termination (return value 0)
		Usr 0 00:04:23, Sys 0 00:00:26  -  Run Remote Usage
		Usr 0 00:00:00, Sys 0 00:00:00  -  Run Local Usage
		Usr 0 00:04:23, Sys 0 00:00:26  -  Total Remote Usage
		Usr 0 00:00:00, Sys 0 00:00:00  -  Total Local Usage
	168268  -  Run Bytes Sent By Job
	658794  -  Run Bytes Received By Job
	168268  -  Total Bytes Sent By Job
	658794  -  Total Bytes Received By Job
	Partitionable Resources :    Usage  Request Allocated 
	   Cpus                 :     0.68        1         1 
	   Disk (KB)            :   960         750      3899 
	   GPUs                 :                           0 
	   Memory (MB)          :   280        3000      3000 
	   TimeExecute (s)      :  1243                       
	   TimeSlotBusy (s)     :  1245                       
...
040 (9146981.008.000) 08/03 09:42:17 Started transferring output files
...
040 (9146981.008.000) 08/03 09:42:17 Finished transferring output files
...
005 (9146981.008.000) 08/03 09:42:18 Job terminated.
	(1) Normal termination (return value 0)
		Usr 0 00:04:41, Sys 0 00:00:25  -  Run Remote Usage
		Usr 0 00:00:00, Sys 0 00:00:00  -  Run Local Usage
		Usr 0 00:04:41, Sys 0 00:00:25  -  Total Remote Usage
		Usr 0 00:00:00, Sys 0 00:00:00  -  Total Local Usage
	167294  -  Run Bytes Sent By Job
	658794  -  Run Bytes Received By Job
	167294  -  Total Bytes Sent By Job
	658794  -  Total Bytes Received By Job
	Partitionable Resources :    Usage  Request Allocated 
	   Cpus                 :        0        1         1 
	   Disk (KB)            :      959      750      3975 
	   GPUs                 :                           0 
	   Memory (MB)          :      280     3000      3000 
	   TimeExecute (s)      :     1233                    
	   TimeSlotBusy (s)     :     1235                    
...
040 (9146981.014.000) 08/03 09:42:27 Started transferring output files
...
040 (9146981.014.000) 08/03 09:42:27 Finished transferring output files
...
005 (9146981.014.000) 08/03 09:42:27 Job terminated.
	(1) Normal termination (return value 0)
		Usr 0 00:04:35, Sys 0 00:00:24  -  Run Remote Usage
		Usr 0 00:00:00, Sys 0 00:00:00  -  Run Local Usage
		Usr 0 00:04:35, Sys 0 00:00:24  -  Total Remote Usage
		Usr 0 00:00:00, Sys 0 00:00:00  -  Total Local Usage
	168402  -  Run Bytes Sent By Job
	658794  -  Run Bytes Received By Job
	168402  -  Total Bytes Sent By Job
	658794  -  Total Bytes Received By Job
	Partitionable Resources :    Usage  Request Allocated 
	   Cpus                 :     0.75        1         1 
	   Disk (KB)            :   960         750      3833 
	   GPUs                 :                           0 
	   Memory (MB)          :   272        3000      3000 
	   TimeExecute (s)      :  1242                       
	   TimeSlotBusy (s)     :  1245                       
...
040 (9146981.002.000) 08/03 09:42:27 Started transferring output files
...
040 (9146981.002.000) 08/03 09:42:27 Finished transferring output files
...
005 (9146981.002.000) 08/03 09:42:28 Job terminated.
	(1) Normal termination (return value 0)
		Usr 0 00:04:47, Sys 0 00:00:26  -  Run Remote Usage
		Usr 0 00:00:00, Sys 0 00:00:00  -  Run Local Usage
		Usr 0 00:04:47, Sys 0 00:00:26  -  Total Remote Usage
		Usr 0 00:00:00, Sys 0 00:00:00  -  Total Local Usage
	166790  -  Run Bytes Sent By Job
	658794  -  Run Bytes Received By Job
	166790  -  Total Bytes Sent By Job
	658794  -  Total Bytes Received By Job
	Partitionable Resources :    Usage  Request Allocated 
	   Cpus                 :        0        1         1 
	   Disk (KB)            :      959      750      3828 
	   GPUs                 :                           0 
	   Memory (MB)          :      284     3000      3000 
	   TimeExecute (s)      :     1253                    
	   TimeSlotBusy (s)     :     1255                    
...
040 (9146981.009.000) 08/03 09:42:30 Started transferring output files
...
040 (9146981.009.000) 08/03 09:42:30 Finished transferring output files
...
005 (9146981.009.000) 08/03 09:42:31 Job terminated.
	(1) Normal termination (return value 0)
		Usr 0 00:04:33, Sys 0 00:00:26  -  Run Remote Usage
		Usr 0 00:00:00, Sys 0 00:00:00  -  Run Local Usage
		Usr 0 00:04:33, Sys 0 00:00:26  -  Total Remote Usage
		Usr 0 00:00:00, Sys 0 00:00:00  -  Total Local Usage
	168659  -  Run Bytes Sent By Job
	658794  -  Run Bytes Received By Job
	168659  -  Total Bytes Sent By Job
	658794  -  Total Bytes Received By Job
	Partitionable Resources :    Usage  Request Allocated 
	   Cpus                 :     0.76        1         1 
	   Disk (KB)            :   961         750      3826 
	   GPUs                 :                           0 
	   Memory (MB)          :   264        3000      3000 
	   TimeExecute (s)      :  1254                       
	   TimeSlotBusy (s)     :  1256                       
...
040 (9146981.011.000) 08/03 09:42:31 Started transferring output files
...
040 (9146981.011.000) 08/03 09:42:31 Finished transferring output files
...
040 (9146981.019.000) 08/03 09:42:31 Started transferring output files
...
005 (9146981.011.000) 08/03 09:42:31 Job terminated.
	(1) Normal termination (return value 0)
		Usr 0 00:04:37, Sys 0 00:00:26  -  Run Remote Usage
		Usr 0 00:00:00, Sys 0 00:00:00  -  Run Local Usage
		Usr 0 00:04:37, Sys 0 00:00:26  -  Total Remote Usage
		Usr 0 00:00:00, Sys 0 00:00:00  -  Total Local Usage
	167273  -  Run Bytes Sent By Job
	658794  -  Run Bytes Received By Job
	167273  -  Total Bytes Sent By Job
	658794  -  Total Bytes Received By Job
	Partitionable Resources :    Usage  Request Allocated 
	   Cpus                 :     0.80        1         1 
	   Disk (KB)            :   959         750      3767 
	   GPUs                 :                           0 
	   Memory (MB)          :   217        3000      3000 
	   TimeExecute (s)      :  1253                       
	   TimeSlotBusy (s)     :  1256                       
...
040 (9146981.019.000) 08/03 09:42:31 Finished transferring output files
...
005 (9146981.019.000) 08/03 09:42:31 Job terminated.
	(1) Normal termination (return value 0)
		Usr 0 00:04:30, Sys 0 00:00:22  -  Run Remote Usage
		Usr 0 00:00:00, Sys 0 00:00:00  -  Run Local Usage
		Usr 0 00:04:30, Sys 0 00:00:22  -  Total Remote Usage
		Usr 0 00:00:00, Sys 0 00:00:00  -  Total Local Usage
	167838  -  Run Bytes Sent By Job
	658794  -  Run Bytes Received By Job
	167838  -  Total Bytes Sent By Job
	658794  -  Total Bytes Received By Job
	Partitionable Resources :    Usage  Request Allocated 
	   Cpus                 :     0.78        1         1 
	   Disk (KB)            :   960         750      3830 
	   GPUs                 :                           0 
	   Memory (MB)          :   269        3000      3000 
	   TimeExecute (s)      :  1252                       
	   TimeSlotBusy (s)     :  1254                       
...
040 (9146981.017.000) 08/03 09:42:33 Started transferring output files
...
040 (9146981.017.000) 08/03 09:42:33 Finished transferring output files
...
005 (9146981.017.000) 08/03 09:42:33 Job terminated.
	(1) Normal termination (return value 0)
		Usr 0 00:04:38, Sys 0 00:00:25  -  Run Remote Usage
		Usr 0 00:00:00, Sys 0 00:00:00  -  Run Local Usage
		Usr 0 00:04:38, Sys 0 00:00:25  -  Total Remote Usage
		Usr 0 00:00:00, Sys 0 00:00:00  -  Total Local Usage
	167478  -  Run Bytes Sent By Job
	658794  -  Run Bytes Received By Job
	167478  -  Total Bytes Sent By Job
	658794  -  Total Bytes Received By Job
	Partitionable Resources :    Usage  Request Allocated 
	   Cpus                 :     0.80        1         1 
	   Disk (KB)            :   960         750      3805 
	   GPUs                 :                           0 
	   Memory (MB)          :   278        3000      3000 
	   TimeExecute (s)      :  1255                       
	   TimeSlotBusy (s)     :  1257                       
...
040 (9146981.015.000) 08/03 09:42:36 Started transferring output files
...
040 (9146981.015.000) 08/03 09:42:36 Finished transferring output files
...
005 (9146981.015.000) 08/03 09:42:36 Job terminated.
	(1) Normal termination (return value 0)
		Usr 0 00:04:42, Sys 0 00:00:25  -  Run Remote Usage
		Usr 0 00:00:00, Sys 0 00:00:00  -  Run Local Usage
		Usr 0 00:04:42, Sys 0 00:00:25  -  Total Remote Usage
		Usr 0 00:00:00, Sys 0 00:00:00  -  Total Local Usage
	167520  -  Run Bytes Sent By Job
	658794  -  Run Bytes Received By Job
	167520  -  Total Bytes Sent By Job
	658794  -  Total Bytes Received By Job
	Partitionable Resources :    Usage  Request Allocated 
	   Cpus                 :     0.21        1         1 
	   Disk (KB)            :   960         750      3819 
	   GPUs                 :                           0 
	   Memory (MB)          :   284        3000      3000 
	   TimeExecute (s)      :  1258                       
	   TimeSlotBusy (s)     :  1260                       
...
040 (9146981.013.000) 08/03 09:42:43 Started transferring output files
...
040 (9146981.013.000) 08/03 09:42:43 Finished transferring output files
...
040 (9146981.003.000) 08/03 09:42:43 Started transferring output files
...
005 (9146981.013.000) 08/03 09:42:43 Job terminated.
	(1) Normal termination (return value 0)
		Usr 0 00:04:26, Sys 0 00:00:26  -  Run Remote Usage
		Usr 0 00:00:00, Sys 0 00:00:00  -  Run Local Usage
		Usr 0 00:04:26, Sys 0 00:00:26  -  Total Remote Usage
		Usr 0 00:00:00, Sys 0 00:00:00  -  Total Local Usage
	166337  -  Run Bytes Sent By Job
	658794  -  Run Bytes Received By Job
	166337  -  Total Bytes Sent By Job
	658794  -  Total Bytes Received By Job
	Partitionable Resources :    Usage  Request Allocated 
	   Cpus                 :        0        1         1 
	   Disk (KB)            :      958      750      4035 
	   GPUs                 :                           0 
	   Memory (MB)          :      278     3000      3000 
	   TimeExecute (s)      :     1266                    
	   TimeSlotBusy (s)     :     1268                    
...
040 (9146981.003.000) 08/03 09:42:43 Finished transferring output files
...
005 (9146981.003.000) 08/03 09:42:43 Job terminated.
	(1) Normal termination (return value 0)
		Usr 0 00:04:42, Sys 0 00:00:26  -  Run Remote Usage
		Usr 0 00:00:00, Sys 0 00:00:00  -  Run Local Usage
		Usr 0 00:04:42, Sys 0 00:00:26  -  Total Remote Usage
		Usr 0 00:00:00, Sys 0 00:00:00  -  Total Local Usage
	168879  -  Run Bytes Sent By Job
	658794  -  Run Bytes Received By Job
	168879  -  Total Bytes Sent By Job
	658794  -  Total Bytes Received By Job
	Partitionable Resources :    Usage  Request Allocated 
	   Cpus                 :     0.79        1         1 
	   Disk (KB)            :   961         750      3871 
	   GPUs                 :                           0 
	   Memory (MB)          :   276        3000      3000 
	   TimeExecute (s)      :  1268                       
	   TimeSlotBusy (s)     :  1270                       
...
040 (9146981.007.000) 08/03 09:42:46 Started transferring output files
...
040 (9146981.007.000) 08/03 09:42:46 Finished transferring output files
...
005 (9146981.007.000) 08/03 09:42:46 Job terminated.
	(1) Normal termination (return value 0)
		Usr 0 00:04:29, Sys 0 00:00:24  -  Run Remote Usage
		Usr 0 00:00:00, Sys 0 00:00:00  -  Run Local Usage
		Usr 0 00:04:29, Sys 0 00:00:24  -  Total Remote Usage
		Usr 0 00:00:00, Sys 0 00:00:00  -  Total Local Usage
	167645  -  Run Bytes Sent By Job
	658794  -  Run Bytes Received By Job
	167645  -  Total Bytes Sent By Job
	658794  -  Total Bytes Received By Job
	Partitionable Resources :    Usage  Request Allocated 
	   Cpus                 :     0.00        1         1 
	   Disk (KB)            :   960         750      3910 
	   GPUs                 :                           0 
	   Memory (MB)          :   276        3000      3000 
	   TimeExecute (s)      :  1268                       
	   TimeSlotBusy (s)     :  1272                       
...
040 (9146981.018.000) 08/03 09:42:52 Started transferring output files
...
040 (9146981.018.000) 08/03 09:42:52 Finished transferring output files
...
005 (9146981.018.000) 08/03 09:42:53 Job terminated.
	(1) Normal termination (return value 0)
		Usr 0 00:04:46, Sys 0 00:00:26  -  Run Remote Usage
		Usr 0 00:00:00, Sys 0 00:00:00  -  Run Local Usage
		Usr 0 00:04:46, Sys 0 00:00:26  -  Total Remote Usage
		Usr 0 00:00:00, Sys 0 00:00:00  -  Total Local Usage
	170214  -  Run Bytes Sent By Job
	658794  -  Run Bytes Received By Job
	170214  -  Total Bytes Sent By Job
	658794  -  Total Bytes Received By Job
	Partitionable Resources :    Usage  Request Allocated 
	   Cpus                 :        0        1         1 
	   Disk (KB)            :      962      750      3842 
	   GPUs                 :                           0 
	   Memory (MB)          :      278     3000      3000 
	   TimeExecute (s)      :     1272                    
	   TimeSlotBusy (s)     :     1275                    
...
040 (9146981.006.000) 08/03 09:42:53 Started transferring output files
...
040 (9146981.006.000) 08/03 09:42:53 Finished transferring output files
...
005 (9146981.006.000) 08/03 09:42:54 Job terminated.
	(1) Normal termination (return value 0)
		Usr 0 00:04:48, Sys 0 00:00:26  -  Run Remote Usage
		Usr 0 00:00:00, Sys 0 00:00:00  -  Run Local Usage
		Usr 0 00:04:48, Sys 0 00:00:26  -  Total Remote Usage
		Usr 0 00:00:00, Sys 0 00:00:00  -  Total Local Usage
	168466  -  Run Bytes Sent By Job
	658794  -  Run Bytes Received By Job
	168466  -  Total Bytes Sent By Job
	658794  -  Total Bytes Received By Job
	Partitionable Resources :    Usage  Request Allocated 
	   Cpus                 :     0.79        1         1 
	   Disk (KB)            :   961         750      3957 
	   GPUs                 :                           0 
	   Memory (MB)          :   282        3000      3000 
	   TimeExecute (s)      :  1277                       
	   TimeSlotBusy (s)     :  1280                       
...
040 (9146981.012.000) 08/03 09:42:56 Started transferring output files
...
040 (9146981.012.000) 08/03 09:42:56 Finished transferring output files
...
005 (9146981.012.000) 08/03 09:42:56 Job terminated.
	(1) Normal termination (return value 0)
		Usr 0 00:04:49, Sys 0 00:00:27  -  Run Remote Usage
		Usr 0 00:00:00, Sys 0 00:00:00  -  Run Local Usage
		Usr 0 00:04:49, Sys 0 00:00:27  -  Total Remote Usage
		Usr 0 00:00:00, Sys 0 00:00:00  -  Total Local Usage
	168500  -  Run Bytes Sent By Job
	658794  -  Run Bytes Received By Job
	168500  -  Total Bytes Sent By Job
	658794  -  Total Bytes Received By Job
	Partitionable Resources :    Usage  Request Allocated 
	   Cpus                 :     0.79        1         1 
	   Disk (KB)            :   961         750      3852 
	   GPUs                 :                           0 
	   Memory (MB)          :   276        3000      3000 
	   TimeExecute (s)      :  1279                       
	   TimeSlotBusy (s)     :  1281                       
...
040 (9146981.001.000) 08/03 09:42:58 Started transferring output files
...
040 (9146981.001.000) 08/03 09:42:58 Finished transferring output files
...
005 (9146981.001.000) 08/03 09:42:58 Job terminated.
	(1) Normal termination (return value 0)
		Usr 0 00:04:40, Sys 0 00:00:26  -  Run Remote Usage
		Usr 0 00:00:00, Sys 0 00:00:00  -  Run Local Usage
		Usr 0 00:04:40, Sys 0 00:00:26  -  Total Remote Usage
		Usr 0 00:00:00, Sys 0 00:00:00  -  Total Local Usage
	168231  -  Run Bytes Sent By Job
	658794  -  Run Bytes Received By Job
	168231  -  Total Bytes Sent By Job
	658794  -  Total Bytes Received By Job
	Partitionable Resources :    Usage  Request Allocated 
	   Cpus                 :        0        1         1 
	   Disk (KB)            :      960      750      3848 
	   GPUs                 :                           0 
	   Memory (MB)          :      287     3000      3000 
	   TimeExecute (s)      :     1284                    
	   TimeSlotBusy (s)     :     1286                    
...
040 (9146981.005.000) 08/03 09:43:05 Started transferring output files
...
040 (9146981.005.000) 08/03 09:43:05 Finished transferring output files
...
005 (9146981.005.000) 08/03 09:43:05 Job terminated.
	(1) Normal termination (return value 0)
		Usr 0 00:04:36, Sys 0 00:00:25  -  Run Remote Usage
		Usr 0 00:00:00, Sys 0 00:00:00  -  Run Local Usage
		Usr 0 00:04:36, Sys 0 00:00:25  -  Total Remote Usage
		Usr 0 00:00:00, Sys 0 00:00:00  -  Total Local Usage
	170295  -  Run Bytes Sent By Job
	658794  -  Run Bytes Received By Job
	170295  -  Total Bytes Sent By Job
	658794  -  Total Bytes Received By Job
	Partitionable Resources :    Usage  Request Allocated 
	   Cpus                 :     0.06        1         1 
	   Disk (KB)            :   962         750      3927 
	   GPUs                 :                           0 
	   Memory (MB)          :   290        3000      3000 
	   TimeExecute (s)      :  1290                       
	   TimeSlotBusy (s)     :  1292                       
...
040 (9146981.000.000) 08/03 09:43:24 Started transferring output files
...
040 (9146981.000.000) 08/03 09:43:24 Finished transferring output files
...
005 (9146981.000.000) 08/03 09:43:24 Job terminated.
	(1) Normal termination (return value 0)
		Usr 0 00:04:56, Sys 0 00:00:26  -  Run Remote Usage
		Usr 0 00:00:00, Sys 0 00:00:00  -  Run Local Usage
		Usr 0 00:04:56, Sys 0 00:00:26  -  Total Remote Usage
		Usr 0 00:00:00, Sys 0 00:00:00  -  Total Local Usage
	167290  -  Run Bytes Sent By Job
	658794  -  Run Bytes Received By Job
	167290  -  Total Bytes Sent By Job
	658794  -  Total Bytes Received By Job
	Partitionable Resources :    Usage  Request Allocated 
	   Cpus                 :     0.00        1         1 
	   Disk (KB)            :   959         750      3889 
	   GPUs                 :                           0 
	   Memory (MB)          :   276        3000      3000 
	   TimeExecute (s)      :  1300                       
	   TimeSlotBusy (s)     :  1302                       
...
040 (9146981.010.000) 08/03 09:43:44 Started transferring output files
...
040 (9146981.010.000) 08/03 09:43:44 Finished transferring output files
...
005 (9146981.010.000) 08/03 09:43:45 Job terminated.
	(1) Normal termination (return value 0)
		Usr 0 00:04:35, Sys 0 00:00:26  -  Run Remote Usage
		Usr 0 00:00:00, Sys 0 00:00:00  -  Run Local Usage
		Usr 0 00:04:35, Sys 0 00:00:26  -  Total Remote Usage
		Usr 0 00:00:00, Sys 0 00:00:00  -  Total Local Usage
	168226  -  Run Bytes Sent By Job
	658794  -  Run Bytes Received By Job
	168226  -  Total Bytes Sent By Job
	658794  -  Total Bytes Received By Job
	Partitionable Resources :    Usage  Request Allocated 
	   Cpus                 :     0.00        1         1 
	   Disk (KB)            :   960         750      3973 
	   GPUs                 :                           0 
	   Memory (MB)          :   271        3000      3000 
	   TimeExecute (s)      :  1327                       
	   TimeSlotBusy (s)     :  1330                       
...
000 (9146988.000.000) 08/03 10:30:40 Job submitted from host: <188.185.125.71:9618?addrs=188.185.125.71-9618+[2001-1458-d00-4a--100-15e]-9618&alias=bigbird28.cern.ch&noUDP&sock=schedd_1249217_88f9>
...
000 (9146988.001.000) 08/03 10:30:40 Job submitted from host: <188.185.125.71:9618?addrs=188.185.125.71-9618+[2001-1458-d00-4a--100-15e]-9618&alias=bigbird28.cern.ch&noUDP&sock=schedd_1249217_88f9>
...
000 (9146988.010.000) 08/03 10:30:40 Job submitted from host: <188.185.125.71:9618?addrs=188.185.125.71-9618+[2001-1458-d00-4a--100-15e]-9618&alias=bigbird28.cern.ch&noUDP&sock=schedd_1249217_88f9>
...
000 (9146988.011.000) 08/03 10:30:40 Job submitted from host: <188.185.125.71:9618?addrs=188.185.125.71-9618+[2001-1458-d00-4a--100-15e]-9618&alias=bigbird28.cern.ch&noUDP&sock=schedd_1249217_88f9>
...
000 (9146988.012.000) 08/03 10:30:40 Job submitted from host: <188.185.125.71:9618?addrs=188.185.125.71-9618+[2001-1458-d00-4a--100-15e]-9618&alias=bigbird28.cern.ch&noUDP&sock=schedd_1249217_88f9>
...
000 (9146988.013.000) 08/03 10:30:40 Job submitted from host: <188.185.125.71:9618?addrs=188.185.125.71-9618+[2001-1458-d00-4a--100-15e]-9618&alias=bigbird28.cern.ch&noUDP&sock=schedd_1249217_88f9>
...
000 (9146988.014.000) 08/03 10:30:40 Job submitted from host: <188.185.125.71:9618?addrs=188.185.125.71-9618+[2001-1458-d00-4a--100-15e]-9618&alias=bigbird28.cern.ch&noUDP&sock=schedd_1249217_88f9>
...
000 (9146988.015.000) 08/03 10:30:40 Job submitted from host: <188.185.125.71:9618?addrs=188.185.125.71-9618+[2001-1458-d00-4a--100-15e]-9618&alias=bigbird28.cern.ch&noUDP&sock=schedd_1249217_88f9>
...
000 (9146988.016.000) 08/03 10:30:40 Job submitted from host: <188.185.125.71:9618?addrs=188.185.125.71-9618+[2001-1458-d00-4a--100-15e]-9618&alias=bigbird28.cern.ch&noUDP&sock=schedd_1249217_88f9>
...
000 (9146988.017.000) 08/03 10:30:40 Job submitted from host: <188.185.125.71:9618?addrs=188.185.125.71-9618+[2001-1458-d00-4a--100-15e]-9618&alias=bigbird28.cern.ch&noUDP&sock=schedd_1249217_88f9>
...
000 (9146988.018.000) 08/03 10:30:40 Job submitted from host: <188.185.125.71:9618?addrs=188.185.125.71-9618+[2001-1458-d00-4a--100-15e]-9618&alias=bigbird28.cern.ch&noUDP&sock=schedd_1249217_88f9>
...
000 (9146988.019.000) 08/03 10:30:40 Job submitted from host: <188.185.125.71:9618?addrs=188.185.125.71-9618+[2001-1458-d00-4a--100-15e]-9618&alias=bigbird28.cern.ch&noUDP&sock=schedd_1249217_88f9>
...
000 (9146988.002.000) 08/03 10:30:40 Job submitted from host: <188.185.125.71:9618?addrs=188.185.125.71-9618+[2001-1458-d00-4a--100-15e]-9618&alias=bigbird28.cern.ch&noUDP&sock=schedd_1249217_88f9>
...
000 (9146988.003.000) 08/03 10:30:40 Job submitted from host: <188.185.125.71:9618?addrs=188.185.125.71-9618+[2001-1458-d00-4a--100-15e]-9618&alias=bigbird28.cern.ch&noUDP&sock=schedd_1249217_88f9>
...
000 (9146988.004.000) 08/03 10:30:40 Job submitted from host: <188.185.125.71:9618?addrs=188.185.125.71-9618+[2001-1458-d00-4a--100-15e]-9618&alias=bigbird28.cern.ch&noUDP&sock=schedd_1249217_88f9>
...
000 (9146988.005.000) 08/03 10:30:40 Job submitted from host: <188.185.125.71:9618?addrs=188.185.125.71-9618+[2001-1458-d00-4a--100-15e]-9618&alias=bigbird28.cern.ch&noUDP&sock=schedd_1249217_88f9>
...
000 (9146988.006.000) 08/03 10:30:40 Job submitted from host: <188.185.125.71:9618?addrs=188.185.125.71-9618+[2001-1458-d00-4a--100-15e]-9618&alias=bigbird28.cern.ch&noUDP&sock=schedd_1249217_88f9>
...
000 (9146988.007.000) 08/03 10:30:40 Job submitted from host: <188.185.125.71:9618?addrs=188.185.125.71-9618+[2001-1458-d00-4a--100-15e]-9618&alias=bigbird28.cern.ch&noUDP&sock=schedd_1249217_88f9>
...
000 (9146988.008.000) 08/03 10:30:40 Job submitted from host: <188.185.125.71:9618?addrs=188.185.125.71-9618+[2001-1458-d00-4a--100-15e]-9618&alias=bigbird28.cern.ch&noUDP&sock=schedd_1249217_88f9>
...
000 (9146988.009.000) 08/03 10:30:40 Job submitted from host: <188.185.125.71:9618?addrs=188.185.125.71-9618+[2001-1458-d00-4a--100-15e]-9618&alias=bigbird28.cern.ch&noUDP&sock=schedd_1249217_88f9>
...
040 (9146988.000.000) 08/03 10:30:50 Started transferring input files
	Transferring to host: <188.185.213.233:9618?addrs=188.185.213.233-9618+[2001-1458-303-1b--100-65]-9618&alias=b9p28p1176.cern.ch&noUDP&sock=slot1_8_5874_83a8_20910>
...
040 (9146988.000.000) 08/03 10:30:50 Finished transferring input files
...
001 (9146988.000.000) 08/03 10:30:50 Job executing on host: <188.185.213.233:9618?addrs=188.185.213.233-9618+[2001-1458-303-1b--100-65]-9618&alias=b9p28p1176.cern.ch&noUDP&sock=startd_4973_a491>
	SlotName: slot1_8@b9p28p1176.cern.ch
	CondorScratchDir = "/pool/condor/dir_1658895"
	Cpus = 1
	Disk = 3833
	GPUs = 0
	Memory = 3000
...
040 (9146988.002.000) 08/03 10:30:50 Started transferring input files
	Transferring to host: <188.185.192.173:9618?addrs=188.185.192.173-9618+[2001-1458-303-1f--100-a9]-9618&alias=b9p13p0054.cern.ch&noUDP&sock=slot1_16_7418_66e7_16651>
...
040 (9146988.001.000) 08/03 10:30:50 Started transferring input files
	Transferring to host: <188.185.213.214:9618?addrs=188.185.213.214-9618+[2001-1458-303-1b--100-52]-9618&alias=b9p28p1203.cern.ch&noUDP&sock=slot1_8_4082_e35f_20486>
...
040 (9146988.002.000) 08/03 10:30:50 Finished transferring input files
...
040 (9146988.001.000) 08/03 10:30:50 Finished transferring input files
...
001 (9146988.002.000) 08/03 10:30:50 Job executing on host: <188.185.192.173:9618?addrs=188.185.192.173-9618+[2001-1458-303-1f--100-a9]-9618&alias=b9p13p0054.cern.ch&noUDP&sock=startd_6207_106f>
	SlotName: slot1_16@b9p13p0054.cern.ch
	CondorScratchDir = "/pool/condor/dir_1328537"
	Cpus = 1
	Disk = 3954
	GPUs = 0
	Memory = 3000
...
001 (9146988.001.000) 08/03 10:30:50 Job executing on host: <188.185.213.214:9618?addrs=188.185.213.214-9618+[2001-1458-303-1b--100-52]-9618&alias=b9p28p1203.cern.ch&noUDP&sock=startd_3301_ca37>
	SlotName: slot1_8@b9p28p1203.cern.ch
	CondorScratchDir = "/pool/condor/dir_2788209"
	Cpus = 1
	Disk = 3934
	GPUs = 0
	Memory = 3000
...
040 (9146988.003.000) 08/03 10:30:51 Started transferring input files
	Transferring to host: <188.185.213.204:9618?addrs=188.185.213.204-9618+[2001-1458-303-1b--100-48]-9618&alias=b9p28p7017.cern.ch&noUDP&sock=slot1_9_9006_4aa7_18522>
...
040 (9146988.003.000) 08/03 10:30:51 Finished transferring input files
...
001 (9146988.003.000) 08/03 10:30:51 Job executing on host: <188.185.213.204:9618?addrs=188.185.213.204-9618+[2001-1458-303-1b--100-48]-9618&alias=b9p28p7017.cern.ch&noUDP&sock=startd_7849_56f1>
	SlotName: slot1_9@b9p28p7017.cern.ch
	CondorScratchDir = "/pool/condor/dir_1625999"
	Cpus = 1
	Disk = 3834
	GPUs = 0
	Memory = 3000
...
040 (9146988.004.000) 08/03 10:30:51 Started transferring input files
	Transferring to host: <188.185.214.97:9618?addrs=188.185.214.97-9618+[2001-1458-303-1c--100-5d]-9618&alias=b9p29p0113.cern.ch&noUDP&sock=slot1_14_8447_6cf1_18398>
...
040 (9146988.004.000) 08/03 10:30:51 Finished transferring input files
...
040 (9146988.006.000) 08/03 10:30:51 Started transferring input files
	Transferring to host: <188.185.212.197:9618?addrs=188.185.212.197-9618+[2001-1458-303-19--100-41]-9618&alias=b9p26p6528.cern.ch&noUDP&sock=slot1_13_6348_7d7b_18744>
...
001 (9146988.004.000) 08/03 10:30:51 Job executing on host: <188.185.214.97:9618?addrs=188.185.214.97-9618+[2001-1458-303-1c--100-5d]-9618&alias=b9p29p0113.cern.ch&noUDP&sock=startd_7603_9aa5>
	SlotName: slot1_14@b9p29p0113.cern.ch
	CondorScratchDir = "/pool/condor/dir_2289732"
	Cpus = 1
	Disk = 3858
	GPUs = 0
	Memory = 3000
...
040 (9146988.006.000) 08/03 10:30:51 Finished transferring input files
...
001 (9146988.006.000) 08/03 10:30:51 Job executing on host: <188.185.212.197:9618?addrs=188.185.212.197-9618+[2001-1458-303-19--100-41]-9618&alias=b9p26p6528.cern.ch&noUDP&sock=startd_5430_1b59>
	SlotName: slot1_13@b9p26p6528.cern.ch
	CondorScratchDir = "/pool/condor/dir_919914"
	Cpus = 1
	Disk = 3849
	GPUs = 0
	Memory = 3000
...
040 (9146988.005.000) 08/03 10:30:52 Started transferring input files
	Transferring to host: <188.185.212.232:9618?addrs=188.185.212.232-9618+[2001-1458-303-19--100-64]-9618&alias=b9p26p1694.cern.ch&noUDP&sock=slot1_18_4568_51b3_19939>
...
040 (9146988.005.000) 08/03 10:30:52 Finished transferring input files
...
001 (9146988.005.000) 08/03 10:30:52 Job executing on host: <188.185.212.232:9618?addrs=188.185.212.232-9618+[2001-1458-303-19--100-64]-9618&alias=b9p26p1694.cern.ch&noUDP&sock=startd_3927_2c80>
	SlotName: slot1_18@b9p26p1694.cern.ch
	CondorScratchDir = "/pool/condor/dir_2784033"
	Cpus = 1
	Disk = 3754
	GPUs = 0
	Memory = 3000
...
040 (9146988.008.000) 08/03 10:30:52 Started transferring input files
	Transferring to host: <188.185.214.96:9618?addrs=188.185.214.96-9618+[2001-1458-303-1c--100-5c]-9618&alias=b9p29p1112.cern.ch&noUDP&sock=slot1_23_6218_e4b6_19154>
...
040 (9146988.008.000) 08/03 10:30:52 Finished transferring input files
...
040 (9146988.007.000) 08/03 10:30:52 Started transferring input files
	Transferring to host: <188.185.215.184:9618?addrs=188.185.215.184-9618+[2001-1458-303-26--100-34]-9618&alias=b9p18p4694.cern.ch&noUDP&sock=slot1_10_7627_a94f_19274>
...
001 (9146988.008.000) 08/03 10:30:52 Job executing on host: <188.185.214.96:9618?addrs=188.185.214.96-9618+[2001-1458-303-1c--100-5c]-9618&alias=b9p29p1112.cern.ch&noUDP&sock=startd_5499_6f61>
	SlotName: slot1_23@b9p29p1112.cern.ch
	CondorScratchDir = "/pool/condor/dir_312197"
	Cpus = 1
	Disk = 3830
	GPUs = 0
	Memory = 3000
...
040 (9146988.007.000) 08/03 10:30:52 Finished transferring input files
...
001 (9146988.007.000) 08/03 10:30:52 Job executing on host: <188.185.215.184:9618?addrs=188.185.215.184-9618+[2001-1458-303-26--100-34]-9618&alias=b9p18p4694.cern.ch&noUDP&sock=startd_6566_4eef>
	SlotName: slot1_10@b9p18p4694.cern.ch
	CondorScratchDir = "/pool/condor/dir_3019465"
	Cpus = 1
	Disk = 3790
	GPUs = 0
	Memory = 3000
...
040 (9146988.009.000) 08/03 10:30:53 Started transferring input files
	Transferring to host: <188.185.213.233:9618?addrs=188.185.213.233-9618+[2001-1458-303-1b--100-65]-9618&alias=b9p28p1176.cern.ch&noUDP&sock=slot1_18_5874_83a8_20911>
...
040 (9146988.009.000) 08/03 10:30:53 Finished transferring input files
...
001 (9146988.009.000) 08/03 10:30:53 Job executing on host: <188.185.213.233:9618?addrs=188.185.213.233-9618+[2001-1458-303-1b--100-65]-9618&alias=b9p28p1176.cern.ch&noUDP&sock=startd_4973_a491>
	SlotName: slot1_18@b9p28p1176.cern.ch
	CondorScratchDir = "/pool/condor/dir_1659181"
	Cpus = 1
	Disk = 3833
	GPUs = 0
	Memory = 3000
...
040 (9146988.010.000) 08/03 10:30:53 Started transferring input files
	Transferring to host: <188.185.213.214:9618?addrs=188.185.213.214-9618+[2001-1458-303-1b--100-52]-9618&alias=b9p28p1203.cern.ch&noUDP&sock=slot1_10_4082_e35f_20487>
...
040 (9146988.012.000) 08/03 10:30:53 Started transferring input files
	Transferring to host: <188.185.213.204:9618?addrs=188.185.213.204-9618+[2001-1458-303-1b--100-48]-9618&alias=b9p28p7017.cern.ch&noUDP&sock=slot1_11_9006_4aa7_18523>
...
040 (9146988.010.000) 08/03 10:30:53 Finished transferring input files
...
040 (9146988.012.000) 08/03 10:30:53 Finished transferring input files
...
001 (9146988.010.000) 08/03 10:30:53 Job executing on host: <188.185.213.214:9618?addrs=188.185.213.214-9618+[2001-1458-303-1b--100-52]-9618&alias=b9p28p1203.cern.ch&noUDP&sock=startd_3301_ca37>
	SlotName: slot1_10@b9p28p1203.cern.ch
	CondorScratchDir = "/pool/condor/dir_2788496"
	Cpus = 1
	Disk = 3934
	GPUs = 0
	Memory = 3000
...
001 (9146988.012.000) 08/03 10:30:53 Job executing on host: <188.185.213.204:9618?addrs=188.185.213.204-9618+[2001-1458-303-1b--100-48]-9618&alias=b9p28p7017.cern.ch&noUDP&sock=startd_7849_56f1>
	SlotName: slot1_11@b9p28p7017.cern.ch
	CondorScratchDir = "/pool/condor/dir_1626380"
	Cpus = 1
	Disk = 3834
	GPUs = 0
	Memory = 3000
...
040 (9146988.016.000) 08/03 10:30:54 Started transferring input files
	Transferring to host: <188.185.213.233:9618?addrs=188.185.213.233-9618+[2001-1458-303-1b--100-65]-9618&alias=b9p28p1176.cern.ch&noUDP&sock=slot1_19_5874_83a8_20912>
...
040 (9146988.013.000) 08/03 10:30:54 Started transferring input files
	Transferring to host: <188.185.214.97:9618?addrs=188.185.214.97-9618+[2001-1458-303-1c--100-5d]-9618&alias=b9p29p0113.cern.ch&noUDP&sock=slot1_16_8447_6cf1_18399>
...
040 (9146988.016.000) 08/03 10:30:54 Finished transferring input files
...
040 (9146988.011.000) 08/03 10:30:54 Started transferring input files
	Transferring to host: <188.185.192.173:9618?addrs=188.185.192.173-9618+[2001-1458-303-1f--100-a9]-9618&alias=b9p13p0054.cern.ch&noUDP&sock=slot1_19_7418_66e7_16652>
...
040 (9146988.013.000) 08/03 10:30:54 Finished transferring input files
...
001 (9146988.016.000) 08/03 10:30:54 Job executing on host: <188.185.213.233:9618?addrs=188.185.213.233-9618+[2001-1458-303-1b--100-65]-9618&alias=b9p28p1176.cern.ch&noUDP&sock=startd_4973_a491>
	SlotName: slot1_19@b9p28p1176.cern.ch
	CondorScratchDir = "/pool/condor/dir_1659479"
	Cpus = 1
	Disk = 3833
	GPUs = 0
	Memory = 3000
...
040 (9146988.011.000) 08/03 10:30:54 Finished transferring input files
...
001 (9146988.013.000) 08/03 10:30:54 Job executing on host: <188.185.214.97:9618?addrs=188.185.214.97-9618+[2001-1458-303-1c--100-5d]-9618&alias=b9p29p0113.cern.ch&noUDP&sock=startd_7603_9aa5>
	SlotName: slot1_16@b9p29p0113.cern.ch
	CondorScratchDir = "/pool/condor/dir_2290020"
	Cpus = 1
	Disk = 3858
	GPUs = 0
	Memory = 3000
...
001 (9146988.011.000) 08/03 10:30:54 Job executing on host: <188.185.192.173:9618?addrs=188.185.192.173-9618+[2001-1458-303-1f--100-a9]-9618&alias=b9p13p0054.cern.ch&noUDP&sock=startd_6207_106f>
	SlotName: slot1_19@b9p13p0054.cern.ch
	CondorScratchDir = "/pool/condor/dir_1328902"
	Cpus = 1
	Disk = 3954
	GPUs = 0
	Memory = 3000
...
040 (9146988.015.000) 08/03 10:30:55 Started transferring input files
	Transferring to host: <188.185.214.96:9618?addrs=188.185.214.96-9618+[2001-1458-303-1c--100-5c]-9618&alias=b9p29p1112.cern.ch&noUDP&sock=slot1_32_6218_e4b6_19155>
...
040 (9146988.017.000) 08/03 10:30:55 Started transferring input files
	Transferring to host: <188.185.213.214:9618?addrs=188.185.213.214-9618+[2001-1458-303-1b--100-52]-9618&alias=b9p28p1203.cern.ch&noUDP&sock=slot1_11_4082_e35f_20488>
...
040 (9146988.014.000) 08/03 10:30:55 Started transferring input files
	Transferring to host: <188.185.215.184:9618?addrs=188.185.215.184-9618+[2001-1458-303-26--100-34]-9618&alias=b9p18p4694.cern.ch&noUDP&sock=slot1_12_7627_a94f_19275>
...
040 (9146988.015.000) 08/03 10:30:55 Finished transferring input files
...
040 (9146988.017.000) 08/03 10:30:55 Finished transferring input files
...
001 (9146988.015.000) 08/03 10:30:55 Job executing on host: <188.185.214.96:9618?addrs=188.185.214.96-9618+[2001-1458-303-1c--100-5c]-9618&alias=b9p29p1112.cern.ch&noUDP&sock=startd_5499_6f61>
	SlotName: slot1_32@b9p29p1112.cern.ch
	CondorScratchDir = "/pool/condor/dir_312498"
	Cpus = 1
	Disk = 3830
	GPUs = 0
	Memory = 3000
...
040 (9146988.014.000) 08/03 10:30:55 Finished transferring input files
...
001 (9146988.017.000) 08/03 10:30:55 Job executing on host: <188.185.213.214:9618?addrs=188.185.213.214-9618+[2001-1458-303-1b--100-52]-9618&alias=b9p28p1203.cern.ch&noUDP&sock=startd_3301_ca37>
	SlotName: slot1_11@b9p28p1203.cern.ch
	CondorScratchDir = "/pool/condor/dir_2788792"
	Cpus = 1
	Disk = 3934
	GPUs = 0
	Memory = 3000
...
001 (9146988.014.000) 08/03 10:30:55 Job executing on host: <188.185.215.184:9618?addrs=188.185.215.184-9618+[2001-1458-303-26--100-34]-9618&alias=b9p18p4694.cern.ch&noUDP&sock=startd_6566_4eef>
	SlotName: slot1_12@b9p18p4694.cern.ch
	CondorScratchDir = "/pool/condor/dir_3019860"
	Cpus = 1
	Disk = 3790
	GPUs = 0
	Memory = 3000
...
040 (9146988.019.000) 08/03 10:30:56 Started transferring input files
	Transferring to host: <188.185.192.173:9618?addrs=188.185.192.173-9618+[2001-1458-303-1f--100-a9]-9618&alias=b9p13p0054.cern.ch&noUDP&sock=slot1_20_7418_66e7_16653>
...
040 (9146988.018.000) 08/03 10:30:56 Started transferring input files
	Transferring to host: <188.185.213.204:9618?addrs=188.185.213.204-9618+[2001-1458-303-1b--100-48]-9618&alias=b9p28p7017.cern.ch&noUDP&sock=slot1_14_9006_4aa7_18524>
...
040 (9146988.019.000) 08/03 10:30:56 Finished transferring input files
...
040 (9146988.018.000) 08/03 10:30:56 Finished transferring input files
...
001 (9146988.019.000) 08/03 10:30:56 Job executing on host: <188.185.192.173:9618?addrs=188.185.192.173-9618+[2001-1458-303-1f--100-a9]-9618&alias=b9p13p0054.cern.ch&noUDP&sock=startd_6207_106f>
	SlotName: slot1_20@b9p13p0054.cern.ch
	CondorScratchDir = "/pool/condor/dir_1329191"
	Cpus = 1
	Disk = 3954
	GPUs = 0
	Memory = 3000
...
001 (9146988.018.000) 08/03 10:30:56 Job executing on host: <188.185.213.204:9618?addrs=188.185.213.204-9618+[2001-1458-303-1b--100-48]-9618&alias=b9p28p7017.cern.ch&noUDP&sock=startd_7849_56f1>
	SlotName: slot1_14@b9p28p7017.cern.ch
	CondorScratchDir = "/pool/condor/dir_1626670"
	Cpus = 1
	Disk = 3834
	GPUs = 0
	Memory = 3000
...
006 (9146988.003.000) 08/03 10:30:59 Image size of job updated: 282000
	45  -  MemoryUsage of job (MB)
	45676  -  ResidentSetSize of job (KB)
...
006 (9146988.004.000) 08/03 10:30:59 Image size of job updated: 290296
	78  -  MemoryUsage of job (MB)
	79188  -  ResidentSetSize of job (KB)
...
006 (9146988.006.000) 08/03 10:30:59 Image size of job updated: 305732
	79  -  MemoryUsage of job (MB)
	80088  -  ResidentSetSize of job (KB)
...
006 (9146988.000.000) 08/03 10:30:59 Image size of job updated: 306592
	79  -  MemoryUsage of job (MB)
	80244  -  ResidentSetSize of job (KB)
...
006 (9146988.002.000) 08/03 10:30:59 Image size of job updated: 292900
	78  -  MemoryUsage of job (MB)
	79728  -  ResidentSetSize of job (KB)
...
006 (9146988.001.000) 08/03 10:30:59 Image size of job updated: 288288
	79  -  MemoryUsage of job (MB)
	80012  -  ResidentSetSize of job (KB)
...
006 (9146988.009.000) 08/03 10:31:01 Image size of job updated: 292860
	78  -  MemoryUsage of job (MB)
	79832  -  ResidentSetSize of job (KB)
...
006 (9146988.010.000) 08/03 10:31:01 Image size of job updated: 292584
	78  -  MemoryUsage of job (MB)
	79480  -  ResidentSetSize of job (KB)
...
006 (9146988.012.000) 08/03 10:31:01 Image size of job updated: 286144
	70  -  MemoryUsage of job (MB)
	71632  -  ResidentSetSize of job (KB)
...
006 (9146988.005.000) 08/03 10:31:01 Image size of job updated: 294996
	79  -  MemoryUsage of job (MB)
	80012  -  ResidentSetSize of job (KB)
...
006 (9146988.008.000) 08/03 10:31:01 Image size of job updated: 284360
	79  -  MemoryUsage of job (MB)
	80016  -  ResidentSetSize of job (KB)
...
006 (9146988.007.000) 08/03 10:31:01 Image size of job updated: 286108
	78  -  MemoryUsage of job (MB)
	79760  -  ResidentSetSize of job (KB)
...
006 (9146988.016.000) 08/03 10:31:03 Image size of job updated: 298508
	79  -  MemoryUsage of job (MB)
	80188  -  ResidentSetSize of job (KB)
...
006 (9146988.013.000) 08/03 10:31:03 Image size of job updated: 80300
	79  -  MemoryUsage of job (MB)
	80300  -  ResidentSetSize of job (KB)
...
006 (9146988.011.000) 08/03 10:31:03 Image size of job updated: 286148
	79  -  MemoryUsage of job (MB)
	79988  -  ResidentSetSize of job (KB)
...
006 (9146988.017.000) 08/03 10:31:04 Image size of job updated: 284012
	79  -  MemoryUsage of job (MB)
	79912  -  ResidentSetSize of job (KB)
...
006 (9146988.015.000) 08/03 10:31:04 Image size of job updated: 293024
	79  -  MemoryUsage of job (MB)
	80244  -  ResidentSetSize of job (KB)
...
006 (9146988.014.000) 08/03 10:31:04 Image size of job updated: 294452
	79  -  MemoryUsage of job (MB)
	80432  -  ResidentSetSize of job (KB)
...
006 (9146988.019.000) 08/03 10:31:05 Image size of job updated: 288240
	79  -  MemoryUsage of job (MB)
	80004  -  ResidentSetSize of job (KB)
...
006 (9146988.018.000) 08/03 10:31:05 Image size of job updated: 284080
	79  -  MemoryUsage of job (MB)
	79924  -  ResidentSetSize of job (KB)
...
040 (9146988.000.000) 08/03 10:35:33 Started transferring output files
...
040 (9146988.000.000) 08/03 10:35:33 Finished transferring output files
...
005 (9146988.000.000) 08/03 10:35:33 Job terminated.
	(1) Normal termination (return value 0)
		Usr 0 00:02:45, Sys 0 00:00:24  -  Run Remote Usage
		Usr 0 00:00:00, Sys 0 00:00:00  -  Run Local Usage
		Usr 0 00:02:45, Sys 0 00:00:24  -  Total Remote Usage
		Usr 0 00:00:00, Sys 0 00:00:00  -  Total Local Usage
	239063  -  Run Bytes Sent By Job
	658818  -  Run Bytes Received By Job
	239063  -  Total Bytes Sent By Job
	658818  -  Total Bytes Received By Job
	Partitionable Resources :    Usage  Request Allocated 
	   Cpus                 :        0        1         1 
	   Disk (KB)            :     1029      750      3833 
	   GPUs                 :                           0 
	   Memory (MB)          :       79     3000      3000 
	   TimeExecute (s)      :      282                    
	   TimeSlotBusy (s)     :      283                    
...
040 (9146988.016.000) 08/03 10:35:39 Started transferring output files
...
040 (9146988.016.000) 08/03 10:35:39 Finished transferring output files
...
005 (9146988.016.000) 08/03 10:35:40 Job terminated.
	(1) Normal termination (return value 0)
		Usr 0 00:02:42, Sys 0 00:00:26  -  Run Remote Usage
		Usr 0 00:00:00, Sys 0 00:00:00  -  Run Local Usage
		Usr 0 00:02:42, Sys 0 00:00:26  -  Total Remote Usage
		Usr 0 00:00:00, Sys 0 00:00:00  -  Total Local Usage
	240043  -  Run Bytes Sent By Job
	658818  -  Run Bytes Received By Job
	240043  -  Total Bytes Sent By Job
	658818  -  Total Bytes Received By Job
	Partitionable Resources :    Usage  Request Allocated 
	   Cpus                 :        0        1         1 
	   Disk (KB)            :     1030      750      3833 
	   GPUs                 :                           0 
	   Memory (MB)          :       79     3000      3000 
	   TimeExecute (s)      :      285                    
	   TimeSlotBusy (s)     :      285                    
...
040 (9146988.009.000) 08/03 10:35:50 Started transferring output files
...
040 (9146988.009.000) 08/03 10:35:50 Finished transferring output files
...
005 (9146988.009.000) 08/03 10:35:50 Job terminated.
	(1) Normal termination (return value 0)
		Usr 0 00:02:47, Sys 0 00:00:26  -  Run Remote Usage
		Usr 0 00:00:00, Sys 0 00:00:00  -  Run Local Usage
		Usr 0 00:02:47, Sys 0 00:00:26  -  Total Remote Usage
		Usr 0 00:00:00, Sys 0 00:00:00  -  Total Local Usage
	238975  -  Run Bytes Sent By Job
	658818  -  Run Bytes Received By Job
	238975  -  Total Bytes Sent By Job
	658818  -  Total Bytes Received By Job
	Partitionable Resources :    Usage  Request Allocated 
	   Cpus                 :        0        1         1 
	   Disk (KB)            :     1029      750      3833 
	   GPUs                 :                           0 
	   Memory (MB)          :       78     3000      3000 
	   TimeExecute (s)      :      296                    
	   TimeSlotBusy (s)     :      297                    
...
040 (9146988.005.000) 08/03 10:35:54 Started transferring output files
...
040 (9146988.005.000) 08/03 10:35:54 Finished transferring output files
...
005 (9146988.005.000) 08/03 10:35:54 Job terminated.
	(1) Normal termination (return value 0)
		Usr 0 00:02:44, Sys 0 00:00:25  -  Run Remote Usage
		Usr 0 00:00:00, Sys 0 00:00:00  -  Run Local Usage
		Usr 0 00:02:44, Sys 0 00:00:25  -  Total Remote Usage
		Usr 0 00:00:00, Sys 0 00:00:00  -  Total Local Usage
	239715  -  Run Bytes Sent By Job
	658818  -  Run Bytes Received By Job
	239715  -  Total Bytes Sent By Job
	658818  -  Total Bytes Received By Job
	Partitionable Resources :    Usage  Request Allocated 
	   Cpus                 :        0        1         1 
	   Disk (KB)            :     1030      750      3754 
	   GPUs                 :                           0 
	   Memory (MB)          :       79     3000      3000 
	   TimeExecute (s)      :      301                    
	   TimeSlotBusy (s)     :      302                    
...
040 (9146988.015.000) 08/03 10:35:55 Started transferring output files
...
040 (9146988.015.000) 08/03 10:35:55 Finished transferring output files
...
005 (9146988.015.000) 08/03 10:35:55 Job terminated.
	(1) Normal termination (return value 0)
		Usr 0 00:03:00, Sys 0 00:00:29  -  Run Remote Usage
		Usr 0 00:00:00, Sys 0 00:00:00  -  Run Local Usage
		Usr 0 00:03:00, Sys 0 00:00:29  -  Total Remote Usage
		Usr 0 00:00:00, Sys 0 00:00:00  -  Total Local Usage
	236864  -  Run Bytes Sent By Job
	658818  -  Run Bytes Received By Job
	236864  -  Total Bytes Sent By Job
	658818  -  Total Bytes Received By Job
	Partitionable Resources :    Usage  Request Allocated 
	   Cpus                 :     0.73        1         1 
	   Disk (KB)            :  1027         750      3830 
	   GPUs                 :                           0 
	   Memory (MB)          :    79        3000      3000 
	   TimeExecute (s)      :   299                       
	   TimeSlotBusy (s)     :   300                       
...
006 (9146988.013.000) 08/03 10:35:55 Image size of job updated: 101592
	79  -  MemoryUsage of job (MB)
	80300  -  ResidentSetSize of job (KB)
...
040 (9146988.013.000) 08/03 10:35:56 Started transferring output files
...
040 (9146988.013.000) 08/03 10:35:56 Finished transferring output files
...
005 (9146988.013.000) 08/03 10:35:56 Job terminated.
	(1) Normal termination (return value 0)
		Usr 0 00:02:56, Sys 0 00:00:29  -  Run Remote Usage
		Usr 0 00:00:00, Sys 0 00:00:00  -  Run Local Usage
		Usr 0 00:02:56, Sys 0 00:00:29  -  Total Remote Usage
		Usr 0 00:00:00, Sys 0 00:00:00  -  Total Local Usage
	235529  -  Run Bytes Sent By Job
	658818  -  Run Bytes Received By Job
	235529  -  Total Bytes Sent By Job
	658818  -  Total Bytes Received By Job
	Partitionable Resources :    Usage  Request Allocated 
	   Cpus                 :        0        1         1 
	   Disk (KB)            :     1026      750      3858 
	   GPUs                 :                           0 
	   Memory (MB)          :       79     3000      3000 
	   TimeExecute (s)      :      301                    
	   TimeSlotBusy (s)     :      302                    
...
006 (9146988.004.000) 08/03 10:35:59 Image size of job updated: 290296
	99  -  MemoryUsage of job (MB)
	101344  -  ResidentSetSize of job (KB)
...
006 (9146988.003.000) 08/03 10:35:59 Image size of job updated: 282000
	99  -  MemoryUsage of job (MB)
	100504  -  ResidentSetSize of job (KB)
...
040 (9146988.012.000) 08/03 10:35:59 Started transferring output files
...
006 (9146988.006.000) 08/03 10:35:59 Image size of job updated: 305732
	99  -  MemoryUsage of job (MB)
	100480  -  ResidentSetSize of job (KB)
...
040 (9146988.012.000) 08/03 10:35:59 Finished transferring output files
...
005 (9146988.012.000) 08/03 10:36:00 Job terminated.
	(1) Normal termination (return value 0)
		Usr 0 00:03:02, Sys 0 00:00:30  -  Run Remote Usage
		Usr 0 00:00:00, Sys 0 00:00:00  -  Run Local Usage
		Usr 0 00:03:02, Sys 0 00:00:30  -  Total Remote Usage
		Usr 0 00:00:00, Sys 0 00:00:00  -  Total Local Usage
	238275  -  Run Bytes Sent By Job
	658818  -  Run Bytes Received By Job
	238275  -  Total Bytes Sent By Job
	658818  -  Total Bytes Received By Job
	Partitionable Resources :    Usage  Request Allocated 
	   Cpus                 :     0.72        1         1 
	   Disk (KB)            :  1029         750      3834 
	   GPUs                 :                           0 
	   Memory (MB)          :    70        3000      3000 
	   TimeExecute (s)      :   306                       
	   TimeSlotBusy (s)     :   306                       
...
006 (9146988.002.000) 08/03 10:36:00 Image size of job updated: 292900
	98  -  MemoryUsage of job (MB)
	100116  -  ResidentSetSize of job (KB)
...
006 (9146988.001.000) 08/03 10:36:00 Image size of job updated: 288288
	99  -  MemoryUsage of job (MB)
	101080  -  ResidentSetSize of job (KB)
...
040 (9146988.018.000) 08/03 10:36:00 Started transferring output files
...
040 (9146988.018.000) 08/03 10:36:00 Finished transferring output files
...
005 (9146988.018.000) 08/03 10:36:00 Job terminated.
	(1) Normal termination (return value 0)
		Usr 0 00:03:00, Sys 0 00:00:29  -  Run Remote Usage
		Usr 0 00:00:00, Sys 0 00:00:00  -  Run Local Usage
		Usr 0 00:03:00, Sys 0 00:00:29  -  Total Remote Usage
		Usr 0 00:00:00, Sys 0 00:00:00  -  Total Local Usage
	239521  -  Run Bytes Sent By Job
	658818  -  Run Bytes Received By Job
	239521  -  Total Bytes Sent By Job
	658818  -  Total Bytes Received By Job
	Partitionable Resources :    Usage  Request Allocated 
	   Cpus                 :     0.69        1         1 
	   Disk (KB)            :  1030         750      3834 
	   GPUs                 :                           0 
	   Memory (MB)          :    79        3000      3000 
	   TimeExecute (s)      :   303                       
	   TimeSlotBusy (s)     :   304                       
...
040 (9146988.004.000) 08/03 10:36:01 Started transferring output files
...
040 (9146988.004.000) 08/03 10:36:01 Finished transferring output files
...
005 (9146988.004.000) 08/03 10:36:01 Job terminated.
	(1) Normal termination (return value 0)
		Usr 0 00:02:55, Sys 0 00:00:27  -  Run Remote Usage
		Usr 0 00:00:00, Sys 0 00:00:00  -  Run Local Usage
		Usr 0 00:02:55, Sys 0 00:00:27  -  Total Remote Usage
		Usr 0 00:00:00, Sys 0 00:00:00  -  Total Local Usage
	237824  -  Run Bytes Sent By Job
	658818  -  Run Bytes Received By Job
	237824  -  Total Bytes Sent By Job
	658818  -  Total Bytes Received By Job
	Partitionable Resources :    Usage  Request Allocated 
	   Cpus                 :        0        1         1 
	   Disk (KB)            :     1028      750      3858 
	   GPUs                 :                           0 
	   Memory (MB)          :       99     3000      3000 
	   TimeExecute (s)      :      309                    
	   TimeSlotBusy (s)     :      310                    
...
006 (9146988.010.000) 08/03 10:36:01 Image size of job updated: 292584
	99  -  MemoryUsage of job (MB)
	101164  -  ResidentSetSize of job (KB)
...
006 (9146988.008.000) 08/03 10:36:02 Image size of job updated: 284360
	99  -  MemoryUsage of job (MB)
	100884  -  ResidentSetSize of job (KB)
...
006 (9146988.007.000) 08/03 10:36:02 Image size of job updated: 286108
	98  -  MemoryUsage of job (MB)
	100256  -  ResidentSetSize of job (KB)
...
006 (9146988.011.000) 08/03 10:36:04 Image size of job updated: 286148
	97  -  MemoryUsage of job (MB)
	98896  -  ResidentSetSize of job (KB)
...
006 (9146988.017.000) 08/03 10:36:05 Image size of job updated: 284012
	99  -  MemoryUsage of job (MB)
	101324  -  ResidentSetSize of job (KB)
...
006 (9146988.014.000) 08/03 10:36:05 Image size of job updated: 294452
	99  -  MemoryUsage of job (MB)
	100976  -  ResidentSetSize of job (KB)
...
040 (9146988.010.000) 08/03 10:36:05 Started transferring output files
...
040 (9146988.010.000) 08/03 10:36:05 Finished transferring output files
...
005 (9146988.010.000) 08/03 10:36:06 Job terminated.
	(1) Normal termination (return value 0)
		Usr 0 00:02:59, Sys 0 00:00:29  -  Run Remote Usage
		Usr 0 00:00:00, Sys 0 00:00:00  -  Run Local Usage
		Usr 0 00:02:59, Sys 0 00:00:29  -  Total Remote Usage
		Usr 0 00:00:00, Sys 0 00:00:00  -  Total Local Usage
	239448  -  Run Bytes Sent By Job
	658818  -  Run Bytes Received By Job
	239448  -  Total Bytes Sent By Job
	658818  -  Total Bytes Received By Job
	Partitionable Resources :    Usage  Request Allocated 
	   Cpus                 :     0.72        1         1 
	   Disk (KB)            :  1030         750      3934 
	   GPUs                 :                           0 
	   Memory (MB)          :    99        3000      3000 
	   TimeExecute (s)      :   312                       
	   TimeSlotBusy (s)     :   312                       
...
040 (9146988.017.000) 08/03 10:36:06 Started transferring output files
...
040 (9146988.017.000) 08/03 10:36:06 Finished transferring output files
...
005 (9146988.017.000) 08/03 10:36:06 Job terminated.
	(1) Normal termination (return value 0)
		Usr 0 00:03:02, Sys 0 00:00:31  -  Run Remote Usage
		Usr 0 00:00:00, Sys 0 00:00:00  -  Run Local Usage
		Usr 0 00:03:02, Sys 0 00:00:31  -  Total Remote Usage
		Usr 0 00:00:00, Sys 0 00:00:00  -  Total Local Usage
	236999  -  Run Bytes Sent By Job
	658818  -  Run Bytes Received By Job
	236999  -  Total Bytes Sent By Job
	658818  -  Total Bytes Received By Job
	Partitionable Resources :    Usage  Request Allocated 
	   Cpus                 :     0.72        1         1 
	   Disk (KB)            :  1027         750      3934 
	   GPUs                 :                           0 
	   Memory (MB)          :    99        3000      3000 
	   TimeExecute (s)      :   310                       
	   TimeSlotBusy (s)     :   311                       
...
006 (9146988.019.000) 08/03 10:36:06 Image size of job updated: 288240
	99  -  MemoryUsage of job (MB)
	100496  -  ResidentSetSize of job (KB)
...
040 (9146988.001.000) 08/03 10:36:07 Started transferring output files
...
040 (9146988.001.000) 08/03 10:36:07 Finished transferring output files
...
005 (9146988.001.000) 08/03 10:36:07 Job terminated.
	(1) Normal termination (return value 0)
		Usr 0 00:03:00, Sys 0 00:00:28  -  Run Remote Usage
		Usr 0 00:00:00, Sys 0 00:00:00  -  Run Local Usage
		Usr 0 00:03:00, Sys 0 00:00:28  -  Total Remote Usage
		Usr 0 00:00:00, Sys 0 00:00:00  -  Total Local Usage
	239366  -  Run Bytes Sent By Job
	658818  -  Run Bytes Received By Job
	239366  -  Total Bytes Sent By Job
	658818  -  Total Bytes Received By Job
	Partitionable Resources :    Usage  Request Allocated 
	   Cpus                 :     0.71        1         1 
	   Disk (KB)            :  1030         750      3934 
	   GPUs                 :                           0 
	   Memory (MB)          :    99        3000      3000 
	   TimeExecute (s)      :   316                       
	   TimeSlotBusy (s)     :   317                       
...
040 (9146988.014.000) 08/03 10:36:08 Started transferring output files
...
040 (9146988.014.000) 08/03 10:36:08 Finished transferring output files
...
005 (9146988.014.000) 08/03 10:36:08 Job terminated.
	(1) Normal termination (return value 0)
		Usr 0 00:02:52, Sys 0 00:00:29  -  Run Remote Usage
		Usr 0 00:00:00, Sys 0 00:00:00  -  Run Local Usage
		Usr 0 00:02:52, Sys 0 00:00:29  -  Total Remote Usage
		Usr 0 00:00:00, Sys 0 00:00:00  -  Total Local Usage
	237927  -  Run Bytes Sent By Job
	658818  -  Run Bytes Received By Job
	237927  -  Total Bytes Sent By Job
	658818  -  Total Bytes Received By Job
	Partitionable Resources :    Usage  Request Allocated 
	   Cpus                 :        0        1         1 
	   Disk (KB)            :     1028      750      3790 
	   GPUs                 :                           0 
	   Memory (MB)          :       99     3000      3000 
	   TimeExecute (s)      :      312                    
	   TimeSlotBusy (s)     :      313                    
...
040 (9146988.008.000) 08/03 10:36:12 Started transferring output files
...
040 (9146988.008.000) 08/03 10:36:12 Finished transferring output files
...
005 (9146988.008.000) 08/03 10:36:12 Job terminated.
	(1) Normal termination (return value 0)
		Usr 0 00:02:58, Sys 0 00:00:28  -  Run Remote Usage
		Usr 0 00:00:00, Sys 0 00:00:00  -  Run Local Usage
		Usr 0 00:02:58, Sys 0 00:00:28  -  Total Remote Usage
		Usr 0 00:00:00, Sys 0 00:00:00  -  Total Local Usage
	236632  -  Run Bytes Sent By Job
	658818  -  Run Bytes Received By Job
	236632  -  Total Bytes Sent By Job
	658818  -  Total Bytes Received By Job
	Partitionable Resources :    Usage  Request Allocated 
	   Cpus                 :     0.73        1         1 
	   Disk (KB)            :  1027         750      3830 
	   GPUs                 :                           0 
	   Memory (MB)          :    99        3000      3000 
	   TimeExecute (s)      :   319                       
	   TimeSlotBusy (s)     :   320                       
...
040 (9146988.006.000) 08/03 10:36:14 Started transferring output files
...
040 (9146988.006.000) 08/03 10:36:14 Finished transferring output files
...
005 (9146988.006.000) 08/03 10:36:15 Job terminated.
	(1) Normal termination (return value 0)
		Usr 0 00:02:56, Sys 0 00:00:27  -  Run Remote Usage
		Usr 0 00:00:00, Sys 0 00:00:00  -  Run Local Usage
		Usr 0 00:02:56, Sys 0 00:00:27  -  Total Remote Usage
		Usr 0 00:00:00, Sys 0 00:00:00  -  Total Local Usage
	237723  -  Run Bytes Sent By Job
	658818  -  Run Bytes Received By Job
	237723  -  Total Bytes Sent By Job
	658818  -  Total Bytes Received By Job
	Partitionable Resources :    Usage  Request Allocated 
	   Cpus                 :        0        1         1 
	   Disk (KB)            :     1028      750      3849 
	   GPUs                 :                           0 
	   Memory (MB)          :       99     3000      3000 
	   TimeExecute (s)      :      323                    
	   TimeSlotBusy (s)     :      323                    
...
040 (9146988.007.000) 08/03 10:36:19 Started transferring output files
...
040 (9146988.007.000) 08/03 10:36:19 Finished transferring output files
...
040 (9146988.003.000) 08/03 10:36:19 Started transferring output files
...
040 (9146988.003.000) 08/03 10:36:19 Finished transferring output files
...
005 (9146988.007.000) 08/03 10:36:19 Job terminated.
	(1) Normal termination (return value 0)
		Usr 0 00:02:56, Sys 0 00:00:29  -  Run Remote Usage
		Usr 0 00:00:00, Sys 0 00:00:00  -  Run Local Usage
		Usr 0 00:02:56, Sys 0 00:00:29  -  Total Remote Usage
		Usr 0 00:00:00, Sys 0 00:00:00  -  Total Local Usage
	236991  -  Run Bytes Sent By Job
	658818  -  Run Bytes Received By Job
	236991  -  Total Bytes Sent By Job
	658818  -  Total Bytes Received By Job
	Partitionable Resources :    Usage  Request Allocated 
	   Cpus                 :        0        1         1 
	   Disk (KB)            :     1027      750      3790 
	   GPUs                 :                           0 
	   Memory (MB)          :       98     3000      3000 
	   TimeExecute (s)      :      326                    
	   TimeSlotBusy (s)     :      327                    
...
005 (9146988.003.000) 08/03 10:36:19 Job terminated.
	(1) Normal termination (return value 0)
		Usr 0 00:03:02, Sys 0 00:00:29  -  Run Remote Usage
		Usr 0 00:00:00, Sys 0 00:00:00  -  Run Local Usage
		Usr 0 00:03:02, Sys 0 00:00:29  -  Total Remote Usage
		Usr 0 00:00:00, Sys 0 00:00:00  -  Total Local Usage
	238112  -  Run Bytes Sent By Job
	658818  -  Run Bytes Received By Job
	238112  -  Total Bytes Sent By Job
	658818  -  Total Bytes Received By Job
	Partitionable Resources :    Usage  Request Allocated 
	   Cpus                 :     0.72        1         1 
	   Disk (KB)            :  1028         750      3834 
	   GPUs                 :                           0 
	   Memory (MB)          :    99        3000      3000 
	   TimeExecute (s)      :   327                       
	   TimeSlotBusy (s)     :   328                       
...
040 (9146988.019.000) 08/03 10:36:21 Started transferring output files
...
040 (9146988.019.000) 08/03 10:36:22 Finished transferring output files
...
005 (9146988.019.000) 08/03 10:36:22 Job terminated.
	(1) Normal termination (return value 0)
		Usr 0 00:03:35, Sys 0 00:00:17  -  Run Remote Usage
		Usr 0 00:00:00, Sys 0 00:00:00  -  Run Local Usage
		Usr 0 00:03:35, Sys 0 00:00:17  -  Total Remote Usage
		Usr 0 00:00:00, Sys 0 00:00:00  -  Total Local Usage
	236995  -  Run Bytes Sent By Job
	658818  -  Run Bytes Received By Job
	236995  -  Total Bytes Sent By Job
	658818  -  Total Bytes Received By Job
	Partitionable Resources :    Usage  Request Allocated 
	   Cpus                 :     0.79        1         1 
	   Disk (KB)            :  1027         750      3954 
	   GPUs                 :                           0 
	   Memory (MB)          :    99        3000      3000 
	   TimeExecute (s)      :   324                       
	   TimeSlotBusy (s)     :   326                       
...
040 (9146988.002.000) 08/03 10:36:25 Started transferring output files
...
040 (9146988.002.000) 08/03 10:36:25 Finished transferring output files
...
005 (9146988.002.000) 08/03 10:36:25 Job terminated.
	(1) Normal termination (return value 0)
		Usr 0 00:03:36, Sys 0 00:00:17  -  Run Remote Usage
		Usr 0 00:00:00, Sys 0 00:00:00  -  Run Local Usage
		Usr 0 00:03:36, Sys 0 00:00:17  -  Total Remote Usage
		Usr 0 00:00:00, Sys 0 00:00:00  -  Total Local Usage
	236826  -  Run Bytes Sent By Job
	658818  -  Run Bytes Received By Job
	236826  -  Total Bytes Sent By Job
	658818  -  Total Bytes Received By Job
	Partitionable Resources :    Usage  Request Allocated 
	   Cpus                 :     0.78        1         1 
	   Disk (KB)            :  1027         750      3954 
	   GPUs                 :                           0 
	   Memory (MB)          :    98        3000      3000 
	   TimeExecute (s)      :   334                       
	   TimeSlotBusy (s)     :   335                       
...
040 (9146988.011.000) 08/03 10:36:47 Started transferring output files
...
040 (9146988.011.000) 08/03 10:36:47 Finished transferring output files
...
005 (9146988.011.000) 08/03 10:36:47 Job terminated.
	(1) Normal termination (return value 0)
		Usr 0 00:03:37, Sys 0 00:00:17  -  Run Remote Usage
		Usr 0 00:00:00, Sys 0 00:00:00  -  Run Local Usage
		Usr 0 00:03:37, Sys 0 00:00:17  -  Total Remote Usage
		Usr 0 00:00:00, Sys 0 00:00:00  -  Total Local Usage
	236693  -  Run Bytes Sent By Job
	658818  -  Run Bytes Received By Job
	236693  -  Total Bytes Sent By Job
	658818  -  Total Bytes Received By Job
	Partitionable Resources :    Usage  Request Allocated 
	   Cpus                 :     0.74        1         1 
	   Disk (KB)            :  1027         750      3954 
	   GPUs                 :                           0 
	   Memory (MB)          :    97        3000      3000 
	   TimeExecute (s)      :   353                       
	   TimeSlotBusy (s)     :   353                       
...
000 (9146994.000.000) 08/03 10:59:35 Job submitted from host: <188.185.125.71:9618?addrs=188.185.125.71-9618+[2001-1458-d00-4a--100-15e]-9618&alias=bigbird28.cern.ch&noUDP&sock=schedd_1249217_88f9>
...
000 (9146994.001.000) 08/03 10:59:35 Job submitted from host: <188.185.125.71:9618?addrs=188.185.125.71-9618+[2001-1458-d00-4a--100-15e]-9618&alias=bigbird28.cern.ch&noUDP&sock=schedd_1249217_88f9>
...
000 (9146994.010.000) 08/03 10:59:35 Job submitted from host: <188.185.125.71:9618?addrs=188.185.125.71-9618+[2001-1458-d00-4a--100-15e]-9618&alias=bigbird28.cern.ch&noUDP&sock=schedd_1249217_88f9>
...
000 (9146994.011.000) 08/03 10:59:35 Job submitted from host: <188.185.125.71:9618?addrs=188.185.125.71-9618+[2001-1458-d00-4a--100-15e]-9618&alias=bigbird28.cern.ch&noUDP&sock=schedd_1249217_88f9>
...
000 (9146994.012.000) 08/03 10:59:35 Job submitted from host: <188.185.125.71:9618?addrs=188.185.125.71-9618+[2001-1458-d00-4a--100-15e]-9618&alias=bigbird28.cern.ch&noUDP&sock=schedd_1249217_88f9>
...
000 (9146994.013.000) 08/03 10:59:35 Job submitted from host: <188.185.125.71:9618?addrs=188.185.125.71-9618+[2001-1458-d00-4a--100-15e]-9618&alias=bigbird28.cern.ch&noUDP&sock=schedd_1249217_88f9>
...
000 (9146994.014.000) 08/03 10:59:35 Job submitted from host: <188.185.125.71:9618?addrs=188.185.125.71-9618+[2001-1458-d00-4a--100-15e]-9618&alias=bigbird28.cern.ch&noUDP&sock=schedd_1249217_88f9>
...
000 (9146994.015.000) 08/03 10:59:35 Job submitted from host: <188.185.125.71:9618?addrs=188.185.125.71-9618+[2001-1458-d00-4a--100-15e]-9618&alias=bigbird28.cern.ch&noUDP&sock=schedd_1249217_88f9>
...
000 (9146994.016.000) 08/03 10:59:35 Job submitted from host: <188.185.125.71:9618?addrs=188.185.125.71-9618+[2001-1458-d00-4a--100-15e]-9618&alias=bigbird28.cern.ch&noUDP&sock=schedd_1249217_88f9>
...
000 (9146994.017.000) 08/03 10:59:35 Job submitted from host: <188.185.125.71:9618?addrs=188.185.125.71-9618+[2001-1458-d00-4a--100-15e]-9618&alias=bigbird28.cern.ch&noUDP&sock=schedd_1249217_88f9>
...
000 (9146994.018.000) 08/03 10:59:35 Job submitted from host: <188.185.125.71:9618?addrs=188.185.125.71-9618+[2001-1458-d00-4a--100-15e]-9618&alias=bigbird28.cern.ch&noUDP&sock=schedd_1249217_88f9>
...
000 (9146994.019.000) 08/03 10:59:35 Job submitted from host: <188.185.125.71:9618?addrs=188.185.125.71-9618+[2001-1458-d00-4a--100-15e]-9618&alias=bigbird28.cern.ch&noUDP&sock=schedd_1249217_88f9>
...
000 (9146994.002.000) 08/03 10:59:35 Job submitted from host: <188.185.125.71:9618?addrs=188.185.125.71-9618+[2001-1458-d00-4a--100-15e]-9618&alias=bigbird28.cern.ch&noUDP&sock=schedd_1249217_88f9>
...
000 (9146994.003.000) 08/03 10:59:35 Job submitted from host: <188.185.125.71:9618?addrs=188.185.125.71-9618+[2001-1458-d00-4a--100-15e]-9618&alias=bigbird28.cern.ch&noUDP&sock=schedd_1249217_88f9>
...
000 (9146994.004.000) 08/03 10:59:35 Job submitted from host: <188.185.125.71:9618?addrs=188.185.125.71-9618+[2001-1458-d00-4a--100-15e]-9618&alias=bigbird28.cern.ch&noUDP&sock=schedd_1249217_88f9>
...
000 (9146994.005.000) 08/03 10:59:35 Job submitted from host: <188.185.125.71:9618?addrs=188.185.125.71-9618+[2001-1458-d00-4a--100-15e]-9618&alias=bigbird28.cern.ch&noUDP&sock=schedd_1249217_88f9>
...
000 (9146994.006.000) 08/03 10:59:35 Job submitted from host: <188.185.125.71:9618?addrs=188.185.125.71-9618+[2001-1458-d00-4a--100-15e]-9618&alias=bigbird28.cern.ch&noUDP&sock=schedd_1249217_88f9>
...
000 (9146994.007.000) 08/03 10:59:35 Job submitted from host: <188.185.125.71:9618?addrs=188.185.125.71-9618+[2001-1458-d00-4a--100-15e]-9618&alias=bigbird28.cern.ch&noUDP&sock=schedd_1249217_88f9>
...
000 (9146994.008.000) 08/03 10:59:35 Job submitted from host: <188.185.125.71:9618?addrs=188.185.125.71-9618+[2001-1458-d00-4a--100-15e]-9618&alias=bigbird28.cern.ch&noUDP&sock=schedd_1249217_88f9>
...
000 (9146994.009.000) 08/03 10:59:35 Job submitted from host: <188.185.125.71:9618?addrs=188.185.125.71-9618+[2001-1458-d00-4a--100-15e]-9618&alias=bigbird28.cern.ch&noUDP&sock=schedd_1249217_88f9>
...
040 (9146994.003.000) 08/03 11:00:55 Started transferring input files
	Transferring to host: <188.185.210.83:9618?addrs=188.185.210.83-9618+[2001-1458-303-1--100-4f]-9618&alias=b9p21p5499.cern.ch&noUDP&sock=slot1_26_2761_1fc9_17612>
...
040 (9146994.003.000) 08/03 11:00:55 Finished transferring input files
...
001 (9146994.003.000) 08/03 11:00:55 Job executing on host: <188.185.210.83:9618?addrs=188.185.210.83-9618+[2001-1458-303-1--100-4f]-9618&alias=b9p21p5499.cern.ch&noUDP&sock=startd_2715_d7b8>
	SlotName: slot1_26@b9p21p5499.cern.ch
	CondorScratchDir = "/pool/condor/dir_1097280"
	Cpus = 1
	Disk = 3812
	GPUs = 0
	Memory = 3000
...
040 (9146994.005.000) 08/03 11:00:59 Started transferring input files
	Transferring to host: <188.185.212.75:9618?addrs=188.185.212.75-9618+[2001-1458-303-18--100-47]-9618&alias=b9p25p6425.cern.ch&noUDP&sock=slot1_11_5892_3269_17045>
...
040 (9146994.004.000) 08/03 11:00:59 Started transferring input files
	Transferring to host: <188.185.210.54:9618?addrs=188.185.210.54-9618+[2001-1458-303-1--100-32]-9618&alias=b9p21p3078.cern.ch&noUDP&sock=slot1_2_4146_fb62_17670>
...
040 (9146994.005.000) 08/03 11:00:59 Finished transferring input files
...
001 (9146994.005.000) 08/03 11:00:59 Job executing on host: <188.185.212.75:9618?addrs=188.185.212.75-9618+[2001-1458-303-18--100-47]-9618&alias=b9p25p6425.cern.ch&noUDP&sock=startd_5145_9edb>
	SlotName: slot1_11@b9p25p6425.cern.ch
	CondorScratchDir = "/pool/condor/dir_397664"
	Cpus = 1
	Disk = 3821
	GPUs = 0
	Memory = 3000
...
040 (9146994.004.000) 08/03 11:00:59 Finished transferring input files
...
001 (9146994.004.000) 08/03 11:00:59 Job executing on host: <188.185.210.54:9618?addrs=188.185.210.54-9618+[2001-1458-303-1--100-32]-9618&alias=b9p21p3078.cern.ch&noUDP&sock=startd_3323_e14c>
	SlotName: slot1_2@b9p21p3078.cern.ch
	CondorScratchDir = "/pool/condor/dir_1128889"
	Cpus = 1
	Disk = 3793
	GPUs = 0
	Memory = 3000
...
040 (9146994.006.000) 08/03 11:01:01 Started transferring input files
	Transferring to host: <188.185.192.112:9618?addrs=188.185.192.112-9618+[2001-1458-303-1f--100-6c]-9618&alias=b9p13p2520.cern.ch&noUDP&sock=slot1_29_8484_7ed2_14820>
...
040 (9146994.006.000) 08/03 11:01:01 Finished transferring input files
...
001 (9146994.006.000) 08/03 11:01:01 Job executing on host: <188.185.192.112:9618?addrs=188.185.192.112-9618+[2001-1458-303-1f--100-6c]-9618&alias=b9p13p2520.cern.ch&noUDP&sock=startd_7269_8203>
	SlotName: slot1_29@b9p13p2520.cern.ch
	CondorScratchDir = "/pool/condor/dir_3375949"
	Cpus = 1
	Disk = 3821
	GPUs = 0
	Memory = 3000
...
040 (9146994.007.000) 08/03 11:01:01 Started transferring input files
	Transferring to host: <188.185.205.220:9618?addrs=188.185.205.220-9618+[2001-1458-303-a--100-59]-9618&alias=b9p04p1288.cern.ch&noUDP&sock=slot1_11_7893_151a_17384>
...
040 (9146994.007.000) 08/03 11:01:01 Finished transferring input files
...
001 (9146994.007.000) 08/03 11:01:01 Job executing on host: <188.185.205.220:9618?addrs=188.185.205.220-9618+[2001-1458-303-a--100-59]-9618&alias=b9p04p1288.cern.ch&noUDP&sock=startd_6865_65c0>
	SlotName: slot1_11@b9p04p1288.cern.ch
	CondorScratchDir = "/pool/condor/dir_2867059"
	Cpus = 1
	Disk = 3601
	GPUs = 0
	Memory = 3000
...
006 (9146994.003.000) 08/03 11:01:04 Image size of job updated: 269820
	25  -  MemoryUsage of job (MB)
	25484  -  ResidentSetSize of job (KB)
...
040 (9146994.002.000) 08/03 11:01:06 Started transferring input files
	Transferring to host: <188.185.212.50:9618?addrs=188.185.212.50-9618+[2001-1458-303-18--100-2e]-9618&alias=b9p25p9624.cern.ch&noUDP&sock=slot1_11_3942_3ed9_17503>
...
040 (9146994.002.000) 08/03 11:01:06 Finished transferring input files
...
001 (9146994.002.000) 08/03 11:01:06 Job executing on host: <188.185.212.50:9618?addrs=188.185.212.50-9618+[2001-1458-303-18--100-2e]-9618&alias=b9p25p9624.cern.ch&noUDP&sock=startd_3695_0a88>
	SlotName: slot1_11@b9p25p9624.cern.ch
	CondorScratchDir = "/pool/condor/dir_561711"
	Cpus = 1
	Disk = 3865
	GPUs = 0
	Memory = 3000
...
040 (9146994.000.000) 08/03 11:01:06 Started transferring input files
	Transferring to host: <188.185.211.171:9618?addrs=188.185.211.171-9618+[2001-1458-303-17--100-27]-9618&alias=b9p24p0247.cern.ch&noUDP&sock=slot1_19_9139_008d_17686>
...
040 (9146994.000.000) 08/03 11:01:06 Finished transferring input files
...
040 (9146994.001.000) 08/03 11:01:06 Started transferring input files
	Transferring to host: <188.185.211.12:9618?addrs=188.185.211.12-9618+[2001-1458-303-16--100-8]-9618&alias=b9p23p7800.cern.ch&noUDP&sock=slot1_11_8312_4e4b_17018>
...
001 (9146994.000.000) 08/03 11:01:06 Job executing on host: <188.185.211.171:9618?addrs=188.185.211.171-9618+[2001-1458-303-17--100-27]-9618&alias=b9p24p0247.cern.ch&noUDP&sock=startd_7753_7dda>
	SlotName: slot1_19@b9p24p0247.cern.ch
	CondorScratchDir = "/pool/condor/dir_4137804"
	Cpus = 1
	Disk = 3855
	GPUs = 0
	Memory = 3000
...
040 (9146994.001.000) 08/03 11:01:06 Finished transferring input files
...
001 (9146994.001.000) 08/03 11:01:06 Job executing on host: <188.185.211.12:9618?addrs=188.185.211.12-9618+[2001-1458-303-16--100-8]-9618&alias=b9p23p7800.cern.ch&noUDP&sock=startd_7713_0e10>
	SlotName: slot1_11@b9p23p7800.cern.ch
	CondorScratchDir = "/pool/condor/dir_1233697"
	Cpus = 1
	Disk = 3750
	GPUs = 0
	Memory = 3000
...
006 (9146994.005.000) 08/03 11:01:07 Image size of job updated: 290264
	67  -  MemoryUsage of job (MB)
	67816  -  ResidentSetSize of job (KB)
...
006 (9146994.004.000) 08/03 11:01:07 Image size of job updated: 272212
	18  -  MemoryUsage of job (MB)
	18380  -  ResidentSetSize of job (KB)
...
040 (9146994.010.000) 08/03 11:01:07 Started transferring input files
	Transferring to host: <188.185.195.22:9618?addrs=188.185.195.22-9618+[2001-1458-303-22--100-12]-9618&alias=b9p17p9664.cern.ch&noUDP&sock=slot1_9_3352_8981_17233>
...
040 (9146994.010.000) 08/03 11:01:07 Finished transferring input files
...
001 (9146994.010.000) 08/03 11:01:07 Job executing on host: <188.185.195.22:9618?addrs=188.185.195.22-9618+[2001-1458-303-22--100-12]-9618&alias=b9p17p9664.cern.ch&noUDP&sock=startd_2708_0a8e>
	SlotName: slot1_9@b9p17p9664.cern.ch
	CondorScratchDir = "/pool/condor/dir_292355"
	Cpus = 1
	Disk = 3889
	GPUs = 0
	Memory = 3000
...
040 (9146994.008.000) 08/03 11:01:07 Started transferring input files
	Transferring to host: <128.142.248.209:9618?addrs=128.142.248.209-9618+[2001-1458-301-73--100-d0]-9618&alias=b9g23p3672.cern.ch&noUDP&sock=slot1_4_4463_564f_9407>
...
040 (9146994.009.000) 08/03 11:01:07 Started transferring input files
	Transferring to host: <128.142.192.166:9618?addrs=128.142.192.166-9618+[2001-1458-301-56--100-22]-9618&alias=b9g18p9811.cern.ch&noUDP&sock=slot1_15_6717_7bea_16968>
...
040 (9146994.008.000) 08/03 11:01:07 Finished transferring input files
...
001 (9146994.008.000) 08/03 11:01:07 Job executing on host: <128.142.248.209:9618?addrs=128.142.248.209-9618+[2001-1458-301-73--100-d0]-9618&alias=b9g23p3672.cern.ch&noUDP&sock=startd_3325_407d>
	SlotName: slot1_4@b9g23p3672.cern.ch
	CondorScratchDir = "/pool/condor/dir_352017"
	Cpus = 1
	Disk = 3762
	GPUs = 0
	Memory = 3000
...
040 (9146994.009.000) 08/03 11:01:07 Finished transferring input files
...
001 (9146994.009.000) 08/03 11:01:07 Job executing on host: <128.142.192.166:9618?addrs=128.142.192.166-9618+[2001-1458-301-56--100-22]-9618&alias=b9g18p9811.cern.ch&noUDP&sock=startd_5794_c7d2>
	SlotName: slot1_15@b9g18p9811.cern.ch
	CondorScratchDir = "/pool/condor/dir_1676354"
	Cpus = 1
	Disk = 3853
	GPUs = 0
	Memory = 3000
...
040 (9146994.012.000) 08/03 11:01:09 Started transferring input files
	Transferring to host: <188.185.208.11:9618?addrs=188.185.208.11-9618+[2001-1458-303-f--100-8]-9618&alias=b9p09p2033.cern.ch&noUDP&sock=slot1_5_6337_bd5b_17108>
...
040 (9146994.012.000) 08/03 11:01:09 Finished transferring input files
...
001 (9146994.012.000) 08/03 11:01:09 Job executing on host: <188.185.208.11:9618?addrs=188.185.208.11-9618+[2001-1458-303-f--100-8]-9618&alias=b9p09p2033.cern.ch&noUDP&sock=startd_5457_a067>
	SlotName: slot1_5@b9p09p2033.cern.ch
	CondorScratchDir = "/pool/condor/dir_2488436"
	Cpus = 1
	Disk = 3624
	GPUs = 0
	Memory = 3000
...
040 (9146994.013.000) 08/03 11:01:09 Started transferring input files
	Transferring to host: <188.185.207.187:9618?addrs=188.185.207.187-9618+[2001-1458-303-e--100-38]-9618&alias=b9p08p7595.cern.ch&noUDP&sock=slot1_11_6555_5724_18130>
...
040 (9146994.013.000) 08/03 11:01:09 Finished transferring input files
...
001 (9146994.013.000) 08/03 11:01:09 Job executing on host: <188.185.207.187:9618?addrs=188.185.207.187-9618+[2001-1458-303-e--100-38]-9618&alias=b9p08p7595.cern.ch&noUDP&sock=startd_5609_e2cc>
	SlotName: slot1_11@b9p08p7595.cern.ch
	CondorScratchDir = "/pool/condor/dir_3091886"
	Cpus = 1
	Disk = 3674
	GPUs = 0
	Memory = 3000
...
040 (9146994.011.000) 08/03 11:01:09 Started transferring input files
	Transferring to host: <188.185.206.180:9618?addrs=188.185.206.180-9618+[2001-1458-303-c--100-31]-9618&alias=b9p06p5479.cern.ch&noUDP&sock=slot1_12_9510_67bc_17245>
...
040 (9146994.011.000) 08/03 11:01:09 Finished transferring input files
...
001 (9146994.011.000) 08/03 11:01:09 Job executing on host: <188.185.206.180:9618?addrs=188.185.206.180-9618+[2001-1458-303-c--100-31]-9618&alias=b9p06p5479.cern.ch&noUDP&sock=startd_8114_1b8a>
	SlotName: slot1_12@b9p06p5479.cern.ch
	CondorScratchDir = "/pool/condor/dir_3348987"
	Cpus = 1
	Disk = 3652
	GPUs = 0
	Memory = 3000
...
040 (9146994.014.000) 08/03 11:01:10 Started transferring input files
	Transferring to host: <128.142.192.167:9618?addrs=128.142.192.167-9618+[2001-1458-301-56--100-23]-9618&alias=b9g18p9302.cern.ch&noUDP&sock=slot1_2_466960_5026_8793>
...
040 (9146994.014.000) 08/03 11:01:10 Finished transferring input files
...
040 (9146994.016.000) 08/03 11:01:10 Started transferring input files
	Transferring to host: <128.142.132.97:9618?addrs=128.142.132.97-9618+[2001-1458-301-5a--100-55]-9618&alias=b9g12p8705.cern.ch&noUDP&sock=slot1_17_3004_56f3_16973>
...
001 (9146994.014.000) 08/03 11:01:10 Job executing on host: <128.142.192.167:9618?addrs=128.142.192.167-9618+[2001-1458-301-56--100-23]-9618&alias=b9g18p9302.cern.ch&noUDP&sock=startd_6780_1833>
	SlotName: slot1_2@b9g18p9302.cern.ch
	CondorScratchDir = "/pool/condor/dir_1804267"
	Cpus = 1
	Disk = 3740
	GPUs = 0
	Memory = 3000
...
040 (9146994.016.000) 08/03 11:01:10 Finished transferring input files
...
040 (9146994.015.000) 08/03 11:01:10 Started transferring input files
	Transferring to host: <188.185.207.207:9618?addrs=188.185.207.207-9618+[2001-1458-303-e--100-4c]-9618&alias=b9p08p5785.cern.ch&noUDP&sock=slot1_16_5585_e33c_16305>
...
001 (9146994.016.000) 08/03 11:01:10 Job executing on host: <128.142.132.97:9618?addrs=128.142.132.97-9618+[2001-1458-301-5a--100-55]-9618&alias=b9g12p8705.cern.ch&noUDP&sock=startd_2452_724f>
	SlotName: slot1_17@b9g12p8705.cern.ch
	CondorScratchDir = "/pool/condor/dir_3157109"
	Cpus = 1
	Disk = 2726
	GPUs = 0
	Memory = 3000
...
040 (9146994.015.000) 08/03 11:01:10 Finished transferring input files
...
001 (9146994.015.000) 08/03 11:01:10 Job executing on host: <188.185.207.207:9618?addrs=188.185.207.207-9618+[2001-1458-303-e--100-4c]-9618&alias=b9p08p5785.cern.ch&noUDP&sock=startd_4712_9e59>
	SlotName: slot1_16@b9p08p5785.cern.ch
	CondorScratchDir = "/pool/condor/dir_757336"
	Cpus = 1
	Disk = 3704
	GPUs = 0
	Memory = 3000
...
040 (9146994.019.000) 08/03 11:01:10 Started transferring input files
	Transferring to host: <188.185.213.231:9618?addrs=188.185.213.231-9618+[2001-1458-303-1b--100-63]-9618&alias=b9p28p9038.cern.ch&noUDP&sock=slot1_11_3745_70f1_24970>
...
040 (9146994.019.000) 08/03 11:01:10 Finished transferring input files
...
001 (9146994.019.000) 08/03 11:01:10 Job executing on host: <188.185.213.231:9618?addrs=188.185.213.231-9618+[2001-1458-303-1b--100-63]-9618&alias=b9p28p9038.cern.ch&noUDP&sock=startd_3706_9612>
	SlotName: slot1_11@b9p28p9038.cern.ch
	CondorScratchDir = "/pool/condor/dir_95594"
	Cpus = 1
	Disk = 3859
	GPUs = 0
	Memory = 3000
...
040 (9146994.017.000) 08/03 11:01:10 Started transferring input files
	Transferring to host: <128.142.132.37:9618?addrs=128.142.132.37-9618+[2001-1458-301-5a--100-19]-9618&alias=b9g12p6868.cern.ch&noUDP&sock=slot1_24_2822_1aac_17638>
...
040 (9146994.017.000) 08/03 11:01:10 Finished transferring input files
...
001 (9146994.017.000) 08/03 11:01:10 Job executing on host: <128.142.132.37:9618?addrs=128.142.132.37-9618+[2001-1458-301-5a--100-19]-9618&alias=b9g12p6868.cern.ch&noUDP&sock=startd_2380_0f7d>
	SlotName: slot1_24@b9g12p6868.cern.ch
	CondorScratchDir = "/pool/condor/dir_1168057"
	Cpus = 1
	Disk = 2601
	GPUs = 0
	Memory = 3000
...
040 (9146994.018.000) 08/03 11:01:10 Started transferring input files
	Transferring to host: <128.142.132.179:9618?addrs=128.142.132.179-9618+[2001-1458-301-5a--100-a7]-9618&alias=b9g12p2820.cern.ch&noUDP&sock=slot1_12_2990_79b3_16291>
...
006 (9146994.006.000) 08/03 11:01:10 Image size of job updated: 281924
	59  -  MemoryUsage of job (MB)
	59464  -  ResidentSetSize of job (KB)
...
040 (9146994.018.000) 08/03 11:01:10 Finished transferring input files
...
001 (9146994.018.000) 08/03 11:01:10 Job executing on host: <128.142.132.179:9618?addrs=128.142.132.179-9618+[2001-1458-301-5a--100-a7]-9618&alias=b9g12p2820.cern.ch&noUDP&sock=startd_2505_ccd4>
	SlotName: slot1_12@b9g12p2820.cern.ch
	CondorScratchDir = "/pool/condor/dir_3906666"
	Cpus = 1
	Disk = 2688
	GPUs = 0
	Memory = 3000
...
006 (9146994.007.000) 08/03 11:01:10 Image size of job updated: 296400
	79  -  MemoryUsage of job (MB)
	80152  -  ResidentSetSize of job (KB)
...
006 (9146994.002.000) 08/03 11:01:15 Image size of job updated: 189312
	10  -  MemoryUsage of job (MB)
	10100  -  ResidentSetSize of job (KB)
...
006 (9146994.000.000) 08/03 11:01:15 Image size of job updated: 232744
	56  -  MemoryUsage of job (MB)
	56456  -  ResidentSetSize of job (KB)
...
006 (9146994.001.000) 08/03 11:01:15 Image size of job updated: 240332
	52  -  MemoryUsage of job (MB)
	52292  -  ResidentSetSize of job (KB)
...
006 (9146994.008.000) 08/03 11:01:16 Image size of job updated: 129108
	127  -  MemoryUsage of job (MB)
	129108  -  ResidentSetSize of job (KB)
...
006 (9146994.009.000) 08/03 11:01:16 Image size of job updated: 281956
	276  -  MemoryUsage of job (MB)
	281956  -  ResidentSetSize of job (KB)
...
006 (9146994.010.000) 08/03 11:01:16 Image size of job updated: 43620
	43  -  MemoryUsage of job (MB)
	43620  -  ResidentSetSize of job (KB)
...
006 (9146994.012.000) 08/03 11:01:17 Image size of job updated: 286060
	60  -  MemoryUsage of job (MB)
	61268  -  ResidentSetSize of job (KB)
...
006 (9146994.013.000) 08/03 11:01:17 Image size of job updated: 271984
	16  -  MemoryUsage of job (MB)
	15780  -  ResidentSetSize of job (KB)
...
006 (9146994.011.000) 08/03 11:01:17 Image size of job updated: 279820
	274  -  MemoryUsage of job (MB)
	279820  -  ResidentSetSize of job (KB)
...
006 (9146994.014.000) 08/03 11:01:18 Image size of job updated: 281892
	276  -  MemoryUsage of job (MB)
	281892  -  ResidentSetSize of job (KB)
...
006 (9146994.015.000) 08/03 11:01:18 Image size of job updated: 272092
	52  -  MemoryUsage of job (MB)
	52292  -  ResidentSetSize of job (KB)
...
006 (9146994.016.000) 08/03 11:01:18 Image size of job updated: 222112
	217  -  MemoryUsage of job (MB)
	222112  -  ResidentSetSize of job (KB)
...
006 (9146994.019.000) 08/03 11:01:19 Image size of job updated: 150404
	45  -  MemoryUsage of job (MB)
	45536  -  ResidentSetSize of job (KB)
...
006 (9146994.017.000) 08/03 11:01:19 Image size of job updated: 256120
	251  -  MemoryUsage of job (MB)
	256120  -  ResidentSetSize of job (KB)
...
006 (9146994.018.000) 08/03 11:01:19 Image size of job updated: 249828
	244  -  MemoryUsage of job (MB)
	249828  -  ResidentSetSize of job (KB)
...
040 (9146994.015.000) 08/03 11:05:20 Started transferring output files
...
040 (9146994.015.000) 08/03 11:05:20 Finished transferring output files
...
005 (9146994.015.000) 08/03 11:05:20 Job terminated.
	(1) Normal termination (return value 0)
		Usr 0 00:02:18, Sys 0 00:00:26  -  Run Remote Usage
		Usr 0 00:00:00, Sys 0 00:00:00  -  Run Local Usage
		Usr 0 00:02:18, Sys 0 00:00:26  -  Total Remote Usage
		Usr 0 00:00:00, Sys 0 00:00:00  -  Total Local Usage
	256158  -  Run Bytes Sent By Job
	658854  -  Run Bytes Received By Job
	256158  -  Total Bytes Sent By Job
	658854  -  Total Bytes Received By Job
	Partitionable Resources :    Usage  Request Allocated 
	   Cpus                 :     0.67        1         1 
	   Disk (KB)            :  1049         750      3704 
	   GPUs                 :                           0 
	   Memory (MB)          :    52        3000      3000 
	   TimeExecute (s)      :   250                       
	   TimeSlotBusy (s)     :   252                       
...
006 (9146994.007.000) 08/03 11:05:48 Image size of job updated: 296400
	79  -  MemoryUsage of job (MB)
	80160  -  ResidentSetSize of job (KB)
...
040 (9146994.007.000) 08/03 11:05:49 Started transferring output files
...
040 (9146994.007.000) 08/03 11:05:49 Finished transferring output files
...
005 (9146994.007.000) 08/03 11:05:49 Job terminated.
	(1) Normal termination (return value 0)
		Usr 0 00:02:21, Sys 0 00:00:22  -  Run Remote Usage
		Usr 0 00:00:00, Sys 0 00:00:00  -  Run Local Usage
		Usr 0 00:02:21, Sys 0 00:00:22  -  Total Remote Usage
		Usr 0 00:00:00, Sys 0 00:00:00  -  Total Local Usage
	255131  -  Run Bytes Sent By Job
	658854  -  Run Bytes Received By Job
	255131  -  Total Bytes Sent By Job
	658854  -  Total Bytes Received By Job
	Partitionable Resources :    Usage  Request Allocated 
	   Cpus                 :     0.62        1         1 
	   Disk (KB)            :  1047         750      3601 
	   GPUs                 :                           0 
	   Memory (MB)          :    79        3000      3000 
	   TimeExecute (s)      :   287                       
	   TimeSlotBusy (s)     :   289                       
...
040 (9146994.012.000) 08/03 11:05:58 Started transferring output files
...
040 (9146994.012.000) 08/03 11:05:58 Finished transferring output files
...
005 (9146994.012.000) 08/03 11:05:59 Job terminated.
	(1) Normal termination (return value 0)
		Usr 0 00:02:49, Sys 0 00:00:25  -  Run Remote Usage
		Usr 0 00:00:00, Sys 0 00:00:00  -  Run Local Usage
		Usr 0 00:02:49, Sys 0 00:00:25  -  Total Remote Usage
		Usr 0 00:00:00, Sys 0 00:00:00  -  Total Local Usage
	256551  -  Run Bytes Sent By Job
	658854  -  Run Bytes Received By Job
	256551  -  Total Bytes Sent By Job
	658854  -  Total Bytes Received By Job
	Partitionable Resources :    Usage  Request Allocated 
	   Cpus                 :        0        1         1 
	   Disk (KB)            :     1048      750      3624 
	   GPUs                 :                           0 
	   Memory (MB)          :       60     3000      3000 
	   TimeExecute (s)      :      289                    
	   TimeSlotBusy (s)     :      291                    
...
006 (9146994.003.000) 08/03 11:06:05 Image size of job updated: 269820
	98  -  MemoryUsage of job (MB)
	100120  -  ResidentSetSize of job (KB)
...
006 (9146994.004.000) 08/03 11:06:06 Image size of job updated: 272212
	19  -  MemoryUsage of job (MB)
	18464  -  ResidentSetSize of job (KB)
...
040 (9146994.004.000) 08/03 11:06:07 Started transferring output files
...
040 (9146994.004.000) 08/03 11:06:07 Finished transferring output files
...
005 (9146994.004.000) 08/03 11:06:07 Job terminated.
	(1) Normal termination (return value 0)
		Usr 0 00:03:03, Sys 0 00:00:30  -  Run Remote Usage
		Usr 0 00:00:00, Sys 0 00:00:00  -  Run Local Usage
		Usr 0 00:03:03, Sys 0 00:00:30  -  Total Remote Usage
		Usr 0 00:00:00, Sys 0 00:00:00  -  Total Local Usage
	257054  -  Run Bytes Sent By Job
	658854  -  Run Bytes Received By Job
	257054  -  Total Bytes Sent By Job
	658854  -  Total Bytes Received By Job
	Partitionable Resources :    Usage  Request Allocated 
	   Cpus                 :        0        1         1 
	   Disk (KB)            :     1047      750      3793 
	   GPUs                 :                           0 
	   Memory (MB)          :       19     3000      3000 
	   TimeExecute (s)      :      307                    
	   TimeSlotBusy (s)     :      309                    
...
006 (9146994.005.000) 08/03 11:06:07 Image size of job updated: 290264
	99  -  MemoryUsage of job (MB)
	100784  -  ResidentSetSize of job (KB)
...
006 (9146994.002.000) 08/03 11:06:09 Image size of job updated: 189312
	11  -  MemoryUsage of job (MB)
	10308  -  ResidentSetSize of job (KB)
...
040 (9146994.002.000) 08/03 11:06:10 Started transferring output files
...
040 (9146994.002.000) 08/03 11:06:10 Finished transferring output files
...
005 (9146994.002.000) 08/03 11:06:10 Job terminated.
	(1) Normal termination (return value 0)
		Usr 0 00:02:58, Sys 0 00:00:30  -  Run Remote Usage
		Usr 0 00:00:00, Sys 0 00:00:00  -  Run Local Usage
		Usr 0 00:02:58, Sys 0 00:00:30  -  Total Remote Usage
		Usr 0 00:00:00, Sys 0 00:00:00  -  Total Local Usage
	254918  -  Run Bytes Sent By Job
	658854  -  Run Bytes Received By Job
	254918  -  Total Bytes Sent By Job
	658854  -  Total Bytes Received By Job
	Partitionable Resources :    Usage  Request Allocated 
	   Cpus                 :     0.70        1         1 
	   Disk (KB)            :  1045         750      3865 
	   GPUs                 :                           0 
	   Memory (MB)          :    11        3000      3000 
	   TimeExecute (s)      :   303                       
	   TimeSlotBusy (s)     :   305                       
...
006 (9146994.006.000) 08/03 11:06:11 Image size of job updated: 281924
	99  -  MemoryUsage of job (MB)
	100436  -  ResidentSetSize of job (KB)
...
006 (9146994.000.000) 08/03 11:06:16 Image size of job updated: 232744
	97  -  MemoryUsage of job (MB)
	98908  -  ResidentSetSize of job (KB)
...
006 (9146994.001.000) 08/03 11:06:16 Image size of job updated: 240332
	99  -  MemoryUsage of job (MB)
	100792  -  ResidentSetSize of job (KB)
...
006 (9146994.008.000) 08/03 11:06:16 Image size of job updated: 236956
	127  -  MemoryUsage of job (MB)
	129108  -  ResidentSetSize of job (KB)
...
006 (9146994.009.000) 08/03 11:06:16 Image size of job updated: 304992
	276  -  MemoryUsage of job (MB)
	281956  -  ResidentSetSize of job (KB)
...
040 (9146994.005.000) 08/03 11:06:16 Started transferring output files
...
040 (9146994.005.000) 08/03 11:06:16 Finished transferring output files
...
005 (9146994.005.000) 08/03 11:06:16 Job terminated.
	(1) Normal termination (return value 0)
		Usr 0 00:02:44, Sys 0 00:00:26  -  Run Remote Usage
		Usr 0 00:00:00, Sys 0 00:00:00  -  Run Local Usage
		Usr 0 00:02:44, Sys 0 00:00:26  -  Total Remote Usage
		Usr 0 00:00:00, Sys 0 00:00:00  -  Total Local Usage
	257855  -  Run Bytes Sent By Job
	658854  -  Run Bytes Received By Job
	257855  -  Total Bytes Sent By Job
	658854  -  Total Bytes Received By Job
	Partitionable Resources :    Usage  Request Allocated 
	   Cpus                 :     0.58        1         1 
	   Disk (KB)            :  1048         750      3821 
	   GPUs                 :                           0 
	   Memory (MB)          :    99        3000      3000 
	   TimeExecute (s)      :   317                       
	   TimeSlotBusy (s)     :   318                       
...
006 (9146994.010.000) 08/03 11:06:17 Image size of job updated: 288172
	98  -  MemoryUsage of job (MB)
	100156  -  ResidentSetSize of job (KB)
...
006 (9146994.013.000) 08/03 11:06:17 Image size of job updated: 271984
	98  -  MemoryUsage of job (MB)
	99992  -  ResidentSetSize of job (KB)
...
006 (9146994.014.000) 08/03 11:06:18 Image size of job updated: 305300
	276  -  MemoryUsage of job (MB)
	281892  -  ResidentSetSize of job (KB)
...
006 (9146994.016.000) 08/03 11:06:18 Image size of job updated: 281960
	217  -  MemoryUsage of job (MB)
	222112  -  ResidentSetSize of job (KB)
...
006 (9146994.011.000) 08/03 11:06:18 Image size of job updated: 311116
	274  -  MemoryUsage of job (MB)
	279820  -  ResidentSetSize of job (KB)
...
006 (9146994.019.000) 08/03 11:06:20 Image size of job updated: 150404
	98  -  MemoryUsage of job (MB)
	100084  -  ResidentSetSize of job (KB)
...
006 (9146994.017.000) 08/03 11:06:20 Image size of job updated: 277700
	251  -  MemoryUsage of job (MB)
	256124  -  ResidentSetSize of job (KB)
...
006 (9146994.018.000) 08/03 11:06:20 Image size of job updated: 276932
	244  -  MemoryUsage of job (MB)
	249828  -  ResidentSetSize of job (KB)
...
040 (9146994.003.000) 08/03 11:06:28 Started transferring output files
...
040 (9146994.003.000) 08/03 11:06:28 Finished transferring output files
...
005 (9146994.003.000) 08/03 11:06:28 Job terminated.
	(1) Normal termination (return value 0)
		Usr 0 00:03:05, Sys 0 00:00:30  -  Run Remote Usage
		Usr 0 00:00:00, Sys 0 00:00:00  -  Run Local Usage
		Usr 0 00:03:05, Sys 0 00:00:30  -  Total Remote Usage
		Usr 0 00:00:00, Sys 0 00:00:00  -  Total Local Usage
	256765  -  Run Bytes Sent By Job
	658854  -  Run Bytes Received By Job
	256765  -  Total Bytes Sent By Job
	658854  -  Total Bytes Received By Job
	Partitionable Resources :    Usage  Request Allocated 
	   Cpus                 :        0        1         1 
	   Disk (KB)            :     1047      750      3812 
	   GPUs                 :                           0 
	   Memory (MB)          :       98     3000      3000 
	   TimeExecute (s)      :      332                    
	   TimeSlotBusy (s)     :      334                    
...
040 (9146994.001.000) 08/03 11:06:29 Started transferring output files
...
040 (9146994.001.000) 08/03 11:06:29 Finished transferring output files
...
005 (9146994.001.000) 08/03 11:06:29 Job terminated.
	(1) Normal termination (return value 0)
		Usr 0 00:03:04, Sys 0 00:00:31  -  Run Remote Usage
		Usr 0 00:00:00, Sys 0 00:00:00  -  Run Local Usage
		Usr 0 00:03:04, Sys 0 00:00:31  -  Total Remote Usage
		Usr 0 00:00:00, Sys 0 00:00:00  -  Total Local Usage
	256932  -  Run Bytes Sent By Job
	658854  -  Run Bytes Received By Job
	256932  -  Total Bytes Sent By Job
	658854  -  Total Bytes Received By Job
	Partitionable Resources :    Usage  Request Allocated 
	   Cpus                 :        0        1         1 
	   Disk (KB)            :     1047      750      3750 
	   GPUs                 :                           0 
	   Memory (MB)          :       99     3000      3000 
	   TimeExecute (s)      :      322                    
	   TimeSlotBusy (s)     :      324                    
...
040 (9146994.006.000) 08/03 11:06:31 Started transferring output files
...
040 (9146994.006.000) 08/03 11:06:31 Finished transferring output files
...
005 (9146994.006.000) 08/03 11:06:31 Job terminated.
	(1) Normal termination (return value 0)
		Usr 0 00:03:14, Sys 0 00:00:20  -  Run Remote Usage
		Usr 0 00:00:00, Sys 0 00:00:00  -  Run Local Usage
		Usr 0 00:03:14, Sys 0 00:00:20  -  Total Remote Usage
		Usr 0 00:00:00, Sys 0 00:00:00  -  Total Local Usage
	256507  -  Run Bytes Sent By Job
	658854  -  Run Bytes Received By Job
	256507  -  Total Bytes Sent By Job
	658854  -  Total Bytes Received By Job
	Partitionable Resources :    Usage  Request Allocated 
	   Cpus                 :        0        1         1 
	   Disk (KB)            :     1046      750      3821 
	   GPUs                 :                           0 
	   Memory (MB)          :       99     3000      3000 
	   TimeExecute (s)      :      330                    
	   TimeSlotBusy (s)     :      331                    
...
040 (9146994.010.000) 08/03 11:06:36 Started transferring output files
...
040 (9146994.010.000) 08/03 11:06:36 Finished transferring output files
...
005 (9146994.010.000) 08/03 11:06:36 Job terminated.
	(1) Normal termination (return value 0)
		Usr 0 00:02:51, Sys 0 00:00:20  -  Run Remote Usage
		Usr 0 00:00:00, Sys 0 00:00:00  -  Run Local Usage
		Usr 0 00:02:51, Sys 0 00:00:20  -  Total Remote Usage
		Usr 0 00:00:00, Sys 0 00:00:00  -  Total Local Usage
	256017  -  Run Bytes Sent By Job
	658854  -  Run Bytes Received By Job
	256017  -  Total Bytes Sent By Job
	658854  -  Total Bytes Received By Job
	Partitionable Resources :    Usage  Request Allocated 
	   Cpus                 :        0        1         1 
	   Disk (KB)            :     1046      750      3889 
	   GPUs                 :                           0 
	   Memory (MB)          :       98     3000      3000 
	   TimeExecute (s)      :      328                    
	   TimeSlotBusy (s)     :      330                    
...
040 (9146994.019.000) 08/03 11:06:42 Started transferring output files
...
040 (9146994.019.000) 08/03 11:06:42 Finished transferring output files
...
005 (9146994.019.000) 08/03 11:06:42 Job terminated.
	(1) Normal termination (return value 0)
		Usr 0 00:03:09, Sys 0 00:00:32  -  Run Remote Usage
		Usr 0 00:00:00, Sys 0 00:00:00  -  Run Local Usage
		Usr 0 00:03:09, Sys 0 00:00:32  -  Total Remote Usage
		Usr 0 00:00:00, Sys 0 00:00:00  -  Total Local Usage
	255948  -  Run Bytes Sent By Job
	658854  -  Run Bytes Received By Job
	255948  -  Total Bytes Sent By Job
	658854  -  Total Bytes Received By Job
	Partitionable Resources :    Usage  Request Allocated 
	   Cpus                 :     0.07        1         1 
	   Disk (KB)            :  1193         750      3859 
	   GPUs                 :                           0 
	   Memory (MB)          :    98        3000      3000 
	   TimeExecute (s)      :   331                       
	   TimeSlotBusy (s)     :   333                       
...
040 (9146994.013.000) 08/03 11:06:42 Started transferring output files
...
040 (9146994.013.000) 08/03 11:06:43 Finished transferring output files
...
005 (9146994.013.000) 08/03 11:06:43 Job terminated.
	(1) Normal termination (return value 0)
		Usr 0 00:02:59, Sys 0 00:00:31  -  Run Remote Usage
		Usr 0 00:00:00, Sys 0 00:00:00  -  Run Local Usage
		Usr 0 00:02:59, Sys 0 00:00:31  -  Total Remote Usage
		Usr 0 00:00:00, Sys 0 00:00:00  -  Total Local Usage
	254722  -  Run Bytes Sent By Job
	658854  -  Run Bytes Received By Job
	254722  -  Total Bytes Sent By Job
	658854  -  Total Bytes Received By Job
	Partitionable Resources :    Usage  Request Allocated 
	   Cpus                 :        0        1         1 
	   Disk (KB)            :     1046      750      3674 
	   GPUs                 :                           0 
	   Memory (MB)          :       98     3000      3000 
	   TimeExecute (s)      :      333                    
	   TimeSlotBusy (s)     :      336                    
...
040 (9146994.011.000) 08/03 11:07:00 Started transferring output files
...
040 (9146994.011.000) 08/03 11:07:00 Finished transferring output files
...
005 (9146994.011.000) 08/03 11:07:01 Job terminated.
	(1) Normal termination (return value 0)
		Usr 0 00:03:11, Sys 0 00:00:31  -  Run Remote Usage
		Usr 0 00:00:00, Sys 0 00:00:00  -  Run Local Usage
		Usr 0 00:03:11, Sys 0 00:00:31  -  Total Remote Usage
		Usr 0 00:00:00, Sys 0 00:00:00  -  Total Local Usage
	255404  -  Run Bytes Sent By Job
	658854  -  Run Bytes Received By Job
	255404  -  Total Bytes Sent By Job
	658854  -  Total Bytes Received By Job
	Partitionable Resources :    Usage  Request Allocated 
	   Cpus                 :        0        1         1 
	   Disk (KB)            :     1048      750      3652 
	   GPUs                 :                           0 
	   Memory (MB)          :      274     3000      3000 
	   TimeExecute (s)      :      350                    
	   TimeSlotBusy (s)     :      353                    
...
040 (9146994.000.000) 08/03 11:07:01 Started transferring output files
...
040 (9146994.000.000) 08/03 11:07:01 Finished transferring output files
...
005 (9146994.000.000) 08/03 11:07:02 Job terminated.
	(1) Normal termination (return value 0)
		Usr 0 00:03:02, Sys 0 00:00:32  -  Run Remote Usage
		Usr 0 00:00:00, Sys 0 00:00:00  -  Run Local Usage
		Usr 0 00:03:02, Sys 0 00:00:32  -  Total Remote Usage
		Usr 0 00:00:00, Sys 0 00:00:00  -  Total Local Usage
	255670  -  Run Bytes Sent By Job
	658854  -  Run Bytes Received By Job
	255670  -  Total Bytes Sent By Job
	658854  -  Total Bytes Received By Job
	Partitionable Resources :    Usage  Request Allocated 
	   Cpus                 :        0        1         1 
	   Disk (KB)            :     1045      750      3855 
	   GPUs                 :                           0 
	   Memory (MB)          :       97     3000      3000 
	   TimeExecute (s)      :      355                    
	   TimeSlotBusy (s)     :      356                    
...
040 (9146994.014.000) 08/03 11:07:35 Started transferring output files
...
040 (9146994.014.000) 08/03 11:07:35 Finished transferring output files
...
005 (9146994.014.000) 08/03 11:07:35 Job terminated.
	(1) Normal termination (return value 0)
		Usr 0 00:04:28, Sys 0 00:00:30  -  Run Remote Usage
		Usr 0 00:00:00, Sys 0 00:00:00  -  Run Local Usage
		Usr 0 00:04:28, Sys 0 00:00:30  -  Total Remote Usage
		Usr 0 00:00:00, Sys 0 00:00:00  -  Total Local Usage
	256235  -  Run Bytes Sent By Job
	658854  -  Run Bytes Received By Job
	256235  -  Total Bytes Sent By Job
	658854  -  Total Bytes Received By Job
	Partitionable Resources :    Usage  Request Allocated 
	   Cpus                 :        0        1         1 
	   Disk (KB)            :     1046      750      3740 
	   GPUs                 :                           0 
	   Memory (MB)          :      276     3000      3000 
	   TimeExecute (s)      :      384                    
	   TimeSlotBusy (s)     :      387                    
...
040 (9146994.008.000) 08/03 11:07:37 Started transferring output files
...
040 (9146994.008.000) 08/03 11:07:37 Finished transferring output files
...
005 (9146994.008.000) 08/03 11:07:38 Job terminated.
	(1) Normal termination (return value 0)
		Usr 0 00:04:27, Sys 0 00:00:24  -  Run Remote Usage
		Usr 0 00:00:00, Sys 0 00:00:00  -  Run Local Usage
		Usr 0 00:04:27, Sys 0 00:00:24  -  Total Remote Usage
		Usr 0 00:00:00, Sys 0 00:00:00  -  Total Local Usage
	255492  -  Run Bytes Sent By Job
	658854  -  Run Bytes Received By Job
	255492  -  Total Bytes Sent By Job
	658854  -  Total Bytes Received By Job
	Partitionable Resources :    Usage  Request Allocated 
	   Cpus                 :        0        1         1 
	   Disk (KB)            :     1046      750      3762 
	   GPUs                 :                           0 
	   Memory (MB)          :      127     3000      3000 
	   TimeExecute (s)      :      389                    
	   TimeSlotBusy (s)     :      391                    
...
040 (9146994.009.000) 08/03 11:07:43 Started transferring output files
...
040 (9146994.009.000) 08/03 11:07:44 Finished transferring output files
...
005 (9146994.009.000) 08/03 11:07:44 Job terminated.
	(1) Normal termination (return value 0)
		Usr 0 00:04:38, Sys 0 00:00:30  -  Run Remote Usage
		Usr 0 00:00:00, Sys 0 00:00:00  -  Run Local Usage
		Usr 0 00:04:38, Sys 0 00:00:30  -  Total Remote Usage
		Usr 0 00:00:00, Sys 0 00:00:00  -  Total Local Usage
	256967  -  Run Bytes Sent By Job
	658854  -  Run Bytes Received By Job
	256967  -  Total Bytes Sent By Job
	658854  -  Total Bytes Received By Job
	Partitionable Resources :    Usage  Request Allocated 
	   Cpus                 :     0.78        1         1 
	   Disk (KB)            :  1047         750      3853 
	   GPUs                 :                           0 
	   Memory (MB)          :   276        3000      3000 
	   TimeExecute (s)      :   395                       
	   TimeSlotBusy (s)     :   398                       
...
040 (9146994.016.000) 08/03 11:08:09 Started transferring output files
...
040 (9146994.016.000) 08/03 11:08:09 Finished transferring output files
...
005 (9146994.016.000) 08/03 11:08:09 Job terminated.
	(1) Normal termination (return value 0)
		Usr 0 00:04:56, Sys 0 00:00:30  -  Run Remote Usage
		Usr 0 00:00:00, Sys 0 00:00:00  -  Run Local Usage
		Usr 0 00:04:56, Sys 0 00:00:30  -  Total Remote Usage
		Usr 0 00:00:00, Sys 0 00:00:00  -  Total Local Usage
	259805  -  Run Bytes Sent By Job
	658854  -  Run Bytes Received By Job
	259805  -  Total Bytes Sent By Job
	658854  -  Total Bytes Received By Job
	Partitionable Resources :    Usage  Request Allocated 
	   Cpus                 :     0.78        1         1 
	   Disk (KB)            :  1049         750      2726 
	   GPUs                 :                           0 
	   Memory (MB)          :   217        3000      3000 
	   TimeExecute (s)      :   417                       
	   TimeSlotBusy (s)     :   421                       
...
040 (9146994.017.000) 08/03 11:08:13 Started transferring output files
...
040 (9146994.017.000) 08/03 11:08:13 Finished transferring output files
...
005 (9146994.017.000) 08/03 11:08:13 Job terminated.
	(1) Normal termination (return value 0)
		Usr 0 00:05:03, Sys 0 00:00:30  -  Run Remote Usage
		Usr 0 00:00:00, Sys 0 00:00:00  -  Run Local Usage
		Usr 0 00:05:03, Sys 0 00:00:30  -  Total Remote Usage
		Usr 0 00:00:00, Sys 0 00:00:00  -  Total Local Usage
	256695  -  Run Bytes Sent By Job
	658854  -  Run Bytes Received By Job
	256695  -  Total Bytes Sent By Job
	658854  -  Total Bytes Received By Job
	Partitionable Resources :    Usage  Request Allocated 
	   Cpus                 :     0.82        1         1 
	   Disk (KB)            :  1047         750      2601 
	   GPUs                 :                           0 
	   Memory (MB)          :   251        3000      3000 
	   TimeExecute (s)      :   422                       
	   TimeSlotBusy (s)     :   424                       
...
040 (9146994.018.000) 08/03 11:08:14 Started transferring output files
...
040 (9146994.018.000) 08/03 11:08:14 Finished transferring output files
...
005 (9146994.018.000) 08/03 11:08:14 Job terminated.
	(1) Normal termination (return value 0)
		Usr 0 00:04:59, Sys 0 00:00:29  -  Run Remote Usage
		Usr 0 00:00:00, Sys 0 00:00:00  -  Run Local Usage
		Usr 0 00:04:59, Sys 0 00:00:29  -  Total Remote Usage
		Usr 0 00:00:00, Sys 0 00:00:00  -  Total Local Usage
	258508  -  Run Bytes Sent By Job
	658854  -  Run Bytes Received By Job
	258508  -  Total Bytes Sent By Job
	658854  -  Total Bytes Received By Job
	Partitionable Resources :    Usage  Request Allocated 
	   Cpus                 :     0.82        1         1 
	   Disk (KB)            :  1048         750      2688 
	   GPUs                 :                           0 
	   Memory (MB)          :   244        3000      3000 
	   TimeExecute (s)      :   423                       
	   TimeSlotBusy (s)     :   425                       
...
000 (9152098.000.000) 08/05 10:34:43 Job submitted from host: <188.185.125.71:9618?addrs=188.185.125.71-9618+[2001-1458-d00-4a--100-15e]-9618&alias=bigbird28.cern.ch&noUDP&sock=schedd_1249217_88f9>
...
000 (9152098.001.000) 08/05 10:34:43 Job submitted from host: <188.185.125.71:9618?addrs=188.185.125.71-9618+[2001-1458-d00-4a--100-15e]-9618&alias=bigbird28.cern.ch&noUDP&sock=schedd_1249217_88f9>
...
000 (9152098.010.000) 08/05 10:34:43 Job submitted from host: <188.185.125.71:9618?addrs=188.185.125.71-9618+[2001-1458-d00-4a--100-15e]-9618&alias=bigbird28.cern.ch&noUDP&sock=schedd_1249217_88f9>
...
000 (9152098.011.000) 08/05 10:34:43 Job submitted from host: <188.185.125.71:9618?addrs=188.185.125.71-9618+[2001-1458-d00-4a--100-15e]-9618&alias=bigbird28.cern.ch&noUDP&sock=schedd_1249217_88f9>
...
000 (9152098.012.000) 08/05 10:34:43 Job submitted from host: <188.185.125.71:9618?addrs=188.185.125.71-9618+[2001-1458-d00-4a--100-15e]-9618&alias=bigbird28.cern.ch&noUDP&sock=schedd_1249217_88f9>
...
000 (9152098.013.000) 08/05 10:34:43 Job submitted from host: <188.185.125.71:9618?addrs=188.185.125.71-9618+[2001-1458-d00-4a--100-15e]-9618&alias=bigbird28.cern.ch&noUDP&sock=schedd_1249217_88f9>
...
000 (9152098.014.000) 08/05 10:34:43 Job submitted from host: <188.185.125.71:9618?addrs=188.185.125.71-9618+[2001-1458-d00-4a--100-15e]-9618&alias=bigbird28.cern.ch&noUDP&sock=schedd_1249217_88f9>
...
000 (9152098.015.000) 08/05 10:34:43 Job submitted from host: <188.185.125.71:9618?addrs=188.185.125.71-9618+[2001-1458-d00-4a--100-15e]-9618&alias=bigbird28.cern.ch&noUDP&sock=schedd_1249217_88f9>
...
000 (9152098.016.000) 08/05 10:34:43 Job submitted from host: <188.185.125.71:9618?addrs=188.185.125.71-9618+[2001-1458-d00-4a--100-15e]-9618&alias=bigbird28.cern.ch&noUDP&sock=schedd_1249217_88f9>
...
000 (9152098.017.000) 08/05 10:34:43 Job submitted from host: <188.185.125.71:9618?addrs=188.185.125.71-9618+[2001-1458-d00-4a--100-15e]-9618&alias=bigbird28.cern.ch&noUDP&sock=schedd_1249217_88f9>
...
000 (9152098.018.000) 08/05 10:34:43 Job submitted from host: <188.185.125.71:9618?addrs=188.185.125.71-9618+[2001-1458-d00-4a--100-15e]-9618&alias=bigbird28.cern.ch&noUDP&sock=schedd_1249217_88f9>
...
000 (9152098.019.000) 08/05 10:34:43 Job submitted from host: <188.185.125.71:9618?addrs=188.185.125.71-9618+[2001-1458-d00-4a--100-15e]-9618&alias=bigbird28.cern.ch&noUDP&sock=schedd_1249217_88f9>
...
000 (9152098.002.000) 08/05 10:34:43 Job submitted from host: <188.185.125.71:9618?addrs=188.185.125.71-9618+[2001-1458-d00-4a--100-15e]-9618&alias=bigbird28.cern.ch&noUDP&sock=schedd_1249217_88f9>
...
000 (9152098.020.000) 08/05 10:34:43 Job submitted from host: <188.185.125.71:9618?addrs=188.185.125.71-9618+[2001-1458-d00-4a--100-15e]-9618&alias=bigbird28.cern.ch&noUDP&sock=schedd_1249217_88f9>
...
000 (9152098.021.000) 08/05 10:34:43 Job submitted from host: <188.185.125.71:9618?addrs=188.185.125.71-9618+[2001-1458-d00-4a--100-15e]-9618&alias=bigbird28.cern.ch&noUDP&sock=schedd_1249217_88f9>
...
000 (9152098.022.000) 08/05 10:34:43 Job submitted from host: <188.185.125.71:9618?addrs=188.185.125.71-9618+[2001-1458-d00-4a--100-15e]-9618&alias=bigbird28.cern.ch&noUDP&sock=schedd_1249217_88f9>
...
000 (9152098.023.000) 08/05 10:34:43 Job submitted from host: <188.185.125.71:9618?addrs=188.185.125.71-9618+[2001-1458-d00-4a--100-15e]-9618&alias=bigbird28.cern.ch&noUDP&sock=schedd_1249217_88f9>
...
000 (9152098.024.000) 08/05 10:34:43 Job submitted from host: <188.185.125.71:9618?addrs=188.185.125.71-9618+[2001-1458-d00-4a--100-15e]-9618&alias=bigbird28.cern.ch&noUDP&sock=schedd_1249217_88f9>
...
000 (9152098.025.000) 08/05 10:34:43 Job submitted from host: <188.185.125.71:9618?addrs=188.185.125.71-9618+[2001-1458-d00-4a--100-15e]-9618&alias=bigbird28.cern.ch&noUDP&sock=schedd_1249217_88f9>
...
000 (9152098.026.000) 08/05 10:34:43 Job submitted from host: <188.185.125.71:9618?addrs=188.185.125.71-9618+[2001-1458-d00-4a--100-15e]-9618&alias=bigbird28.cern.ch&noUDP&sock=schedd_1249217_88f9>
...
000 (9152098.027.000) 08/05 10:34:43 Job submitted from host: <188.185.125.71:9618?addrs=188.185.125.71-9618+[2001-1458-d00-4a--100-15e]-9618&alias=bigbird28.cern.ch&noUDP&sock=schedd_1249217_88f9>
...
000 (9152098.028.000) 08/05 10:34:43 Job submitted from host: <188.185.125.71:9618?addrs=188.185.125.71-9618+[2001-1458-d00-4a--100-15e]-9618&alias=bigbird28.cern.ch&noUDP&sock=schedd_1249217_88f9>
...
000 (9152098.029.000) 08/05 10:34:43 Job submitted from host: <188.185.125.71:9618?addrs=188.185.125.71-9618+[2001-1458-d00-4a--100-15e]-9618&alias=bigbird28.cern.ch&noUDP&sock=schedd_1249217_88f9>
...
000 (9152098.003.000) 08/05 10:34:43 Job submitted from host: <188.185.125.71:9618?addrs=188.185.125.71-9618+[2001-1458-d00-4a--100-15e]-9618&alias=bigbird28.cern.ch&noUDP&sock=schedd_1249217_88f9>
...
000 (9152098.030.000) 08/05 10:34:43 Job submitted from host: <188.185.125.71:9618?addrs=188.185.125.71-9618+[2001-1458-d00-4a--100-15e]-9618&alias=bigbird28.cern.ch&noUDP&sock=schedd_1249217_88f9>
...
000 (9152098.031.000) 08/05 10:34:43 Job submitted from host: <188.185.125.71:9618?addrs=188.185.125.71-9618+[2001-1458-d00-4a--100-15e]-9618&alias=bigbird28.cern.ch&noUDP&sock=schedd_1249217_88f9>
...
000 (9152098.032.000) 08/05 10:34:43 Job submitted from host: <188.185.125.71:9618?addrs=188.185.125.71-9618+[2001-1458-d00-4a--100-15e]-9618&alias=bigbird28.cern.ch&noUDP&sock=schedd_1249217_88f9>
...
000 (9152098.033.000) 08/05 10:34:43 Job submitted from host: <188.185.125.71:9618?addrs=188.185.125.71-9618+[2001-1458-d00-4a--100-15e]-9618&alias=bigbird28.cern.ch&noUDP&sock=schedd_1249217_88f9>
...
000 (9152098.034.000) 08/05 10:34:43 Job submitted from host: <188.185.125.71:9618?addrs=188.185.125.71-9618+[2001-1458-d00-4a--100-15e]-9618&alias=bigbird28.cern.ch&noUDP&sock=schedd_1249217_88f9>
...
000 (9152098.035.000) 08/05 10:34:43 Job submitted from host: <188.185.125.71:9618?addrs=188.185.125.71-9618+[2001-1458-d00-4a--100-15e]-9618&alias=bigbird28.cern.ch&noUDP&sock=schedd_1249217_88f9>
...
000 (9152098.036.000) 08/05 10:34:43 Job submitted from host: <188.185.125.71:9618?addrs=188.185.125.71-9618+[2001-1458-d00-4a--100-15e]-9618&alias=bigbird28.cern.ch&noUDP&sock=schedd_1249217_88f9>
...
000 (9152098.037.000) 08/05 10:34:43 Job submitted from host: <188.185.125.71:9618?addrs=188.185.125.71-9618+[2001-1458-d00-4a--100-15e]-9618&alias=bigbird28.cern.ch&noUDP&sock=schedd_1249217_88f9>
...
000 (9152098.038.000) 08/05 10:34:43 Job submitted from host: <188.185.125.71:9618?addrs=188.185.125.71-9618+[2001-1458-d00-4a--100-15e]-9618&alias=bigbird28.cern.ch&noUDP&sock=schedd_1249217_88f9>
...
000 (9152098.039.000) 08/05 10:34:43 Job submitted from host: <188.185.125.71:9618?addrs=188.185.125.71-9618+[2001-1458-d00-4a--100-15e]-9618&alias=bigbird28.cern.ch&noUDP&sock=schedd_1249217_88f9>
...
000 (9152098.004.000) 08/05 10:34:43 Job submitted from host: <188.185.125.71:9618?addrs=188.185.125.71-9618+[2001-1458-d00-4a--100-15e]-9618&alias=bigbird28.cern.ch&noUDP&sock=schedd_1249217_88f9>
...
000 (9152098.040.000) 08/05 10:34:43 Job submitted from host: <188.185.125.71:9618?addrs=188.185.125.71-9618+[2001-1458-d00-4a--100-15e]-9618&alias=bigbird28.cern.ch&noUDP&sock=schedd_1249217_88f9>
...
000 (9152098.041.000) 08/05 10:34:43 Job submitted from host: <188.185.125.71:9618?addrs=188.185.125.71-9618+[2001-1458-d00-4a--100-15e]-9618&alias=bigbird28.cern.ch&noUDP&sock=schedd_1249217_88f9>
...
000 (9152098.042.000) 08/05 10:34:43 Job submitted from host: <188.185.125.71:9618?addrs=188.185.125.71-9618+[2001-1458-d00-4a--100-15e]-9618&alias=bigbird28.cern.ch&noUDP&sock=schedd_1249217_88f9>
...
000 (9152098.043.000) 08/05 10:34:43 Job submitted from host: <188.185.125.71:9618?addrs=188.185.125.71-9618+[2001-1458-d00-4a--100-15e]-9618&alias=bigbird28.cern.ch&noUDP&sock=schedd_1249217_88f9>
...
000 (9152098.044.000) 08/05 10:34:43 Job submitted from host: <188.185.125.71:9618?addrs=188.185.125.71-9618+[2001-1458-d00-4a--100-15e]-9618&alias=bigbird28.cern.ch&noUDP&sock=schedd_1249217_88f9>
...
000 (9152098.045.000) 08/05 10:34:43 Job submitted from host: <188.185.125.71:9618?addrs=188.185.125.71-9618+[2001-1458-d00-4a--100-15e]-9618&alias=bigbird28.cern.ch&noUDP&sock=schedd_1249217_88f9>
...
000 (9152098.046.000) 08/05 10:34:43 Job submitted from host: <188.185.125.71:9618?addrs=188.185.125.71-9618+[2001-1458-d00-4a--100-15e]-9618&alias=bigbird28.cern.ch&noUDP&sock=schedd_1249217_88f9>
...
000 (9152098.047.000) 08/05 10:34:43 Job submitted from host: <188.185.125.71:9618?addrs=188.185.125.71-9618+[2001-1458-d00-4a--100-15e]-9618&alias=bigbird28.cern.ch&noUDP&sock=schedd_1249217_88f9>
...
000 (9152098.048.000) 08/05 10:34:43 Job submitted from host: <188.185.125.71:9618?addrs=188.185.125.71-9618+[2001-1458-d00-4a--100-15e]-9618&alias=bigbird28.cern.ch&noUDP&sock=schedd_1249217_88f9>
...
000 (9152098.049.000) 08/05 10:34:43 Job submitted from host: <188.185.125.71:9618?addrs=188.185.125.71-9618+[2001-1458-d00-4a--100-15e]-9618&alias=bigbird28.cern.ch&noUDP&sock=schedd_1249217_88f9>
...
000 (9152098.005.000) 08/05 10:34:43 Job submitted from host: <188.185.125.71:9618?addrs=188.185.125.71-9618+[2001-1458-d00-4a--100-15e]-9618&alias=bigbird28.cern.ch&noUDP&sock=schedd_1249217_88f9>
...
000 (9152098.006.000) 08/05 10:34:43 Job submitted from host: <188.185.125.71:9618?addrs=188.185.125.71-9618+[2001-1458-d00-4a--100-15e]-9618&alias=bigbird28.cern.ch&noUDP&sock=schedd_1249217_88f9>
...
000 (9152098.007.000) 08/05 10:34:43 Job submitted from host: <188.185.125.71:9618?addrs=188.185.125.71-9618+[2001-1458-d00-4a--100-15e]-9618&alias=bigbird28.cern.ch&noUDP&sock=schedd_1249217_88f9>
...
000 (9152098.008.000) 08/05 10:34:43 Job submitted from host: <188.185.125.71:9618?addrs=188.185.125.71-9618+[2001-1458-d00-4a--100-15e]-9618&alias=bigbird28.cern.ch&noUDP&sock=schedd_1249217_88f9>
...
000 (9152098.009.000) 08/05 10:34:43 Job submitted from host: <188.185.125.71:9618?addrs=188.185.125.71-9618+[2001-1458-d00-4a--100-15e]-9618&alias=bigbird28.cern.ch&noUDP&sock=schedd_1249217_88f9>
...
040 (9152098.000.000) 08/05 10:35:23 Started transferring input files
	Transferring to host: <188.185.214.77:9618?addrs=188.185.214.77-9618+[2001-1458-303-1c--100-49]-9618&alias=b9p29p8964.cern.ch&noUDP&sock=slot1_13_3843_7db5_21765>
...
040 (9152098.000.000) 08/05 10:35:23 Finished transferring input files
...
001 (9152098.000.000) 08/05 10:35:23 Job executing on host: <188.185.214.77:9618?addrs=188.185.214.77-9618+[2001-1458-303-1c--100-49]-9618&alias=b9p29p8964.cern.ch&noUDP&sock=startd_3215_cd12>
	SlotName: slot1_13@b9p29p8964.cern.ch
	CondorScratchDir = "/pool/condor/dir_2870795"
	Cpus = 1
	Disk = 3854
	GPUs = 0
	Memory = 3000
...
040 (9152098.001.000) 08/05 10:35:23 Started transferring input files
	Transferring to host: <188.185.196.150:9618?addrs=188.185.196.150-9618+[2001-1458-303-23--100-92]-9618&alias=b9p16p1856.cern.ch&noUDP&sock=slot1_14_3257_99de_19141>
...
040 (9152098.001.000) 08/05 10:35:23 Finished transferring input files
...
001 (9152098.001.000) 08/05 10:35:23 Job executing on host: <188.185.196.150:9618?addrs=188.185.196.150-9618+[2001-1458-303-23--100-92]-9618&alias=b9p16p1856.cern.ch&noUDP&sock=startd_2650_4210>
	SlotName: slot1_14@b9p16p1856.cern.ch
	CondorScratchDir = "/pool/condor/dir_1676124"
	Cpus = 1
	Disk = 3912
	GPUs = 0
	Memory = 3000
...
040 (9152098.002.000) 08/05 10:35:23 Started transferring input files
	Transferring to host: <188.185.213.104:9618?addrs=188.185.213.104-9618+[2001-1458-303-1a--100-64]-9618&alias=b9p27p6427.cern.ch&noUDP&sock=slot1_19_7364_5aa5_22498>
...
040 (9152098.002.000) 08/05 10:35:23 Finished transferring input files
...
001 (9152098.002.000) 08/05 10:35:23 Job executing on host: <188.185.213.104:9618?addrs=188.185.213.104-9618+[2001-1458-303-1a--100-64]-9618&alias=b9p27p6427.cern.ch&noUDP&sock=startd_6195_d54c>
	SlotName: slot1_19@b9p27p6427.cern.ch
	CondorScratchDir = "/pool/condor/dir_2090800"
	Cpus = 1
	Disk = 3698
	GPUs = 0
	Memory = 3000
...
040 (9152098.005.000) 08/05 10:35:24 Started transferring input files
	Transferring to host: <188.185.214.34:9618?addrs=188.185.214.34-9618+[2001-1458-303-1c--100-1e]-9618&alias=b9p29p8712.cern.ch&noUDP&sock=slot1_28_889215_28d9_20243>
...
040 (9152098.005.000) 08/05 10:35:24 Finished transferring input files
...
040 (9152098.003.000) 08/05 10:35:24 Started transferring input files
	Transferring to host: <188.185.195.122:9618?addrs=188.185.195.122-9618+[2001-1458-303-22--100-76]-9618&alias=b9p17p5468.cern.ch&noUDP&sock=slot1_26_3280_ce7e_19272>
...
001 (9152098.005.000) 08/05 10:35:24 Job executing on host: <188.185.214.34:9618?addrs=188.185.214.34-9618+[2001-1458-303-1c--100-1e]-9618&alias=b9p29p8712.cern.ch&noUDP&sock=startd_5240_c85a>
	SlotName: slot1_28@b9p29p8712.cern.ch
	CondorScratchDir = "/pool/condor/dir_384598"
	Cpus = 1
	Disk = 3857
	GPUs = 0
	Memory = 3000
...
040 (9152098.003.000) 08/05 10:35:24 Finished transferring input files
...
001 (9152098.003.000) 08/05 10:35:24 Job executing on host: <188.185.195.122:9618?addrs=188.185.195.122-9618+[2001-1458-303-22--100-76]-9618&alias=b9p17p5468.cern.ch&noUDP&sock=startd_2569_b2e4>
	SlotName: slot1_26@b9p17p5468.cern.ch
	CondorScratchDir = "/pool/condor/dir_2302369"
	Cpus = 1
	Disk = 3878
	GPUs = 0
	Memory = 3000
...
040 (9152098.004.000) 08/05 10:35:24 Started transferring input files
	Transferring to host: <188.185.193.134:9618?addrs=188.185.193.134-9618+[2001-1458-303-20--100-82]-9618&alias=b9p19p2472.cern.ch&noUDP&sock=slot1_4_3656_bb8e_20009>
...
040 (9152098.004.000) 08/05 10:35:24 Finished transferring input files
...
001 (9152098.004.000) 08/05 10:35:24 Job executing on host: <188.185.193.134:9618?addrs=188.185.193.134-9618+[2001-1458-303-20--100-82]-9618&alias=b9p19p2472.cern.ch&noUDP&sock=startd_2571_1214>
	SlotName: slot1_4@b9p19p2472.cern.ch
	CondorScratchDir = "/pool/condor/dir_150620"
	Cpus = 1
	Disk = 3691
	GPUs = 0
	Memory = 3000
...
040 (9152098.007.000) 08/05 10:35:25 Started transferring input files
	Transferring to host: <188.185.213.161:9618?addrs=188.185.213.161-9618+[2001-1458-303-1b--100-1d]-9618&alias=b9p28p0003.cern.ch&noUDP&sock=slot1_6_4606_17f4_20732>
...
040 (9152098.007.000) 08/05 10:35:25 Finished transferring input files
...
001 (9152098.007.000) 08/05 10:35:25 Job executing on host: <188.185.213.161:9618?addrs=188.185.213.161-9618+[2001-1458-303-1b--100-1d]-9618&alias=b9p28p0003.cern.ch&noUDP&sock=startd_3957_c058>
	SlotName: slot1_6@b9p28p0003.cern.ch
	CondorScratchDir = "/pool/condor/dir_3345412"
	Cpus = 1
	Disk = 3826
	GPUs = 0
	Memory = 3000
...
040 (9152098.008.000) 08/05 10:35:25 Started transferring input files
	Transferring to host: <188.185.197.178:9618?addrs=188.185.197.178-9618+[2001-1458-303-24--100-ae]-9618&alias=b9p14p9933.cern.ch&noUDP&sock=slot1_10_7616_e92f_12005>
...
040 (9152098.008.000) 08/05 10:35:25 Finished transferring input files
...
040 (9152098.006.000) 08/05 10:35:25 Started transferring input files
	Transferring to host: <188.185.197.130:9618?addrs=188.185.197.130-9618+[2001-1458-303-24--100-7e]-9618&alias=b9p14p4596.cern.ch&noUDP&sock=slot1_10_3261_6b5e_11436>
...
040 (9152098.006.000) 08/05 10:35:25 Finished transferring input files
...
001 (9152098.008.000) 08/05 10:35:25 Job executing on host: <188.185.197.178:9618?addrs=188.185.197.178-9618+[2001-1458-303-24--100-ae]-9618&alias=b9p14p9933.cern.ch&noUDP&sock=startd_6962_ee70>
	SlotName: slot1_10@b9p14p9933.cern.ch
	CondorScratchDir = "/pool/condor/dir_346161"
	Cpus = 1
	Disk = 3809
	GPUs = 0
	Memory = 3000
...
001 (9152098.006.000) 08/05 10:35:25 Job executing on host: <188.185.197.130:9618?addrs=188.185.197.130-9618+[2001-1458-303-24--100-7e]-9618&alias=b9p14p4596.cern.ch&noUDP&sock=startd_2499_af43>
	SlotName: slot1_10@b9p14p4596.cern.ch
	CondorScratchDir = "/pool/condor/dir_2302577"
	Cpus = 1
	Disk = 4038
	GPUs = 0
	Memory = 3000
...
040 (9152098.009.000) 08/05 10:35:26 Started transferring input files
	Transferring to host: <188.185.211.234:9618?addrs=188.185.211.234-9618+[2001-1458-303-17--100-66]-9618&alias=b9p24p9047.cern.ch&noUDP&sock=slot1_26_6314_88ba_22580>
...
040 (9152098.009.000) 08/05 10:35:26 Finished transferring input files
...
001 (9152098.009.000) 08/05 10:35:26 Job executing on host: <188.185.211.234:9618?addrs=188.185.211.234-9618+[2001-1458-303-17--100-66]-9618&alias=b9p24p9047.cern.ch&noUDP&sock=startd_5597_a7a9>
	SlotName: slot1_26@b9p24p9047.cern.ch
	CondorScratchDir = "/pool/condor/dir_2794628"
	Cpus = 1
	Disk = 3864
	GPUs = 0
	Memory = 3000
...
040 (9152098.010.000) 08/05 10:35:26 Started transferring input files
	Transferring to host: <188.185.213.28:9618?addrs=188.185.213.28-9618+[2001-1458-303-1a--100-18]-9618&alias=b9p27p1310.cern.ch&noUDP&sock=slot1_1_4621_a995_22475>
...
040 (9152098.010.000) 08/05 10:35:26 Finished transferring input files
...
001 (9152098.010.000) 08/05 10:35:26 Job executing on host: <188.185.213.28:9618?addrs=188.185.213.28-9618+[2001-1458-303-1a--100-18]-9618&alias=b9p27p1310.cern.ch&noUDP&sock=startd_3912_e295>
	SlotName: slot1_1@b9p27p1310.cern.ch
	CondorScratchDir = "/pool/condor/dir_926916"
	Cpus = 1
	Disk = 3824
	GPUs = 0
	Memory = 3000
...
040 (9152098.011.000) 08/05 10:35:26 Started transferring input files
	Transferring to host: <188.185.193.152:9618?addrs=188.185.193.152-9618+[2001-1458-303-20--100-94]-9618&alias=b9p19p9007.cern.ch&noUDP&sock=slot1_12_3221_3c5c_16050>
...
040 (9152098.011.000) 08/05 10:35:26 Finished transferring input files
...
001 (9152098.011.000) 08/05 10:35:26 Job executing on host: <188.185.193.152:9618?addrs=188.185.193.152-9618+[2001-1458-303-20--100-94]-9618&alias=b9p19p9007.cern.ch&noUDP&sock=startd_2647_3347>
	SlotName: slot1_12@b9p19p9007.cern.ch
	CondorScratchDir = "/pool/condor/dir_3465034"
	Cpus = 1
	Disk = 3786
	GPUs = 0
	Memory = 3000
...
040 (9152098.013.000) 08/05 10:35:27 Started transferring input files
	Transferring to host: <188.185.212.53:9618?addrs=188.185.212.53-9618+[2001-1458-303-18--100-31]-9618&alias=b9p25p9005.cern.ch&noUDP&sock=slot1_8_4292_da28_21250>
...
040 (9152098.013.000) 08/05 10:35:27 Finished transferring input files
...
001 (9152098.013.000) 08/05 10:35:27 Job executing on host: <188.185.212.53:9618?addrs=188.185.212.53-9618+[2001-1458-303-18--100-31]-9618&alias=b9p25p9005.cern.ch&noUDP&sock=startd_3598_81d8>
	SlotName: slot1_8@b9p25p9005.cern.ch
	CondorScratchDir = "/pool/condor/dir_744660"
	Cpus = 1
	Disk = 3823
	GPUs = 0
	Memory = 3000
...
040 (9152098.012.000) 08/05 10:35:27 Started transferring input files
	Transferring to host: <188.185.214.220:9618?addrs=188.185.214.220-9618+[2001-1458-303-1d--100-58]-9618&alias=b9p30p4618.cern.ch&noUDP&sock=slot1_29_3981_b97b_22603>
...
040 (9152098.012.000) 08/05 10:35:27 Finished transferring input files
...
001 (9152098.012.000) 08/05 10:35:27 Job executing on host: <188.185.214.220:9618?addrs=188.185.214.220-9618+[2001-1458-303-1d--100-58]-9618&alias=b9p30p4618.cern.ch&noUDP&sock=startd_3715_c26d>
	SlotName: slot1_29@b9p30p4618.cern.ch
	CondorScratchDir = "/pool/condor/dir_395758"
	Cpus = 1
	Disk = 3682
	GPUs = 0
	Memory = 3000
...
040 (9152098.014.000) 08/05 10:35:27 Started transferring input files
	Transferring to host: <188.185.204.144:9618?addrs=188.185.204.144-9618+[2001-1458-303-8--100-84]-9618&alias=b9p02p1378.cern.ch&noUDP&sock=slot1_20_6749_07ec_20606>
...
040 (9152098.014.000) 08/05 10:35:27 Finished transferring input files
...
001 (9152098.014.000) 08/05 10:35:27 Job executing on host: <188.185.204.144:9618?addrs=188.185.204.144-9618+[2001-1458-303-8--100-84]-9618&alias=b9p02p1378.cern.ch&noUDP&sock=startd_6013_ff0f>
	SlotName: slot1_20@b9p02p1378.cern.ch
	CondorScratchDir = "/pool/condor/dir_2249718"
	Cpus = 1
	Disk = 3600
	GPUs = 0
	Memory = 3000
...
040 (9152098.015.000) 08/05 10:35:28 Started transferring input files
	Transferring to host: <188.185.211.56:9618?addrs=188.185.211.56-9618+[2001-1458-303-16--100-34]-9618&alias=b9p23p4986.cern.ch&noUDP&sock=slot1_22_7650_ddf0_22345>
...
040 (9152098.017.000) 08/05 10:35:28 Started transferring input files
	Transferring to host: <188.185.211.235:9618?addrs=188.185.211.235-9618+[2001-1458-303-17--100-67]-9618&alias=b9p24p7837.cern.ch&noUDP&sock=slot1_17_3264_887e_22622>
...
040 (9152098.015.000) 08/05 10:35:28 Finished transferring input files
...
040 (9152098.017.000) 08/05 10:35:28 Finished transferring input files
...
001 (9152098.015.000) 08/05 10:35:28 Job executing on host: <188.185.211.56:9618?addrs=188.185.211.56-9618+[2001-1458-303-16--100-34]-9618&alias=b9p23p4986.cern.ch&noUDP&sock=startd_6773_4b0a>
	SlotName: slot1_22@b9p23p4986.cern.ch
	CondorScratchDir = "/pool/condor/dir_4190115"
	Cpus = 1
	Disk = 3763
	GPUs = 0
	Memory = 3000
...
040 (9152098.016.000) 08/05 10:35:28 Started transferring input files
	Transferring to host: <188.185.197.54:9618?addrs=188.185.197.54-9618+[2001-1458-303-24--100-32]-9618&alias=b9p14p0071.cern.ch&noUDP&sock=slot1_26_5786_82a4_11957>
...
001 (9152098.017.000) 08/05 10:35:28 Job executing on host: <188.185.211.235:9618?addrs=188.185.211.235-9618+[2001-1458-303-17--100-67]-9618&alias=b9p24p7837.cern.ch&noUDP&sock=startd_2690_b1d9>
	SlotName: slot1_17@b9p24p7837.cern.ch
	CondorScratchDir = "/pool/condor/dir_2069498"
	Cpus = 1
	Disk = 3750
	GPUs = 0
	Memory = 3000
...
040 (9152098.016.000) 08/05 10:35:28 Finished transferring input files
...
001 (9152098.016.000) 08/05 10:35:28 Job executing on host: <188.185.197.54:9618?addrs=188.185.197.54-9618+[2001-1458-303-24--100-32]-9618&alias=b9p14p0071.cern.ch&noUDP&sock=startd_4617_74d9>
	SlotName: slot1_26@b9p14p0071.cern.ch
	CondorScratchDir = "/pool/condor/dir_2094127"
	Cpus = 1
	Disk = 3846
	GPUs = 0
	Memory = 3000
...
040 (9152098.019.000) 08/05 10:35:29 Started transferring input files
	Transferring to host: <188.185.197.34:9618?addrs=188.185.197.34-9618+[2001-1458-303-24--100-1e]-9618&alias=b9p14p3727.cern.ch&noUDP&sock=slot1_5_3538_9749_12126>
...
040 (9152098.019.000) 08/05 10:35:29 Finished transferring input files
...
001 (9152098.019.000) 08/05 10:35:29 Job executing on host: <188.185.197.34:9618?addrs=188.185.197.34-9618+[2001-1458-303-24--100-1e]-9618&alias=b9p14p3727.cern.ch&noUDP&sock=startd_2626_cbca>
	SlotName: slot1_5@b9p14p3727.cern.ch
	CondorScratchDir = "/pool/condor/dir_301059"
	Cpus = 1
	Disk = 3820
	GPUs = 0
	Memory = 3000
...
040 (9152098.018.000) 08/05 10:35:29 Started transferring input files
	Transferring to host: <188.185.213.25:9618?addrs=188.185.213.25-9618+[2001-1458-303-1a--100-15]-9618&alias=b9p27p7751.cern.ch&noUDP&sock=slot1_24_3941_8a79_21713>
...
040 (9152098.018.000) 08/05 10:35:29 Finished transferring input files
...
001 (9152098.018.000) 08/05 10:35:29 Job executing on host: <188.185.213.25:9618?addrs=188.185.213.25-9618+[2001-1458-303-1a--100-15]-9618&alias=b9p27p7751.cern.ch&noUDP&sock=startd_3710_5473>
	SlotName: slot1_24@b9p27p7751.cern.ch
	CondorScratchDir = "/pool/condor/dir_3050657"
	Cpus = 1
	Disk = 3747
	GPUs = 0
	Memory = 3000
...
040 (9152098.020.000) 08/05 10:35:29 Started transferring input files
	Transferring to host: <188.185.195.50:9618?addrs=188.185.195.50-9618+[2001-1458-303-22--100-2e]-9618&alias=b9p17p5911.cern.ch&noUDP&sock=slot1_21_3455_1c26_16575>
...
040 (9152098.020.000) 08/05 10:35:29 Finished transferring input files
...
001 (9152098.020.000) 08/05 10:35:29 Job executing on host: <188.185.195.50:9618?addrs=188.185.195.50-9618+[2001-1458-303-22--100-2e]-9618&alias=b9p17p5911.cern.ch&noUDP&sock=startd_2562_e5ba>
	SlotName: slot1_21@b9p17p5911.cern.ch
	CondorScratchDir = "/pool/condor/dir_656841"
	Cpus = 1
	Disk = 3973
	GPUs = 0
	Memory = 3000
...
040 (9152098.021.000) 08/05 10:35:30 Started transferring input files
	Transferring to host: <188.185.214.99:9618?addrs=188.185.214.99-9618+[2001-1458-303-1c--100-5f]-9618&alias=b9p29p6860.cern.ch&noUDP&sock=slot1_13_7746_81f4_22477>
...
040 (9152098.021.000) 08/05 10:35:30 Finished transferring input files
...
001 (9152098.021.000) 08/05 10:35:30 Job executing on host: <188.185.214.99:9618?addrs=188.185.214.99-9618+[2001-1458-303-1c--100-5f]-9618&alias=b9p29p6860.cern.ch&noUDP&sock=startd_7073_1173>
	SlotName: slot1_13@b9p29p6860.cern.ch
	CondorScratchDir = "/pool/condor/dir_3234465"
	Cpus = 1
	Disk = 3773
	GPUs = 0
	Memory = 3000
...
040 (9152098.022.000) 08/05 10:35:30 Started transferring input files
	Transferring to host: <128.142.248.176:9618?addrs=128.142.248.176-9618+[2001-1458-301-73--100-af]-9618&alias=b9g23p9233.cern.ch&noUDP&sock=slot1_13_7574_516d_11937>
...
040 (9152098.022.000) 08/05 10:35:30 Finished transferring input files
...
040 (9152098.023.000) 08/05 10:35:30 Started transferring input files
	Transferring to host: <188.185.212.39:9618?addrs=188.185.212.39-9618+[2001-1458-303-18--100-23]-9618&alias=b9p25p0803.cern.ch&noUDP&sock=slot1_7_3316_2c00_22292>
...
001 (9152098.022.000) 08/05 10:35:30 Job executing on host: <128.142.248.176:9618?addrs=128.142.248.176-9618+[2001-1458-301-73--100-af]-9618&alias=b9g23p9233.cern.ch&noUDP&sock=startd_6676_c25a>
	SlotName: slot1_13@b9g23p9233.cern.ch
	CondorScratchDir = "/pool/condor/dir_1459494"
	Cpus = 1
	Disk = 3793
	GPUs = 0
	Memory = 3000
...
040 (9152098.023.000) 08/05 10:35:30 Finished transferring input files
...
001 (9152098.023.000) 08/05 10:35:30 Job executing on host: <188.185.212.39:9618?addrs=188.185.212.39-9618+[2001-1458-303-18--100-23]-9618&alias=b9p25p0803.cern.ch&noUDP&sock=startd_2803_340d>
	SlotName: slot1_7@b9p25p0803.cern.ch
	CondorScratchDir = "/pool/condor/dir_2505229"
	Cpus = 1
	Disk = 3801
	GPUs = 0
	Memory = 3000
...
040 (9152098.026.000) 08/05 10:35:31 Started transferring input files
	Transferring to host: <188.185.210.14:9618?addrs=188.185.210.14-9618+[2001-1458-303-1--100-a]-9618&alias=b9p21p5364.cern.ch&noUDP&sock=slot1_4_3833_71f5_19871>
...
040 (9152098.024.000) 08/05 10:35:31 Started transferring input files
	Transferring to host: <188.185.210.228:9618?addrs=188.185.210.228-9618+[2001-1458-303-15--100-60]-9618&alias=b9p22p8531.cern.ch&noUDP&sock=slot1_22_5360_5ad3_21614>
...
006 (9152098.000.000) 08/05 10:35:31 Image size of job updated: 296552
	78  -  MemoryUsage of job (MB)
	79472  -  ResidentSetSize of job (KB)
...
040 (9152098.026.000) 08/05 10:35:31 Finished transferring input files
...
040 (9152098.024.000) 08/05 10:35:31 Finished transferring input files
...
001 (9152098.026.000) 08/05 10:35:31 Job executing on host: <188.185.210.14:9618?addrs=188.185.210.14-9618+[2001-1458-303-1--100-a]-9618&alias=b9p21p5364.cern.ch&noUDP&sock=startd_3211_0eb1>
	SlotName: slot1_4@b9p21p5364.cern.ch
	CondorScratchDir = "/pool/condor/dir_2356525"
	Cpus = 1
	Disk = 3764
	GPUs = 0
	Memory = 3000
...
001 (9152098.024.000) 08/05 10:35:31 Job executing on host: <188.185.210.228:9618?addrs=188.185.210.228-9618+[2001-1458-303-15--100-60]-9618&alias=b9p22p8531.cern.ch&noUDP&sock=startd_4434_ef05>
	SlotName: slot1_22@b9p22p8531.cern.ch
	CondorScratchDir = "/pool/condor/dir_4101673"
	Cpus = 1
	Disk = 3821
	GPUs = 0
	Memory = 3000
...
040 (9152098.025.000) 08/05 10:35:31 Started transferring input files
	Transferring to host: <188.185.192.106:9618?addrs=188.185.192.106-9618+[2001-1458-303-1f--100-66]-9618&alias=b9p13p0746.cern.ch&noUDP&sock=slot1_11_7890_f7fa_19236>
...
040 (9152098.025.000) 08/05 10:35:31 Finished transferring input files
...
001 (9152098.025.000) 08/05 10:35:31 Job executing on host: <188.185.192.106:9618?addrs=188.185.192.106-9618+[2001-1458-303-1f--100-66]-9618&alias=b9p13p0746.cern.ch&noUDP&sock=startd_6769_8ca9>
	SlotName: slot1_11@b9p13p0746.cern.ch
	CondorScratchDir = "/pool/condor/dir_2760657"
	Cpus = 1
	Disk = 3861
	GPUs = 0
	Memory = 3000
...
006 (9152098.001.000) 08/05 10:35:31 Image size of job updated: 283156
	277  -  MemoryUsage of job (MB)
	283156  -  ResidentSetSize of job (KB)
...
006 (9152098.002.000) 08/05 10:35:31 Image size of job updated: 297324
	291  -  MemoryUsage of job (MB)
	297324  -  ResidentSetSize of job (KB)
...
040 (9152098.028.000) 08/05 10:35:32 Started transferring input files
	Transferring to host: <188.185.215.80:9618?addrs=188.185.215.80-9618+[2001-1458-303-1e--100-4c]-9618&alias=b9p31p8919.cern.ch&noUDP&sock=slot1_22_9322_f134_12977>
...
040 (9152098.028.000) 08/05 10:35:32 Finished transferring input files
...
001 (9152098.028.000) 08/05 10:35:32 Job executing on host: <188.185.215.80:9618?addrs=188.185.215.80-9618+[2001-1458-303-1e--100-4c]-9618&alias=b9p31p8919.cern.ch&noUDP&sock=startd_8819_adcf>
	SlotName: slot1_22@b9p31p8919.cern.ch
	CondorScratchDir = "/pool/condor/dir_1049260"
	Cpus = 1
	Disk = 3758
	GPUs = 0
	Memory = 3000
...
040 (9152098.027.000) 08/05 10:35:32 Started transferring input files
	Transferring to host: <188.185.215.39:9618?addrs=188.185.215.39-9618+[2001-1458-303-1e--100-23]-9618&alias=b9p31p4711.cern.ch&noUDP&sock=slot1_31_7538_f3ec_12952>
...
040 (9152098.029.000) 08/05 10:35:32 Started transferring input files
	Transferring to host: <188.185.215.92:9618?addrs=188.185.215.92-9618+[2001-1458-303-1e--100-58]-9618&alias=b9p31p7012.cern.ch&noUDP&sock=slot1_19_5745_9f43_12182>
...
040 (9152098.027.000) 08/05 10:35:32 Finished transferring input files
...
040 (9152098.029.000) 08/05 10:35:32 Finished transferring input files
...
001 (9152098.027.000) 08/05 10:35:32 Job executing on host: <188.185.215.39:9618?addrs=188.185.215.39-9618+[2001-1458-303-1e--100-23]-9618&alias=b9p31p4711.cern.ch&noUDP&sock=startd_7127_1b90>
	SlotName: slot1_31@b9p31p4711.cern.ch
	CondorScratchDir = "/pool/condor/dir_3106297"
	Cpus = 1
	Disk = 3745
	GPUs = 0
	Memory = 3000
...
001 (9152098.029.000) 08/05 10:35:32 Job executing on host: <188.185.215.92:9618?addrs=188.185.215.92-9618+[2001-1458-303-1e--100-58]-9618&alias=b9p31p7012.cern.ch&noUDP&sock=startd_4854_04cb>
	SlotName: slot1_19@b9p31p7012.cern.ch
	CondorScratchDir = "/pool/condor/dir_148994"
	Cpus = 1
	Disk = 3885
	GPUs = 0
	Memory = 3000
...
006 (9152098.005.000) 08/05 10:35:32 Image size of job updated: 282340
	53  -  MemoryUsage of job (MB)
	54008  -  ResidentSetSize of job (KB)
...
006 (9152098.003.000) 08/05 10:35:32 Image size of job updated: 267456
	262  -  MemoryUsage of job (MB)
	267456  -  ResidentSetSize of job (KB)
...
006 (9152098.004.000) 08/05 10:35:32 Image size of job updated: 276920
	271  -  MemoryUsage of job (MB)
	276920  -  ResidentSetSize of job (KB)
...
006 (9152098.007.000) 08/05 10:35:33 Image size of job updated: 208440
	3  -  MemoryUsage of job (MB)
	2420  -  ResidentSetSize of job (KB)
...
006 (9152098.008.000) 08/05 10:35:33 Image size of job updated: 274056
	268  -  MemoryUsage of job (MB)
	274056  -  ResidentSetSize of job (KB)
...
006 (9152098.006.000) 08/05 10:35:33 Image size of job updated: 275300
	269  -  MemoryUsage of job (MB)
	275300  -  ResidentSetSize of job (KB)
...
040 (9152098.030.000) 08/05 10:35:33 Started transferring input files
	Transferring to host: <128.142.248.49:9618?addrs=128.142.248.49-9618+[2001-1458-301-73--100-121]-9618&alias=b9g23p1073.cern.ch&noUDP&sock=slot1_18_3907_95b8_11441>
...
040 (9152098.032.000) 08/05 10:35:33 Started transferring input files
	Transferring to host: <188.185.196.178:9618?addrs=188.185.196.178-9618+[2001-1458-303-23--100-ae]-9618&alias=b9p16p1991.cern.ch&noUDP&sock=slot1_34_6611_cc26_20959>
...
040 (9152098.030.000) 08/05 10:35:33 Finished transferring input files
...
040 (9152098.032.000) 08/05 10:35:33 Finished transferring input files
...
001 (9152098.030.000) 08/05 10:35:33 Job executing on host: <128.142.248.49:9618?addrs=128.142.248.49-9618+[2001-1458-301-73--100-121]-9618&alias=b9g23p1073.cern.ch&noUDP&sock=startd_3021_bbb3>
	SlotName: slot1_18@b9g23p1073.cern.ch
	CondorScratchDir = "/pool/condor/dir_1726992"
	Cpus = 1
	Disk = 3780
	GPUs = 0
	Memory = 3000
...
001 (9152098.032.000) 08/05 10:35:33 Job executing on host: <188.185.196.178:9618?addrs=188.185.196.178-9618+[2001-1458-303-23--100-ae]-9618&alias=b9p16p1991.cern.ch&noUDP&sock=startd_5909_a936>
	SlotName: slot1_34@b9p16p1991.cern.ch
	CondorScratchDir = "/pool/condor/dir_3098347"
	Cpus = 1
	Disk = 3881
	GPUs = 0
	Memory = 3000
...
040 (9152098.031.000) 08/05 10:35:33 Started transferring input files
	Transferring to host: <188.185.194.153:9618?addrs=188.185.194.153-9618+[2001-1458-303-21--100-95]-9618&alias=b9p20p5000.cern.ch&noUDP&sock=slot1_12_3370_3842_19390>
...
040 (9152098.031.000) 08/05 10:35:33 Finished transferring input files
...
001 (9152098.031.000) 08/05 10:35:33 Job executing on host: <188.185.194.153:9618?addrs=188.185.194.153-9618+[2001-1458-303-21--100-95]-9618&alias=b9p20p5000.cern.ch&noUDP&sock=startd_2562_e5ba>
	SlotName: slot1_12@b9p20p5000.cern.ch
	CondorScratchDir = "/pool/condor/dir_1347307"
	Cpus = 1
	Disk = 3724
	GPUs = 0
	Memory = 3000
...
040 (9152098.033.000) 08/05 10:35:34 Started transferring input files
	Transferring to host: <188.185.212.169:9618?addrs=188.185.212.169-9618+[2001-1458-303-19--100-25]-9618&alias=b9p26p8946.cern.ch&noUDP&sock=slot1_27_4548_3a32_19911>
...
040 (9152098.033.000) 08/05 10:35:34 Finished transferring input files
...
001 (9152098.033.000) 08/05 10:35:34 Job executing on host: <188.185.212.169:9618?addrs=188.185.212.169-9618+[2001-1458-303-19--100-25]-9618&alias=b9p26p8946.cern.ch&noUDP&sock=startd_3910_8364>
	SlotName: slot1_27@b9p26p8946.cern.ch
	CondorScratchDir = "/pool/condor/dir_67227"
	Cpus = 1
	Disk = 3792
	GPUs = 0
	Memory = 3000
...
040 (9152098.035.000) 08/05 10:35:34 Started transferring input files
	Transferring to host: <188.185.195.44:9618?addrs=188.185.195.44-9618+[2001-1458-303-22--100-28]-9618&alias=b9p17p7881.cern.ch&noUDP&sock=slot1_39_6222_b636_19348>
...
040 (9152098.035.000) 08/05 10:35:34 Finished transferring input files
...
001 (9152098.035.000) 08/05 10:35:34 Job executing on host: <188.185.195.44:9618?addrs=188.185.195.44-9618+[2001-1458-303-22--100-28]-9618&alias=b9p17p7881.cern.ch&noUDP&sock=startd_5144_ef43>
	SlotName: slot1_39@b9p17p7881.cern.ch
	CondorScratchDir = "/pool/condor/dir_2049138"
	Cpus = 1
	Disk = 3841
	GPUs = 0
	Memory = 3000
...
040 (9152098.034.000) 08/05 10:35:34 Started transferring input files
	Transferring to host: <188.185.195.124:9618?addrs=188.185.195.124-9618+[2001-1458-303-22--100-78]-9618&alias=b9p17p8195.cern.ch&noUDP&sock=slot1_20_6011_0b0e_19696>
...
006 (9152098.009.000) 08/05 10:35:34 Image size of job updated: 300988
	294  -  MemoryUsage of job (MB)
	300988  -  ResidentSetSize of job (KB)
...
040 (9152098.034.000) 08/05 10:35:34 Finished transferring input files
...
001 (9152098.034.000) 08/05 10:35:34 Job executing on host: <188.185.195.124:9618?addrs=188.185.195.124-9618+[2001-1458-303-22--100-78]-9618&alias=b9p17p8195.cern.ch&noUDP&sock=startd_4883_e90b>
	SlotName: slot1_20@b9p17p8195.cern.ch
	CondorScratchDir = "/pool/condor/dir_2971411"
	Cpus = 1
	Disk = 3829
	GPUs = 0
	Memory = 3000
...
006 (9152098.010.000) 08/05 10:35:34 Image size of job updated: 154644
	3  -  MemoryUsage of job (MB)
	2432  -  ResidentSetSize of job (KB)
...
040 (9152098.038.000) 08/05 10:35:35 Started transferring input files
	Transferring to host: <188.185.192.33:9618?addrs=188.185.192.33-9618+[2001-1458-303-1f--100-1d]-9618&alias=b9p13p1334.cern.ch&noUDP&sock=slot1_11_9644_d201_20677>
...
040 (9152098.038.000) 08/05 10:35:35 Finished transferring input files
...
040 (9152098.036.000) 08/05 10:35:35 Started transferring input files
	Transferring to host: <188.185.193.18:9618?addrs=188.185.193.18-9618+[2001-1458-303-20--100-e]-9618&alias=b9p19p3940.cern.ch&noUDP&sock=slot1_8_4286_9fe7_19973>
...
040 (9152098.036.000) 08/05 10:35:35 Finished transferring input files
...
001 (9152098.038.000) 08/05 10:35:35 Job executing on host: <188.185.192.33:9618?addrs=188.185.192.33-9618+[2001-1458-303-1f--100-1d]-9618&alias=b9p13p1334.cern.ch&noUDP&sock=startd_8674_3893>
	SlotName: slot1_11@b9p13p1334.cern.ch
	CondorScratchDir = "/pool/condor/dir_2578513"
	Cpus = 1
	Disk = 3754
	GPUs = 0
	Memory = 3000
...
001 (9152098.036.000) 08/05 10:35:35 Job executing on host: <188.185.193.18:9618?addrs=188.185.193.18-9618+[2001-1458-303-20--100-e]-9618&alias=b9p19p3940.cern.ch&noUDP&sock=startd_3121_532b>
	SlotName: slot1_8@b9p19p3940.cern.ch
	CondorScratchDir = "/pool/condor/dir_941786"
	Cpus = 1
	Disk = 3952
	GPUs = 0
	Memory = 3000
...
040 (9152098.037.000) 08/05 10:35:35 Started transferring input files
	Transferring to host: <188.185.194.80:9618?addrs=188.185.194.80-9618+[2001-1458-303-21--100-4c]-9618&alias=b9p20p7148.cern.ch&noUDP&sock=slot1_14_3448_2d85_19347>
...
040 (9152098.037.000) 08/05 10:35:35 Finished transferring input files
...
001 (9152098.037.000) 08/05 10:35:35 Job executing on host: <188.185.194.80:9618?addrs=188.185.194.80-9618+[2001-1458-303-21--100-4c]-9618&alias=b9p20p7148.cern.ch&noUDP&sock=startd_2647_3347>
	SlotName: slot1_14@b9p20p7148.cern.ch
	CondorScratchDir = "/pool/condor/dir_1893659"
	Cpus = 1
	Disk = 3851
	GPUs = 0
	Memory = 3000
...
006 (9152098.013.000) 08/05 10:35:35 Image size of job updated: 225048
	16  -  MemoryUsage of job (MB)
	15528  -  ResidentSetSize of job (KB)
...
006 (9152098.011.000) 08/05 10:35:35 Image size of job updated: 274544
	269  -  MemoryUsage of job (MB)
	274544  -  ResidentSetSize of job (KB)
...
040 (9152098.041.000) 08/05 10:35:36 Started transferring input files
	Transferring to host: <188.185.197.64:9618?addrs=188.185.197.64-9618+[2001-1458-303-24--100-3c]-9618&alias=b9p14p1999.cern.ch&noUDP&sock=slot1_24_8079_22e2_10635>
...
040 (9152098.041.000) 08/05 10:35:36 Finished transferring input files
...
040 (9152098.039.000) 08/05 10:35:36 Started transferring input files
	Transferring to host: <188.185.215.103:9618?addrs=188.185.215.103-9618+[2001-1458-303-1e--100-63]-9618&alias=b9p31p8298.cern.ch&noUDP&sock=slot1_14_7506_67ea_12893>
...
040 (9152098.040.000) 08/05 10:35:36 Started transferring input files
	Transferring to host: <188.185.213.82:9618?addrs=188.185.213.82-9618+[2001-1458-303-1a--100-4e]-9618&alias=b9p27p0914.cern.ch&noUDP&sock=slot1_33_3792_8e93_21727>
...
001 (9152098.041.000) 08/05 10:35:36 Job executing on host: <188.185.197.64:9618?addrs=188.185.197.64-9618+[2001-1458-303-24--100-3c]-9618&alias=b9p14p1999.cern.ch&noUDP&sock=startd_7346_52ce>
	SlotName: slot1_24@b9p14p1999.cern.ch
	CondorScratchDir = "/pool/condor/dir_4075926"
	Cpus = 1
	Disk = 3797
	GPUs = 0
	Memory = 3000
...
040 (9152098.039.000) 08/05 10:35:36 Finished transferring input files
...
040 (9152098.040.000) 08/05 10:35:36 Finished transferring input files
...
001 (9152098.039.000) 08/05 10:35:36 Job executing on host: <188.185.215.103:9618?addrs=188.185.215.103-9618+[2001-1458-303-1e--100-63]-9618&alias=b9p31p8298.cern.ch&noUDP&sock=startd_6600_a127>
	SlotName: slot1_14@b9p31p8298.cern.ch
	CondorScratchDir = "/pool/condor/dir_3185536"
	Cpus = 1
	Disk = 3804
	GPUs = 0
	Memory = 3000
...
001 (9152098.040.000) 08/05 10:35:36 Job executing on host: <188.185.213.82:9618?addrs=188.185.213.82-9618+[2001-1458-303-1a--100-4e]-9618&alias=b9p27p0914.cern.ch&noUDP&sock=startd_3747_b574>
	SlotName: slot1_33@b9p27p0914.cern.ch
	CondorScratchDir = "/pool/condor/dir_3396588"
	Cpus = 1
	Disk = 3857
	GPUs = 0
	Memory = 3000
...
006 (9152098.012.000) 08/05 10:35:36 Image size of job updated: 303312
	297  -  MemoryUsage of job (MB)
	303312  -  ResidentSetSize of job (KB)
...
006 (9152098.014.000) 08/05 10:35:36 Image size of job updated: 180848
	8  -  MemoryUsage of job (MB)
	7456  -  ResidentSetSize of job (KB)
...
040 (9152098.044.000) 08/05 10:35:37 Started transferring input files
	Transferring to host: <188.185.215.23:9618?addrs=188.185.215.23-9618+[2001-1458-303-1e--100-13]-9618&alias=b9p31p0508.cern.ch&noUDP&sock=slot1_21_4013_457c_12400>
...
040 (9152098.044.000) 08/05 10:35:37 Finished transferring input files
...
040 (9152098.042.000) 08/05 10:35:37 Started transferring input files
	Transferring to host: <188.185.195.160:9618?addrs=188.185.195.160-9618+[2001-1458-303-22--100-9c]-9618&alias=b9p17p5851.cern.ch&noUDP&sock=slot1_19_5487_d678_20874>
...
040 (9152098.042.000) 08/05 10:35:37 Finished transferring input files
...
001 (9152098.042.000) 08/05 10:35:37 Job executing on host: <188.185.195.160:9618?addrs=188.185.195.160-9618+[2001-1458-303-22--100-9c]-9618&alias=b9p17p5851.cern.ch&noUDP&sock=startd_4328_39fb>
	SlotName: slot1_19@b9p17p5851.cern.ch
	CondorScratchDir = "/pool/condor/dir_1099673"
	Cpus = 1
	Disk = 3783
	GPUs = 0
	Memory = 3000
...
001 (9152098.044.000) 08/05 10:35:37 Job executing on host: <188.185.215.23:9618?addrs=188.185.215.23-9618+[2001-1458-303-1e--100-13]-9618&alias=b9p31p0508.cern.ch&noUDP&sock=startd_3264_6936>
	SlotName: slot1_21@b9p31p0508.cern.ch
	CondorScratchDir = "/pool/condor/dir_2594010"
	Cpus = 1
	Disk = 3745
	GPUs = 0
	Memory = 3000
...
040 (9152098.043.000) 08/05 10:35:37 Started transferring input files
	Transferring to host: <188.185.206.222:9618?addrs=188.185.206.222-9618+[2001-1458-303-c--100-5b]-9618&alias=b9p06p8710.cern.ch&noUDP&sock=slot1_13_8006_b37f_20632>
...
040 (9152098.043.000) 08/05 10:35:37 Finished transferring input files
...
001 (9152098.043.000) 08/05 10:35:37 Job executing on host: <188.185.206.222:9618?addrs=188.185.206.222-9618+[2001-1458-303-c--100-5b]-9618&alias=b9p06p8710.cern.ch&noUDP&sock=startd_7027_8418>
	SlotName: slot1_13@b9p06p8710.cern.ch
	CondorScratchDir = "/pool/condor/dir_3056579"
	Cpus = 1
	Disk = 3656
	GPUs = 0
	Memory = 3000
...
006 (9152098.015.000) 08/05 10:35:37 Image size of job updated: 259944
	56  -  MemoryUsage of job (MB)
	56664  -  ResidentSetSize of job (KB)
...
006 (9152098.017.000) 08/05 10:35:37 Image size of job updated: 254052
	20  -  MemoryUsage of job (MB)
	20036  -  ResidentSetSize of job (KB)
...
006 (9152098.016.000) 08/05 10:35:37 Image size of job updated: 249824
	244  -  MemoryUsage of job (MB)
	249824  -  ResidentSetSize of job (KB)
...
040 (9152098.046.000) 08/05 10:35:38 Started transferring input files
	Transferring to host: <128.142.248.197:9618?addrs=128.142.248.197-9618+[2001-1458-301-73--100-c4]-9618&alias=b9g23p2961.cern.ch&noUDP&sock=slot1_24_6708_248a_10339>
...
006 (9152098.021.000) 08/05 10:35:38 Image size of job updated: 304444
	298  -  MemoryUsage of job (MB)
	304444  -  ResidentSetSize of job (KB)
...
040 (9152098.046.000) 08/05 10:35:38 Finished transferring input files
...
040 (9152098.047.000) 08/05 10:35:38 Started transferring input files
	Transferring to host: <188.185.212.208:9618?addrs=188.185.212.208-9618+[2001-1458-303-19--100-4c]-9618&alias=b9p26p3374.cern.ch&noUDP&sock=slot1_29_5023_e865_21463>
...
001 (9152098.046.000) 08/05 10:35:38 Job executing on host: <128.142.248.197:9618?addrs=128.142.248.197-9618+[2001-1458-301-73--100-c4]-9618&alias=b9g23p2961.cern.ch&noUDP&sock=startd_5173_d382>
	SlotName: slot1_24@b9g23p2961.cern.ch
	CondorScratchDir = "/pool/condor/dir_254427"
	Cpus = 1
	Disk = 3829
	GPUs = 0
	Memory = 3000
...
040 (9152098.047.000) 08/05 10:35:38 Finished transferring input files
...
006 (9152098.022.000) 08/05 10:35:38 Image size of job updated: 280364
	274  -  MemoryUsage of job (MB)
	280364  -  ResidentSetSize of job (KB)
...
040 (9152098.045.000) 08/05 10:35:38 Started transferring input files
	Transferring to host: <188.185.196.135:9618?addrs=188.185.196.135-9618+[2001-1458-303-23--100-83]-9618&alias=b9p16p6625.cern.ch&noUDP&sock=slot1_19_3337_f7e1_18908>
...
001 (9152098.047.000) 08/05 10:35:38 Job executing on host: <188.185.212.208:9618?addrs=188.185.212.208-9618+[2001-1458-303-19--100-4c]-9618&alias=b9p26p3374.cern.ch&noUDP&sock=startd_4208_ea9d>
	SlotName: slot1_29@b9p26p3374.cern.ch
	CondorScratchDir = "/pool/condor/dir_210606"
	Cpus = 1
	Disk = 3870
	GPUs = 0
	Memory = 3000
...
040 (9152098.045.000) 08/05 10:35:38 Finished transferring input files
...
001 (9152098.045.000) 08/05 10:35:38 Job executing on host: <188.185.196.135:9618?addrs=188.185.196.135-9618+[2001-1458-303-23--100-83]-9618&alias=b9p16p6625.cern.ch&noUDP&sock=startd_2821_8cc2>
	SlotName: slot1_19@b9p16p6625.cern.ch
	CondorScratchDir = "/pool/condor/dir_1617906"
	Cpus = 1
	Disk = 3812
	GPUs = 0
	Memory = 3000
...
006 (9152098.023.000) 08/05 10:35:38 Image size of job updated: 290956
	285  -  MemoryUsage of job (MB)
	290956  -  ResidentSetSize of job (KB)
...
006 (9152098.019.000) 08/05 10:35:38 Image size of job updated: 290928
	285  -  MemoryUsage of job (MB)
	290928  -  ResidentSetSize of job (KB)
...
006 (9152098.018.000) 08/05 10:35:38 Image size of job updated: 236964
	16  -  MemoryUsage of job (MB)
	16276  -  ResidentSetSize of job (KB)
...
006 (9152098.020.000) 08/05 10:35:38 Image size of job updated: 268776
	263  -  MemoryUsage of job (MB)
	268776  -  ResidentSetSize of job (KB)
...
040 (9152098.048.000) 08/05 10:35:39 Started transferring input files
	Transferring to host: <188.185.212.212:9618?addrs=188.185.212.212-9618+[2001-1458-303-19--100-50]-9618&alias=b9p26p2953.cern.ch&noUDP&sock=slot1_18_697635_b7ea_17491>
...
040 (9152098.049.000) 08/05 10:35:39 Started transferring input files
	Transferring to host: <188.185.213.75:9618?addrs=188.185.213.75-9618+[2001-1458-303-1a--100-47]-9618&alias=b9p27p9871.cern.ch&noUDP&sock=slot1_23_4688_deb8_21772>
...
040 (9152098.048.000) 08/05 10:35:39 Finished transferring input files
...
040 (9152098.049.000) 08/05 10:35:39 Finished transferring input files
...
001 (9152098.048.000) 08/05 10:35:39 Job executing on host: <188.185.212.212:9618?addrs=188.185.212.212-9618+[2001-1458-303-19--100-50]-9618&alias=b9p26p2953.cern.ch&noUDP&sock=startd_2694_703a>
	SlotName: slot1_18@b9p26p2953.cern.ch
	CondorScratchDir = "/pool/condor/dir_2008185"
	Cpus = 1
	Disk = 3774
	GPUs = 0
	Memory = 3000
...
006 (9152098.026.000) 08/05 10:35:39 Image size of job updated: 294196
	60  -  MemoryUsage of job (MB)
	61272  -  ResidentSetSize of job (KB)
...
001 (9152098.049.000) 08/05 10:35:39 Job executing on host: <188.185.213.75:9618?addrs=188.185.213.75-9618+[2001-1458-303-1a--100-47]-9618&alias=b9p27p9871.cern.ch&noUDP&sock=startd_4050_8aa7>
	SlotName: slot1_23@b9p27p9871.cern.ch
	CondorScratchDir = "/pool/condor/dir_4083522"
	Cpus = 1
	Disk = 3767
	GPUs = 0
	Memory = 3000
...
006 (9152098.024.000) 08/05 10:35:39 Image size of job updated: 249820
	16  -  MemoryUsage of job (MB)
	16332  -  ResidentSetSize of job (KB)
...
006 (9152098.025.000) 08/05 10:35:39 Image size of job updated: 286648
	280  -  MemoryUsage of job (MB)
	286648  -  ResidentSetSize of job (KB)
...
006 (9152098.028.000) 08/05 10:35:39 Image size of job updated: 303248
	0  -  MemoryUsage of job (MB)
	0  -  ResidentSetSize of job (KB)
...
040 (9152098.028.000) 08/05 10:35:39 Started transferring output files
...
040 (9152098.028.000) 08/05 10:35:39 Finished transferring output files
...
021 (9152098.028.000) 08/05 10:35:39 Error from starter on slot1_22@b9p31p8919.cern.ch:
	STARTER at 188.185.215.80 failed to send file(s) to <188.185.125.71:9618>: : FILETRANSFER:1:non-zero exit (1) from /usr/libexec/condor/curl_plugin. |Error: could not open local file /pool/condor/dir_1049260/HardQCD_Pt15to7000_Oniaoff_CR0_PYTHIA8311_Chunk28_Part0.root, error 2 (No such file or directory) ( URL file = file:///afs/cern.ch/user/s/shuangyu/CMSSW_15_0_14/src/Jpsi/pythia_generation/./rootfile_nomuoncut_nojpsijet/HardQCD_Pt15to7000_Oniaoff_CR0_PYTHIA8311_Chunk28_Part0.root )|; SHADOW failed to receive file(s) from <188.185.215.80:44585>
	Code 13 Subcode 256
...
004 (9152098.028.000) 08/05 10:35:40 Job was evicted. Code 12 Subcode 256
	(0) CPU times
		Usr 0 00:00:04, Sys 0 00:00:01  -  Run Remote Usage
		Usr 0 00:00:00, Sys 0 00:00:00  -  Run Local Usage
	0  -  Run Bytes Sent By Job
	660198  -  Run Bytes Received By Job
	Reason: Transfer output files failure at execution point slot1_22@b9p31p8919.cern.ch while sending files to access point bigbird28. Details: could not open local file /pool/condor/dir_1049260/HardQCD_Pt15to7000_Oniaoff_CR0_PYTHIA8311_Chunk28_Part0.root, error 2 (No such file or directory) ( URL file = file:///afs/cern.ch/user/s/shuangyu/CMSSW_15_0_14/src/Jpsi/pythia_generation/./rootfile_nomuoncut_nojpsijet/HardQCD_Pt15to7000_Oniaoff_CR0_PYTHIA8311_Chunk28_Part0.root )|
	Partitionable Resources :    Usage  Request Allocated 
	   Cpus                 :        0        1         1 
	   Disk (KB)            :      797      750      3758 
	   GPUs                 :                           0 
	   Memory (MB)          :        0     3000      3000 
	   TimeExecute (s)      :        7                    
	   TimeSlotBusy (s)     :        8                    
...
012 (9152098.028.000) 08/05 10:35:40 Job was held.
	Transfer output files failure at execution point slot1_22@b9p31p8919.cern.ch while sending files to access point bigbird28. Details: could not open local file /pool/condor/dir_1049260/HardQCD_Pt15to7000_Oniaoff_CR0_PYTHIA8311_Chunk28_Part0.root, error 2 (No such file or directory) ( URL file = file:///afs/cern.ch/user/s/shuangyu/CMSSW_15_0_14/src/Jpsi/pythia_generation/./rootfile_nomuoncut_nojpsijet/HardQCD_Pt15to7000_Oniaoff_CR0_PYTHIA8311_Chunk28_Part0.root )|
	Code 12 Subcode 256
...
006 (9152098.027.000) 08/05 10:35:40 Image size of job updated: 254024
	64  -  MemoryUsage of job (MB)
	64764  -  ResidentSetSize of job (KB)
...
006 (9152098.029.000) 08/05 10:35:40 Image size of job updated: 234868
	11  -  MemoryUsage of job (MB)
	10272  -  ResidentSetSize of job (KB)
...
006 (9152098.024.000) 08/05 10:35:41 Image size of job updated: 249820
	17  -  MemoryUsage of job (MB)
	16404  -  ResidentSetSize of job (KB)
...
006 (9152098.029.000) 08/05 10:35:41 Image size of job updated: 234868
	11  -  MemoryUsage of job (MB)
	10972  -  ResidentSetSize of job (KB)
...
040 (9152098.024.000) 08/05 10:35:41 Started transferring output files
...
040 (9152098.024.000) 08/05 10:35:41 Finished transferring output files
...
021 (9152098.024.000) 08/05 10:35:41 Error from starter on slot1_22@b9p22p8531.cern.ch:
	STARTER at 188.185.210.228 failed to send file(s) to <188.185.125.71:9618>: : FILETRANSFER:1:non-zero exit (1) from /usr/libexec/condor/curl_plugin. |Error: could not open local file /pool/condor/dir_4101673/HardQCD_Pt15to7000_Oniaoff_CR0_PYTHIA8311_Chunk24_Part0.root, error 2 (No such file or directory) ( URL file = file:///afs/cern.ch/user/s/shuangyu/CMSSW_15_0_14/src/Jpsi/pythia_generation/./rootfile_nomuoncut_nojpsijet/HardQCD_Pt15to7000_Oniaoff_CR0_PYTHIA8311_Chunk24_Part0.root )|; SHADOW failed to receive file(s) from <188.185.210.228:38633>
	Code 13 Subcode 256
...
004 (9152098.024.000) 08/05 10:35:42 Job was evicted. Code 12 Subcode 256
	(0) CPU times
		Usr 0 00:00:05, Sys 0 00:00:01  -  Run Remote Usage
		Usr 0 00:00:00, Sys 0 00:00:00  -  Run Local Usage
	0  -  Run Bytes Sent By Job
	660198  -  Run Bytes Received By Job
	Reason: Transfer output files failure at execution point slot1_22@b9p22p8531.cern.ch while sending files to access point bigbird28. Details: could not open local file /pool/condor/dir_4101673/HardQCD_Pt15to7000_Oniaoff_CR0_PYTHIA8311_Chunk24_Part0.root, error 2 (No such file or directory) ( URL file = file:///afs/cern.ch/user/s/shuangyu/CMSSW_15_0_14/src/Jpsi/pythia_generation/./rootfile_nomuoncut_nojpsijet/HardQCD_Pt15to7000_Oniaoff_CR0_PYTHIA8311_Chunk24_Part0.root )|
	Partitionable Resources :    Usage  Request Allocated 
	   Cpus                 :        0        1         1 
	   Disk (KB)            :      797      750      3821 
	   GPUs                 :                           0 
	   Memory (MB)          :       17     3000      3000 
	   TimeExecute (s)      :       10                    
	   TimeSlotBusy (s)     :       11                    
...
012 (9152098.024.000) 08/05 10:35:42 Job was held.
	Transfer output files failure at execution point slot1_22@b9p22p8531.cern.ch while sending files to access point bigbird28. Details: could not open local file /pool/condor/dir_4101673/HardQCD_Pt15to7000_Oniaoff_CR0_PYTHIA8311_Chunk24_Part0.root, error 2 (No such file or directory) ( URL file = file:///afs/cern.ch/user/s/shuangyu/CMSSW_15_0_14/src/Jpsi/pythia_generation/./rootfile_nomuoncut_nojpsijet/HardQCD_Pt15to7000_Oniaoff_CR0_PYTHIA8311_Chunk24_Part0.root )|
	Code 12 Subcode 256
...
006 (9152098.033.000) 08/05 10:35:42 Image size of job updated: 258304
	20  -  MemoryUsage of job (MB)
	20028  -  ResidentSetSize of job (KB)
...
006 (9152098.035.000) 08/05 10:35:42 Image size of job updated: 286568
	280  -  MemoryUsage of job (MB)
	286568  -  ResidentSetSize of job (KB)
...
040 (9152098.029.000) 08/05 10:35:42 Started transferring output files
...
040 (9152098.029.000) 08/05 10:35:42 Finished transferring output files
...
021 (9152098.029.000) 08/05 10:35:42 Error from starter on slot1_19@b9p31p7012.cern.ch:
	STARTER at 188.185.215.92 failed to send file(s) to <188.185.125.71:9618>: : FILETRANSFER:1:non-zero exit (1) from /usr/libexec/condor/curl_plugin. |Error: could not open local file /pool/condor/dir_148994/HardQCD_Pt15to7000_Oniaoff_CR0_PYTHIA8311_Chunk29_Part0.root, error 2 (No such file or directory) ( URL file = file:///afs/cern.ch/user/s/shuangyu/CMSSW_15_0_14/src/Jpsi/pythia_generation/./rootfile_nomuoncut_nojpsijet/HardQCD_Pt15to7000_Oniaoff_CR0_PYTHIA8311_Chunk29_Part0.root )|; SHADOW failed to receive file(s) from <188.185.215.92:43355>
	Code 13 Subcode 256
...
006 (9152098.030.000) 08/05 10:35:42 Image size of job updated: 292732
	286  -  MemoryUsage of job (MB)
	292732  -  ResidentSetSize of job (KB)
...
004 (9152098.029.000) 08/05 10:35:42 Job was evicted. Code 12 Subcode 256
	(0) CPU times
		Usr 0 00:00:04, Sys 0 00:00:01  -  Run Remote Usage
		Usr 0 00:00:00, Sys 0 00:00:00  -  Run Local Usage
	0  -  Run Bytes Sent By Job
	660198  -  Run Bytes Received By Job
	Reason: Transfer output files failure at execution point slot1_19@b9p31p7012.cern.ch while sending files to access point bigbird28. Details: could not open local file /pool/condor/dir_148994/HardQCD_Pt15to7000_Oniaoff_CR0_PYTHIA8311_Chunk29_Part0.root, error 2 (No such file or directory) ( URL file = file:///afs/cern.ch/user/s/shuangyu/CMSSW_15_0_14/src/Jpsi/pythia_generation/./rootfile_nomuoncut_nojpsijet/HardQCD_Pt15to7000_Oniaoff_CR0_PYTHIA8311_Chunk29_Part0.root )|
	Partitionable Resources :    Usage  Request Allocated 
	   Cpus                 :        0        1         1 
	   Disk (KB)            :      797      750      3885 
	   GPUs                 :                           0 
	   Memory (MB)          :       11     3000      3000 
	   TimeExecute (s)      :        9                    
	   TimeSlotBusy (s)     :       11                    
...
006 (9152098.032.000) 08/05 10:35:42 Image size of job updated: 292452
	286  -  MemoryUsage of job (MB)
	292452  -  ResidentSetSize of job (KB)
...
012 (9152098.029.000) 08/05 10:35:42 Job was held.
	Transfer output files failure at execution point slot1_19@b9p31p7012.cern.ch while sending files to access point bigbird28. Details: could not open local file /pool/condor/dir_148994/HardQCD_Pt15to7000_Oniaoff_CR0_PYTHIA8311_Chunk29_Part0.root, error 2 (No such file or directory) ( URL file = file:///afs/cern.ch/user/s/shuangyu/CMSSW_15_0_14/src/Jpsi/pythia_generation/./rootfile_nomuoncut_nojpsijet/HardQCD_Pt15to7000_Oniaoff_CR0_PYTHIA8311_Chunk29_Part0.root )|
	Code 12 Subcode 256
...
006 (9152098.031.000) 08/05 10:35:42 Image size of job updated: 279104
	273  -  MemoryUsage of job (MB)
	279104  -  ResidentSetSize of job (KB)
...
040 (9152098.023.000) 08/05 10:35:43 Started transferring output files
...
040 (9152098.023.000) 08/05 10:35:43 Finished transferring output files
...
021 (9152098.023.000) 08/05 10:35:43 Error from starter on slot1_7@b9p25p0803.cern.ch:
	STARTER at 188.185.212.39 failed to send file(s) to <188.185.125.71:9618>: : FILETRANSFER:1:non-zero exit (1) from /usr/libexec/condor/curl_plugin. |Error: could not open local file /pool/condor/dir_2505229/HardQCD_Pt15to7000_Oniaoff_CR0_PYTHIA8311_Chunk23_Part0.root, error 2 (No such file or directory) ( URL file = file:///afs/cern.ch/user/s/shuangyu/CMSSW_15_0_14/src/Jpsi/pythia_generation/./rootfile_nomuoncut_nojpsijet/HardQCD_Pt15to7000_Oniaoff_CR0_PYTHIA8311_Chunk23_Part0.root )|; SHADOW failed to receive file(s) from <188.185.212.39:42125>
	Code 13 Subcode 256
...
040 (9152098.027.000) 08/05 10:35:43 Started transferring output files
...
040 (9152098.027.000) 08/05 10:35:43 Finished transferring output files
...
021 (9152098.027.000) 08/05 10:35:43 Error from starter on slot1_31@b9p31p4711.cern.ch:
	STARTER at 188.185.215.39 failed to send file(s) to <188.185.125.71:9618>: : FILETRANSFER:1:non-zero exit (1) from /usr/libexec/condor/curl_plugin. |Error: could not open local file /pool/condor/dir_3106297/HardQCD_Pt15to7000_Oniaoff_CR0_PYTHIA8311_Chunk27_Part0.root, error 2 (No such file or directory) ( URL file = file:///afs/cern.ch/user/s/shuangyu/CMSSW_15_0_14/src/Jpsi/pythia_generation/./rootfile_nomuoncut_nojpsijet/HardQCD_Pt15to7000_Oniaoff_CR0_PYTHIA8311_Chunk27_Part0.root )|; SHADOW failed to receive file(s) from <188.185.215.39:43361>
	Code 13 Subcode 256
...
004 (9152098.023.000) 08/05 10:35:43 Job was evicted. Code 12 Subcode 256
	(0) CPU times
		Usr 0 00:00:06, Sys 0 00:00:01  -  Run Remote Usage
		Usr 0 00:00:00, Sys 0 00:00:00  -  Run Local Usage
	0  -  Run Bytes Sent By Job
	660198  -  Run Bytes Received By Job
	Reason: Transfer output files failure at execution point slot1_7@b9p25p0803.cern.ch while sending files to access point bigbird28. Details: could not open local file /pool/condor/dir_2505229/HardQCD_Pt15to7000_Oniaoff_CR0_PYTHIA8311_Chunk23_Part0.root, error 2 (No such file or directory) ( URL file = file:///afs/cern.ch/user/s/shuangyu/CMSSW_15_0_14/src/Jpsi/pythia_generation/./rootfile_nomuoncut_nojpsijet/HardQCD_Pt15to7000_Oniaoff_CR0_PYTHIA8311_Chunk23_Part0.root )|
	Partitionable Resources :    Usage  Request Allocated 
	   Cpus                 :                 1         1 
	   Disk (KB)            :      895      750      3801 
	   GPUs                 :                           0 
	   Memory (MB)          :      285     3000      3000 
	   TimeExecute (s)      :       12                    
	   TimeSlotBusy (s)     :       14                    
...
012 (9152098.023.000) 08/05 10:35:43 Job was held.
	Transfer output files failure at execution point slot1_7@b9p25p0803.cern.ch while sending files to access point bigbird28. Details: could not open local file /pool/condor/dir_2505229/HardQCD_Pt15to7000_Oniaoff_CR0_PYTHIA8311_Chunk23_Part0.root, error 2 (No such file or directory) ( URL file = file:///afs/cern.ch/user/s/shuangyu/CMSSW_15_0_14/src/Jpsi/pythia_generation/./rootfile_nomuoncut_nojpsijet/HardQCD_Pt15to7000_Oniaoff_CR0_PYTHIA8311_Chunk23_Part0.root )|
	Code 12 Subcode 256
...
004 (9152098.027.000) 08/05 10:35:43 Job was evicted. Code 12 Subcode 256
	(0) CPU times
		Usr 0 00:00:05, Sys 0 00:00:01  -  Run Remote Usage
		Usr 0 00:00:00, Sys 0 00:00:00  -  Run Local Usage
	0  -  Run Bytes Sent By Job
	660198  -  Run Bytes Received By Job
	Reason: Transfer output files failure at execution point slot1_31@b9p31p4711.cern.ch while sending files to access point bigbird28. Details: could not open local file /pool/condor/dir_3106297/HardQCD_Pt15to7000_Oniaoff_CR0_PYTHIA8311_Chunk27_Part0.root, error 2 (No such file or directory) ( URL file = file:///afs/cern.ch/user/s/shuangyu/CMSSW_15_0_14/src/Jpsi/pythia_generation/./rootfile_nomuoncut_nojpsijet/HardQCD_Pt15to7000_Oniaoff_CR0_PYTHIA8311_Chunk27_Part0.root )|
	Partitionable Resources :    Usage  Request Allocated 
	   Cpus                 :        0        1         1 
	   Disk (KB)            :     1199      750      3745 
	   GPUs                 :                           0 
	   Memory (MB)          :       64     3000      3000 
	   TimeExecute (s)      :       10                    
	   TimeSlotBusy (s)     :       12                    
...
006 (9152098.038.000) 08/05 10:35:43 Image size of job updated: 276360
	270  -  MemoryUsage of job (MB)
	276360  -  ResidentSetSize of job (KB)
...
006 (9152098.036.000) 08/05 10:35:43 Image size of job updated: 269980
	264  -  MemoryUsage of job (MB)
	269980  -  ResidentSetSize of job (KB)
...
006 (9152098.037.000) 08/05 10:35:43 Image size of job updated: 276056
	270  -  MemoryUsage of job (MB)
	276056  -  ResidentSetSize of job (KB)
...
012 (9152098.027.000) 08/05 10:35:43 Job was held.
	Transfer output files failure at execution point slot1_31@b9p31p4711.cern.ch while sending files to access point bigbird28. Details: could not open local file /pool/condor/dir_3106297/HardQCD_Pt15to7000_Oniaoff_CR0_PYTHIA8311_Chunk27_Part0.root, error 2 (No such file or directory) ( URL file = file:///afs/cern.ch/user/s/shuangyu/CMSSW_15_0_14/src/Jpsi/pythia_generation/./rootfile_nomuoncut_nojpsijet/HardQCD_Pt15to7000_Oniaoff_CR0_PYTHIA8311_Chunk27_Part0.root )|
	Code 12 Subcode 256
...
006 (9152098.034.000) 08/05 10:35:43 Image size of job updated: 252044
	247  -  MemoryUsage of job (MB)
	252044  -  ResidentSetSize of job (KB)
...
006 (9152098.022.000) 08/05 10:35:44 Image size of job updated: 300864
	274  -  MemoryUsage of job (MB)
	280364  -  ResidentSetSize of job (KB)
...
006 (9152098.041.000) 08/05 10:35:44 Image size of job updated: 275128
	269  -  MemoryUsage of job (MB)
	275128  -  ResidentSetSize of job (KB)
...
006 (9152098.039.000) 08/05 10:35:44 Image size of job updated: 172052
	2  -  MemoryUsage of job (MB)
	1484  -  ResidentSetSize of job (KB)
...
040 (9152098.026.000) 08/05 10:35:44 Started transferring output files
...
040 (9152098.026.000) 08/05 10:35:44 Finished transferring output files
...
021 (9152098.026.000) 08/05 10:35:44 Error from starter on slot1_4@b9p21p5364.cern.ch:
	STARTER at 188.185.210.14 failed to send file(s) to <188.185.125.71:9618>: : FILETRANSFER:1:non-zero exit (1) from /usr/libexec/condor/curl_plugin. |Error: could not open local file /pool/condor/dir_2356525/HardQCD_Pt15to7000_Oniaoff_CR0_PYTHIA8311_Chunk26_Part0.root, error 2 (No such file or directory) ( URL file = file:///afs/cern.ch/user/s/shuangyu/CMSSW_15_0_14/src/Jpsi/pythia_generation/./rootfile_nomuoncut_nojpsijet/HardQCD_Pt15to7000_Oniaoff_CR0_PYTHIA8311_Chunk26_Part0.root )|; SHADOW failed to receive file(s) from <188.185.210.14:33349>
	Code 13 Subcode 256
...
004 (9152098.026.000) 08/05 10:35:44 Job was evicted. Code 12 Subcode 256
	(0) CPU times
		Usr 0 00:00:04, Sys 0 00:00:01  -  Run Remote Usage
		Usr 0 00:00:00, Sys 0 00:00:00  -  Run Local Usage
	0  -  Run Bytes Sent By Job
	660198  -  Run Bytes Received By Job
	Reason: Transfer output files failure at execution point slot1_4@b9p21p5364.cern.ch while sending files to access point bigbird28. Details: could not open local file /pool/condor/dir_2356525/HardQCD_Pt15to7000_Oniaoff_CR0_PYTHIA8311_Chunk26_Part0.root, error 2 (No such file or directory) ( URL file = file:///afs/cern.ch/user/s/shuangyu/CMSSW_15_0_14/src/Jpsi/pythia_generation/./rootfile_nomuoncut_nojpsijet/HardQCD_Pt15to7000_Oniaoff_CR0_PYTHIA8311_Chunk26_Part0.root )|
	Partitionable Resources :    Usage  Request Allocated 
	   Cpus                 :        0        1         1 
	   Disk (KB)            :      797      750      3764 
	   GPUs                 :                           0 
	   Memory (MB)          :       60     3000      3000 
	   TimeExecute (s)      :       13                    
	   TimeSlotBusy (s)     :       14                    
...
012 (9152098.026.000) 08/05 10:35:44 Job was held.
	Transfer output files failure at execution point slot1_4@b9p21p5364.cern.ch while sending files to access point bigbird28. Details: could not open local file /pool/condor/dir_2356525/HardQCD_Pt15to7000_Oniaoff_CR0_PYTHIA8311_Chunk26_Part0.root, error 2 (No such file or directory) ( URL file = file:///afs/cern.ch/user/s/shuangyu/CMSSW_15_0_14/src/Jpsi/pythia_generation/./rootfile_nomuoncut_nojpsijet/HardQCD_Pt15to7000_Oniaoff_CR0_PYTHIA8311_Chunk26_Part0.root )|
	Code 12 Subcode 256
...
006 (9152098.020.000) 08/05 10:35:45 Image size of job updated: 283220
	263  -  MemoryUsage of job (MB)
	268784  -  ResidentSetSize of job (KB)
...
040 (9152098.022.000) 08/05 10:35:45 Started transferring output files
...
040 (9152098.022.000) 08/05 10:35:45 Finished transferring output files
...
021 (9152098.022.000) 08/05 10:35:45 Error from starter on slot1_13@b9g23p9233.cern.ch:
	STARTER at 128.142.248.176 failed to send file(s) to <188.185.125.71:9618>: : FILETRANSFER:1:non-zero exit (1) from /usr/libexec/condor/curl_plugin. |Error: could not open local file /pool/condor/dir_1459494/HardQCD_Pt15to7000_Oniaoff_CR0_PYTHIA8311_Chunk22_Part0.root, error 2 (No such file or directory) ( URL file = file:///afs/cern.ch/user/s/shuangyu/CMSSW_15_0_14/src/Jpsi/pythia_generation/./rootfile_nomuoncut_nojpsijet/HardQCD_Pt15to7000_Oniaoff_CR0_PYTHIA8311_Chunk22_Part0.root )|; SHADOW failed to receive file(s) from <128.142.248.176:34379>
	Code 13 Subcode 256
...
006 (9152098.042.000) 08/05 10:35:45 Image size of job updated: 278244
	272  -  MemoryUsage of job (MB)
	278244  -  ResidentSetSize of job (KB)
...
006 (9152098.044.000) 08/05 10:35:45 Image size of job updated: 264776
	3  -  MemoryUsage of job (MB)
	2648  -  ResidentSetSize of job (KB)
...
040 (9152098.025.000) 08/05 10:35:45 Started transferring output files
...
006 (9152098.043.000) 08/05 10:35:45 Image size of job updated: 282416
	276  -  MemoryUsage of job (MB)
	282416  -  ResidentSetSize of job (KB)
...
040 (9152098.025.000) 08/05 10:35:45 Finished transferring output files
...
021 (9152098.025.000) 08/05 10:35:45 Error from starter on slot1_11@b9p13p0746.cern.ch:
	STARTER at 188.185.192.106 failed to send file(s) to <188.185.125.71:9618>: : FILETRANSFER:1:non-zero exit (1) from /usr/libexec/condor/curl_plugin. |Error: could not open local file /pool/condor/dir_2760657/HardQCD_Pt15to7000_Oniaoff_CR0_PYTHIA8311_Chunk25_Part0.root, error 2 (No such file or directory) ( URL file = file:///afs/cern.ch/user/s/shuangyu/CMSSW_15_0_14/src/Jpsi/pythia_generation/./rootfile_nomuoncut_nojpsijet/HardQCD_Pt15to7000_Oniaoff_CR0_PYTHIA8311_Chunk25_Part0.root )|; SHADOW failed to receive file(s) from <188.185.192.106:36045>
	Code 13 Subcode 256
...
006 (9152098.040.000) 08/05 10:35:45 Image size of job updated: 136004
	21  -  MemoryUsage of job (MB)
	21256  -  ResidentSetSize of job (KB)
...
004 (9152098.022.000) 08/05 10:35:45 Job was evicted. Code 12 Subcode 256
	(0) CPU times
		Usr 0 00:00:09, Sys 0 00:00:01  -  Run Remote Usage
		Usr 0 00:00:00, Sys 0 00:00:00  -  Run Local Usage
	0  -  Run Bytes Sent By Job
	660198  -  Run Bytes Received By Job
	Reason: Transfer output files failure at execution point slot1_13@b9g23p9233.cern.ch while sending files to access point bigbird28. Details: could not open local file /pool/condor/dir_1459494/HardQCD_Pt15to7000_Oniaoff_CR0_PYTHIA8311_Chunk22_Part0.root, error 2 (No such file or directory) ( URL file = file:///afs/cern.ch/user/s/shuangyu/CMSSW_15_0_14/src/Jpsi/pythia_generation/./rootfile_nomuoncut_nojpsijet/HardQCD_Pt15to7000_Oniaoff_CR0_PYTHIA8311_Chunk22_Part0.root )|
	Partitionable Resources :    Usage  Request Allocated 
	   Cpus                 :        0        1         1 
	   Disk (KB)            :      797      750      3793 
	   GPUs                 :                           0 
	   Memory (MB)          :      274     3000      3000 
	   TimeExecute (s)      :       14                    
	   TimeSlotBusy (s)     :       16                    
...
012 (9152098.022.000) 08/05 10:35:45 Job was held.
	Transfer output files failure at execution point slot1_13@b9g23p9233.cern.ch while sending files to access point bigbird28. Details: could not open local file /pool/condor/dir_1459494/HardQCD_Pt15to7000_Oniaoff_CR0_PYTHIA8311_Chunk22_Part0.root, error 2 (No such file or directory) ( URL file = file:///afs/cern.ch/user/s/shuangyu/CMSSW_15_0_14/src/Jpsi/pythia_generation/./rootfile_nomuoncut_nojpsijet/HardQCD_Pt15to7000_Oniaoff_CR0_PYTHIA8311_Chunk22_Part0.root )|
	Code 12 Subcode 256
...
004 (9152098.025.000) 08/05 10:35:45 Job was evicted. Code 12 Subcode 256
	(0) CPU times
		Usr 0 00:00:09, Sys 0 00:00:01  -  Run Remote Usage
		Usr 0 00:00:00, Sys 0 00:00:00  -  Run Local Usage
	0  -  Run Bytes Sent By Job
	660198  -  Run Bytes Received By Job
	Reason: Transfer output files failure at execution point slot1_11@b9p13p0746.cern.ch while sending files to access point bigbird28. Details: could not open local file /pool/condor/dir_2760657/HardQCD_Pt15to7000_Oniaoff_CR0_PYTHIA8311_Chunk25_Part0.root, error 2 (No such file or directory) ( URL file = file:///afs/cern.ch/user/s/shuangyu/CMSSW_15_0_14/src/Jpsi/pythia_generation/./rootfile_nomuoncut_nojpsijet/HardQCD_Pt15to7000_Oniaoff_CR0_PYTHIA8311_Chunk25_Part0.root )|
	Partitionable Resources :    Usage  Request Allocated 
	   Cpus                 :        0        1         1 
	   Disk (KB)            :      868      750      3861 
	   GPUs                 :                           0 
	   Memory (MB)          :      280     3000      3000 
	   TimeExecute (s)      :       13                    
	   TimeSlotBusy (s)     :       15                    
...
012 (9152098.025.000) 08/05 10:35:45 Job was held.
	Transfer output files failure at execution point slot1_11@b9p13p0746.cern.ch while sending files to access point bigbird28. Details: could not open local file /pool/condor/dir_2760657/HardQCD_Pt15to7000_Oniaoff_CR0_PYTHIA8311_Chunk25_Part0.root, error 2 (No such file or directory) ( URL file = file:///afs/cern.ch/user/s/shuangyu/CMSSW_15_0_14/src/Jpsi/pythia_generation/./rootfile_nomuoncut_nojpsijet/HardQCD_Pt15to7000_Oniaoff_CR0_PYTHIA8311_Chunk25_Part0.root )|
	Code 12 Subcode 256
...
006 (9152098.021.000) 08/05 10:35:46 Image size of job updated: 306492
	300  -  MemoryUsage of job (MB)
	306492  -  ResidentSetSize of job (KB)
...
040 (9152098.020.000) 08/05 10:35:46 Started transferring output files
...
040 (9152098.020.000) 08/05 10:35:46 Finished transferring output files
...
021 (9152098.020.000) 08/05 10:35:46 Error from starter on slot1_21@b9p17p5911.cern.ch:
	STARTER at 188.185.195.50 failed to send file(s) to <188.185.125.71:9618>: : FILETRANSFER:1:non-zero exit (1) from /usr/libexec/condor/curl_plugin. |Error: could not open local file /pool/condor/dir_656841/HardQCD_Pt15to7000_Oniaoff_CR0_PYTHIA8311_Chunk20_Part0.root, error 2 (No such file or directory) ( URL file = file:///afs/cern.ch/user/s/shuangyu/CMSSW_15_0_14/src/Jpsi/pythia_generation/./rootfile_nomuoncut_nojpsijet/HardQCD_Pt15to7000_Oniaoff_CR0_PYTHIA8311_Chunk20_Part0.root )|; SHADOW failed to receive file(s) from <188.185.195.50:37833>
	Code 13 Subcode 256
...
006 (9152098.046.000) 08/05 10:35:46 Image size of job updated: 284468
	278  -  MemoryUsage of job (MB)
	284468  -  ResidentSetSize of job (KB)
...
006 (9152098.047.000) 08/05 10:35:46 Image size of job updated: 244512
	52  -  MemoryUsage of job (MB)
	52320  -  ResidentSetSize of job (KB)
...
006 (9152098.045.000) 08/05 10:35:46 Image size of job updated: 282396
	276  -  MemoryUsage of job (MB)
	282396  -  ResidentSetSize of job (KB)
...
004 (9152098.020.000) 08/05 10:35:46 Job was evicted. Code 12 Subcode 256
	(0) CPU times
		Usr 0 00:00:09, Sys 0 00:00:01  -  Run Remote Usage
		Usr 0 00:00:00, Sys 0 00:00:00  -  Run Local Usage
	0  -  Run Bytes Sent By Job
	660198  -  Run Bytes Received By Job
	Reason: Transfer output files failure at execution point slot1_21@b9p17p5911.cern.ch while sending files to access point bigbird28. Details: could not open local file /pool/condor/dir_656841/HardQCD_Pt15to7000_Oniaoff_CR0_PYTHIA8311_Chunk20_Part0.root, error 2 (No such file or directory) ( URL file = file:///afs/cern.ch/user/s/shuangyu/CMSSW_15_0_14/src/Jpsi/pythia_generation/./rootfile_nomuoncut_nojpsijet/HardQCD_Pt15to7000_Oniaoff_CR0_PYTHIA8311_Chunk20_Part0.root )|
	Partitionable Resources :    Usage  Request Allocated 
	   Cpus                 :        0        1         1 
	   Disk (KB)            :      797      750      3973 
	   GPUs                 :                           0 
	   Memory (MB)          :      263     3000      3000 
	   TimeExecute (s)      :       16                    
	   TimeSlotBusy (s)     :       18                    
...
012 (9152098.020.000) 08/05 10:35:46 Job was held.
	Transfer output files failure at execution point slot1_21@b9p17p5911.cern.ch while sending files to access point bigbird28. Details: could not open local file /pool/condor/dir_656841/HardQCD_Pt15to7000_Oniaoff_CR0_PYTHIA8311_Chunk20_Part0.root, error 2 (No such file or directory) ( URL file = file:///afs/cern.ch/user/s/shuangyu/CMSSW_15_0_14/src/Jpsi/pythia_generation/./rootfile_nomuoncut_nojpsijet/HardQCD_Pt15to7000_Oniaoff_CR0_PYTHIA8311_Chunk20_Part0.root )|
	Code 12 Subcode 256
...
006 (9152098.039.000) 08/05 10:35:46 Image size of job updated: 172052
	2  -  MemoryUsage of job (MB)
	1852  -  ResidentSetSize of job (KB)
...
006 (9152098.032.000) 08/05 10:35:46 Image size of job updated: 304372
	286  -  MemoryUsage of job (MB)
	292452  -  ResidentSetSize of job (KB)
...
040 (9152098.021.000) 08/05 10:35:46 Started transferring output files
...
006 (9152098.044.000) 08/05 10:35:47 Image size of job updated: 264776
	3  -  MemoryUsage of job (MB)
	2804  -  ResidentSetSize of job (KB)
...
040 (9152098.021.000) 08/05 10:35:47 Finished transferring output files
...
021 (9152098.021.000) 08/05 10:35:47 Error from starter on slot1_13@b9p29p6860.cern.ch:
	STARTER at 188.185.214.99 failed to send file(s) to <188.185.125.71:9618>: : FILETRANSFER:1:non-zero exit (1) from /usr/libexec/condor/curl_plugin. |Error: could not open local file /pool/condor/dir_3234465/HardQCD_Pt15to7000_Oniaoff_CR0_PYTHIA8311_Chunk21_Part0.root, error 2 (No such file or directory) ( URL file = file:///afs/cern.ch/user/s/shuangyu/CMSSW_15_0_14/src/Jpsi/pythia_generation/./rootfile_nomuoncut_nojpsijet/HardQCD_Pt15to7000_Oniaoff_CR0_PYTHIA8311_Chunk21_Part0.root )|; SHADOW failed to receive file(s) from <188.185.214.99:35851>
	Code 13 Subcode 256
...
006 (9152098.030.000) 08/05 10:35:47 Image size of job updated: 301692
	286  -  MemoryUsage of job (MB)
	292732  -  ResidentSetSize of job (KB)
...
004 (9152098.021.000) 08/05 10:35:47 Job was evicted. Code 12 Subcode 256
	(0) CPU times
		Usr 0 00:00:06, Sys 0 00:00:01  -  Run Remote Usage
		Usr 0 00:00:00, Sys 0 00:00:00  -  Run Local Usage
	0  -  Run Bytes Sent By Job
	660198  -  Run Bytes Received By Job
	Reason: Transfer output files failure at execution point slot1_13@b9p29p6860.cern.ch while sending files to access point bigbird28. Details: could not open local file /pool/condor/dir_3234465/HardQCD_Pt15to7000_Oniaoff_CR0_PYTHIA8311_Chunk21_Part0.root, error 2 (No such file or directory) ( URL file = file:///afs/cern.ch/user/s/shuangyu/CMSSW_15_0_14/src/Jpsi/pythia_generation/./rootfile_nomuoncut_nojpsijet/HardQCD_Pt15to7000_Oniaoff_CR0_PYTHIA8311_Chunk21_Part0.root )|
	Partitionable Resources :    Usage  Request Allocated 
	   Cpus                 :        0        1         1 
	   Disk (KB)            :      936      750      3773 
	   GPUs                 :                           0 
	   Memory (MB)          :      300     3000      3000 
	   TimeExecute (s)      :       16                    
	   TimeSlotBusy (s)     :       18                    
...
012 (9152098.021.000) 08/05 10:35:47 Job was held.
	Transfer output files failure at execution point slot1_13@b9p29p6860.cern.ch while sending files to access point bigbird28. Details: could not open local file /pool/condor/dir_3234465/HardQCD_Pt15to7000_Oniaoff_CR0_PYTHIA8311_Chunk21_Part0.root, error 2 (No such file or directory) ( URL file = file:///afs/cern.ch/user/s/shuangyu/CMSSW_15_0_14/src/Jpsi/pythia_generation/./rootfile_nomuoncut_nojpsijet/HardQCD_Pt15to7000_Oniaoff_CR0_PYTHIA8311_Chunk21_Part0.root )|
	Code 12 Subcode 256
...
006 (9152098.048.000) 08/05 10:35:47 Image size of job updated: 304264
	298  -  MemoryUsage of job (MB)
	304264  -  ResidentSetSize of job (KB)
...
006 (9152098.049.000) 08/05 10:35:47 Image size of job updated: 302100
	296  -  MemoryUsage of job (MB)
	302100  -  ResidentSetSize of job (KB)
...
040 (9152098.039.000) 08/05 10:35:47 Started transferring output files
...
040 (9152098.039.000) 08/05 10:35:47 Finished transferring output files
...
021 (9152098.039.000) 08/05 10:35:47 Error from starter on slot1_14@b9p31p8298.cern.ch:
	STARTER at 188.185.215.103 failed to send file(s) to <188.185.125.71:9618>: : FILETRANSFER:1:non-zero exit (1) from /usr/libexec/condor/curl_plugin. |Error: could not open local file /pool/condor/dir_3185536/HardQCD_Pt15to7000_Oniaoff_CR0_PYTHIA8311_Chunk39_Part0.root, error 2 (No such file or directory) ( URL file = file:///afs/cern.ch/user/s/shuangyu/CMSSW_15_0_14/src/Jpsi/pythia_generation/./rootfile_nomuoncut_nojpsijet/HardQCD_Pt15to7000_Oniaoff_CR0_PYTHIA8311_Chunk39_Part0.root )|; SHADOW failed to receive file(s) from <188.185.215.103:44409>
	Code 13 Subcode 256
...
004 (9152098.039.000) 08/05 10:35:47 Job was evicted. Code 12 Subcode 256
	(0) CPU times
		Usr 0 00:00:05, Sys 0 00:00:01  -  Run Remote Usage
		Usr 0 00:00:00, Sys 0 00:00:00  -  Run Local Usage
	0  -  Run Bytes Sent By Job
	660198  -  Run Bytes Received By Job
	Reason: Transfer output files failure at execution point slot1_14@b9p31p8298.cern.ch while sending files to access point bigbird28. Details: could not open local file /pool/condor/dir_3185536/HardQCD_Pt15to7000_Oniaoff_CR0_PYTHIA8311_Chunk39_Part0.root, error 2 (No such file or directory) ( URL file = file:///afs/cern.ch/user/s/shuangyu/CMSSW_15_0_14/src/Jpsi/pythia_generation/./rootfile_nomuoncut_nojpsijet/HardQCD_Pt15to7000_Oniaoff_CR0_PYTHIA8311_Chunk39_Part0.root )|
	Partitionable Resources :    Usage  Request Allocated 
	   Cpus                 :        0        1         1 
	   Disk (KB)            :     1056      750      3804 
	   GPUs                 :                           0 
	   Memory (MB)          :        2     3000      3000 
	   TimeExecute (s)      :       10                    
	   TimeSlotBusy (s)     :       12                    
...
040 (9152098.044.000) 08/05 10:35:47 Started transferring output files
...
012 (9152098.039.000) 08/05 10:35:47 Job was held.
	Transfer output files failure at execution point slot1_14@b9p31p8298.cern.ch while sending files to access point bigbird28. Details: could not open local file /pool/condor/dir_3185536/HardQCD_Pt15to7000_Oniaoff_CR0_PYTHIA8311_Chunk39_Part0.root, error 2 (No such file or directory) ( URL file = file:///afs/cern.ch/user/s/shuangyu/CMSSW_15_0_14/src/Jpsi/pythia_generation/./rootfile_nomuoncut_nojpsijet/HardQCD_Pt15to7000_Oniaoff_CR0_PYTHIA8311_Chunk39_Part0.root )|
	Code 12 Subcode 256
...
040 (9152098.044.000) 08/05 10:35:47 Finished transferring output files
...
021 (9152098.044.000) 08/05 10:35:47 Error from starter on slot1_21@b9p31p0508.cern.ch:
	STARTER at 188.185.215.23 failed to send file(s) to <188.185.125.71:9618>: : FILETRANSFER:1:non-zero exit (1) from /usr/libexec/condor/curl_plugin. |Error: could not open local file /pool/condor/dir_2594010/HardQCD_Pt15to7000_Oniaoff_CR0_PYTHIA8311_Chunk44_Part0.root, error 2 (No such file or directory) ( URL file = file:///afs/cern.ch/user/s/shuangyu/CMSSW_15_0_14/src/Jpsi/pythia_generation/./rootfile_nomuoncut_nojpsijet/HardQCD_Pt15to7000_Oniaoff_CR0_PYTHIA8311_Chunk44_Part0.root )|; SHADOW failed to receive file(s) from <188.185.215.23:45497>
	Code 13 Subcode 256
...
006 (9152098.040.000) 08/05 10:35:47 Image size of job updated: 136004
	21  -  MemoryUsage of job (MB)
	21436  -  ResidentSetSize of job (KB)
...
004 (9152098.044.000) 08/05 10:35:48 Job was evicted. Code 12 Subcode 256
	(0) CPU times
		Usr 0 00:00:05, Sys 0 00:00:01  -  Run Remote Usage
		Usr 0 00:00:00, Sys 0 00:00:00  -  Run Local Usage
	0  -  Run Bytes Sent By Job
	660198  -  Run Bytes Received By Job
	Reason: Transfer output files failure at execution point slot1_21@b9p31p0508.cern.ch while sending files to access point bigbird28. Details: could not open local file /pool/condor/dir_2594010/HardQCD_Pt15to7000_Oniaoff_CR0_PYTHIA8311_Chunk44_Part0.root, error 2 (No such file or directory) ( URL file = file:///afs/cern.ch/user/s/shuangyu/CMSSW_15_0_14/src/Jpsi/pythia_generation/./rootfile_nomuoncut_nojpsijet/HardQCD_Pt15to7000_Oniaoff_CR0_PYTHIA8311_Chunk44_Part0.root )|
	Partitionable Resources :    Usage  Request Allocated 
	   Cpus                 :        0        1         1 
	   Disk (KB)            :      797      750      3745 
	   GPUs                 :                           0 
	   Memory (MB)          :        3     3000      3000 
	   TimeExecute (s)      :       10                    
	   TimeSlotBusy (s)     :       11                    
...
040 (9152098.032.000) 08/05 10:35:48 Started transferring output files
...
040 (9152098.030.000) 08/05 10:35:48 Started transferring output files
...
040 (9152098.032.000) 08/05 10:35:48 Finished transferring output files
...
012 (9152098.044.000) 08/05 10:35:48 Job was held.
	Transfer output files failure at execution point slot1_21@b9p31p0508.cern.ch while sending files to access point bigbird28. Details: could not open local file /pool/condor/dir_2594010/HardQCD_Pt15to7000_Oniaoff_CR0_PYTHIA8311_Chunk44_Part0.root, error 2 (No such file or directory) ( URL file = file:///afs/cern.ch/user/s/shuangyu/CMSSW_15_0_14/src/Jpsi/pythia_generation/./rootfile_nomuoncut_nojpsijet/HardQCD_Pt15to7000_Oniaoff_CR0_PYTHIA8311_Chunk44_Part0.root )|
	Code 12 Subcode 256
...
040 (9152098.030.000) 08/05 10:35:48 Finished transferring output files
...
021 (9152098.032.000) 08/05 10:35:48 Error from starter on slot1_34@b9p16p1991.cern.ch:
	STARTER at 188.185.196.178 failed to send file(s) to <188.185.125.71:9618>: : FILETRANSFER:1:non-zero exit (1) from /usr/libexec/condor/curl_plugin. |Error: could not open local file /pool/condor/dir_3098347/HardQCD_Pt15to7000_Oniaoff_CR0_PYTHIA8311_Chunk32_Part0.root, error 2 (No such file or directory) ( URL file = file:///afs/cern.ch/user/s/shuangyu/CMSSW_15_0_14/src/Jpsi/pythia_generation/./rootfile_nomuoncut_nojpsijet/HardQCD_Pt15to7000_Oniaoff_CR0_PYTHIA8311_Chunk32_Part0.root )|; SHADOW failed to receive file(s) from <188.185.196.178:42597>
	Code 13 Subcode 256
...
021 (9152098.030.000) 08/05 10:35:48 Error from starter on slot1_18@b9g23p1073.cern.ch:
	STARTER at 128.142.248.49 failed to send file(s) to <188.185.125.71:9618>: : FILETRANSFER:1:non-zero exit (1) from /usr/libexec/condor/curl_plugin. |Error: could not open local file /pool/condor/dir_1726992/HardQCD_Pt15to7000_Oniaoff_CR0_PYTHIA8311_Chunk30_Part0.root, error 2 (No such file or directory) ( URL file = file:///afs/cern.ch/user/s/shuangyu/CMSSW_15_0_14/src/Jpsi/pythia_generation/./rootfile_nomuoncut_nojpsijet/HardQCD_Pt15to7000_Oniaoff_CR0_PYTHIA8311_Chunk30_Part0.root )|; SHADOW failed to receive file(s) from <128.142.248.49:46547>
	Code 13 Subcode 256
...
040 (9152098.035.000) 08/05 10:35:48 Started transferring output files
...
040 (9152098.035.000) 08/05 10:35:48 Finished transferring output files
...
021 (9152098.035.000) 08/05 10:35:48 Error from starter on slot1_39@b9p17p7881.cern.ch:
	STARTER at 188.185.195.44 failed to send file(s) to <188.185.125.71:9618>: : FILETRANSFER:1:non-zero exit (1) from /usr/libexec/condor/curl_plugin. |Error: could not open local file /pool/condor/dir_2049138/HardQCD_Pt15to7000_Oniaoff_CR0_PYTHIA8311_Chunk35_Part0.root, error 2 (No such file or directory) ( URL file = file:///afs/cern.ch/user/s/shuangyu/CMSSW_15_0_14/src/Jpsi/pythia_generation/./rootfile_nomuoncut_nojpsijet/HardQCD_Pt15to7000_Oniaoff_CR0_PYTHIA8311_Chunk35_Part0.root )|; SHADOW failed to receive file(s) from <188.185.195.44:36013>
	Code 13 Subcode 256
...
004 (9152098.030.000) 08/05 10:35:48 Job was evicted. Code 12 Subcode 256
	(0) CPU times
		Usr 0 00:00:09, Sys 0 00:00:01  -  Run Remote Usage
		Usr 0 00:00:00, Sys 0 00:00:00  -  Run Local Usage
	0  -  Run Bytes Sent By Job
	660198  -  Run Bytes Received By Job
	Reason: Transfer output files failure at execution point slot1_18@b9g23p1073.cern.ch while sending files to access point bigbird28. Details: could not open local file /pool/condor/dir_1726992/HardQCD_Pt15to7000_Oniaoff_CR0_PYTHIA8311_Chunk30_Part0.root, error 2 (No such file or directory) ( URL file = file:///afs/cern.ch/user/s/shuangyu/CMSSW_15_0_14/src/Jpsi/pythia_generation/./rootfile_nomuoncut_nojpsijet/HardQCD_Pt15to7000_Oniaoff_CR0_PYTHIA8311_Chunk30_Part0.root )|
	Partitionable Resources :    Usage  Request Allocated 
	   Cpus                 :        0        1         1 
	   Disk (KB)            :      936      750      3780 
	   GPUs                 :                           0 
	   Memory (MB)          :      286     3000      3000 
	   TimeExecute (s)      :       14                    
	   TimeSlotBusy (s)     :       16                    
...
004 (9152098.032.000) 08/05 10:35:48 Job was evicted. Code 12 Subcode 256
	(0) CPU times
		Usr 0 00:00:09, Sys 0 00:00:01  -  Run Remote Usage
		Usr 0 00:00:00, Sys 0 00:00:00  -  Run Local Usage
	0  -  Run Bytes Sent By Job
	660198  -  Run Bytes Received By Job
	Reason: Transfer output files failure at execution point slot1_34@b9p16p1991.cern.ch while sending files to access point bigbird28. Details: could not open local file /pool/condor/dir_3098347/HardQCD_Pt15to7000_Oniaoff_CR0_PYTHIA8311_Chunk32_Part0.root, error 2 (No such file or directory) ( URL file = file:///afs/cern.ch/user/s/shuangyu/CMSSW_15_0_14/src/Jpsi/pythia_generation/./rootfile_nomuoncut_nojpsijet/HardQCD_Pt15to7000_Oniaoff_CR0_PYTHIA8311_Chunk32_Part0.root )|
	Partitionable Resources :    Usage  Request Allocated 
	   Cpus                 :        0        1         1 
	   Disk (KB)            :      936      750      3881 
	   GPUs                 :                           0 
	   Memory (MB)          :      286     3000      3000 
	   TimeExecute (s)      :       13                    
	   TimeSlotBusy (s)     :       16                    
...
012 (9152098.030.000) 08/05 10:35:48 Job was held.
	Transfer output files failure at execution point slot1_18@b9g23p1073.cern.ch while sending files to access point bigbird28. Details: could not open local file /pool/condor/dir_1726992/HardQCD_Pt15to7000_Oniaoff_CR0_PYTHIA8311_Chunk30_Part0.root, error 2 (No such file or directory) ( URL file = file:///afs/cern.ch/user/s/shuangyu/CMSSW_15_0_14/src/Jpsi/pythia_generation/./rootfile_nomuoncut_nojpsijet/HardQCD_Pt15to7000_Oniaoff_CR0_PYTHIA8311_Chunk30_Part0.root )|
	Code 12 Subcode 256
...
012 (9152098.032.000) 08/05 10:35:48 Job was held.
	Transfer output files failure at execution point slot1_34@b9p16p1991.cern.ch while sending files to access point bigbird28. Details: could not open local file /pool/condor/dir_3098347/HardQCD_Pt15to7000_Oniaoff_CR0_PYTHIA8311_Chunk32_Part0.root, error 2 (No such file or directory) ( URL file = file:///afs/cern.ch/user/s/shuangyu/CMSSW_15_0_14/src/Jpsi/pythia_generation/./rootfile_nomuoncut_nojpsijet/HardQCD_Pt15to7000_Oniaoff_CR0_PYTHIA8311_Chunk32_Part0.root )|
	Code 12 Subcode 256
...
004 (9152098.035.000) 08/05 10:35:48 Job was evicted. Code 12 Subcode 256
	(0) CPU times
		Usr 0 00:00:09, Sys 0 00:00:01  -  Run Remote Usage
		Usr 0 00:00:00, Sys 0 00:00:00  -  Run Local Usage
	0  -  Run Bytes Sent By Job
	660198  -  Run Bytes Received By Job
	Reason: Transfer output files failure at execution point slot1_39@b9p17p7881.cern.ch while sending files to access point bigbird28. Details: could not open local file /pool/condor/dir_2049138/HardQCD_Pt15to7000_Oniaoff_CR0_PYTHIA8311_Chunk35_Part0.root, error 2 (No such file or directory) ( URL file = file:///afs/cern.ch/user/s/shuangyu/CMSSW_15_0_14/src/Jpsi/pythia_generation/./rootfile_nomuoncut_nojpsijet/HardQCD_Pt15to7000_Oniaoff_CR0_PYTHIA8311_Chunk35_Part0.root )|
	Partitionable Resources :    Usage  Request Allocated 
	   Cpus                 :        0        1         1 
	   Disk (KB)            :      868      750      3841 
	   GPUs                 :                           0 
	   Memory (MB)          :      280     3000      3000 
	   TimeExecute (s)      :       13                    
	   TimeSlotBusy (s)     :       15                    
...
012 (9152098.035.000) 08/05 10:35:48 Job was held.
	Transfer output files failure at execution point slot1_39@b9p17p7881.cern.ch while sending files to access point bigbird28. Details: could not open local file /pool/condor/dir_2049138/HardQCD_Pt15to7000_Oniaoff_CR0_PYTHIA8311_Chunk35_Part0.root, error 2 (No such file or directory) ( URL file = file:///afs/cern.ch/user/s/shuangyu/CMSSW_15_0_14/src/Jpsi/pythia_generation/./rootfile_nomuoncut_nojpsijet/HardQCD_Pt15to7000_Oniaoff_CR0_PYTHIA8311_Chunk35_Part0.root )|
	Code 12 Subcode 256
...
006 (9152098.031.000) 08/05 10:35:48 Image size of job updated: 289596
	273  -  MemoryUsage of job (MB)
	279104  -  ResidentSetSize of job (KB)
...
040 (9152098.040.000) 08/05 10:35:48 Started transferring output files
...
040 (9152098.040.000) 08/05 10:35:48 Finished transferring output files
...
021 (9152098.040.000) 08/05 10:35:48 Error from starter on slot1_33@b9p27p0914.cern.ch:
	STARTER at 188.185.213.82 failed to send file(s) to <188.185.125.71:9618>: : FILETRANSFER:1:non-zero exit (1) from /usr/libexec/condor/curl_plugin. |Error: could not open local file /pool/condor/dir_3396588/HardQCD_Pt15to7000_Oniaoff_CR0_PYTHIA8311_Chunk40_Part0.root, error 2 (No such file or directory) ( URL file = file:///afs/cern.ch/user/s/shuangyu/CMSSW_15_0_14/src/Jpsi/pythia_generation/./rootfile_nomuoncut_nojpsijet/HardQCD_Pt15to7000_Oniaoff_CR0_PYTHIA8311_Chunk40_Part0.root )|; SHADOW failed to receive file(s) from <188.185.213.82:39263>
	Code 13 Subcode 256
...
004 (9152098.040.000) 08/05 10:35:48 Job was evicted. Code 12 Subcode 256
	(0) CPU times
		Usr 0 00:00:05, Sys 0 00:00:02  -  Run Remote Usage
		Usr 0 00:00:00, Sys 0 00:00:00  -  Run Local Usage
	0  -  Run Bytes Sent By Job
	660198  -  Run Bytes Received By Job
	Reason: Transfer output files failure at execution point slot1_33@b9p27p0914.cern.ch while sending files to access point bigbird28. Details: could not open local file /pool/condor/dir_3396588/HardQCD_Pt15to7000_Oniaoff_CR0_PYTHIA8311_Chunk40_Part0.root, error 2 (No such file or directory) ( URL file = file:///afs/cern.ch/user/s/shuangyu/CMSSW_15_0_14/src/Jpsi/pythia_generation/./rootfile_nomuoncut_nojpsijet/HardQCD_Pt15to7000_Oniaoff_CR0_PYTHIA8311_Chunk40_Part0.root )|
	Partitionable Resources :    Usage  Request Allocated 
	   Cpus                 :        0        1         1 
	   Disk (KB)            :     1199      750      3857 
	   GPUs                 :                           0 
	   Memory (MB)          :       21     3000      3000 
	   TimeExecute (s)      :       11                    
	   TimeSlotBusy (s)     :       13                    
...
012 (9152098.040.000) 08/05 10:35:49 Job was held.
	Transfer output files failure at execution point slot1_33@b9p27p0914.cern.ch while sending files to access point bigbird28. Details: could not open local file /pool/condor/dir_3396588/HardQCD_Pt15to7000_Oniaoff_CR0_PYTHIA8311_Chunk40_Part0.root, error 2 (No such file or directory) ( URL file = file:///afs/cern.ch/user/s/shuangyu/CMSSW_15_0_14/src/Jpsi/pythia_generation/./rootfile_nomuoncut_nojpsijet/HardQCD_Pt15to7000_Oniaoff_CR0_PYTHIA8311_Chunk40_Part0.root )|
	Code 12 Subcode 256
...
040 (9152098.047.000) 08/05 10:35:49 Started transferring output files
...
040 (9152098.047.000) 08/05 10:35:49 Finished transferring output files
...
021 (9152098.047.000) 08/05 10:35:49 Error from starter on slot1_29@b9p26p3374.cern.ch:
	STARTER at 188.185.212.208 failed to send file(s) to <188.185.125.71:9618>: : FILETRANSFER:1:non-zero exit (1) from /usr/libexec/condor/curl_plugin. |Error: could not open local file /pool/condor/dir_210606/HardQCD_Pt15to7000_Oniaoff_CR0_PYTHIA8311_Chunk47_Part0.root, error 2 (No such file or directory) ( URL file = file:///afs/cern.ch/user/s/shuangyu/CMSSW_15_0_14/src/Jpsi/pythia_generation/./rootfile_nomuoncut_nojpsijet/HardQCD_Pt15to7000_Oniaoff_CR0_PYTHIA8311_Chunk47_Part0.root )|; SHADOW failed to receive file(s) from <188.185.212.208:43309>
	Code 13 Subcode 256
...
004 (9152098.047.000) 08/05 10:35:49 Job was evicted. Code 12 Subcode 256
	(0) CPU times
		Usr 0 00:00:05, Sys 0 00:00:01  -  Run Remote Usage
		Usr 0 00:00:00, Sys 0 00:00:00  -  Run Local Usage
	0  -  Run Bytes Sent By Job
	660198  -  Run Bytes Received By Job
	Reason: Transfer output files failure at execution point slot1_29@b9p26p3374.cern.ch while sending files to access point bigbird28. Details: could not open local file /pool/condor/dir_210606/HardQCD_Pt15to7000_Oniaoff_CR0_PYTHIA8311_Chunk47_Part0.root, error 2 (No such file or directory) ( URL file = file:///afs/cern.ch/user/s/shuangyu/CMSSW_15_0_14/src/Jpsi/pythia_generation/./rootfile_nomuoncut_nojpsijet/HardQCD_Pt15to7000_Oniaoff_CR0_PYTHIA8311_Chunk47_Part0.root )|
	Partitionable Resources :    Usage  Request Allocated 
	   Cpus                 :        0        1         1 
	   Disk (KB)            :     1296      750      3870 
	   GPUs                 :                           0 
	   Memory (MB)          :       52     3000      3000 
	   TimeExecute (s)      :       10                    
	   TimeSlotBusy (s)     :       12                    
...
012 (9152098.047.000) 08/05 10:35:49 Job was held.
	Transfer output files failure at execution point slot1_29@b9p26p3374.cern.ch while sending files to access point bigbird28. Details: could not open local file /pool/condor/dir_210606/HardQCD_Pt15to7000_Oniaoff_CR0_PYTHIA8311_Chunk47_Part0.root, error 2 (No such file or directory) ( URL file = file:///afs/cern.ch/user/s/shuangyu/CMSSW_15_0_14/src/Jpsi/pythia_generation/./rootfile_nomuoncut_nojpsijet/HardQCD_Pt15to7000_Oniaoff_CR0_PYTHIA8311_Chunk47_Part0.root )|
	Code 12 Subcode 256
...
040 (9152098.031.000) 08/05 10:35:49 Started transferring output files
...
040 (9152098.031.000) 08/05 10:35:49 Finished transferring output files
...
021 (9152098.031.000) 08/05 10:35:49 Error from starter on slot1_12@b9p20p5000.cern.ch:
	STARTER at 188.185.194.153 failed to send file(s) to <188.185.125.71:9618>: : FILETRANSFER:1:non-zero exit (1) from /usr/libexec/condor/curl_plugin. |Error: could not open local file /pool/condor/dir_1347307/HardQCD_Pt15to7000_Oniaoff_CR0_PYTHIA8311_Chunk31_Part0.root, error 2 (No such file or directory) ( URL file = file:///afs/cern.ch/user/s/shuangyu/CMSSW_15_0_14/src/Jpsi/pythia_generation/./rootfile_nomuoncut_nojpsijet/HardQCD_Pt15to7000_Oniaoff_CR0_PYTHIA8311_Chunk31_Part0.root )|; SHADOW failed to receive file(s) from <188.185.194.153:33975>
	Code 13 Subcode 256
...
006 (9152098.038.000) 08/05 10:35:49 Image size of job updated: 291108
	270  -  MemoryUsage of job (MB)
	276380  -  ResidentSetSize of job (KB)
...
004 (9152098.031.000) 08/05 10:35:49 Job was evicted. Code 12 Subcode 256
	(0) CPU times
		Usr 0 00:00:09, Sys 0 00:00:01  -  Run Remote Usage
		Usr 0 00:00:00, Sys 0 00:00:00  -  Run Local Usage
	0  -  Run Bytes Sent By Job
	660198  -  Run Bytes Received By Job
	Reason: Transfer output files failure at execution point slot1_12@b9p20p5000.cern.ch while sending files to access point bigbird28. Details: could not open local file /pool/condor/dir_1347307/HardQCD_Pt15to7000_Oniaoff_CR0_PYTHIA8311_Chunk31_Part0.root, error 2 (No such file or directory) ( URL file = file:///afs/cern.ch/user/s/shuangyu/CMSSW_15_0_14/src/Jpsi/pythia_generation/./rootfile_nomuoncut_nojpsijet/HardQCD_Pt15to7000_Oniaoff_CR0_PYTHIA8311_Chunk31_Part0.root )|
	Partitionable Resources :    Usage  Request Allocated 
	   Cpus                 :        0        1         1 
	   Disk (KB)            :      797      750      3724 
	   GPUs                 :                           0 
	   Memory (MB)          :      273     3000      3000 
	   TimeExecute (s)      :       15                    
	   TimeSlotBusy (s)     :       17                    
...
012 (9152098.031.000) 08/05 10:35:49 Job was held.
	Transfer output files failure at execution point slot1_12@b9p20p5000.cern.ch while sending files to access point bigbird28. Details: could not open local file /pool/condor/dir_1347307/HardQCD_Pt15to7000_Oniaoff_CR0_PYTHIA8311_Chunk31_Part0.root, error 2 (No such file or directory) ( URL file = file:///afs/cern.ch/user/s/shuangyu/CMSSW_15_0_14/src/Jpsi/pythia_generation/./rootfile_nomuoncut_nojpsijet/HardQCD_Pt15to7000_Oniaoff_CR0_PYTHIA8311_Chunk31_Part0.root )|
	Code 12 Subcode 256
...
006 (9152098.048.000) 08/05 10:35:50 Image size of job updated: 304356
	298  -  MemoryUsage of job (MB)
	304356  -  ResidentSetSize of job (KB)
...
040 (9152098.038.000) 08/05 10:35:50 Started transferring output files
...
040 (9152098.038.000) 08/05 10:35:50 Finished transferring output files
...
021 (9152098.038.000) 08/05 10:35:50 Error from starter on slot1_11@b9p13p1334.cern.ch:
	STARTER at 188.185.192.33 failed to send file(s) to <188.185.125.71:9618>: : FILETRANSFER:1:non-zero exit (1) from /usr/libexec/condor/curl_plugin. |Error: could not open local file /pool/condor/dir_2578513/HardQCD_Pt15to7000_Oniaoff_CR0_PYTHIA8311_Chunk38_Part0.root, error 2 (No such file or directory) ( URL file = file:///afs/cern.ch/user/s/shuangyu/CMSSW_15_0_14/src/Jpsi/pythia_generation/./rootfile_nomuoncut_nojpsijet/HardQCD_Pt15to7000_Oniaoff_CR0_PYTHIA8311_Chunk38_Part0.root )|; SHADOW failed to receive file(s) from <188.185.192.33:36989>
	Code 13 Subcode 256
...
006 (9152098.041.000) 08/05 10:35:50 Image size of job updated: 290836
	269  -  MemoryUsage of job (MB)
	275128  -  ResidentSetSize of job (KB)
...
006 (9152098.049.000) 08/05 10:35:50 Image size of job updated: 302108
	296  -  MemoryUsage of job (MB)
	302108  -  ResidentSetSize of job (KB)
...
040 (9152098.043.000) 08/05 10:35:50 Started transferring output files
...
040 (9152098.043.000) 08/05 10:35:50 Finished transferring output files
...
021 (9152098.043.000) 08/05 10:35:50 Error from starter on slot1_13@b9p06p8710.cern.ch:
	STARTER at 188.185.206.222 failed to send file(s) to <188.185.125.71:9618>: : FILETRANSFER:1:non-zero exit (1) from /usr/libexec/condor/curl_plugin. |Error: could not open local file /pool/condor/dir_3056579/HardQCD_Pt15to7000_Oniaoff_CR0_PYTHIA8311_Chunk43_Part0.root, error 2 (No such file or directory) ( URL file = file:///afs/cern.ch/user/s/shuangyu/CMSSW_15_0_14/src/Jpsi/pythia_generation/./rootfile_nomuoncut_nojpsijet/HardQCD_Pt15to7000_Oniaoff_CR0_PYTHIA8311_Chunk43_Part0.root )|; SHADOW failed to receive file(s) from <188.185.206.222:44357>
	Code 13 Subcode 256
...
040 (9152098.048.000) 08/05 10:35:50 Started transferring output files
...
006 (9152098.037.000) 08/05 10:35:50 Image size of job updated: 290784
	270  -  MemoryUsage of job (MB)
	276056  -  ResidentSetSize of job (KB)
...
004 (9152098.038.000) 08/05 10:35:50 Job was evicted. Code 12 Subcode 256
	(0) CPU times
		Usr 0 00:00:10, Sys 0 00:00:01  -  Run Remote Usage
		Usr 0 00:00:00, Sys 0 00:00:00  -  Run Local Usage
	0  -  Run Bytes Sent By Job
	660198  -  Run Bytes Received By Job
	Reason: Transfer output files failure at execution point slot1_11@b9p13p1334.cern.ch while sending files to access point bigbird28. Details: could not open local file /pool/condor/dir_2578513/HardQCD_Pt15to7000_Oniaoff_CR0_PYTHIA8311_Chunk38_Part0.root, error 2 (No such file or directory) ( URL file = file:///afs/cern.ch/user/s/shuangyu/CMSSW_15_0_14/src/Jpsi/pythia_generation/./rootfile_nomuoncut_nojpsijet/HardQCD_Pt15to7000_Oniaoff_CR0_PYTHIA8311_Chunk38_Part0.root )|
	Partitionable Resources :    Usage  Request Allocated 
	   Cpus                 :     0.06        1         1 
	   Disk (KB)            :   798         750      3754 
	   GPUs                 :                           0 
	   Memory (MB)          :   270        3000      3000 
	   TimeExecute (s)      :    14                       
	   TimeSlotBusy (s)     :    16                       
...
040 (9152098.048.000) 08/05 10:35:50 Finished transferring output files
...
012 (9152098.038.000) 08/05 10:35:50 Job was held.
	Transfer output files failure at execution point slot1_11@b9p13p1334.cern.ch while sending files to access point bigbird28. Details: could not open local file /pool/condor/dir_2578513/HardQCD_Pt15to7000_Oniaoff_CR0_PYTHIA8311_Chunk38_Part0.root, error 2 (No such file or directory) ( URL file = file:///afs/cern.ch/user/s/shuangyu/CMSSW_15_0_14/src/Jpsi/pythia_generation/./rootfile_nomuoncut_nojpsijet/HardQCD_Pt15to7000_Oniaoff_CR0_PYTHIA8311_Chunk38_Part0.root )|
	Code 12 Subcode 256
...
006 (9152098.036.000) 08/05 10:35:50 Image size of job updated: 293052
	264  -  MemoryUsage of job (MB)
	269984  -  ResidentSetSize of job (KB)
...
021 (9152098.048.000) 08/05 10:35:51 Error from starter on slot1_18@b9p26p2953.cern.ch:
	STARTER at 188.185.212.212 failed to send file(s) to <188.185.125.71:9618>: : FILETRANSFER:1:non-zero exit (1) from /usr/libexec/condor/curl_plugin. |Error: could not open local file /pool/condor/dir_2008185/HardQCD_Pt15to7000_Oniaoff_CR0_PYTHIA8311_Chunk48_Part0.root, error 2 (No such file or directory) ( URL file = file:///afs/cern.ch/user/s/shuangyu/CMSSW_15_0_14/src/Jpsi/pythia_generation/./rootfile_nomuoncut_nojpsijet/HardQCD_Pt15to7000_Oniaoff_CR0_PYTHIA8311_Chunk48_Part0.root )|; SHADOW failed to receive file(s) from <188.185.212.212:42783>
	Code 13 Subcode 256
...
006 (9152098.042.000) 08/05 10:35:51 Image size of job updated: 296572
	272  -  MemoryUsage of job (MB)
	278244  -  ResidentSetSize of job (KB)
...
004 (9152098.043.000) 08/05 10:35:51 Job was evicted. Code 12 Subcode 256
	(0) CPU times
		Usr 0 00:00:06, Sys 0 00:00:01  -  Run Remote Usage
		Usr 0 00:00:00, Sys 0 00:00:00  -  Run Local Usage
	0  -  Run Bytes Sent By Job
	660198  -  Run Bytes Received By Job
	Reason: Transfer output files failure at execution point slot1_13@b9p06p8710.cern.ch while sending files to access point bigbird28. Details: could not open local file /pool/condor/dir_3056579/HardQCD_Pt15to7000_Oniaoff_CR0_PYTHIA8311_Chunk43_Part0.root, error 2 (No such file or directory) ( URL file = file:///afs/cern.ch/user/s/shuangyu/CMSSW_15_0_14/src/Jpsi/pythia_generation/./rootfile_nomuoncut_nojpsijet/HardQCD_Pt15to7000_Oniaoff_CR0_PYTHIA8311_Chunk43_Part0.root )|
	Partitionable Resources :    Usage  Request Allocated 
	   Cpus                 :        0        1         1 
	   Disk (KB)            :      800      750      3656 
	   GPUs                 :                           0 
	   Memory (MB)          :      276     3000      3000 
	   TimeExecute (s)      :       12                    
	   TimeSlotBusy (s)     :       14                    
...
004 (9152098.048.000) 08/05 10:35:51 Job was evicted. Code 12 Subcode 256
	(0) CPU times
		Usr 0 00:00:06, Sys 0 00:00:01  -  Run Remote Usage
		Usr 0 00:00:00, Sys 0 00:00:00  -  Run Local Usage
	0  -  Run Bytes Sent By Job
	660198  -  Run Bytes Received By Job
	Reason: Transfer output files failure at execution point slot1_18@b9p26p2953.cern.ch while sending files to access point bigbird28. Details: could not open local file /pool/condor/dir_2008185/HardQCD_Pt15to7000_Oniaoff_CR0_PYTHIA8311_Chunk48_Part0.root, error 2 (No such file or directory) ( URL file = file:///afs/cern.ch/user/s/shuangyu/CMSSW_15_0_14/src/Jpsi/pythia_generation/./rootfile_nomuoncut_nojpsijet/HardQCD_Pt15to7000_Oniaoff_CR0_PYTHIA8311_Chunk48_Part0.root )|
	Partitionable Resources :    Usage  Request Allocated 
	   Cpus                 :        0        1         1 
	   Disk (KB)            :      936      750      3774 
	   GPUs                 :                           0 
	   Memory (MB)          :      298     3000      3000 
	   TimeExecute (s)      :       11                    
	   TimeSlotBusy (s)     :       13                    
...
012 (9152098.043.000) 08/05 10:35:51 Job was held.
	Transfer output files failure at execution point slot1_13@b9p06p8710.cern.ch while sending files to access point bigbird28. Details: could not open local file /pool/condor/dir_3056579/HardQCD_Pt15to7000_Oniaoff_CR0_PYTHIA8311_Chunk43_Part0.root, error 2 (No such file or directory) ( URL file = file:///afs/cern.ch/user/s/shuangyu/CMSSW_15_0_14/src/Jpsi/pythia_generation/./rootfile_nomuoncut_nojpsijet/HardQCD_Pt15to7000_Oniaoff_CR0_PYTHIA8311_Chunk43_Part0.root )|
	Code 12 Subcode 256
...
012 (9152098.048.000) 08/05 10:35:51 Job was held.
	Transfer output files failure at execution point slot1_18@b9p26p2953.cern.ch while sending files to access point bigbird28. Details: could not open local file /pool/condor/dir_2008185/HardQCD_Pt15to7000_Oniaoff_CR0_PYTHIA8311_Chunk48_Part0.root, error 2 (No such file or directory) ( URL file = file:///afs/cern.ch/user/s/shuangyu/CMSSW_15_0_14/src/Jpsi/pythia_generation/./rootfile_nomuoncut_nojpsijet/HardQCD_Pt15to7000_Oniaoff_CR0_PYTHIA8311_Chunk48_Part0.root )|
	Code 12 Subcode 256
...
040 (9152098.049.000) 08/05 10:35:51 Started transferring output files
...
040 (9152098.049.000) 08/05 10:35:51 Finished transferring output files
...
021 (9152098.049.000) 08/05 10:35:51 Error from starter on slot1_23@b9p27p9871.cern.ch:
	STARTER at 188.185.213.75 failed to send file(s) to <188.185.125.71:9618>: : FILETRANSFER:1:non-zero exit (1) from /usr/libexec/condor/curl_plugin. |Error: could not open local file /pool/condor/dir_4083522/HardQCD_Pt15to7000_Oniaoff_CR0_PYTHIA8311_Chunk49_Part0.root, error 2 (No such file or directory) ( URL file = file:///afs/cern.ch/user/s/shuangyu/CMSSW_15_0_14/src/Jpsi/pythia_generation/./rootfile_nomuoncut_nojpsijet/HardQCD_Pt15to7000_Oniaoff_CR0_PYTHIA8311_Chunk49_Part0.root )|; SHADOW failed to receive file(s) from <188.185.213.75:37213>
	Code 13 Subcode 256
...
040 (9152098.041.000) 08/05 10:35:51 Started transferring output files
...
040 (9152098.041.000) 08/05 10:35:51 Finished transferring output files
...
021 (9152098.041.000) 08/05 10:35:51 Error from starter on slot1_24@b9p14p1999.cern.ch:
	STARTER at 188.185.197.64 failed to send file(s) to <188.185.125.71:9618>: : FILETRANSFER:1:non-zero exit (1) from /usr/libexec/condor/curl_plugin. |Error: could not open local file /pool/condor/dir_4075926/HardQCD_Pt15to7000_Oniaoff_CR0_PYTHIA8311_Chunk41_Part0.root, error 2 (No such file or directory) ( URL file = file:///afs/cern.ch/user/s/shuangyu/CMSSW_15_0_14/src/Jpsi/pythia_generation/./rootfile_nomuoncut_nojpsijet/HardQCD_Pt15to7000_Oniaoff_CR0_PYTHIA8311_Chunk41_Part0.root )|; SHADOW failed to receive file(s) from <188.185.197.64:34205>
	Code 13 Subcode 256
...
004 (9152098.049.000) 08/05 10:35:51 Job was evicted. Code 12 Subcode 256
	(0) CPU times
		Usr 0 00:00:06, Sys 0 00:00:02  -  Run Remote Usage
		Usr 0 00:00:00, Sys 0 00:00:00  -  Run Local Usage
	0  -  Run Bytes Sent By Job
	660198  -  Run Bytes Received By Job
	Reason: Transfer output files failure at execution point slot1_23@b9p27p9871.cern.ch while sending files to access point bigbird28. Details: could not open local file /pool/condor/dir_4083522/HardQCD_Pt15to7000_Oniaoff_CR0_PYTHIA8311_Chunk49_Part0.root, error 2 (No such file or directory) ( URL file = file:///afs/cern.ch/user/s/shuangyu/CMSSW_15_0_14/src/Jpsi/pythia_generation/./rootfile_nomuoncut_nojpsijet/HardQCD_Pt15to7000_Oniaoff_CR0_PYTHIA8311_Chunk49_Part0.root )|
	Partitionable Resources :    Usage  Request Allocated 
	   Cpus                 :     0.07        1         1 
	   Disk (KB)            :   936         750      3767 
	   GPUs                 :                           0 
	   Memory (MB)          :   296        3000      3000 
	   TimeExecute (s)      :    11                       
	   TimeSlotBusy (s)     :    13                       
...
012 (9152098.049.000) 08/05 10:35:51 Job was held.
	Transfer output files failure at execution point slot1_23@b9p27p9871.cern.ch while sending files to access point bigbird28. Details: could not open local file /pool/condor/dir_4083522/HardQCD_Pt15to7000_Oniaoff_CR0_PYTHIA8311_Chunk49_Part0.root, error 2 (No such file or directory) ( URL file = file:///afs/cern.ch/user/s/shuangyu/CMSSW_15_0_14/src/Jpsi/pythia_generation/./rootfile_nomuoncut_nojpsijet/HardQCD_Pt15to7000_Oniaoff_CR0_PYTHIA8311_Chunk49_Part0.root )|
	Code 12 Subcode 256
...
006 (9152098.046.000) 08/05 10:35:51 Image size of job updated: 303312
	278  -  MemoryUsage of job (MB)
	284468  -  ResidentSetSize of job (KB)
...
006 (9152098.045.000) 08/05 10:35:51 Image size of job updated: 303580
	276  -  MemoryUsage of job (MB)
	282396  -  ResidentSetSize of job (KB)
...
004 (9152098.041.000) 08/05 10:35:51 Job was evicted. Code 12 Subcode 256
	(0) CPU times
		Usr 0 00:00:09, Sys 0 00:00:01  -  Run Remote Usage
		Usr 0 00:00:00, Sys 0 00:00:00  -  Run Local Usage
	0  -  Run Bytes Sent By Job
	660198  -  Run Bytes Received By Job
	Reason: Transfer output files failure at execution point slot1_24@b9p14p1999.cern.ch while sending files to access point bigbird28. Details: could not open local file /pool/condor/dir_4075926/HardQCD_Pt15to7000_Oniaoff_CR0_PYTHIA8311_Chunk41_Part0.root, error 2 (No such file or directory) ( URL file = file:///afs/cern.ch/user/s/shuangyu/CMSSW_15_0_14/src/Jpsi/pythia_generation/./rootfile_nomuoncut_nojpsijet/HardQCD_Pt15to7000_Oniaoff_CR0_PYTHIA8311_Chunk41_Part0.root )|
	Partitionable Resources :    Usage  Request Allocated 
	   Cpus                 :        0        1         1 
	   Disk (KB)            :      797      750      3797 
	   GPUs                 :                           0 
	   Memory (MB)          :      269     3000      3000 
	   TimeExecute (s)      :       14                    
	   TimeSlotBusy (s)     :       16                    
...
012 (9152098.041.000) 08/05 10:35:51 Job was held.
	Transfer output files failure at execution point slot1_24@b9p14p1999.cern.ch while sending files to access point bigbird28. Details: could not open local file /pool/condor/dir_4075926/HardQCD_Pt15to7000_Oniaoff_CR0_PYTHIA8311_Chunk41_Part0.root, error 2 (No such file or directory) ( URL file = file:///afs/cern.ch/user/s/shuangyu/CMSSW_15_0_14/src/Jpsi/pythia_generation/./rootfile_nomuoncut_nojpsijet/HardQCD_Pt15to7000_Oniaoff_CR0_PYTHIA8311_Chunk41_Part0.root )|
	Code 12 Subcode 256
...
040 (9152098.036.000) 08/05 10:35:52 Started transferring output files
...
040 (9152098.037.000) 08/05 10:35:52 Started transferring output files
...
040 (9152098.036.000) 08/05 10:35:52 Finished transferring output files
...
040 (9152098.037.000) 08/05 10:35:52 Finished transferring output files
...
021 (9152098.036.000) 08/05 10:35:52 Error from starter on slot1_8@b9p19p3940.cern.ch:
	STARTER at 188.185.193.18 failed to send file(s) to <188.185.125.71:9618>: : FILETRANSFER:1:non-zero exit (1) from /usr/libexec/condor/curl_plugin. |Error: could not open local file /pool/condor/dir_941786/HardQCD_Pt15to7000_Oniaoff_CR0_PYTHIA8311_Chunk36_Part0.root, error 2 (No such file or directory) ( URL file = file:///afs/cern.ch/user/s/shuangyu/CMSSW_15_0_14/src/Jpsi/pythia_generation/./rootfile_nomuoncut_nojpsijet/HardQCD_Pt15to7000_Oniaoff_CR0_PYTHIA8311_Chunk36_Part0.root )|; SHADOW failed to receive file(s) from <188.185.193.18:46711>
	Code 13 Subcode 256
...
021 (9152098.037.000) 08/05 10:35:52 Error from starter on slot1_14@b9p20p7148.cern.ch:
	STARTER at 188.185.194.80 failed to send file(s) to <188.185.125.71:9618>: : FILETRANSFER:1:non-zero exit (1) from /usr/libexec/condor/curl_plugin. |Error: could not open local file /pool/condor/dir_1893659/HardQCD_Pt15to7000_Oniaoff_CR0_PYTHIA8311_Chunk37_Part0.root, error 2 (No such file or directory) ( URL file = file:///afs/cern.ch/user/s/shuangyu/CMSSW_15_0_14/src/Jpsi/pythia_generation/./rootfile_nomuoncut_nojpsijet/HardQCD_Pt15to7000_Oniaoff_CR0_PYTHIA8311_Chunk37_Part0.root )|; SHADOW failed to receive file(s) from <188.185.194.80:44295>
	Code 13 Subcode 256
...
004 (9152098.036.000) 08/05 10:35:52 Job was evicted. Code 12 Subcode 256
	(0) CPU times
		Usr 0 00:00:09, Sys 0 00:00:01  -  Run Remote Usage
		Usr 0 00:00:00, Sys 0 00:00:00  -  Run Local Usage
	0  -  Run Bytes Sent By Job
	660198  -  Run Bytes Received By Job
	Reason: Transfer output files failure at execution point slot1_8@b9p19p3940.cern.ch while sending files to access point bigbird28. Details: could not open local file /pool/condor/dir_941786/HardQCD_Pt15to7000_Oniaoff_CR0_PYTHIA8311_Chunk36_Part0.root, error 2 (No such file or directory) ( URL file = file:///afs/cern.ch/user/s/shuangyu/CMSSW_15_0_14/src/Jpsi/pythia_generation/./rootfile_nomuoncut_nojpsijet/HardQCD_Pt15to7000_Oniaoff_CR0_PYTHIA8311_Chunk36_Part0.root )|
	Partitionable Resources :    Usage  Request Allocated 
	   Cpus                 :        0        1         1 
	   Disk (KB)            :      797      750      3952 
	   GPUs                 :                           0 
	   Memory (MB)          :      264     3000      3000 
	   TimeExecute (s)      :       15                    
	   TimeSlotBusy (s)     :       18                    
...
012 (9152098.036.000) 08/05 10:35:52 Job was held.
	Transfer output files failure at execution point slot1_8@b9p19p3940.cern.ch while sending files to access point bigbird28. Details: could not open local file /pool/condor/dir_941786/HardQCD_Pt15to7000_Oniaoff_CR0_PYTHIA8311_Chunk36_Part0.root, error 2 (No such file or directory) ( URL file = file:///afs/cern.ch/user/s/shuangyu/CMSSW_15_0_14/src/Jpsi/pythia_generation/./rootfile_nomuoncut_nojpsijet/HardQCD_Pt15to7000_Oniaoff_CR0_PYTHIA8311_Chunk36_Part0.root )|
	Code 12 Subcode 256
...
040 (9152098.042.000) 08/05 10:35:52 Started transferring output files
...
004 (9152098.037.000) 08/05 10:35:52 Job was evicted. Code 12 Subcode 256
	(0) CPU times
		Usr 0 00:00:11, Sys 0 00:00:01  -  Run Remote Usage
		Usr 0 00:00:00, Sys 0 00:00:00  -  Run Local Usage
	0  -  Run Bytes Sent By Job
	660198  -  Run Bytes Received By Job
	Reason: Transfer output files failure at execution point slot1_14@b9p20p7148.cern.ch while sending files to access point bigbird28. Details: could not open local file /pool/condor/dir_1893659/HardQCD_Pt15to7000_Oniaoff_CR0_PYTHIA8311_Chunk37_Part0.root, error 2 (No such file or directory) ( URL file = file:///afs/cern.ch/user/s/shuangyu/CMSSW_15_0_14/src/Jpsi/pythia_generation/./rootfile_nomuoncut_nojpsijet/HardQCD_Pt15to7000_Oniaoff_CR0_PYTHIA8311_Chunk37_Part0.root )|
	Partitionable Resources :    Usage  Request Allocated 
	   Cpus                 :        0        1         1 
	   Disk (KB)            :      797      750      3851 
	   GPUs                 :                           0 
	   Memory (MB)          :      270     3000      3000 
	   TimeExecute (s)      :       15                    
	   TimeSlotBusy (s)     :       18                    
...
012 (9152098.037.000) 08/05 10:35:52 Job was held.
	Transfer output files failure at execution point slot1_14@b9p20p7148.cern.ch while sending files to access point bigbird28. Details: could not open local file /pool/condor/dir_1893659/HardQCD_Pt15to7000_Oniaoff_CR0_PYTHIA8311_Chunk37_Part0.root, error 2 (No such file or directory) ( URL file = file:///afs/cern.ch/user/s/shuangyu/CMSSW_15_0_14/src/Jpsi/pythia_generation/./rootfile_nomuoncut_nojpsijet/HardQCD_Pt15to7000_Oniaoff_CR0_PYTHIA8311_Chunk37_Part0.root )|
	Code 12 Subcode 256
...
040 (9152098.042.000) 08/05 10:35:52 Finished transferring output files
...
021 (9152098.042.000) 08/05 10:35:52 Error from starter on slot1_19@b9p17p5851.cern.ch:
	STARTER at 188.185.195.160 failed to send file(s) to <188.185.125.71:9618>: : FILETRANSFER:1:non-zero exit (1) from /usr/libexec/condor/curl_plugin. |Error: could not open local file /pool/condor/dir_1099673/HardQCD_Pt15to7000_Oniaoff_CR0_PYTHIA8311_Chunk42_Part0.root, error 2 (No such file or directory) ( URL file = file:///afs/cern.ch/user/s/shuangyu/CMSSW_15_0_14/src/Jpsi/pythia_generation/./rootfile_nomuoncut_nojpsijet/HardQCD_Pt15to7000_Oniaoff_CR0_PYTHIA8311_Chunk42_Part0.root )|; SHADOW failed to receive file(s) from <188.185.195.160:43427>
	Code 13 Subcode 256
...
004 (9152098.042.000) 08/05 10:35:52 Job was evicted. Code 12 Subcode 256
	(0) CPU times
		Usr 0 00:00:09, Sys 0 00:00:01  -  Run Remote Usage
		Usr 0 00:00:00, Sys 0 00:00:00  -  Run Local Usage
	0  -  Run Bytes Sent By Job
	660198  -  Run Bytes Received By Job
	Reason: Transfer output files failure at execution point slot1_19@b9p17p5851.cern.ch while sending files to access point bigbird28. Details: could not open local file /pool/condor/dir_1099673/HardQCD_Pt15to7000_Oniaoff_CR0_PYTHIA8311_Chunk42_Part0.root, error 2 (No such file or directory) ( URL file = file:///afs/cern.ch/user/s/shuangyu/CMSSW_15_0_14/src/Jpsi/pythia_generation/./rootfile_nomuoncut_nojpsijet/HardQCD_Pt15to7000_Oniaoff_CR0_PYTHIA8311_Chunk42_Part0.root )|
	Partitionable Resources :    Usage  Request Allocated 
	   Cpus                 :        0        1         1 
	   Disk (KB)            :      797      750      3783 
	   GPUs                 :                           0 
	   Memory (MB)          :      272     3000      3000 
	   TimeExecute (s)      :       14                    
	   TimeSlotBusy (s)     :       16                    
...
012 (9152098.042.000) 08/05 10:35:52 Job was held.
	Transfer output files failure at execution point slot1_19@b9p17p5851.cern.ch while sending files to access point bigbird28. Details: could not open local file /pool/condor/dir_1099673/HardQCD_Pt15to7000_Oniaoff_CR0_PYTHIA8311_Chunk42_Part0.root, error 2 (No such file or directory) ( URL file = file:///afs/cern.ch/user/s/shuangyu/CMSSW_15_0_14/src/Jpsi/pythia_generation/./rootfile_nomuoncut_nojpsijet/HardQCD_Pt15to7000_Oniaoff_CR0_PYTHIA8311_Chunk42_Part0.root )|
	Code 12 Subcode 256
...
040 (9152098.046.000) 08/05 10:35:52 Started transferring output files
...
040 (9152098.046.000) 08/05 10:35:52 Finished transferring output files
...
021 (9152098.046.000) 08/05 10:35:52 Error from starter on slot1_24@b9g23p2961.cern.ch:
	STARTER at 128.142.248.197 failed to send file(s) to <188.185.125.71:9618>: : FILETRANSFER:1:non-zero exit (1) from /usr/libexec/condor/curl_plugin. |Error: could not open local file /pool/condor/dir_254427/HardQCD_Pt15to7000_Oniaoff_CR0_PYTHIA8311_Chunk46_Part0.root, error 2 (No such file or directory) ( URL file = file:///afs/cern.ch/user/s/shuangyu/CMSSW_15_0_14/src/Jpsi/pythia_generation/./rootfile_nomuoncut_nojpsijet/HardQCD_Pt15to7000_Oniaoff_CR0_PYTHIA8311_Chunk46_Part0.root )|; SHADOW failed to receive file(s) from <128.142.248.197:38335>
	Code 13 Subcode 256
...
040 (9152098.045.000) 08/05 10:35:52 Started transferring output files
...
040 (9152098.045.000) 08/05 10:35:53 Finished transferring output files
...
004 (9152098.046.000) 08/05 10:35:53 Job was evicted. Code 12 Subcode 256
	(0) CPU times
		Usr 0 00:00:09, Sys 0 00:00:01  -  Run Remote Usage
		Usr 0 00:00:00, Sys 0 00:00:00  -  Run Local Usage
	0  -  Run Bytes Sent By Job
	660198  -  Run Bytes Received By Job
	Reason: Transfer output files failure at execution point slot1_24@b9g23p2961.cern.ch while sending files to access point bigbird28. Details: could not open local file /pool/condor/dir_254427/HardQCD_Pt15to7000_Oniaoff_CR0_PYTHIA8311_Chunk46_Part0.root, error 2 (No such file or directory) ( URL file = file:///afs/cern.ch/user/s/shuangyu/CMSSW_15_0_14/src/Jpsi/pythia_generation/./rootfile_nomuoncut_nojpsijet/HardQCD_Pt15to7000_Oniaoff_CR0_PYTHIA8311_Chunk46_Part0.root )|
	Partitionable Resources :    Usage  Request Allocated 
	   Cpus                 :        0        1         1 
	   Disk (KB)            :      800      750      3829 
	   GPUs                 :                           0 
	   Memory (MB)          :      278     3000      3000 
	   TimeExecute (s)      :       13                    
	   TimeSlotBusy (s)     :       15                    
...
021 (9152098.045.000) 08/05 10:35:53 Error from starter on slot1_19@b9p16p6625.cern.ch:
	STARTER at 188.185.196.135 failed to send file(s) to <188.185.125.71:9618>: : FILETRANSFER:1:non-zero exit (1) from /usr/libexec/condor/curl_plugin. |Error: could not open local file /pool/condor/dir_1617906/HardQCD_Pt15to7000_Oniaoff_CR0_PYTHIA8311_Chunk45_Part0.root, error 2 (No such file or directory) ( URL file = file:///afs/cern.ch/user/s/shuangyu/CMSSW_15_0_14/src/Jpsi/pythia_generation/./rootfile_nomuoncut_nojpsijet/HardQCD_Pt15to7000_Oniaoff_CR0_PYTHIA8311_Chunk45_Part0.root )|; SHADOW failed to receive file(s) from <188.185.196.135:38701>
	Code 13 Subcode 256
...
012 (9152098.046.000) 08/05 10:35:53 Job was held.
	Transfer output files failure at execution point slot1_24@b9g23p2961.cern.ch while sending files to access point bigbird28. Details: could not open local file /pool/condor/dir_254427/HardQCD_Pt15to7000_Oniaoff_CR0_PYTHIA8311_Chunk46_Part0.root, error 2 (No such file or directory) ( URL file = file:///afs/cern.ch/user/s/shuangyu/CMSSW_15_0_14/src/Jpsi/pythia_generation/./rootfile_nomuoncut_nojpsijet/HardQCD_Pt15to7000_Oniaoff_CR0_PYTHIA8311_Chunk46_Part0.root )|
	Code 12 Subcode 256
...
004 (9152098.045.000) 08/05 10:35:53 Job was evicted. Code 12 Subcode 256
	(0) CPU times
		Usr 0 00:00:09, Sys 0 00:00:01  -  Run Remote Usage
		Usr 0 00:00:00, Sys 0 00:00:00  -  Run Local Usage
	0  -  Run Bytes Sent By Job
	660198  -  Run Bytes Received By Job
	Reason: Transfer output files failure at execution point slot1_19@b9p16p6625.cern.ch while sending files to access point bigbird28. Details: could not open local file /pool/condor/dir_1617906/HardQCD_Pt15to7000_Oniaoff_CR0_PYTHIA8311_Chunk45_Part0.root, error 2 (No such file or directory) ( URL file = file:///afs/cern.ch/user/s/shuangyu/CMSSW_15_0_14/src/Jpsi/pythia_generation/./rootfile_nomuoncut_nojpsijet/HardQCD_Pt15to7000_Oniaoff_CR0_PYTHIA8311_Chunk45_Part0.root )|
	Partitionable Resources :    Usage  Request Allocated 
	   Cpus                 :        0        1         1 
	   Disk (KB)            :      797      750      3812 
	   GPUs                 :                           0 
	   Memory (MB)          :      276     3000      3000 
	   TimeExecute (s)      :       13                    
	   TimeSlotBusy (s)     :       16                    
...
012 (9152098.045.000) 08/05 10:35:53 Job was held.
	Transfer output files failure at execution point slot1_19@b9p16p6625.cern.ch while sending files to access point bigbird28. Details: could not open local file /pool/condor/dir_1617906/HardQCD_Pt15to7000_Oniaoff_CR0_PYTHIA8311_Chunk45_Part0.root, error 2 (No such file or directory) ( URL file = file:///afs/cern.ch/user/s/shuangyu/CMSSW_15_0_14/src/Jpsi/pythia_generation/./rootfile_nomuoncut_nojpsijet/HardQCD_Pt15to7000_Oniaoff_CR0_PYTHIA8311_Chunk45_Part0.root )|
	Code 12 Subcode 256
...
006 (9152098.034.000) 08/05 10:35:54 Image size of job updated: 273776
	247  -  MemoryUsage of job (MB)
	252108  -  ResidentSetSize of job (KB)
...
040 (9152098.034.000) 08/05 10:35:55 Started transferring output files
...
040 (9152098.034.000) 08/05 10:35:55 Finished transferring output files
...
021 (9152098.034.000) 08/05 10:35:55 Error from starter on slot1_20@b9p17p8195.cern.ch:
	STARTER at 188.185.195.124 failed to send file(s) to <188.185.125.71:9618>: : FILETRANSFER:1:non-zero exit (1) from /usr/libexec/condor/curl_plugin. |Error: could not open local file /pool/condor/dir_2971411/HardQCD_Pt15to7000_Oniaoff_CR0_PYTHIA8311_Chunk34_Part0.root, error 2 (No such file or directory) ( URL file = file:///afs/cern.ch/user/s/shuangyu/CMSSW_15_0_14/src/Jpsi/pythia_generation/./rootfile_nomuoncut_nojpsijet/HardQCD_Pt15to7000_Oniaoff_CR0_PYTHIA8311_Chunk34_Part0.root )|; SHADOW failed to receive file(s) from <188.185.195.124:42705>
	Code 13 Subcode 256
...
004 (9152098.034.000) 08/05 10:35:56 Job was evicted. Code 12 Subcode 256
	(0) CPU times
		Usr 0 00:00:12, Sys 0 00:00:02  -  Run Remote Usage
		Usr 0 00:00:00, Sys 0 00:00:00  -  Run Local Usage
	0  -  Run Bytes Sent By Job
	660198  -  Run Bytes Received By Job
	Reason: Transfer output files failure at execution point slot1_20@b9p17p8195.cern.ch while sending files to access point bigbird28. Details: could not open local file /pool/condor/dir_2971411/HardQCD_Pt15to7000_Oniaoff_CR0_PYTHIA8311_Chunk34_Part0.root, error 2 (No such file or directory) ( URL file = file:///afs/cern.ch/user/s/shuangyu/CMSSW_15_0_14/src/Jpsi/pythia_generation/./rootfile_nomuoncut_nojpsijet/HardQCD_Pt15to7000_Oniaoff_CR0_PYTHIA8311_Chunk34_Part0.root )|
	Partitionable Resources :    Usage  Request Allocated 
	   Cpus                 :        0        1         1 
	   Disk (KB)            :      797      750      3829 
	   GPUs                 :                           0 
	   Memory (MB)          :      247     3000      3000 
	   TimeExecute (s)      :       20                    
	   TimeSlotBusy (s)     :       22                    
...
012 (9152098.034.000) 08/05 10:35:56 Job was held.
	Transfer output files failure at execution point slot1_20@b9p17p8195.cern.ch while sending files to access point bigbird28. Details: could not open local file /pool/condor/dir_2971411/HardQCD_Pt15to7000_Oniaoff_CR0_PYTHIA8311_Chunk34_Part0.root, error 2 (No such file or directory) ( URL file = file:///afs/cern.ch/user/s/shuangyu/CMSSW_15_0_14/src/Jpsi/pythia_generation/./rootfile_nomuoncut_nojpsijet/HardQCD_Pt15to7000_Oniaoff_CR0_PYTHIA8311_Chunk34_Part0.root )|
	Code 12 Subcode 256
...
040 (9152098.033.000) 08/05 10:36:13 Started transferring output files
...
040 (9152098.033.000) 08/05 10:36:13 Finished transferring output files
...
021 (9152098.033.000) 08/05 10:36:13 Error from starter on slot1_27@b9p26p8946.cern.ch:
	STARTER at 188.185.212.169 failed to send file(s) to <188.185.125.71:9618>: : FILETRANSFER:1:non-zero exit (1) from /usr/libexec/condor/curl_plugin. |Error: could not open local file /pool/condor/dir_67227/HardQCD_Pt15to7000_Oniaoff_CR0_PYTHIA8311_Chunk33_Part0.root, error 2 (No such file or directory) ( URL file = file:///afs/cern.ch/user/s/shuangyu/CMSSW_15_0_14/src/Jpsi/pythia_generation/./rootfile_nomuoncut_nojpsijet/HardQCD_Pt15to7000_Oniaoff_CR0_PYTHIA8311_Chunk33_Part0.root )|; SHADOW failed to receive file(s) from <188.185.212.169:42967>
	Code 13 Subcode 256
...
004 (9152098.033.000) 08/05 10:36:13 Job was evicted. Code 12 Subcode 256
	(0) CPU times
		Usr 0 00:00:05, Sys 0 00:00:01  -  Run Remote Usage
		Usr 0 00:00:00, Sys 0 00:00:00  -  Run Local Usage
	0  -  Run Bytes Sent By Job
	660198  -  Run Bytes Received By Job
	Reason: Transfer output files failure at execution point slot1_27@b9p26p8946.cern.ch while sending files to access point bigbird28. Details: could not open local file /pool/condor/dir_67227/HardQCD_Pt15to7000_Oniaoff_CR0_PYTHIA8311_Chunk33_Part0.root, error 2 (No such file or directory) ( URL file = file:///afs/cern.ch/user/s/shuangyu/CMSSW_15_0_14/src/Jpsi/pythia_generation/./rootfile_nomuoncut_nojpsijet/HardQCD_Pt15to7000_Oniaoff_CR0_PYTHIA8311_Chunk33_Part0.root )|
	Partitionable Resources :    Usage  Request Allocated 
	   Cpus                 :        0        1         1 
	   Disk (KB)            :      797      750      3792 
	   GPUs                 :                           0 
	   Memory (MB)          :       20     3000      3000 
	   TimeExecute (s)      :       38                    
	   TimeSlotBusy (s)     :       40                    
...
012 (9152098.033.000) 08/05 10:36:13 Job was held.
	Transfer output files failure at execution point slot1_27@b9p26p8946.cern.ch while sending files to access point bigbird28. Details: could not open local file /pool/condor/dir_67227/HardQCD_Pt15to7000_Oniaoff_CR0_PYTHIA8311_Chunk33_Part0.root, error 2 (No such file or directory) ( URL file = file:///afs/cern.ch/user/s/shuangyu/CMSSW_15_0_14/src/Jpsi/pythia_generation/./rootfile_nomuoncut_nojpsijet/HardQCD_Pt15to7000_Oniaoff_CR0_PYTHIA8311_Chunk33_Part0.root )|
	Code 12 Subcode 256
...
009 (9152098.020.000) 08/05 10:39:34 Job was aborted.
	via condor_rm (by user shuangyu)
...
009 (9152098.021.000) 08/05 10:39:35 Job was aborted.
	via condor_rm (by user shuangyu)
...
009 (9152098.022.000) 08/05 10:39:35 Job was aborted.
	via condor_rm (by user shuangyu)
...
009 (9152098.023.000) 08/05 10:39:35 Job was aborted.
	via condor_rm (by user shuangyu)
...
009 (9152098.024.000) 08/05 10:39:35 Job was aborted.
	via condor_rm (by user shuangyu)
...
009 (9152098.025.000) 08/05 10:39:35 Job was aborted.
	via condor_rm (by user shuangyu)
...
009 (9152098.026.000) 08/05 10:39:35 Job was aborted.
	via condor_rm (by user shuangyu)
...
009 (9152098.027.000) 08/05 10:39:35 Job was aborted.
	via condor_rm (by user shuangyu)
...
009 (9152098.028.000) 08/05 10:39:35 Job was aborted.
	via condor_rm (by user shuangyu)
...
009 (9152098.029.000) 08/05 10:39:35 Job was aborted.
	via condor_rm (by user shuangyu)
...
009 (9152098.030.000) 08/05 10:39:35 Job was aborted.
	via condor_rm (by user shuangyu)
...
009 (9152098.031.000) 08/05 10:39:35 Job was aborted.
	via condor_rm (by user shuangyu)
...
009 (9152098.032.000) 08/05 10:39:35 Job was aborted.
	via condor_rm (by user shuangyu)
...
009 (9152098.033.000) 08/05 10:39:35 Job was aborted.
	via condor_rm (by user shuangyu)
...
009 (9152098.034.000) 08/05 10:39:35 Job was aborted.
	via condor_rm (by user shuangyu)
...
009 (9152098.035.000) 08/05 10:39:35 Job was aborted.
	via condor_rm (by user shuangyu)
...
006 (9152098.006.000) 08/05 10:39:35 Image size of job updated: 290856
	269  -  MemoryUsage of job (MB)
	275308  -  ResidentSetSize of job (KB)
...
009 (9152098.036.000) 08/05 10:39:35 Job was aborted.
	via condor_rm (by user shuangyu)
...
009 (9152098.037.000) 08/05 10:39:35 Job was aborted.
	via condor_rm (by user shuangyu)
...
006 (9152098.008.000) 08/05 10:39:35 Image size of job updated: 302412
	268  -  MemoryUsage of job (MB)
	274056  -  ResidentSetSize of job (KB)
...
009 (9152098.038.000) 08/05 10:39:35 Job was aborted.
	via condor_rm (by user shuangyu)
...
006 (9152098.005.000) 08/05 10:39:35 Image size of job updated: 282340
	53  -  MemoryUsage of job (MB)
	54200  -  ResidentSetSize of job (KB)
...
009 (9152098.039.000) 08/05 10:39:35 Job was aborted.
	via condor_rm (by user shuangyu)
...
009 (9152098.040.000) 08/05 10:39:35 Job was aborted.
	via condor_rm (by user shuangyu)
...
006 (9152098.004.000) 08/05 10:39:35 Image size of job updated: 301696
	271  -  MemoryUsage of job (MB)
	276920  -  ResidentSetSize of job (KB)
...
006 (9152098.003.000) 08/05 10:39:35 Image size of job updated: 286612
	262  -  MemoryUsage of job (MB)
	267496  -  ResidentSetSize of job (KB)
...
009 (9152098.041.000) 08/05 10:39:35 Job was aborted.
	via condor_rm (by user shuangyu)
...
040 (9152098.006.000) 08/05 10:39:35 Started transferring output files
...
009 (9152098.042.000) 08/05 10:39:35 Job was aborted.
	via condor_rm (by user shuangyu)
...
006 (9152098.009.000) 08/05 10:39:35 Image size of job updated: 301136
	295  -  MemoryUsage of job (MB)
	301136  -  ResidentSetSize of job (KB)
...
040 (9152098.008.000) 08/05 10:39:35 Started transferring output files
...
006 (9152098.001.000) 08/05 10:39:35 Image size of job updated: 303456
	277  -  MemoryUsage of job (MB)
	283168  -  ResidentSetSize of job (KB)
...
040 (9152098.005.000) 08/05 10:39:35 Started transferring output files
...
009 (9152098.043.000) 08/05 10:39:35 Job was aborted.
	via condor_rm (by user shuangyu)
...
040 (9152098.000.000) 08/05 10:39:35 Started transferring output files
...
040 (9152098.005.000) 08/05 10:39:35 Finished transferring output files
...
040 (9152098.004.000) 08/05 10:39:35 Started transferring output files
...
040 (9152098.006.000) 08/05 10:39:35 Finished transferring output files
...
009 (9152098.044.000) 08/05 10:39:35 Job was aborted.
	via condor_rm (by user shuangyu)
...
040 (9152098.003.000) 08/05 10:39:35 Started transferring output files
...
040 (9152098.008.000) 08/05 10:39:35 Finished transferring output files
...
040 (9152098.000.000) 08/05 10:39:35 Finished transferring output files
...
040 (9152098.009.000) 08/05 10:39:35 Started transferring output files
...
009 (9152098.045.000) 08/05 10:39:35 Job was aborted.
	via condor_rm (by user shuangyu)
...
040 (9152098.004.000) 08/05 10:39:35 Finished transferring output files
...
040 (9152098.002.000) 08/05 10:39:35 Started transferring output files
...
009 (9152098.046.000) 08/05 10:39:35 Job was aborted.
	via condor_rm (by user shuangyu)
...
040 (9152098.001.000) 08/05 10:39:35 Started transferring output files
...
040 (9152098.003.000) 08/05 10:39:35 Finished transferring output files
...
040 (9152098.009.000) 08/05 10:39:35 Finished transferring output files
...
040 (9152098.007.000) 08/05 10:39:35 Started transferring output files
...
009 (9152098.047.000) 08/05 10:39:35 Job was aborted.
	via condor_rm (by user shuangyu)
...
021 (9152098.005.000) 08/05 10:39:35 Error from starter on slot1_28@b9p29p8712.cern.ch:
	STARTER at 188.185.214.34 failed to send file(s) to <188.185.125.71:9618>: |Error: 1 total failures: first failure: reading from file /pool/condor/dir_384598/HardQCD_Pt15to7000_Oniaoff_CR0_PYTHIA8311_Chunk5_Part0.root: (errno 2) No such file or directory; SHADOW failed to receive file(s) from <188.185.214.34:43539>
	Code 13 Subcode 2
...
021 (9152098.006.000) 08/05 10:39:35 Error from starter on slot1_10@b9p14p4596.cern.ch:
	STARTER at 188.185.197.130 failed to send file(s) to <188.185.125.71:9618>: |Error: 1 total failures: first failure: reading from file /pool/condor/dir_2302577/HardQCD_Pt15to7000_Oniaoff_CR0_PYTHIA8311_Chunk6_Part0.root: (errno 2) No such file or directory; SHADOW failed to receive file(s) from <188.185.197.130:40321>
	Code 13 Subcode 2
...
040 (9152098.002.000) 08/05 10:39:35 Finished transferring output files
...
009 (9152098.048.000) 08/05 10:39:35 Job was aborted.
	via condor_rm (by user shuangyu)
...
040 (9152098.001.000) 08/05 10:39:35 Finished transferring output files
...
021 (9152098.008.000) 08/05 10:39:35 Error from starter on slot1_10@b9p14p9933.cern.ch:
	STARTER at 188.185.197.178 failed to send file(s) to <188.185.125.71:9618>: |Error: 1 total failures: first failure: reading from file /pool/condor/dir_346161/HardQCD_Pt15to7000_Oniaoff_CR0_PYTHIA8311_Chunk8_Part0.root: (errno 2) No such file or directory; SHADOW failed to receive file(s) from <188.185.197.178:33147>
	Code 13 Subcode 2
...
021 (9152098.000.000) 08/05 10:39:35 Error from starter on slot1_13@b9p29p8964.cern.ch:
	STARTER at 188.185.214.77 failed to send file(s) to <188.185.125.71:9618>: |Error: 1 total failures: first failure: reading from file /pool/condor/dir_2870795/HardQCD_Pt15to7000_Oniaoff_CR0_PYTHIA8311_Chunk0_Part0.root: (errno 2) No such file or directory; SHADOW failed to receive file(s) from <188.185.214.77:37113>
	Code 13 Subcode 2
...
009 (9152098.049.000) 08/05 10:39:35 Job was aborted.
	via condor_rm (by user shuangyu)
...
040 (9152098.007.000) 08/05 10:39:35 Finished transferring output files
...
004 (9152098.005.000) 08/05 10:39:35 Job was evicted. Code 12 Subcode 2
	(0) CPU times
		Usr 0 00:01:27, Sys 0 00:00:18  -  Run Remote Usage
		Usr 0 00:00:00, Sys 0 00:00:00  -  Run Local Usage
	0  -  Run Bytes Sent By Job
	660198  -  Run Bytes Received By Job
	Reason: Transfer output files failure at execution point slot1_28@b9p29p8712.cern.ch while sending files to access point bigbird28. Details: 1 total failures: first failure: reading from file /pool/condor/dir_384598/HardQCD_Pt15to7000_Oniaoff_CR0_PYTHIA8311_Chunk5_Part0.root: (errno 2) No such file or directory
	Partitionable Resources :    Usage  Request Allocated 
	   Cpus                 :        0        1         1 
	   Disk (KB)            :      803      750      3857 
	   GPUs                 :                           0 
	   Memory (MB)          :       53     3000      3000 
	   TimeExecute (s)      :      251                    
	   TimeSlotBusy (s)     :      252                    
...
021 (9152098.004.000) 08/05 10:39:35 Error from starter on slot1_4@b9p19p2472.cern.ch:
	STARTER at 188.185.193.134 failed to send file(s) to <188.185.125.71:9618>: |Error: 1 total failures: first failure: reading from file /pool/condor/dir_150620/HardQCD_Pt15to7000_Oniaoff_CR0_PYTHIA8311_Chunk4_Part0.root: (errno 2) No such file or directory; SHADOW failed to receive file(s) from <188.185.193.134:32845>
	Code 13 Subcode 2
...
004 (9152098.006.000) 08/05 10:39:35 Job was evicted. Code 12 Subcode 2
	(0) CPU times
		Usr 0 00:01:41, Sys 0 00:00:12  -  Run Remote Usage
		Usr 0 00:00:00, Sys 0 00:00:00  -  Run Local Usage
	0  -  Run Bytes Sent By Job
	660198  -  Run Bytes Received By Job
	Reason: Transfer output files failure at execution point slot1_10@b9p14p4596.cern.ch while sending files to access point bigbird28. Details: 1 total failures: first failure: reading from file /pool/condor/dir_2302577/HardQCD_Pt15to7000_Oniaoff_CR0_PYTHIA8311_Chunk6_Part0.root: (errno 2) No such file or directory
	Partitionable Resources :    Usage  Request Allocated 
	   Cpus                 :        0        1         1 
	   Disk (KB)            :      801      750      4038 
	   GPUs                 :                           0 
	   Memory (MB)          :      269     3000      3000 
	   TimeExecute (s)      :      250                    
	   TimeSlotBusy (s)     :      251                    
...
021 (9152098.003.000) 08/05 10:39:35 Error from starter on slot1_26@b9p17p5468.cern.ch:
	STARTER at 188.185.195.122 failed to send file(s) to <188.185.125.71:9618>: |Error: 1 total failures: first failure: reading from file /pool/condor/dir_2302369/HardQCD_Pt15to7000_Oniaoff_CR0_PYTHIA8311_Chunk3_Part0.root: (errno 2) No such file or directory; SHADOW failed to receive file(s) from <188.185.195.122:37905>
	Code 13 Subcode 2
...
021 (9152098.009.000) 08/05 10:39:35 Error from starter on slot1_26@b9p24p9047.cern.ch:
	STARTER at 188.185.211.234 failed to send file(s) to <188.185.125.71:9618>: |Error: 1 total failures: first failure: reading from file /pool/condor/dir_2794628/HardQCD_Pt15to7000_Oniaoff_CR0_PYTHIA8311_Chunk9_Part0.root: (errno 2) No such file or directory; SHADOW failed to receive file(s) from <188.185.211.234:46089>
	Code 13 Subcode 2
...
004 (9152098.008.000) 08/05 10:39:35 Job was evicted. Code 12 Subcode 2
	(0) CPU times
		Usr 0 00:02:01, Sys 0 00:00:14  -  Run Remote Usage
		Usr 0 00:00:00, Sys 0 00:00:00  -  Run Local Usage
	0  -  Run Bytes Sent By Job
	660198  -  Run Bytes Received By Job
	Reason: Transfer output files failure at execution point slot1_10@b9p14p9933.cern.ch while sending files to access point bigbird28. Details: 1 total failures: first failure: reading from file /pool/condor/dir_346161/HardQCD_Pt15to7000_Oniaoff_CR0_PYTHIA8311_Chunk8_Part0.root: (errno 2) No such file or directory
	Partitionable Resources :    Usage  Request Allocated 
	   Cpus                 :        0        1         1 
	   Disk (KB)            :      801      750      3809 
	   GPUs                 :                           0 
	   Memory (MB)          :      268     3000      3000 
	   TimeExecute (s)      :      250                    
	   TimeSlotBusy (s)     :      251                    
...
004 (9152098.000.000) 08/05 10:39:35 Job was evicted. Code 12 Subcode 2
	(0) CPU times
		Usr 0 00:00:54, Sys 0 00:00:12  -  Run Remote Usage
		Usr 0 00:00:00, Sys 0 00:00:00  -  Run Local Usage
	0  -  Run Bytes Sent By Job
	660198  -  Run Bytes Received By Job
	Reason: Transfer output files failure at execution point slot1_13@b9p29p8964.cern.ch while sending files to access point bigbird28. Details: 1 total failures: first failure: reading from file /pool/condor/dir_2870795/HardQCD_Pt15to7000_Oniaoff_CR0_PYTHIA8311_Chunk0_Part0.root: (errno 2) No such file or directory
	Partitionable Resources :    Usage  Request Allocated 
	   Cpus                 :        0        1         1 
	   Disk (KB)            :      800      750      3854 
	   GPUs                 :                           0 
	   Memory (MB)          :       78     3000      3000 
	   TimeExecute (s)      :      252                    
	   TimeSlotBusy (s)     :      253                    
...
004 (9152098.004.000) 08/05 10:39:35 Job was evicted. Code 12 Subcode 2
	(0) CPU times
		Usr 0 00:01:45, Sys 0 00:00:12  -  Run Remote Usage
		Usr 0 00:00:00, Sys 0 00:00:00  -  Run Local Usage
	0  -  Run Bytes Sent By Job
	660198  -  Run Bytes Received By Job
	Reason: Transfer output files failure at execution point slot1_4@b9p19p2472.cern.ch while sending files to access point bigbird28. Details: 1 total failures: first failure: reading from file /pool/condor/dir_150620/HardQCD_Pt15to7000_Oniaoff_CR0_PYTHIA8311_Chunk4_Part0.root: (errno 2) No such file or directory
	Partitionable Resources :    Usage  Request Allocated 
	   Cpus                 :        0        1         1 
	   Disk (KB)            :      800      750      3691 
	   GPUs                 :                           0 
	   Memory (MB)          :      271     3000      3000 
	   TimeExecute (s)      :      251                    
	   TimeSlotBusy (s)     :      252                    
...
021 (9152098.002.000) 08/05 10:39:35 Error from starter on slot1_19@b9p27p6427.cern.ch:
	STARTER at 188.185.213.104 failed to send file(s) to <188.185.125.71:9618>: |Error: 1 total failures: first failure: reading from file /pool/condor/dir_2090800/HardQCD_Pt15to7000_Oniaoff_CR0_PYTHIA8311_Chunk2_Part0.root: (errno 2) No such file or directory; SHADOW failed to receive file(s) from <188.185.213.104:34027>
	Code 13 Subcode 2
...
021 (9152098.001.000) 08/05 10:39:35 Error from starter on slot1_14@b9p16p1856.cern.ch:
	STARTER at 188.185.196.150 failed to send file(s) to <188.185.125.71:9618>: |Error: 1 total failures: first failure: reading from file /pool/condor/dir_1676124/HardQCD_Pt15to7000_Oniaoff_CR0_PYTHIA8311_Chunk1_Part0.root: (errno 2) No such file or directory; SHADOW failed to receive file(s) from <188.185.196.150:40397>
	Code 13 Subcode 2
...
004 (9152098.003.000) 08/05 10:39:35 Job was evicted. Code 12 Subcode 2
	(0) CPU times
		Usr 0 00:01:05, Sys 0 00:00:08  -  Run Remote Usage
		Usr 0 00:00:00, Sys 0 00:00:00  -  Run Local Usage
	0  -  Run Bytes Sent By Job
	660198  -  Run Bytes Received By Job
	Reason: Transfer output files failure at execution point slot1_26@b9p17p5468.cern.ch while sending files to access point bigbird28. Details: 1 total failures: first failure: reading from file /pool/condor/dir_2302369/HardQCD_Pt15to7000_Oniaoff_CR0_PYTHIA8311_Chunk3_Part0.root: (errno 2) No such file or directory
	Partitionable Resources :    Usage  Request Allocated 
	   Cpus                 :        0        1         1 
	   Disk (KB)            :      800      750      3878 
	   GPUs                 :                           0 
	   Memory (MB)          :      262     3000      3000 
	   TimeExecute (s)      :      251                    
	   TimeSlotBusy (s)     :      252                    
...
004 (9152098.009.000) 08/05 10:39:35 Job was evicted. Code 12 Subcode 2
	(0) CPU times
		Usr 0 00:01:42, Sys 0 00:00:21  -  Run Remote Usage
		Usr 0 00:00:00, Sys 0 00:00:00  -  Run Local Usage
	0  -  Run Bytes Sent By Job
	660198  -  Run Bytes Received By Job
	Reason: Transfer output files failure at execution point slot1_26@b9p24p9047.cern.ch while sending files to access point bigbird28. Details: 1 total failures: first failure: reading from file /pool/condor/dir_2794628/HardQCD_Pt15to7000_Oniaoff_CR0_PYTHIA8311_Chunk9_Part0.root: (errno 2) No such file or directory
	Partitionable Resources :    Usage  Request Allocated 
	   Cpus                 :        0        1         1 
	   Disk (KB)            :      936      750      3864 
	   GPUs                 :                           0 
	   Memory (MB)          :      295     3000      3000 
	   TimeExecute (s)      :      249                    
	   TimeSlotBusy (s)     :      250                    
...
021 (9152098.007.000) 08/05 10:39:35 Error from starter on slot1_6@b9p28p0003.cern.ch:
	STARTER at 188.185.213.161 failed to send file(s) to <188.185.125.71:9618>: |Error: 1 total failures: first failure: reading from file /pool/condor/dir_3345412/HardQCD_Pt15to7000_Oniaoff_CR0_PYTHIA8311_Chunk7_Part0.root: (errno 2) No such file or directory; SHADOW failed to receive file(s) from <188.185.213.161:34565>
	Code 13 Subcode 2
...
004 (9152098.002.000) 08/05 10:39:35 Job was evicted. Code 12 Subcode 2
	(0) CPU times
		Usr 0 00:01:54, Sys 0 00:00:23  -  Run Remote Usage
		Usr 0 00:00:00, Sys 0 00:00:00  -  Run Local Usage
	0  -  Run Bytes Sent By Job
	660198  -  Run Bytes Received By Job
	Reason: Transfer output files failure at execution point slot1_19@b9p27p6427.cern.ch while sending files to access point bigbird28. Details: 1 total failures: first failure: reading from file /pool/condor/dir_2090800/HardQCD_Pt15to7000_Oniaoff_CR0_PYTHIA8311_Chunk2_Part0.root: (errno 2) No such file or directory
	Partitionable Resources :    Usage  Request Allocated 
	   Cpus                 :        0        1         1 
	   Disk (KB)            :      936      750      3698 
	   GPUs                 :                           0 
	   Memory (MB)          :      291     3000      3000 
	   TimeExecute (s)      :      252                    
	   TimeSlotBusy (s)     :      253                    
...
009 (9152098.005.000) 08/05 10:39:35 Job was aborted.
	via condor_rm (by user shuangyu)
...
009 (9152098.006.000) 08/05 10:39:35 Job was aborted.
	via condor_rm (by user shuangyu)
...
009 (9152098.008.000) 08/05 10:39:35 Job was aborted.
	via condor_rm (by user shuangyu)
...
004 (9152098.001.000) 08/05 10:39:35 Job was evicted. Code 12 Subcode 2
	(0) CPU times
		Usr 0 00:02:21, Sys 0 00:00:15  -  Run Remote Usage
		Usr 0 00:00:00, Sys 0 00:00:00  -  Run Local Usage
	0  -  Run Bytes Sent By Job
	660198  -  Run Bytes Received By Job
	Reason: Transfer output files failure at execution point slot1_14@b9p16p1856.cern.ch while sending files to access point bigbird28. Details: 1 total failures: first failure: reading from file /pool/condor/dir_1676124/HardQCD_Pt15to7000_Oniaoff_CR0_PYTHIA8311_Chunk1_Part0.root: (errno 2) No such file or directory
	Partitionable Resources :    Usage  Request Allocated 
	   Cpus                 :        0        1         1 
	   Disk (KB)            :      816      750      3912 
	   GPUs                 :                           0 
	   Memory (MB)          :      277     3000      3000 
	   TimeExecute (s)      :      252                    
	   TimeSlotBusy (s)     :      253                    
...
009 (9152098.000.000) 08/05 10:39:35 Job was aborted.
	via condor_rm (by user shuangyu)
...
009 (9152098.004.000) 08/05 10:39:35 Job was aborted.
	via condor_rm (by user shuangyu)
...
004 (9152098.007.000) 08/05 10:39:35 Job was evicted. Code 12 Subcode 2
	(0) CPU times
		Usr 0 00:01:08, Sys 0 00:00:15  -  Run Remote Usage
		Usr 0 00:00:00, Sys 0 00:00:00  -  Run Local Usage
	0  -  Run Bytes Sent By Job
	660198  -  Run Bytes Received By Job
	Reason: Transfer output files failure at execution point slot1_6@b9p28p0003.cern.ch while sending files to access point bigbird28. Details: 1 total failures: first failure: reading from file /pool/condor/dir_3345412/HardQCD_Pt15to7000_Oniaoff_CR0_PYTHIA8311_Chunk7_Part0.root: (errno 2) No such file or directory
	Partitionable Resources :    Usage  Request Allocated 
	   Cpus                 :        0        1         1 
	   Disk (KB)            :     1199      750      3826 
	   GPUs                 :                           0 
	   Memory (MB)          :        3     3000      3000 
	   TimeExecute (s)      :      250                    
	   TimeSlotBusy (s)     :      251                    
...
009 (9152098.003.000) 08/05 10:39:35 Job was aborted.
	via condor_rm (by user shuangyu)
...
009 (9152098.009.000) 08/05 10:39:35 Job was aborted.
	via condor_rm (by user shuangyu)
...
009 (9152098.002.000) 08/05 10:39:35 Job was aborted.
	via condor_rm (by user shuangyu)
...
009 (9152098.001.000) 08/05 10:39:35 Job was aborted.
	via condor_rm (by user shuangyu)
...
009 (9152098.007.000) 08/05 10:39:35 Job was aborted.
	via condor_rm (by user shuangyu)
...
006 (9152098.019.000) 08/05 10:39:36 Image size of job updated: 303284
	285  -  MemoryUsage of job (MB)
	290928  -  ResidentSetSize of job (KB)
...
006 (9152098.013.000) 08/05 10:39:36 Image size of job updated: 225048
	16  -  MemoryUsage of job (MB)
	15612  -  ResidentSetSize of job (KB)
...
006 (9152098.011.000) 08/05 10:39:36 Image size of job updated: 281664
	269  -  MemoryUsage of job (MB)
	274580  -  ResidentSetSize of job (KB)
...
006 (9152098.018.000) 08/05 10:39:36 Image size of job updated: 236964
	16  -  MemoryUsage of job (MB)
	16316  -  ResidentSetSize of job (KB)
...
006 (9152098.015.000) 08/05 10:39:36 Image size of job updated: 259944
	56  -  MemoryUsage of job (MB)
	56864  -  ResidentSetSize of job (KB)
...
006 (9152098.014.000) 08/05 10:39:36 Image size of job updated: 180848
	8  -  MemoryUsage of job (MB)
	8152  -  ResidentSetSize of job (KB)
...
040 (9152098.019.000) 08/05 10:39:36 Started transferring output files
...
040 (9152098.013.000) 08/05 10:39:36 Started transferring output files
...
040 (9152098.017.000) 08/05 10:39:36 Started transferring output files
...
040 (9152098.011.000) 08/05 10:39:36 Started transferring output files
...
040 (9152098.018.000) 08/05 10:39:36 Started transferring output files
...
040 (9152098.019.000) 08/05 10:39:36 Finished transferring output files
...
040 (9152098.015.000) 08/05 10:39:36 Started transferring output files
...
040 (9152098.013.000) 08/05 10:39:36 Finished transferring output files
...
040 (9152098.017.000) 08/05 10:39:36 Finished transferring output files
...
040 (9152098.012.000) 08/05 10:39:36 Started transferring output files
...
040 (9152098.011.000) 08/05 10:39:36 Finished transferring output files
...
040 (9152098.018.000) 08/05 10:39:36 Finished transferring output files
...
040 (9152098.014.000) 08/05 10:39:36 Started transferring output files
...
040 (9152098.015.000) 08/05 10:39:36 Finished transferring output files
...
040 (9152098.010.000) 08/05 10:39:36 Started transferring output files
...
040 (9152098.012.000) 08/05 10:39:36 Finished transferring output files
...
021 (9152098.013.000) 08/05 10:39:36 Error from starter on slot1_8@b9p25p9005.cern.ch:
	STARTER at 188.185.212.53 failed to send file(s) to <188.185.125.71:9618>: |Error: 1 total failures: first failure: reading from file /pool/condor/dir_744660/HardQCD_Pt15to7000_Oniaoff_CR0_PYTHIA8311_Chunk13_Part0.root: (errno 2) No such file or directory; SHADOW failed to receive file(s) from <188.185.212.53:38337>
	Code 13 Subcode 2
...
021 (9152098.017.000) 08/05 10:39:36 Error from starter on slot1_17@b9p24p7837.cern.ch:
	STARTER at 188.185.211.235 failed to send file(s) to <188.185.125.71:9618>: |Error: 1 total failures: first failure: reading from file /pool/condor/dir_2069498/HardQCD_Pt15to7000_Oniaoff_CR0_PYTHIA8311_Chunk17_Part0.root: (errno 2) No such file or directory; SHADOW failed to receive file(s) from <188.185.211.235:42945>
	Code 13 Subcode 2
...
021 (9152098.019.000) 08/05 10:39:36 Error from starter on slot1_5@b9p14p3727.cern.ch:
	STARTER at 188.185.197.34 failed to send file(s) to <188.185.125.71:9618>: |Error: 1 total failures: first failure: reading from file /pool/condor/dir_301059/HardQCD_Pt15to7000_Oniaoff_CR0_PYTHIA8311_Chunk19_Part0.root: (errno 2) No such file or directory; SHADOW failed to receive file(s) from <188.185.197.34:36063>
	Code 13 Subcode 2
...
040 (9152098.014.000) 08/05 10:39:36 Finished transferring output files
...
021 (9152098.011.000) 08/05 10:39:36 Error from starter on slot1_12@b9p19p9007.cern.ch:
	STARTER at 188.185.193.152 failed to send file(s) to <188.185.125.71:9618>: |Error: 1 total failures: first failure: reading from file /pool/condor/dir_3465034/HardQCD_Pt15to7000_Oniaoff_CR0_PYTHIA8311_Chunk11_Part0.root: (errno 2) No such file or directory; SHADOW failed to receive file(s) from <188.185.193.152:44237>
	Code 13 Subcode 2
...
021 (9152098.018.000) 08/05 10:39:36 Error from starter on slot1_24@b9p27p7751.cern.ch:
	STARTER at 188.185.213.25 failed to send file(s) to <188.185.125.71:9618>: |Error: 1 total failures: first failure: reading from file /pool/condor/dir_3050657/HardQCD_Pt15to7000_Oniaoff_CR0_PYTHIA8311_Chunk18_Part0.root: (errno 2) No such file or directory; SHADOW failed to receive file(s) from <188.185.213.25:43259>
	Code 13 Subcode 2
...
040 (9152098.010.000) 08/05 10:39:36 Finished transferring output files
...
004 (9152098.013.000) 08/05 10:39:36 Job was evicted. Code 12 Subcode 2
	(0) CPU times
		Usr 0 00:01:37, Sys 0 00:00:21  -  Run Remote Usage
		Usr 0 00:00:00, Sys 0 00:00:00  -  Run Local Usage
	0  -  Run Bytes Sent By Job
	660198  -  Run Bytes Received By Job
	Reason: Transfer output files failure at execution point slot1_8@b9p25p9005.cern.ch while sending files to access point bigbird28. Details: 1 total failures: first failure: reading from file /pool/condor/dir_744660/HardQCD_Pt15to7000_Oniaoff_CR0_PYTHIA8311_Chunk13_Part0.root: (errno 2) No such file or directory
	Partitionable Resources :    Usage  Request Allocated 
	   Cpus                 :        0        1         1 
	   Disk (KB)            :      801      750      3823 
	   GPUs                 :                           0 
	   Memory (MB)          :       16     3000      3000 
	   TimeExecute (s)      :      249                    
	   TimeSlotBusy (s)     :      250                    
...
004 (9152098.017.000) 08/05 10:39:36 Job was evicted. Code 12 Subcode 2
	(0) CPU times
		Usr 0 00:01:45, Sys 0 00:00:22  -  Run Remote Usage
		Usr 0 00:00:00, Sys 0 00:00:00  -  Run Local Usage
	0  -  Run Bytes Sent By Job
	660198  -  Run Bytes Received By Job
	Reason: Transfer output files failure at execution point slot1_17@b9p24p7837.cern.ch while sending files to access point bigbird28. Details: 1 total failures: first failure: reading from file /pool/condor/dir_2069498/HardQCD_Pt15to7000_Oniaoff_CR0_PYTHIA8311_Chunk17_Part0.root: (errno 2) No such file or directory
	Partitionable Resources :    Usage  Request Allocated 
	   Cpus                 :        0        1         1 
	   Disk (KB)            :      801      750      3750 
	   GPUs                 :                           0 
	   Memory (MB)          :       20     3000      3000 
	   TimeExecute (s)      :      248                    
	   TimeSlotBusy (s)     :      249                    
...
004 (9152098.019.000) 08/05 10:39:36 Job was evicted. Code 12 Subcode 2
	(0) CPU times
		Usr 0 00:02:05, Sys 0 00:00:14  -  Run Remote Usage
		Usr 0 00:00:00, Sys 0 00:00:00  -  Run Local Usage
	0  -  Run Bytes Sent By Job
	660198  -  Run Bytes Received By Job
	Reason: Transfer output files failure at execution point slot1_5@b9p14p3727.cern.ch while sending files to access point bigbird28. Details: 1 total failures: first failure: reading from file /pool/condor/dir_301059/HardQCD_Pt15to7000_Oniaoff_CR0_PYTHIA8311_Chunk19_Part0.root: (errno 2) No such file or directory
	Partitionable Resources :    Usage  Request Allocated 
	   Cpus                 :     0.72        1         1 
	   Disk (KB)            :   904         750      3820 
	   GPUs                 :                           0 
	   Memory (MB)          :   285        3000      3000 
	   TimeExecute (s)      :   247                       
	   TimeSlotBusy (s)     :   248                       
...
021 (9152098.015.000) 08/05 10:39:36 Error from starter on slot1_22@b9p23p4986.cern.ch:
	STARTER at 188.185.211.56 failed to send file(s) to <188.185.125.71:9618>: |Error: 1 total failures: first failure: reading from file /pool/condor/dir_4190115/HardQCD_Pt15to7000_Oniaoff_CR0_PYTHIA8311_Chunk15_Part0.root: (errno 2) No such file or directory; SHADOW failed to receive file(s) from <188.185.211.56:44661>
	Code 13 Subcode 2
...
004 (9152098.011.000) 08/05 10:39:36 Job was evicted. Code 12 Subcode 2
	(0) CPU times
		Usr 0 00:01:46, Sys 0 00:00:13  -  Run Remote Usage
		Usr 0 00:00:00, Sys 0 00:00:00  -  Run Local Usage
	0  -  Run Bytes Sent By Job
	660198  -  Run Bytes Received By Job
	Reason: Transfer output files failure at execution point slot1_12@b9p19p9007.cern.ch while sending files to access point bigbird28. Details: 1 total failures: first failure: reading from file /pool/condor/dir_3465034/HardQCD_Pt15to7000_Oniaoff_CR0_PYTHIA8311_Chunk11_Part0.root: (errno 2) No such file or directory
	Partitionable Resources :    Usage  Request Allocated 
	   Cpus                 :     0.15        1         1 
	   Disk (KB)            :   800         750      3786 
	   GPUs                 :                           0 
	   Memory (MB)          :   269        3000      3000 
	   TimeExecute (s)      :   250                       
	   TimeSlotBusy (s)     :   251                       
...
004 (9152098.018.000) 08/05 10:39:36 Job was evicted. Code 12 Subcode 2
	(0) CPU times
		Usr 0 00:02:04, Sys 0 00:00:25  -  Run Remote Usage
		Usr 0 00:00:00, Sys 0 00:00:00  -  Run Local Usage
	0  -  Run Bytes Sent By Job
	660198  -  Run Bytes Received By Job
	Reason: Transfer output files failure at execution point slot1_24@b9p27p7751.cern.ch while sending files to access point bigbird28. Details: 1 total failures: first failure: reading from file /pool/condor/dir_3050657/HardQCD_Pt15to7000_Oniaoff_CR0_PYTHIA8311_Chunk18_Part0.root: (errno 2) No such file or directory
	Partitionable Resources :    Usage  Request Allocated 
	   Cpus                 :        0        1         1 
	   Disk (KB)            :      804      750      3747 
	   GPUs                 :                           0 
	   Memory (MB)          :       16     3000      3000 
	   TimeExecute (s)      :      247                    
	   TimeSlotBusy (s)     :      248                    
...
021 (9152098.012.000) 08/05 10:39:36 Error from starter on slot1_29@b9p30p4618.cern.ch:
	STARTER at 188.185.214.220 failed to send file(s) to <188.185.125.71:9618>: |Error: 1 total failures: first failure: reading from file /pool/condor/dir_395758/HardQCD_Pt15to7000_Oniaoff_CR0_PYTHIA8311_Chunk12_Part0.root: (errno 2) No such file or directory; SHADOW failed to receive file(s) from <188.185.214.220:36641>
	Code 13 Subcode 2
...
021 (9152098.014.000) 08/05 10:39:36 Error from starter on slot1_20@b9p02p1378.cern.ch:
	STARTER at 188.185.204.144 failed to send file(s) to <188.185.125.71:9618>: |Error: 1 total failures: first failure: reading from file /pool/condor/dir_2249718/HardQCD_Pt15to7000_Oniaoff_CR0_PYTHIA8311_Chunk14_Part0.root: (errno 2) No such file or directory; SHADOW failed to receive file(s) from <188.185.204.144:46599>
	Code 13 Subcode 2
...
004 (9152098.015.000) 08/05 10:39:36 Job was evicted. Code 12 Subcode 2
	(0) CPU times
		Usr 0 00:01:36, Sys 0 00:00:20  -  Run Remote Usage
		Usr 0 00:00:00, Sys 0 00:00:00  -  Run Local Usage
	0  -  Run Bytes Sent By Job
	660198  -  Run Bytes Received By Job
	Reason: Transfer output files failure at execution point slot1_22@b9p23p4986.cern.ch while sending files to access point bigbird28. Details: 1 total failures: first failure: reading from file /pool/condor/dir_4190115/HardQCD_Pt15to7000_Oniaoff_CR0_PYTHIA8311_Chunk15_Part0.root: (errno 2) No such file or directory
	Partitionable Resources :    Usage  Request Allocated 
	   Cpus                 :        0        1         1 
	   Disk (KB)            :      801      750      3763 
	   GPUs                 :                           0 
	   Memory (MB)          :       56     3000      3000 
	   TimeExecute (s)      :      248                    
	   TimeSlotBusy (s)     :      249                    
...
006 (9152098.016.000) 08/05 10:39:36 Image size of job updated: 273472
	245  -  MemoryUsage of job (MB)
	250000  -  ResidentSetSize of job (KB)
...
021 (9152098.010.000) 08/05 10:39:36 Error from starter on slot1_1@b9p27p1310.cern.ch:
	STARTER at 188.185.213.28 failed to send file(s) to <188.185.125.71:9618>: |Error: 1 total failures: first failure: reading from file /pool/condor/dir_926916/HardQCD_Pt15to7000_Oniaoff_CR0_PYTHIA8311_Chunk10_Part0.root: (errno 2) No such file or directory; SHADOW failed to receive file(s) from <188.185.213.28:37937>
	Code 13 Subcode 2
...
004 (9152098.012.000) 08/05 10:39:36 Job was evicted. Code 12 Subcode 2
	(0) CPU times
		Usr 0 00:01:50, Sys 0 00:00:24  -  Run Remote Usage
		Usr 0 00:00:00, Sys 0 00:00:00  -  Run Local Usage
	0  -  Run Bytes Sent By Job
	660198  -  Run Bytes Received By Job
	Reason: Transfer output files failure at execution point slot1_29@b9p30p4618.cern.ch while sending files to access point bigbird28. Details: 1 total failures: first failure: reading from file /pool/condor/dir_395758/HardQCD_Pt15to7000_Oniaoff_CR0_PYTHIA8311_Chunk12_Part0.root: (errno 2) No such file or directory
	Partitionable Resources :    Usage  Request Allocated 
	   Cpus                 :        0        1         1 
	   Disk (KB)            :      936      750      3682 
	   GPUs                 :                           0 
	   Memory (MB)          :      297     3000      3000 
	   TimeExecute (s)      :      249                    
	   TimeSlotBusy (s)     :      250                    
...
004 (9152098.014.000) 08/05 10:39:36 Job was evicted. Code 12 Subcode 2
	(0) CPU times
		Usr 0 00:02:05, Sys 0 00:00:27  -  Run Remote Usage
		Usr 0 00:00:00, Sys 0 00:00:00  -  Run Local Usage
	0  -  Run Bytes Sent By Job
	660198  -  Run Bytes Received By Job
	Reason: Transfer output files failure at execution point slot1_20@b9p02p1378.cern.ch while sending files to access point bigbird28. Details: 1 total failures: first failure: reading from file /pool/condor/dir_2249718/HardQCD_Pt15to7000_Oniaoff_CR0_PYTHIA8311_Chunk14_Part0.root: (errno 2) No such file or directory
	Partitionable Resources :    Usage  Request Allocated 
	   Cpus                 :        0        1         1 
	   Disk (KB)            :     1201      750      3600 
	   GPUs                 :                           0 
	   Memory (MB)          :        8     3000      3000 
	   TimeExecute (s)      :      249                    
	   TimeSlotBusy (s)     :      250                    
...
004 (9152098.010.000) 08/05 10:39:36 Job was evicted. Code 12 Subcode 2
	(0) CPU times
		Usr 0 00:02:05, Sys 0 00:00:26  -  Run Remote Usage
		Usr 0 00:00:00, Sys 0 00:00:00  -  Run Local Usage
	0  -  Run Bytes Sent By Job
	660198  -  Run Bytes Received By Job
	Reason: Transfer output files failure at execution point slot1_1@b9p27p1310.cern.ch while sending files to access point bigbird28. Details: 1 total failures: first failure: reading from file /pool/condor/dir_926916/HardQCD_Pt15to7000_Oniaoff_CR0_PYTHIA8311_Chunk10_Part0.root: (errno 2) No such file or directory
	Partitionable Resources :    Usage  Request Allocated 
	   Cpus                 :        0        1         1 
	   Disk (KB)            :     1199      750      3824 
	   GPUs                 :                           0 
	   Memory (MB)          :        3     3000      3000 
	   TimeExecute (s)      :      250                    
	   TimeSlotBusy (s)     :      251                    
...
040 (9152098.016.000) 08/05 10:39:36 Started transferring output files
...
009 (9152098.011.000) 08/05 10:39:36 Job was aborted.
	via condor_rm (by user shuangyu)
...
009 (9152098.013.000) 08/05 10:39:36 Job was aborted.
	via condor_rm (by user shuangyu)
...
009 (9152098.017.000) 08/05 10:39:36 Job was aborted.
	via condor_rm (by user shuangyu)
...
009 (9152098.018.000) 08/05 10:39:36 Job was aborted.
	via condor_rm (by user shuangyu)
...
009 (9152098.019.000) 08/05 10:39:36 Job was aborted.
	via condor_rm (by user shuangyu)
...
040 (9152098.016.000) 08/05 10:39:36 Finished transferring output files
...
009 (9152098.015.000) 08/05 10:39:36 Job was aborted.
	via condor_rm (by user shuangyu)
...
009 (9152098.010.000) 08/05 10:39:36 Job was aborted.
	via condor_rm (by user shuangyu)
...
009 (9152098.012.000) 08/05 10:39:36 Job was aborted.
	via condor_rm (by user shuangyu)
...
009 (9152098.014.000) 08/05 10:39:36 Job was aborted.
	via condor_rm (by user shuangyu)
...
021 (9152098.016.000) 08/05 10:39:36 Error from starter on slot1_26@b9p14p0071.cern.ch:
	STARTER at 188.185.197.54 failed to send file(s) to <188.185.125.71:9618>: |Error: 1 total failures: first failure: reading from file /pool/condor/dir_2094127/HardQCD_Pt15to7000_Oniaoff_CR0_PYTHIA8311_Chunk16_Part0.root: (errno 2) No such file or directory; SHADOW failed to receive file(s) from <188.185.197.54:44343>
	Code 13 Subcode 2
...
004 (9152098.016.000) 08/05 10:39:36 Job was evicted. Code 12 Subcode 2
	(0) CPU times
		Usr 0 00:01:55, Sys 0 00:00:15  -  Run Remote Usage
		Usr 0 00:00:00, Sys 0 00:00:00  -  Run Local Usage
	0  -  Run Bytes Sent By Job
	660198  -  Run Bytes Received By Job
	Reason: Transfer output files failure at execution point slot1_26@b9p14p0071.cern.ch while sending files to access point bigbird28. Details: 1 total failures: first failure: reading from file /pool/condor/dir_2094127/HardQCD_Pt15to7000_Oniaoff_CR0_PYTHIA8311_Chunk16_Part0.root: (errno 2) No such file or directory
	Partitionable Resources :    Usage  Request Allocated 
	   Cpus                 :        0        1         1 
	   Disk (KB)            :      803      750      3846 
	   GPUs                 :                           0 
	   Memory (MB)          :      245     3000      3000 
	   TimeExecute (s)      :      248                    
	   TimeSlotBusy (s)     :      249                    
...
009 (9152098.016.000) 08/05 10:39:36 Job was aborted.
	via condor_rm (by user shuangyu)
...
