Setting up CMSSW environment...
/pool/condor/dir_3765797
Compiling pythia.cpp ...

 *------------------------------------------------------------------------------------* 
 |                                                                                    | 
 |  *------------------------------------------------------------------------------*  | 
 |  |                                                                              |  | 
 |  |                                                                              |  | 
 |  |   PPP   Y   Y  TTTTT  H   H  III    A      Welcome to the Lund Monte Carlo!  |  | 
 |  |   P  P   Y Y     T    H   H   I    A A     This is PYTHIA version 8.311      |  | 
 |  |   PPP     Y      T    HHHHH   I   AAAAA    Last date of change:  8 Mar 2024  |  | 
 |  |   P       Y      T    H   H   I   A   A                                      |  | 
 |  |   P       Y      T    H   H  III  A   A    Now is 27 Jul 2026 at 08:48:17    |  | 
 |  |                                                                              |  | 
 |  |   Program documentation and an archive of historic versions is found on:     |  | 
 |  |                                                                              |  | 
 |  |                               https://pythia.org/                            |  | 
 |  |                                                                              |  | 
 |  |   PYTHIA is authored by a collaboration consisting of:                       |  | 
 |  |                                                                              |  | 
 |  |   Javira Altmann, Christian Bierlich, Naomi Cooke, Nishita Desai,            |  | 
 |  |   Leif Gellersen, Ilkka Helenius, Philip Ilten, Leif Lonnblad,               |  | 
 |  |   Stephen Mrenna, Christian Preuss, Torbjorn Sjostrand, Peter Skands,        |  | 
 |  |   Marius Utheim, and Rob Verheyen.                                           |  | 
 |  |                                                                              |  | 
 |  |   The complete list of authors, including contact information and            |  | 
 |  |   affiliations, can be found on https://pythia.org/.                         |  | 
 |  |   Problems or bugs should be reported on email at authors@pythia.org.        |  | 
 |  |                                                                              |  | 
 |  |   The main program reference is C. Bierlich et al,                           |  | 
 |  |   'A comprehensive guide to the physics and usage of Pythia 8.3',            |  | 
 |  |   SciPost Phys. Codebases 8-r8.3 (2022) [arXiv:2203.11601 [hep-ph]]          |  | 
 |  |                                                                              |  | 
 |  |   PYTHIA is released under the GNU General Public Licence version 2 or later.|  | 
 |  |   Please respect the MCnet Guidelines for Event Generator Authors and Users. |  | 
 |  |                                                                              |  | 
 |  |   Disclaimer: this program comes without any guarantees.                     |  | 
 |  |   Beware of errors and use common sense when interpreting results.           |  | 
 |  |                                                                              |  | 
 |  |   Copyright (C) 2024 Torbjorn Sjostrand                                      |  | 
 |  |                                                                              |  | 
 |  |                                                                              |  | 
 |  *------------------------------------------------------------------------------*  | 
 |                                                                                    | 
 *------------------------------------------------------------------------------------* 

LHAPDF 6.4.0 loading /cvmfs/cms.cern.ch/el9_amd64_gcc12/external/lhapdf/6.4.0-4aa384870ea6380250957dc033c78953/share/LHAPDF/NNPDF31_nnlo_as_0118/NNPDF31_nnlo_as_0118_0000.dat
NNPDF31_nnlo_as_0118 PDF set, member #0, version 1; LHAPDF ID = 303600
LHAPDF 6.4.0 loading /cvmfs/cms.cern.ch/el9_amd64_gcc12/external/lhapdf/6.4.0-4aa384870ea6380250957dc033c78953/share/LHAPDF/NNPDF31_nnlo_as_0118/NNPDF31_nnlo_as_0118_0000.dat
NNPDF31_nnlo_as_0118 PDF set, member #0, version 1; LHAPDF ID = 303600

 *-------  PYTHIA Process Initialization  --------------------------*
 |                                                                  |
 | We collide p+ with p+ at a CM energy of 1.360e+04 GeV            |
 |                                                                  |
 |------------------------------------------------------------------|
 |                                                    |             |
 | Subprocess                                    Code |   Estimated |
 |                                                    |    max (mb) |
 |                                                    |             |
 |------------------------------------------------------------------|
 |                                                    |             |
 | g g -> g g                                     111 |   5.088e+02 |
 | g g -> q qbar (uds)                            112 |   2.035e+01 |
 | q g -> q g                                     113 |   1.648e+03 |
 | q q(bar)' -> q q(bar)'                         114 |   5.639e+02 |
 | q qbar -> g g                                  115 |   4.263e+00 |
 | q qbar -> q' qbar' (uds)                       116 |   4.231e+00 |
 | g g -> c cbar                                  121 |   6.778e+00 |
 | q qbar -> c cbar                               122 |   1.409e+00 |
 | g g -> b bbar                                  123 |   6.713e+00 |
 | q qbar -> b bbar                               124 |   1.396e+00 |
 |                                                                  |
 *-------  End PYTHIA Process Initialization -----------------------*
 PYTHIA Warning in SimpleTimeShower::init: pTmin too low , raised to 0.611

 *-------  PYTHIA Multiparton Interactions Initialization  ---------* 
 |                                                                  | 
 |                   sigmaNonDiffractive =    55.96 mb              | 
 |                                                                  | 
 |    pT0 =  1.44 gives sigmaInteraction =   495.80 mb: accepted    | 
 |                                                                  | 
 *-------  End PYTHIA Multiparton Interactions Initialization  -----* 

 *-------  PYTHIA Flag + Mode + Parm + Word + FVec + MVec + PVec + WVec Settings (changes only)  ------------------* 
 |                                                                                                                 | 
 | Name                                          |                      Now |      Default         Min         Max | 
 |                                               |                          |                                      | 
 | BeamRemnants:remnantMode                      |                        1 |            0           0           1 | 
 | Beams:eCM                                     |                13600.000 |    14000.000         0.0             | 
 | Check:epTolErr                                |                0.0100000 |   1.0000e-04                         | 
 | ColourReconnection:mode                       |                        1 |            0           0           4 | 
 | ColourReconnection:range                      |                  5.17600 |      1.80000         0.0    10.00000 | 
 | HardQCD:all                                   |                       on |          off                         | 
 | Main:timesAllowErrors                         |                    10000 |           10           0             | 
 | MultipartonInteractions:alphaSorder           |                        2 |            1           0           3 | 
 | MultipartonInteractions:alphaSvalue           |                  0.11800 |      0.13000   0.0600000     0.25000 | 
 | MultipartonInteractions:bProfile              |                        2 |            3           0           4 | 
 | MultipartonInteractions:coreFraction          |                  0.63000 |      0.50000         0.0     1.00000 | 
 | MultipartonInteractions:coreRadius            |                  0.76340 |      0.40000     0.10000     1.00000 | 
 | MultipartonInteractions:ecmPow                |                0.0334400 |      0.21500         0.0     0.50000 | 
 | MultipartonInteractions:pT0Ref                |                  1.41000 |      2.28000     0.50000    10.00000 | 
 | OniaShower:all                                |                       on |          off                         | 
 | ParticleDecays:limitTau0                      |                       on |          off                         | 
 | PDF:lepton                                    |                      off |           on                         | 
 | PDF:pSet                                      | LHAPDF6:NNPDF31_nnlo_as_0118 |           13                     | 
 | PhaseSpace:bias2Selection                     |                       on |          off                         | 
 | PhaseSpace:bias2SelectionPow                  |                  4.50000 |      4.00000         0.0    10.00000 | 
 | PhaseSpace:bias2SelectionRef                  |                 15.00000 |     10.00000     1.00000             | 
 | PhaseSpace:pTHatMax                           |                 7000.000 |     -1.00000                         | 
 | PhaseSpace:pTHatMin                           |                 15.00000 |          0.0         0.0             | 
 | Random:seed                                   |                385317246 |           -1               900000000 | 
 | Random:setSeed                                |                       on |          off                         | 
 | SigmaProcess:alphaSorder                      |                        2 |            1           0           3 | 
 | SigmaProcess:alphaSvalue                      |                  0.11800 |      0.13000   0.0600000     0.25000 | 
 | SigmaTotal:mode                               |                        0 |            1           0           4 | 
 | SigmaTotal:sigmaEl                            |                 22.08000 |     25.00000         0.0             | 
 | SigmaTotal:sigmaTot                           |                101.03700 |    100.00000         0.0             | 
 | SigmaTotal:zeroAXB                            |                      off |           on                         | 
 | SLHA:minMassSM                                |                 1000.000 |    100.00000                         | 
 | SpaceShower:alphaSorder                       |                        2 |            1           0           3 | 
 | SpaceShower:alphaSvalue                       |                  0.11800 |      0.13650   0.0600000     0.25000 | 
 | TimeShower:alphaSorder                        |                        2 |            1           0           3 | 
 | TimeShower:alphaSvalue                        |                  0.11800 |      0.13650   0.0600000     0.25000 | 
 |                                                                                                                 | 
 *-------  End PYTHIA Flag + Mode + Parm + Word + FVec + MVec + PVec + WVec Settings  -----------------------------* 

 --------  PYTHIA Particle Data Table (changed only)  ------------------------------------------------------------------------------
 
      id   name            antiName         spn chg col      m0        mWidth      mMin       mMax       tau0    res dec ext vis wid
             no onMode   bRatio   meMode     products 

     443  J/psi                               3   0   0    3.09692    0.00009    3.09602    3.09782  0.00000e+00   0   1   0   1   0
              0     0   0.8023950   43       83      -83 
              1     0   0.0594000    0       11      -11 
              2     1   0.0593000    0       13      -13 
              3     0   0.0130000    0      441       22 
              4     0   0.0056000    0      113      111 
              5     0   0.0056500    0      213     -211 
              6     0   0.0056500    0     -213      211 
              7     0   0.0036000    0      115      113 
              8     0   0.0036000    0     -215      213 
              9     0   0.0036000    0      215     -213 
             10     0   0.0043000    0      225      223 
             11     0   0.0022000    0      313     -315 
             12     0   0.0022000    0      323     -325 
             13     0   0.0022000    0     -323      325 
             14     0   0.0025000    0      321     -323 
             15     0   0.0025000    0     -321      323 
             16     0   0.0021000    0      311     -313 
             17     0   0.0021000    0     -311      313 
             18     0   0.0019000    0    20323     -321 
             19     0   0.0019000    0   -20323      321 
             20     0   0.0015000    0    10213     -211 
             21     0   0.0015000    0   -10213      211 
             22     0   0.0023000    0    10113      111 
             23     0   0.0004800    0    10331      223 
             24     0   0.0007400    0      223      221 
             25     0   0.0003600    0    10331      333 
             26     0   0.0008000    0      333      335 
             27     0   0.0006800    0    20333      223 
             28     0   0.0007400    0      333      221 
             29     0   0.0004500    0      223      111 
             30     0   0.0004000    0      333      331 
             31     0   0.0003200    0      333  9010221 
             32     0   0.0002600    0      333    20223 
             33     0   0.0001930    0      113      221 
             34     0   0.0001820    0      223      331 
             35     0   0.0001400    0      223  9010221 
             36     0   0.0001050    0      113      331 
             37     0   0.0011000    0     2224    -2224 
             38     0   0.0005150    0     3112    -3112 
             39     0   0.0005900    0     3314    -3314 
             40     0   0.0003200    0     3324    -3324 
             41     0   0.0003200    0     3324    -3324 
             42     0   0.0001550    0     3114    -3114 
             43     0   0.0001550    0     3224    -3224 

 --------  End PYTHIA Particle Data Table  -----------------------------------------------------------------------------------------

 PYTHIA Warning in SimpleSpaceShower::pT2nextQCD: weight above unity

 --------  PYTHIA Info Listing  ---------------------------------------- 
 
 Beam A: id =   2212, pz =  6.800e+03, e =  6.800e+03, m =  9.383e-01.
 Beam B: id =   2212, pz = -6.800e+03, e =  6.800e+03, m =  9.383e-01.

 In 1: id =   21, x =  2.624e-02, pdf =  3.876e+00 at Q2 =  3.389e+04.
 In 2: id =    2, x =  2.825e-02, pdf =  6.707e-01 at same Q2.

 Subprocess q g -> q g with code 113 is 2 -> 2.
 It has sHat =  1.371e+05,    tHat = -6.118e+04,    uHat = -7.595e+04,
       pTHat =  1.841e+02,   m3Hat =  0.000e+00,   m4Hat =  3.300e-01,
    thetaHat =  1.463e+00,  phiHat =  3.003e+00.
     alphaEM =  7.880e-03,  alphaS =  1.068e-01    at Q2 =  3.389e+04.

 Impact parameter b =  6.198e-01 gives enhancement factor =  1.983e+00.
 Max pT scale for MPI =  1.841e+02, ISR =  1.841e+02, FSR =  1.841e+02.
 Number of MPI =    21, ISR =    23, FSRproc =    80, FSRreson =     0.

 --------  End PYTHIA Info Listing  ------------------------------------

 --------  PYTHIA Event Listing  (hard process)  -----------------------------------------------------------------------------------
 
    no         id  name            status     mothers   daughters     colours      p_x        p_y        p_z         e          m 
     0         90  (system)           -11     0     0     0     0     0     0      0.000      0.000      0.000  13600.000  13600.000
     1       2212  (p+)               -12     0     0     3     0     0     0      0.000      0.000   6800.000   6800.000      0.938
     2       2212  (p+)               -12     0     0     4     0     0     0      0.000      0.000  -6800.000   6800.000      0.938
     3         21  (g)                -21     1     0     5     6   102   103      0.000      0.000    178.451    178.451      0.000
     4          2  (u)                -21     2     0     5     6   101     0      0.000      0.000   -192.116    192.116      0.000
     5         21  g                   23     3     4     0     0   101   103   -182.314     25.435     13.133    184.547      0.000
     6          2  u                   23     3     4     0     0   102     0    182.314    -25.435    -26.798    186.020      0.330
                                   Charge sum:  0.667           Momentum sum:      0.000      0.000    -13.665    370.567    370.315

 --------  End PYTHIA Event Listing  -----------------------------------------------------------------------------------------------

 --------  PYTHIA Event Listing  (complete event)  ---------------------------------------------------------------------------------
 
    no         id  name            status     mothers   daughters     colours      p_x        p_y        p_z         e          m 
     0         90  (system)           -11     0     0     0     0     0     0      0.000      0.000      0.000  13600.000  13600.000
     1       2212  (p+)               -12     0     0   505     0     0     0      0.000      0.000   6800.000   6800.000      0.938
     2       2212  (p+)               -12     0     0   506     0     0     0      0.000      0.000  -6800.000   6800.000      0.938
     3         21  (g)                -21     7     7     5     6   102   103      0.000      0.000    178.451    178.451      0.000
     4          2  (u)                -21     8     0     5     6   101     0      0.000      0.000   -192.116    192.116      0.000
     5         21  (g)                -23     3     4     9     9   101   103   -182.314     25.435     13.133    184.547      0.000
     6          2  (u)                -23     3     4    10    10   102     0    182.314    -25.435    -26.798    186.020      0.330
     7         21  (g)                -42    12     0     3     3   102   103      0.000     -0.000    178.451    178.451      0.000
     8          2  (u)                -41    13    13    11     4   104     0      0.000      0.000   -649.579    649.579      0.000
     9         21  (g)                -44     5     5    14    14   101   103   -192.928     29.400     24.071    196.634      0.000
    10          2  (u)                -44     6     6    15    15   102     0    169.136    -20.512    -39.377    174.866      0.330
    11         21  (g)                -43     8     0    16    16   104   101     23.792     -8.888   -455.822    456.529      0.000
    12         21  (g)                -41    67    67    17     7   102   105     -0.000      0.000    400.127    400.127      0.000
    13          2  (u)                -42   119     0     8     8   104     0     -0.000      0.000   -649.579    649.579      0.000
    14         21  (g)                -44     9     9    20    20   101   103   -184.956     17.378     32.570    188.604      0.000
    15          2  (u)                -44    10    10    65    66   102     0    174.030    -27.892    -46.506    182.283      0.330
    16         21  (g)                -44    11    11    23    23   104   101     23.818     -8.927   -456.198    456.906      0.000
    17         21  (g)                -43    12     0    18    19   103   105    -12.891     19.441    220.682    221.912      0.000
    18         21  (g)                -51    17     0   123   123   106   105    -22.968     15.583    188.084    190.121      0.000
    19         21  (g)                -51    17     0    24    25   103   106      7.763      4.076     33.005     34.150      0.000
    20         21  (g)                -52    14    14    21    22   101   103   -182.642     17.160     32.162    186.245      0.000
    21         21  (g)                -51    20     0    26    26   107   103   -137.468     20.334     19.262    140.292      0.000
    22         21  (g)                -51    20     0    29    29   101   107    -45.130     -3.190     12.038     46.816      0.000
    23         21  (g)                -52    16    16    27    28   104   101     23.773     -8.910   -455.336    456.043      0.000
    24         21  (g)                -51    19     0    40    41   108   106      8.482      6.598     31.303     33.096      0.000
    25         21  (g)                -51    19     0    42    42   103   108     -9.536     -1.218      2.938     10.053      0.000
    26         21  (g)                -52    21    21   120   120   107   103   -128.651     19.029     18.026    131.294      0.000
    27         21  (g)                -51    23     0   122   122   104   109     16.880      0.083   -253.995    254.555      0.000
    28         21  (g)                -51    23     0    32    32   109   101      6.764     -9.003   -201.307    201.621      0.000
    29         21  (g)                -52    22    22    30    31   101   107    -45.001     -3.181     12.004     46.683      0.000
    30         21  (g)                -51    29     0   125   125   110   107    -22.855     -0.924     11.628     25.660      0.000
    31         21  (g)                -51    29     0    37    38   101   110    -22.105     -2.311     -0.840     22.241      0.000
    32         21  (g)                -52    28    28    39    39   109   101      6.723     -8.948   -200.090    200.403      0.000
    33         21  (g)                -31    64    64    35    36   112   111      0.000      0.000      0.719      0.719      0.000
    34         21  (g)                -31   237   237    35    36   114   113      0.000      0.000   -287.186    287.186      0.000
    35         21  (g)                -33    33    34   238   238   114   111     -4.145      3.497     -9.923     11.308      0.000
    36         21  (g)                -33    33    34    62    63   112   113      4.145     -3.497   -276.544    276.597      0.000
    37         21  (g)                -51    31     0    75    76   115   110    -18.697     -5.845      0.782     19.605      0.000
    38         21  (g)                -51    31     0    77    77   101   115     -3.150      3.191     -9.290     10.316      0.000
    39         21  (g)                -52    32    32    94    94   109   101      6.466     -8.605   -192.422    192.723      0.000
    40         21  (g)                -51    24     0   105   106   116   106      7.525      8.577     29.933     32.034      0.000
    41         21  (g)                -51    24     0   107   107   108   116     -1.034     -2.233      1.983      3.161      0.000
    42         21  (g)                -52    25    25   126   126   103   108     -7.545     -0.964      2.325      7.954      0.000
    43         21  (g)                -31    47     0    45    46   118   117      0.000      0.000    229.010    229.010      0.000
    44         21  (g)                -31    48    48    45    46   117   119      0.000      0.000     -0.162      0.162      0.000
    45         21  (g)                -33    43    44    49    49   120   119      1.373     -3.801     28.585     28.869      0.000
    46         21  (g)                -33    43    44    50    50   118   120     -1.373      3.801    200.263    200.304      0.000
    47         21  (g)                -41    52    52    51    43   118   121      0.000      0.000    292.437    292.437      0.000
    48         21  (g)                -42    53     0    44    44   117   119     -0.000     -0.000     -0.162      0.162      0.000
    49         21  (g)                -44    45    45    54    54   120   119      1.396     -3.758     36.441     36.661      0.000
    50         21  (g)                -44    46    46    55    55   118   120     -1.215      4.096    254.813    254.848      0.000
    51         21  (g)                -43    47     0    56    56   117   121     -0.180     -0.337      1.021      1.091      0.000
    52         21  (g)                -42   138   138    47    47   118   121      0.000     -0.000    292.437    292.437      0.000
    53         21  (g)                -41   139     0    57    48   117   122     -0.000      0.000     -0.278      0.278      0.000
    54         21  (g)                -44    49    49   140   140   120   119     -0.410     -3.554     26.161     26.405      0.000
    55         21  (g)                -44    50    50   141   141   118   120     -1.509      4.129    243.695    243.735      0.000
    56         21  (g)                -44    51    51   142   142   117   121     -0.750     -0.273      4.107      4.184      0.000
    57         21  (g)                -43    53     0   143   143   119   122      2.669     -0.302     18.195     18.393      0.000
    58         21  (g)                -31    87     0    60    61   123   124      0.000      0.000     44.873     44.873      0.000
    59         -3  (sbar)             -31    88    88    60    61     0   123      0.000      0.000    -16.190     16.190      0.000
    60         21  (g)                -33    58    59    89    89   125   124     -2.184     -1.733     44.705     44.792      0.000
    61         -3  (sbar)             -33    58    59    90    90     0   125      2.184      1.733    -16.023     16.271      0.500
    62         21  (g)                -51    36     0   145   146   126   113      2.848     -2.808   -269.997    270.026      0.000
    63         21  (g)                -51    36     0   147   147   112   126      1.298     -0.689     -6.477      6.642      0.000
    64         21  (g)                -53   236     0    33    33   112   111      0.000     -0.000      0.790      0.790      0.000
    65          2  (u)                -51    15     0   121   121   127     0     53.684     -8.072    -11.727     55.540      0.330
    66         21  (g)                -51    15     0    68    69   102   127    120.346    -19.820    -34.712    126.810      0.000
    67         21  (g)                -53    70    70    12    12   102   105     -0.000      0.000    400.194    400.194      0.000
    68         -3  (sbar)             -51    66     0   131   131     0   127     26.787     -5.847     -9.728     29.096      0.500
    69          3  (s)                -51    66     0   132   132   102     0     93.559    -13.973    -24.882     97.816      0.500
    70         21  (g)                -53   118   118    67    67   102   105     -0.000      0.000    400.296    400.296      0.000
    71         21  (g)                -31    78    78    73    74   128   129      0.000      0.000    866.467    866.467      0.000
    72         21  (g)                -31    79     0    73    74   130   131      0.000      0.000     -1.354      1.354      0.000
    73         21  (g)                -33    71    72    80    80   128   131     -0.305      2.265     -0.387      2.318      0.000
    74         21  (g)                -33    71    72    81    81   130   129      0.305     -2.265    865.500    865.503      0.000
    75         21  (g)                -51    37     0   128   128   132   110    -19.311     -5.584     -0.820     20.119      0.000
    76         21  (g)                -51    37     0   133   133   115   132      0.264      0.093      0.569      0.634      0.000
    77         21  (g)                -52    38    38    92    93   101   115     -2.799      2.836     -8.257      9.168      0.000
    78         21  (g)                -42    99    99    71    71   128   129     -0.000     -0.000    866.467    866.467      0.000
    79         21  (g)                -41   100     0    82    72   133   131      0.000      0.000     -1.406      1.406      0.000
    80         21  (g)                -44    73    73   101   101   128   131      0.062      3.369      0.651      3.432      0.000
    81         21  (g)                -44    74    74   102   102   130   129      0.305     -2.263    840.745    840.748      0.000
    82         21  (g)                -43    79     0   103   103   133   130     -0.367     -1.105     23.665     23.694      0.000
    83         21  (g)                -31   175     0    85    86   135   134      0.000      0.000   1518.732   1518.732      0.000
    84          2  (u)                -31   176   176    85    86   134     0      0.000      0.000    -11.258     11.258      0.000
    85         21  (g)                -33    83    84   177   177   135   136      1.051     -1.954   1518.619   1518.621      0.000
    86          2  (u)                -33    83    84   178   178   136     0     -1.051      1.954    -11.145     11.369      0.330
    87         21  (g)                -41   158     0    91    58   123   137      0.000      0.000     46.810     46.810      0.000
    88         -3  (sbar)             -42   159   159    59    59     0   123      0.000      0.000    -16.190     16.190      0.000
    89         21  (g)                -44    60    60   160   160   125   124     -2.155     -1.161     46.517     46.581      0.000
    90         -3  (sbar)             -44    61    61   161   161     0   125      2.184      1.735    -15.405     15.663      0.500
    91         21  (g)                -43    87     0   162   162   124   137     -0.029     -0.574     -0.492      0.757      0.000
    92         21  (g)                -51    77     0   129   129   138   115      0.909      1.797     -4.804      5.209      0.000
    93         21  (g)                -51    77     0   110   110   101   138     -3.436      0.677    -11.555     12.074      0.000
    94         21  (g)                -52    39    39   108   109   109   101      6.193     -8.243   -184.321    184.609      0.000
    95         21  (g)                -31   258   258    97    98   139   140      0.000      0.000    100.654    100.654      0.000
    96         21  (g)                -31   259     0    97    98   140   141      0.000      0.000     -0.938      0.938      0.000
    97         21  (g)                -33    95    96   260   260   139   142     -1.495      1.489     99.442     99.464      0.000
    98         21  (g)                -33    95    96   261   261   142   141      1.495     -1.489      0.274      2.127      0.000
    99         21  (g)                -42   111   111    78    78   128   129     -0.000      0.000    866.467    866.467      0.000
   100         21  (g)                -41   112     0   104    79   143   131      0.000     -0.000    -14.130     14.130      0.000
   101         21  (g)                -44    80    80   113   113   128   131      1.586      2.100     -0.147      2.636      0.000
   102         21  (g)                -44    81    81   114   114   130   129      0.307     -2.265    841.174    841.177      0.000
   103         21  (g)                -44    82    82   115   115   133   130     -0.351     -1.119     23.954     23.982      0.000
   104         21  (g)                -43   100     0   116   116   143   133     -1.542      1.283    -12.643     12.801      0.000
   105         21  (g)                -51    40     0   124   124   144   106      0.189      1.375      8.407      8.521      0.000
   106         21  (g)                -51    40     0   135   135   116   144      7.184      6.875     21.816     23.975      0.000
   107         21  (g)                -52    41    41   130   130   108   116     -0.883     -1.907      1.693      2.699      0.000
   108         21  (g)                -51    94     0   127   127   109   145      3.719     -3.395    -60.578     60.787      0.000
   109         21  (g)                -51    94     0   136   136   145   101      2.251     -4.803   -124.495    124.608      0.000
   110         21  (g)                -52    93    93   134   134   101   138     -3.212      0.633    -10.803     11.288      0.000
   111         21  (g)                -42   189     0    99    99   128   129      0.000     -0.000    866.467    866.467      0.000
   112         21  (g)                -41   190   190   117   100   146   131     -0.000      0.000    -34.912     34.912      0.000
   113         21  (g)                -44   101   101   191   191   128   131      1.405      2.156     -0.202      2.581      0.000
   114         21  (g)                -44   102   102   150   150   130   129      0.307     -2.265    841.001    841.004      0.000
   115         21  (g)                -44   103   103   148   149   133   130     -0.353     -1.118     23.951     23.980      0.000
   116         21  (g)                -44   104   104   194   194   143   133     -3.203      1.794    -12.459     12.988      0.000
   117         21  (g)                -43   112     0   195   195   146   143      1.844     -0.568    -20.736     20.826      0.000
   118         21  (g)                -42   207     0    70    70   102   105      0.000     -0.000    400.296    400.296      0.000
   119          2  (u)                -41   208   208   137    13   147     0     -0.000      0.000   -714.236    714.236      0.000
   120         21  (g)                -44    26    26   209   209   107   103   -128.536     18.910     17.871    131.143      0.000
   121          2  (u)                -44    65    65   210   210   127     0     53.752     -8.143    -11.666     55.604      0.330
   122         21  (g)                -44    27    27   186   187   104   109     17.395     -0.453   -253.987    254.582      0.000
   123         21  (g)                -44    18    18   174   174   106   105    -22.966     15.580    188.037    190.074      0.000
   124         21  (g)                -44   105   105   172   173   144   106      0.190      1.375      8.405      8.519      0.000
   125         21  (g)                -44    30    30   157   157   110   107    -22.841     -0.939     11.605     25.637      0.000
   126         21  (g)                -44    42    42   215   215   103   108     -7.539     -0.970      2.318      7.947      0.000
   127         21  (g)                -44   108   108   188   188   109   145      3.842     -3.523    -60.573     60.797      0.000
   128         21  (g)                -44    75    75   155   156   132   110    -19.290     -5.606     -0.834     20.105      0.000
   129         21  (g)                -44    92    92   218   218   138   115      0.919      1.787     -4.805      5.208      0.000
   130         21  (g)                -44   107   107   219   219   108   116     -0.882     -1.908      1.694      2.700      0.000
   131         -3  (sbar)             -44    68    68   220   220     0   127     26.826     -5.888     -9.695     29.130      0.500
   132          3  (s)                -44    69    69   221   221   102     0     93.683    -14.103    -24.777     97.926      0.500
   133         21  (g)                -44    76    76   222   222   115   132      0.264      0.093      0.569      0.634      0.000
   134         21  (g)                -44   110   110   223   223   101   138     -3.190      0.609    -10.807     11.285      0.000
   135         21  (g)                -44   106   106   201   202   116   144      7.186      6.873     21.815     23.975      0.000
   136         21  (g)                -44   109   109   225   225   145   101      2.503     -5.066   -124.492    124.620      0.000
   137         21  (g)                -43   119     0   226   226   147   104     -1.316      1.370    -64.619     64.647      0.000
   138         21  (g)                -42   305   305    52    52   118   121     -0.000      0.000    292.437    292.437      0.000
   139         21  (g)                -41   352   352   144    53   148   122      0.000     -0.000    -36.672     36.672      0.000
   140         21  (g)                -44    54    54   358   358   120   119     -0.997     -3.000     20.196     20.442      0.000
   141         21  (g)                -44    55    55   303   304   118   120     -1.605      4.219    254.257    254.297      0.000
   142         21  (g)                -44    56    56   318   318   117   121     -0.935     -0.098      5.658      5.735      0.000
   143         21  (g)                -44    57    57   356   357   119   122      2.193      0.146     12.022     12.221      0.000
   144         21  (g)                -43   139     0   316   317   148   117      1.344     -1.266    -36.367     36.414      0.000
   145         21  (g)                -51    62     0   239   239   149   113      2.148     -3.709   -190.232    190.280      0.000
   146         21  (g)                -51    62     0   180   181   126   149      0.918      0.785    -80.854     80.863      0.000
   147         21  (g)                -52    63    63   182   182   112   126      1.080     -0.573     -5.388      5.525      0.000
   148         21  (g)                -51   115     0   193   193   133   150     -0.178     -0.500      5.289      5.315      0.000
   149         21  (g)                -51   115     0   196   196   150   130     -0.075     -1.359    293.731    293.734      0.000
   150         21  (g)                -52   114   114   192   192   130   129      0.206     -1.524    565.932    565.934      0.000
   151          1  (d)                -31   620   620   153   154   151     0      0.000      0.000    241.518    241.518      0.000
   152         21  (g)                -31   400   400   153   154   152   153      0.000      0.000     -0.013      0.013      0.000
   153          1  (d)                -33   151   152   398   399   152     0     -1.606     -0.137    166.391    166.400      0.330
   154         21  (g)                -33   151   152   623   623   151   153      1.606      0.137     75.113     75.131      0.000
   155         21  (g)                -51   128     0   198   199   132   154    -19.114     -6.266     -0.235     20.116      0.000
   156         21  (g)                -51   128     0   200   200   154   110     -3.050      0.542      0.860      3.215      0.000
   157         21  (g)                -52   125   125   214   214   110   107    -19.967     -0.821     10.145     22.412      0.000
   158         21  (g)                -41   575   575   163    87   155   137      0.000      0.000    107.445    107.445      0.000
   159         -3  (sbar)             -42   576   576    88    88     0   123      0.000     -0.000    -16.190     16.190      0.000
   160         21  (g)                -44    89    89   359   360   125   124     -2.960      0.169     46.568     46.662      0.000
   161         -3  (sbar)             -44    90    90   361   361     0   125      2.182      1.738    -15.388     15.647      0.500
   162         21  (g)                -44    91    91   579   579   124   137     -0.032     -0.570     -0.483      0.748      0.000
   163         21  (g)                -43   158     0   580   580   155   123      0.810     -1.337     60.557     60.578      0.000
   164         -1  (dbar)             -31   297   297   166   167     0   156      0.000      0.000    121.648    121.648      0.000
   165         21  (g)                -31   298     0   166   167   156   157      0.000      0.000     -0.329      0.329      0.000
   166         -1  (dbar)             -33   164   165   206   206     0   158      0.645     -1.407    119.795    119.805      0.330
   167         21  (g)                -33   164   165   204   205   158   157     -0.645      1.407      1.523      2.172      0.000
   168         21  (g)                -31   632   632   170   171   160   159      0.000      0.000      0.042      0.042      0.000
   169         21  (g)                -31   633   633   170   171   162   161      0.000      0.000    -52.018     52.018      0.000
   170         21  (g)                -33   168   169   634   634   162   159      1.408     -0.393    -28.829     28.866      0.000
   171         21  (g)                -33   168   169   635   635   160   161     -1.408      0.393    -23.147     23.193      0.000
   172         21  (g)                -51   124     0   203   203   144   163     -1.985      2.274     12.530     12.888      0.000
   173         21  (g)                -51   124     0   228   228   163   106     -2.211      2.077     31.787     31.932      0.000
   174         21  (g)                -52   123   123   212   212   106   105    -18.580     12.605    152.126    153.774      0.000
   175         21  (g)                -41   331   331   179    83   164   134      0.000      0.000   1588.862   1588.862      0.000
   176          2  (u)                -42   332     0    84    84   134     0      0.000      0.000    -11.258     11.258      0.000
   177         21  (g)                -44    85    85   185   185   135   136     -0.305     -2.237   1519.598   1519.600      0.000
   178          2  (u)                -44    86    86   183   184   136     0     -1.051      1.954    -11.138     11.362      0.330
   179         21  (g)                -43   175     0   335   335   164   135      1.356      0.283     69.145     69.158      0.000
   180         21  (g)                -51   146     0   241   241   165   149      0.091      1.200    -63.316     63.327      0.000
   181         21  (g)                -51   146     0   242   242   126   165      1.230     -0.629    -19.551     19.600      0.000
   182         21  (g)                -52   147   147   240   240   112   126      0.676     -0.359     -3.375      3.461      0.000
   183          2  (u)                -51   178     0   306   307   166     0     -2.167      1.899    -10.983     11.360      0.330
   184         21  (g)                -51   178     0   308   308   136   166      1.115      0.048      3.886      4.043      0.000
   185         21  (g)                -52   177   177   322   323   135   136     -0.304     -2.231   1515.557   1515.559      0.000
   186         21  (g)                -51   122     0   211   211   104   167      7.912     -0.248   -134.658    134.890      0.000
   187         21  (g)                -51   122     0   229   229   167   109     10.016     -0.694   -127.734    128.128      0.000
   188         21  (g)                -52   127   127   216   216   109   145      3.309     -3.034    -52.168     52.361      0.000
   189         21  (g)                -41   244   244   197   111   168   129      0.000     -0.000    871.898    871.898      0.000
   190         21  (g)                -42   245     0   112   112   146   131      0.000      0.000    -34.912     34.912      0.000
   191         21  (g)                -44   113   113   246   246   128   131      1.405      2.158     -0.198      2.582      0.000
   192         21  (g)                -44   150   150   247   247   130   129      0.282     -0.863    567.087    567.087      0.000
   193         21  (g)                -44   148   148   248   248   133   150     -0.177     -0.494      5.300      5.326      0.000
   194         21  (g)                -44   116   116   233   234   143   133     -3.203      1.795    -12.433     12.964      0.000
   195         21  (g)                -44   117   117   235   235   146   143      1.844     -0.568    -20.694     20.783      0.000
   196         21  (g)                -44   149   149   251   251   150   130     -0.036     -1.016    294.331    294.332      0.000
   197         21  (g)                -43   189     0   252   252   168   128     -0.115     -1.012      3.594      3.736      0.000
   198         21  (g)                -51   155     0   217   217   132   169     -6.284     -1.533     -1.085      6.558      0.000
   199         21  (g)                -51   155     0   230   230   169   154    -13.782     -4.564      1.118     14.561      0.000
   200         21  (g)                -52   156   156   227   227   154   110     -2.098      0.373      0.592      2.212      0.000
   201         21  (g)                -51   135     0   224   224   116   170      0.428      0.554      4.894      4.944      0.000
   202         21  (g)                -51   135     0   231   231   170   144      6.458      6.662     18.813     20.976      0.000
   203         21  (g)                -52   172   172   213   213   144   163     -1.685      1.930     10.638     10.943      0.000
   204         21  (g)                -51   167     0   300   300   171   157      0.038      0.373     -0.162      0.409      0.000
   205         21  (g)                -51   167     0   301   301   158   171     -0.647      0.954      8.475      8.553      0.000
   206         -1  (dbar)             -52   166   166   299   299     0   158      0.608     -1.327    113.005    113.015      0.330
   207         21  (g)                -41   367   367   232   118   172   105      0.000      0.000    433.671    433.671      0.000
   208          2  (u)                -42   506   506   119   119   147     0     -0.000     -0.000   -714.236    714.236      0.000
   209         21  (g)                -44   120   120   287   287   107   103   -128.525     19.121     17.855    131.161      0.000
   210          2  (u)                -44   121   121   508   508   127     0     53.755     -8.081    -11.658     55.596      0.330
   211         21  (g)                -44   186   186   509   509   104   167      7.912     -0.247   -134.656    134.889      0.000
   212         21  (g)                -44   174   174   365   366   106   105    -18.557     13.037    152.111    153.793      0.000
   213         21  (g)                -44   203   203   265   265   144   163     -1.684      1.961     10.636     10.945      0.000
   214         21  (g)                -44   157   157   285   286   110   107    -19.965     -0.775     10.148     22.409      0.000
   215         21  (g)                -44   126   126   268   268   103   108     -7.539     -0.955      2.320      7.945      0.000
   216         21  (g)                -44   188   188   387   387   109   145      3.309     -3.034    -52.163     52.356      0.000
   217         21  (g)                -44   198   198   355   355   132   169     -6.283     -1.525     -1.082      6.556      0.000
   218         21  (g)                -44   129   129   275   275   138   115      0.919      1.787     -4.808      5.211      0.000
   219         21  (g)                -44   130   130   266   267   108   116     -0.882     -1.902      1.697      2.697      0.000
   220         -3  (sbar)             -44   131   131   518   518     0   127     26.828     -5.860     -9.689     29.124      0.500
   221          3  (s)                -44   132   132   290   290   102     0     93.688    -13.999    -24.762     97.913      0.500
   222         21  (g)                -44   133   133   273   274   115   132      0.264      0.095      0.569      0.634      0.000
   223         21  (g)                -44   134   134   325   326   101   138     -3.190      0.610    -10.808     11.285      0.000
   224         21  (g)                -44   201   201   522   522   116   170      0.429      0.568      4.893      4.945      0.000
   225         21  (g)                -44   136   136   327   327   145   101      2.503     -5.066   -124.483    124.611      0.000
   226         21  (g)                -44   137   137   524   524   147   104     -1.316      1.370    -64.620     64.648      0.000
   227         21  (g)                -44   200   200   525   525   154   110     -2.098      0.377      0.592      2.212      0.000
   228         21  (g)                -44   173   173   526   526   163   106     -2.207      2.167     31.785     31.935      0.000
   229         21  (g)                -44   187   187   385   386   167   109     10.016     -0.694   -127.732    128.126      0.000
   230         21  (g)                -44   199   199   528   528   169   154    -13.781     -4.542      1.126     14.553      0.000
   231         21  (g)                -44   202   202   263   264   170   144      6.461      6.718     18.803     20.986      0.000
   232         21  (g)                -43   207     0   288   289   172   102     -0.058     -1.131     33.360     33.379      0.000
   233         21  (g)                -51   194     0   249   249   173   133     -0.260      1.395     -4.894      5.096      0.000
   234         21  (g)                -51   194     0   253   253   143   173     -2.680      0.319    -10.483     10.825      0.000
   235         21  (g)                -52   195   195   250   250   146   143      1.582     -0.487    -17.749     17.826      0.000
   236         21  (g)                -41   550   550   243    64   112   174     -0.000     -0.000    144.264    144.264      0.000
   237         21  (g)                -42   462   462    34    34   114   113     -0.000     -0.000   -287.186    287.186      0.000
   238         21  (g)                -44    35    35   364   364   114   111     -3.174      3.535     -7.441      8.829      0.000
   239         21  (g)                -44   145   145   257   257   149   113      2.182     -3.707   -191.388    191.436      0.000
   240         21  (g)                -44   182   182   554   554   112   126      0.736     -0.357     -3.855      3.941      0.000
   241         21  (g)                -44   180   180   255   256   165   149      0.099      1.200    -63.329     63.341      0.000
   242         21  (g)                -44   181   181   556   556   126   165      1.264     -0.627    -20.380     20.429      0.000
   243         21  (g)                -43   236     0   362   363   111   174     -1.107     -0.043    143.471    143.475      0.000
   244         21  (g)                -42   284   284   189   189   168   129     -0.000      0.000    871.898    871.898      0.000
   245          2  (u)                -41   583   583   254   190   146     0      0.000     -0.000   -483.192    483.192      0.000
   246         21  (g)                -44   191   191   279   280   128   131      1.397      2.201     -0.169      2.612      0.000
   247         21  (g)                -44   192   192   585   585   130   129      0.282     -0.863    567.066    567.067      0.000
   248         21  (g)                -44   193   193   410   410   133   150     -0.177     -0.493      5.293      5.318      0.000
   249         21  (g)                -44   233   233   469   470   173   133     -0.290      1.550     -4.871      5.119      0.000
   250         21  (g)                -44   235   235   343   344   146   143      1.476      0.064    -17.757     17.819      0.000
   251         21  (g)                -44   196   196   408   409   150   130     -0.036     -1.016    294.312    294.314      0.000
   252         21  (g)                -44   197   197   282   283   168   128     -0.116     -1.010      3.579      3.720      0.000
   253         21  (g)                -44   234   234   345   345   143   173     -2.744      0.649    -10.468     10.841      0.000
   254          2  (u)                -43   245     0   281   281   131     0      0.208     -1.081   -448.278    448.280      0.330
   255         21  (g)                -51   241     0   420   420   165   175      0.969      1.033    -88.188     88.200      0.000
   256         21  (g)                -51   241     0   418   419   175   149     -0.223     -0.931    -31.842     31.856      0.000
   257         21  (g)                -52   239   239   553   553   149   113      1.535     -2.609   -134.686    134.720      0.000
   258         21  (g)                -42   612   612    95    95   139   140      0.000     -0.000    100.654    100.654      0.000
   259         21  (g)                -41   278   278   262    96   176   141      0.000     -0.000   -180.978    180.978      0.000
   260         21  (g)                -44    97    97   293   293   139   142     -1.486      1.479     97.953     97.975      0.000
   261         21  (g)                -44    98    98   276   277   142   141      2.178     -2.291      1.759      3.617      0.000
   262         21  (g)                -43   259     0   616   616   176   140     -0.692      0.812   -180.035    180.039      0.000
   263         21  (g)                -51   231     0   294   295   170   177      3.618      5.344     13.987     15.404      0.000
   264         21  (g)                -51   231     0   296   296   177   144      2.703      1.538      5.706      6.498      0.000
   265         21  (g)                -52   213   213   511   511   144   163     -1.543      1.797      9.746     10.030      0.000
   266         21  (g)                -51   219     0   517   517   178   116     -1.532     -0.396      1.978      2.533      0.000
   267         21  (g)                -51   219     0   373   373   108   178     -1.256     -1.747      0.306      2.173      0.000
   268         21  (g)                -52   215   215   371   372   103   108     -5.632     -0.714      1.733      5.935      0.000
   269         -2  (ubar)             -31   636   636   271   272     0   179      0.000      0.000      0.053      0.053      0.000
   270         21  (g)                -31   637   637   271   272   179   180      0.000      0.000   -772.243    772.243      0.000
   271         -2  (ubar)             -33   269   270   321   321     0   181     -0.656     -0.832     -5.770      5.876      0.330
   272         21  (g)                -33   269   270   319   320   181   180      0.656      0.832   -766.420    766.421      0.000
   273         21  (g)                -51   222     0   353   354   182   132      0.193      1.098      0.145      1.124      0.000
   274         21  (g)                -51   222     0   384   384   115   182      0.430     -0.303     -1.459      1.551      0.000
   275         21  (g)                -52   218   218   516   516   138   115      0.559      1.087     -2.925      3.170      0.000
   276         21  (g)                -51   261     0   291   292   142   183      1.912     -1.730      0.100      2.581      0.000
   277         21  (g)                -51   261     0   617   617   183   141      0.266     -0.560      1.276      1.419      0.000
   278         21  (g)                -53   613   613   259   259   176   141      0.000     -0.000   -181.360    181.360      0.000
   279         21  (g)                -51   246     0   330   330   128   184      0.442      2.379     -0.093      2.422      0.000
   280         21  (g)                -51   246     0   440   441   184   131      0.956     -0.188     -4.080      4.195      0.000
   281          2  (u)                -52   254   254   442   442   131     0      0.206     -1.071   -444.274    444.276      0.330
   282         21  (g)                -51   252     0   328   329   185   128      0.917     -0.471      6.286      6.370      0.000
   283         21  (g)                -51   252     0   594   594   168   185     -1.033     -0.538     11.760     11.817      0.000
   284         21  (g)                -53   582   582   244   244   168   129     -0.000      0.000    886.365    886.365      0.000
   285         21  (g)                -51   214     0   512   512   110   186     -4.474      0.432      2.921      5.360      0.000
   286         21  (g)                -51   214     0   381   381   186   107    -16.872     -1.001      7.419     18.458      0.000
   287         21  (g)                -52   209   209   379   380   107   103   -127.145     18.915     17.663    129.752      0.000
   288          1  (d)                -51   232     0   530   530   172     0      0.889     -0.885     21.700     21.739      0.330
   289         -1  (dbar)             -51   232     0   342   342     0   102     -0.900     -0.253     11.647     11.690      0.330
   290          3  (s)                -52   221   221   340   341   102     0     93.641    -13.992    -24.750     97.864      0.500
   291         21  (g)                -51   276     0   615   615   187   183      2.107     -1.073     -0.055      2.366      0.000
   292         21  (g)                -51   276     0   429   429   142   187     -0.246     -0.606      3.510      3.570      0.000
   293         21  (g)                -52   260   260   427   428   139   142     -1.436      1.428     94.598     94.620      0.000
   294         21  (g)                -51   263     0   529   529   170   188      4.056      3.470      9.814     11.172      0.000
   295         21  (g)                -51   263     0   536   536   188   177      1.735      3.111      8.760      9.457      0.000
   296         21  (g)                -52   264   264   531   531   177   144      0.529      0.301      1.118      1.273      0.000
   297         -1  (dbar)             -42   625   625   164   164     0   156      0.000     -0.000    121.648    121.648      0.000
   298         21  (g)                -41   626   626   302   165   156   189     -0.000      0.000    -11.533     11.533      0.000
   299         -1  (dbar)             -44   206   206   627   627     0   158      0.611     -1.341    114.378    114.388      0.330
   300         21  (g)                -44   204   204   311   311   171   157      0.169     -0.436     -0.097      0.477      0.000
   301         21  (g)                -44   205   205   629   629   158   171     -0.629      0.843      7.015      7.094      0.000
   302         21  (g)                -43   298     0   309   310   157   189     -0.150      0.934    -11.182     11.222      0.000
   303         21  (g)                -51   141     0   566   566   190   120     -0.923      2.672    237.978    237.995      0.000
   304         21  (g)                -51   141     0   570   570   118   190     -0.682      1.547     61.380     61.403      0.000
   305         21  (g)                -53   563   563   138   138   118   121     -0.000      0.000    337.538    337.538      0.000
   306          2  (u)                -51   183     0   334   334   191     0     -1.503      2.040    -10.681     10.983      0.330
   307         21  (g)                -51   183     0   337   337   166   191     -0.597     -0.137     -0.071      0.617      0.000
   308         21  (g)                -52   184   184   324   324   136   166      1.049      0.045      3.655      3.803      0.000
   309         21  (g)                -51   302     0   630   630   192   189     -0.606     -0.400     -2.885      2.975      0.000
   310         21  (g)                -51   302     0   631   631   157   192      0.521      1.165     -8.335      8.432      0.000
   311         21  (g)                -52   300   300   628   628   171   157      0.103     -0.267     -0.059      0.293      0.000
   312         21  (g)                -31   374     0   314   315   195   194      0.000      0.000     19.257     19.257      0.000
   313         21  (g)                -31   375   375   314   315   196   195      0.000      0.000   -125.936    125.936      0.000
   314         21  (g)                -33   312   313   376   376   197   194     -0.372      0.824     19.245     19.266      0.000
   315         21  (g)                -33   312   313   377   377   196   197      0.372     -0.824   -125.924    125.927      0.000
   316         21  (g)                -51   144     0   350   351   148   198      1.464     -1.981    -32.950     33.042      0.000
   317         21  (g)                -51   144     0   424   425   198   117     -0.129      0.714     -3.356      3.433      0.000
   318         21  (g)                -52   142   142   426   426   117   121     -0.925     -0.097      5.597      5.673      0.000
   319         21  (g)                -51   272     0   639   639   200   180      1.269      0.216   -592.859    592.860      0.000
   320         21  (g)                -51   272     0   407   407   181   200     -0.631      0.594   -173.688    173.690      0.000
   321         -2  (ubar)             -52   271   271   405   406     0   181     -0.639     -0.810     -5.643      5.746      0.330
   322         21  (g)                -51   185     0   333   333   135   201      0.042     -2.679   1262.507   1262.510      0.000
   323         21  (g)                -51   185     0   338   338   201   136     -0.333      0.449    253.094    253.094      0.000
   324         21  (g)                -52   308   308   336   336   136   166      1.036      0.045      3.611      3.757      0.000
   325         21  (g)                -51   223     0   459   459   202   138     -2.782      0.228     -7.828      8.311      0.000
   326         21  (g)                -51   223     0   457   458   101   202     -0.246      0.055    -11.021     11.024      0.000
   327         21  (g)                -52   225   225   523   523   145   101      2.341     -4.739   -116.442    116.562      0.000
   328         21  (g)                -51   282     0   590   590   185   203      0.368      0.187      5.790      5.805      0.000
   329         21  (g)                -51   282     0   595   595   203   128      0.603     -0.371      0.484      0.857      0.000
   330         21  (g)                -52   279   279   584   584   128   184      0.389      2.092     -0.082      2.129      0.000
   331         21  (g)                -42   602   602   175   175   164   134     -0.000      0.000   1588.862   1588.862      0.000
   332          2  (u)                -41   603   603   339   176   204     0      0.000     -0.000    -12.053     12.053      0.000
   333         21  (g)                -44   322   322   474   474   135   201      0.042     -2.679   1262.405   1262.408      0.000
   334          2  (u)                -44   306   306   605   605   191     0     -1.099      1.337    -10.762     10.905      0.330
   335         21  (g)                -44   179   179   472   473   164   135      1.356      0.283     69.150     69.164      0.000
   336         21  (g)                -44   324   324   607   607   136   166      1.039      0.040      3.628      3.774      0.000
   337         21  (g)                -44   307   307   608   608   166   191     -0.585     -0.160     -0.077      0.611      0.000
   338         21  (g)                -44   323   323   609   609   201   136     -0.333      0.449    253.035    253.036      0.000
   339         21  (g)                -43   332     0   610   610   204   134     -0.420      0.730     -0.571      1.017      0.000
   340          3  (s)                -51   290     0   417   417   205     0     89.267    -14.097    -23.885     93.478      0.500
   341         21  (g)                -51   290     0   415   416   102   205      4.370      0.104     -0.806      4.445      0.000
   342         -1  (dbar)             -52   289   289   436   436     0   102     -0.895     -0.252     11.589     11.631      0.330
   343         21  (g)                -51   250     0   588   588   146   206      1.214     -0.528     -9.972     10.059      0.000
   344         21  (g)                -51   250     0   443   444   206   143     -0.121      0.682     -9.246      9.272      0.000
   345         21  (g)                -52   253   253   445   445   143   173     -2.361      0.558     -9.008      9.328      0.000
   346         21  (g)                -31   649   649   348   349   207   208      0.000      0.000    431.837    431.837      0.000
   347         21  (g)                -31   650   650   348   349   208   209      0.000      0.000     -8.082      8.082      0.000
   348         21  (g)                -33   346   347   368   369   207   210     -0.025     -0.818    431.816    431.817      0.000
   349         21  (g)                -33   346   347   370   370   210   209      0.025      0.818     -8.061      8.102      0.000
   350         21  (g)                -51   316     0   569   569   211   198      1.585     -2.217    -45.391     45.473      0.000
   351         21  (g)                -51   316     0   572   572   148   211     -0.121      0.236     -3.450      3.460      0.000
   352         21  (g)                -53   564   564   139   139   148   122      0.000     -0.000    -52.563     52.563      0.000
   353         21  (g)                -51   273     0   382   383   182   213     -0.737      1.181     -0.359      1.438      0.000
   354         21  (g)                -51   273     0   539   539   213   132      0.163     -0.269      0.372      0.487      0.000
   355         21  (g)                -52   217   217   515   515   132   169     -5.516     -1.339     -0.950      5.755      0.000
   356         21  (g)                -51   143     0   568   568   214   122      0.984     -0.736      4.447      4.614      0.000
   357         21  (g)                -51   143     0   573   573   119   214      1.073      0.471     10.332     10.398      0.000
   358         21  (g)                -52   140   140   565   565   120   119     -0.861     -2.591     17.439     17.652      0.000
   359         21  (g)                -51   160     0   577   577   215   124     -3.498      0.145     42.870     43.013      0.000
   360         21  (g)                -51   160     0   581   581   125   215      0.545      0.029      3.654      3.694      0.000
   361         -3  (sbar)             -52   161   161   578   578     0   125      2.176      1.733    -15.344     15.602      0.500
   362         21  (g)                -51   243     0   557   557   216   174     -0.396     -0.737     89.937     89.941      0.000
   363         21  (g)                -51   243     0   421   422   111   216     -0.713      0.695     53.530     53.540      0.000
   364         21  (g)                -52   238   238   423   423   114   111     -3.173      3.533     -7.437      8.824      0.000
   365         21  (g)                -51   212     0   448   448   106   217    -15.468     11.681    127.655    129.118      0.000
   366         21  (g)                -51   212     0   446   447   217   105     -3.089      1.356     25.973     26.192      0.000
   367         21  (g)                -53   505   505   207   207   172   105      0.000      0.000    435.188    435.188      0.000
   368         21  (g)                -51   348     0   651   651   207   218     -0.547     -0.214    403.388    403.389      0.000
   369         21  (g)                -51   348     0   397   397   218   210      0.522     -0.603     28.422     28.434      0.000
   370         21  (g)                -52   349   349   395   396   210   209      0.024      0.818     -8.055      8.097      0.000
   371         21  (g)                -51   268     0   513   513   103   219     -3.284      0.108      1.129      3.475      0.000
   372         21  (g)                -51   268     0   541   541   219   108     -2.746     -1.377      0.701      3.151      0.000
   373         21  (g)                -52   267   267   532   532   108   178     -0.857     -1.192      0.209      1.483      0.000
   374         21  (g)                -41   487     0   378   312   195   220      0.000     -0.000     19.425     19.425      0.000
   375         21  (g)                -42   488   488   313   313   196   195     -0.000      0.000   -125.936    125.936      0.000
   376         21  (g)                -44   314   314   489   489   197   194     -0.381      1.177     19.367     19.407      0.000
   377         21  (g)                -44   315   315   490   490   196   197      0.372     -0.824   -125.063    125.066      0.000
   378         21  (g)                -43   374     0   491   491   194   220      0.009     -0.353     -0.815      0.888      0.000
   379         21  (g)                -51   287     0   507   507   221   103   -117.931     18.113     16.707    120.478      0.000
   380         21  (g)                -51   287     0   390   390   107   221     -9.610      0.778      1.131      9.708      0.000
   381         21  (g)                -52   286   286   388   389   186   107    -16.475     -0.978      7.244     18.024      0.000
   382         21  (g)                -51   353     0   520   520   222   213      0.056      0.472      0.308      0.566      0.000
   383         21  (g)                -51   353     0   543   543   182   222     -0.604      0.576     -1.306      1.551      0.000
   384         21  (g)                -52   274   274   533   533   115   182      0.242     -0.170     -0.819      0.871      0.000
   385         21  (g)                -51   229     0   527   527   167   223      1.069     -0.239    -21.825     21.852      0.000
   386         21  (g)                -51   229     0   544   544   223   109      9.424     -0.892   -113.427    113.821      0.000
   387         21  (g)                -52   216   216   514   514   109   145      2.832     -2.597    -44.643     44.808      0.000
   388         21  (g)                -51   381     0   534   534   186   224    -11.456     -0.027      4.361     12.258      0.000
   389         21  (g)                -51   381     0   545   545   224   107     -6.090     -0.864      3.009      6.847      0.000
   390         21  (g)                -52   380   380   542   542   107   221     -8.540      0.692      1.005      8.627      0.000
   391         21  (g)                -31   657   657   393   394   226   225      0.000      0.000    151.125    151.125      0.000
   392         21  (g)                -31   658   658   393   394   228   227      0.000      0.000     -0.006      0.006      0.000
   393         21  (g)                -33   391   392   659   659   228   225     -0.197     -0.682     26.153     26.162      0.000
   394         21  (g)                -33   391   392   660   660   226   227      0.197      0.682    124.967    124.969      0.000
   395         21  (g)                -51   370     0   475   476   229   209      0.257      0.639     -8.031      8.060      0.000
   396         21  (g)                -51   370     0   466   467   210   229     -0.221      0.166      0.600      0.661      0.000
   397         21  (g)                -52   369   369   468   468   218   210      0.511     -0.590     27.798     27.809      0.000
   398          1  (d)                -51   153     0   622   622   230     0     -0.469     -0.323    113.326    113.328      0.330
   399         21  (g)                -51   153     0   624   624   152   230     -1.137      0.186     53.062     53.075      0.000
   400         21  (g)                -53   621   621   152   152   152   153      0.000      0.000     -0.016      0.016      0.000
   401         21  (g)                -31   478   478   403   404   232   231      0.000      0.000    133.449    133.449      0.000
   402         21  (g)                -31   479     0   403   404   234   233      0.000      0.000     -0.005      0.005      0.000
   403         21  (g)                -33   401   402   480   480   234   231     -0.694     -0.097     96.007     96.009      0.000
   404         21  (g)                -33   401   402   481   481   232   233      0.694      0.097     37.438     37.444      0.000
   405         -2  (ubar)             -51   321     0   638   638     0   235     -0.774      0.134    -11.318     11.350      0.330
   406         21  (g)                -51   321     0   437   438   235   181      0.093     -0.905     -5.779      5.851      0.000
   407         21  (g)                -52   320   320   439   439   181   200     -0.589      0.555   -162.234    162.236      0.000
   408         21  (g)                -51   251     0   589   589   236   130      0.508     -1.102    200.242    200.245      0.000
   409         21  (g)                -51   251     0   449   450   150   236     -0.569      0.017     94.812     94.814      0.000
   410         21  (g)                -52   248   248   451   451   133   150     -0.152     -0.424      4.550      4.573      0.000
   411         21  (g)                -31   452   452   413   414   238   237      0.000      0.000      0.827      0.827      0.000
   412         21  (g)                -31   453     0   413   414   239   238      0.000      0.000     -0.593      0.593      0.000
   413         21  (g)                -33   411   412   454   454   240   237     -0.464      0.498     -0.050      0.682      0.000
   414         21  (g)                -33   411   412   455   455   239   240      0.464     -0.498      0.284      0.737      0.000
   415         21  (g)                -51   341     0   434   435   102   241      2.921     -0.459     -0.183      2.962      0.000
   416         21  (g)                -51   341     0   546   546   241   205     13.410     -1.330     -3.826     14.009      0.000
   417          3  (s)                -52   340   340   519   519   205     0     77.306    -12.205    -20.683     80.952      0.500
   418         21  (g)                -51   256     0   558   558   242   149     -0.372     -0.165     -5.680      5.695      0.000
   419         21  (g)                -51   256     0   560   560   175   242      0.473     -0.422    -55.584     55.587      0.000
   420         21  (g)                -52   255   255   555   555   165   175      0.645      0.688    -58.767     58.774      0.000
   421         21  (g)                -51   363     0   559   559   243   216     -1.326      0.624     50.304     50.325      0.000
   422         21  (g)                -51   363     0   561   561   111   243      0.599      0.086      3.195      3.252      0.000
   423         21  (g)                -52   364   364   460   461   114   111     -3.159      3.518     -7.406      8.786      0.000
   424         21  (g)                -51   317     0   571   571   198   244      0.530      0.700     -2.192      2.361      0.000
   425         21  (g)                -51   317     0   574   574   244   117     -0.684      0.011     -1.014      1.223      0.000
   426         21  (g)                -52   318   318   567   567   117   121     -0.900     -0.095      5.447      5.522      0.000
   427         21  (g)                -51   293     0   614   614   139   245     -0.607      1.088     32.435     32.458      0.000
   428         21  (g)                -51   293     0   619   619   245   142     -0.864      0.254     62.668     62.675      0.000
   429         21  (g)                -52   292   292   618   618   142   187     -0.211     -0.519      3.005      3.057      0.000
   430         21  (g)                -31   672   672   432   433   246   247      0.000      0.000      0.073      0.073      0.000
   431         21  (g)                -31   673   673   432   433   247   248      0.000      0.000    -19.923     19.923      0.000
   432         21  (g)                -33   430   431   674   674   246   249      0.590     -0.270     -1.496      1.631      0.000
   433         21  (g)                -33   430   431   675   675   249   248     -0.590      0.270    -18.354     18.366      0.000
   434         21  (g)                -51   415     0   538   538   250   241      1.374     -0.824     -0.229      1.618      0.000
   435         21  (g)                -51   415     0   547   547   102   250      1.527      0.360      0.300      1.598      0.000
   436         -1  (dbar)             -52   342   342   535   535     0   102     -0.875     -0.246     11.336     11.377      0.330
   437         21  (g)                -51   406     0   641   641   235   251     -0.331     -0.037     -1.204      1.250      0.000
   438         21  (g)                -51   406     0   642   642   251   181      0.383     -0.829    -16.050     16.075      0.000
   439         21  (g)                -52   407   407   640   640   181   200     -0.547      0.515   -150.760    150.761      0.000
   440         21  (g)                -51   280     0   593   593   184   252      0.250     -0.088     -0.299      0.399      0.000
   441         21  (g)                -51   280     0   598   598   252   131      0.713     -0.135    -18.382     18.396      0.000
   442          2  (u)                -52   281   281   592   592   131     0      0.200     -1.036   -429.673    429.674      0.330
   443         21  (g)                -51   344     0   596   596   206   253     -0.488      0.890    -11.353     11.398      0.000
   444         21  (g)                -51   344     0   599   599   253   143     -0.535      0.005     -1.336      1.439      0.000
   445         21  (g)                -52   345   345   591   591   143   173     -1.458      0.345     -5.564      5.763      0.000
   446         21  (g)                -51   366     0   540   540   254   105     -1.877      1.797     19.865     20.034      0.000
   447         21  (g)                -51   366     0   548   548   217   254     -6.167      3.301     46.997     47.515      0.000
   448         21  (g)                -52   365   365   510   510   106   217    -10.514      7.939     86.766     87.760      0.000
   449         21  (g)                -51   409     0   597   597   255   236      0.203     -0.086     62.488     62.489      0.000
   450         21  (g)                -51   409     0   600   600   150   255     -0.832     -0.066     34.141     34.151      0.000
   451         21  (g)                -52   410   410   471   471   133   150     -0.091     -0.255      2.733      2.746      0.000
   452         21  (g)                -42   666   666   411   411   238   237      0.000     -0.000      0.827      0.827      0.000
   453         21  (g)                -41   667   667   456   412   256   238     -0.000      0.000   -219.471    219.471      0.000
   454         21  (g)                -44   413   413   668   668   240   237     -0.738      0.773      0.208      1.089      0.000
   455         21  (g)                -44   414   414   463   464   239   240      0.294     -0.328     -0.095      0.451      0.000
   456         21  (g)                -43   453     0   465   465   256   239      0.444     -0.445   -218.758    218.759      0.000
   457         21  (g)                -51   326     0   537   537   101   257      0.250      0.355     -5.083      5.101      0.000
   458         21  (g)                -51   326     0   549   549   257   202     -1.005     -0.258     -7.370      7.442      0.000
   459         21  (g)                -52   325   325   521   521   202   138     -2.273      0.186     -6.396      6.791      0.000
   460         21  (g)                -51   423     0   552   552   258   111     -2.828      3.382     -8.193      9.304      0.000
   461         21  (g)                -51   423     0   562   562   114   258     -0.331      0.136     -0.103      0.373      0.000
   462         21  (g)                -53   551   551   237   237   114   113     -0.000     -0.000   -288.077    288.077      0.000
   463         21  (g)                -51   455     0   669   669   259   240      0.410      0.271     -0.223      0.540      0.000
   464         21  (g)                -51   455     0   671   671   239   259     -0.105     -0.609     -4.902      4.941      0.000
   465         21  (g)                -52   456   456   670   670   256   239      0.433     -0.435   -213.728    213.728      0.000
   466         21  (g)                -51   396     0   477   477   261   229     -0.154     -0.626      8.488      8.512      0.000
   467         21  (g)                -51   396     0   655   655   210   261      0.149      0.543      3.863      3.903      0.000
   468         21  (g)                -52   397   397   653   653   218   210      0.295     -0.341     16.048     16.054      0.000
   469         21  (g)                -51   249     0   587   587   173   262     -0.007      1.740     -4.660      4.974      0.000
   470         21  (g)                -51   249     0   601   601   262   133     -0.290     -0.210      0.001      0.358      0.000
   471         21  (g)                -52   451   451   586   586   133   150     -0.084     -0.235      2.521      2.534      0.000
   472         21  (g)                -51   335     0   606   606   164   263      1.402      0.638    100.230    100.242      0.000
   473         21  (g)                -51   335     0   611   611   263   135     -0.043     -0.577     73.569     73.572      0.000
   474         21  (g)                -52   333   333   604   604   135   201      0.038     -2.457   1157.756   1157.759      0.000
   475         21  (g)                -51   395     0   652   652   264   209     -0.073      0.373     -7.883      7.892      0.000
   476         21  (g)                -51   395     0   656   656   229   264      0.326      0.247      0.105      0.422      0.000
   477         21  (g)                -52   466   466   654   654   261   229     -0.150     -0.608      8.235      8.258      0.000
   478         21  (g)                -42   661   661   401   401   232   231      0.000     -0.000    133.449    133.449      0.000
   479         21  (g)                -41   662   662   482   402   234   265      0.000      0.000     -0.428      0.428      0.000
   480         21  (g)                -44   403   403   663   663   234   231     -0.790      0.033    107.401    107.404      0.000
   481         21  (g)                -44   404   404   664   664   232   233      0.449      0.429     25.847     25.855      0.000
   482         21  (g)                -43   479     0   665   665   233   265      0.341     -0.462     -0.227      0.618      0.000
   483         21  (g)                -31   676   676   485   486   267   266      0.000      0.000      0.013      0.013      0.000
   484         21  (g)                -31   677   677   485   486   268   267      0.000      0.000    -29.190     29.190      0.000
   485         21  (g)                -33   483   484   678   678   269   266     -0.161     -0.500     -6.972      6.991      0.000
   486         21  (g)                -33   483   484   679   679   268   269      0.161      0.500    -22.205     22.211      0.000
   487         21  (g)                -41   643   643   492   374   195   270     -0.000      0.000     27.970     27.970      0.000
   488         21  (g)                -42   644   644   375   375   196   195      0.000      0.000   -125.936    125.936      0.000
   489         21  (g)                -44   376   376   645   645   197   194      0.065      1.268     19.367     19.409      0.000
   490         21  (g)                -44   377   377   646   646   196   197      0.372     -0.824   -125.057    125.060      0.000
   491         21  (g)                -44   378   378   647   647   194   220      0.010     -0.353     -0.814      0.887      0.000
   492         21  (g)                -43   487     0   648   648   220   270     -0.447     -0.091      8.537      8.549      0.000
   493         -1  (dbar)             -31   680   680   495   496     0   271      0.000      0.000     99.314     99.314      0.000
   494         21  (g)                -31   681   681   495   496   273   272      0.000      0.000     -0.011      0.011      0.000
   495         -1  (dbar)             -33   493   494   682   682     0   272     -0.381      0.160     95.023     95.025      0.330
   496         21  (g)                -33   493   494   683   683   273   271      0.381     -0.160      4.280      4.300      0.000
   497         21  (g)                -31   684   684   499   500   274   275      0.000      0.000     42.907     42.907      0.000
   498         21  (g)                -31   685   685   499   500   275   276      0.000      0.000     -0.020      0.020      0.000
   499         21  (g)                -33   497   498   686   686   274   277     -0.134     -0.376     40.836     40.838      0.000
   500         21  (g)                -33   497   498   687   687   277   276      0.134      0.376      2.050      2.089      0.000
   501         -3  (sbar)             -31   688   688   503   504     0   278      0.000      0.000      0.783      0.783      0.000
   502         21  (g)                -31   689   689   503   504   280   279      0.000      0.000    -99.967     99.967      0.000
   503         -3  (sbar)             -33   501   502   690   690     0   279      0.242     -0.265      0.662      0.904      0.500
   504         21  (g)                -33   501   502   691   691   280   278     -0.242      0.265    -99.846     99.847      0.000
   505         21  (g)                -61     1     0   367   367   172   105     -0.088      2.092    435.187    435.192      0.000
   506          2  (u)                -61     2     0   208   208   147     0     -1.294      2.418   -714.238    714.243      0.000
   507         21  (g)                -62   379   379   783   783   221   103   -118.039     18.619     16.789    120.672      0.000
   508          2  (u)                -62   210   210   784   784   127     0     53.690     -7.861    -11.695     55.509      0.330
   509         21  (g)                -62   211   211   785   785   104   167      7.668      0.209   -134.663    134.881      0.000
   510         21  (g)                -62   448   448   786   786   106   217    -10.532      8.360     86.768     87.804      0.000
   511         21  (g)                -62   265   265   787   787   144   163     -1.545      1.845      9.746     10.039      0.000
   512         21  (g)                -62   285   285   788   788   110   186     -4.477      0.456      2.924      5.366      0.000
   513         21  (g)                -62   371   371   789   789   103   219     -3.287      0.123      1.131      3.478      0.000
   514         21  (g)                -62   387   387   790   790   109   145      2.751     -2.445    -44.644     44.795      0.000
   515         21  (g)                -62   355   355   791   791   132   169     -5.523     -1.316     -0.945      5.755      0.000
   516         21  (g)                -62   275   275   792   792   138   115      0.554      1.098     -2.926      3.174      0.000
   517         21  (g)                -62   266   266   793   793   178   116     -1.533     -0.385      1.980      2.533      0.000
   518         -3  (sbar)             -62   220   220   794   794     0   127     26.790     -5.748     -9.706     29.073      0.500
   519          3  (s)                -62   417   417   795   795   205     0     77.208    -11.888    -20.736     80.825      0.500
   520         21  (g)                -62   382   382   796   796   222   213      0.056      0.474      0.308      0.568      0.000
   521         21  (g)                -62   459   459   797   797   202   138     -2.285      0.210     -6.395      6.794      0.000
   522         21  (g)                -62   224   224   798   798   116   170      0.428      0.592      4.892      4.947      0.000
   523         21  (g)                -62   327   327   799   799   145   101      2.130     -4.344   -116.440    116.541      0.000
   524         21  (g)                -62   226   226   708   708   147   104     -1.433      1.589    -64.620     64.655      0.000
   525         21  (g)                -62   227   227   800   800   154   110     -2.100      0.386      0.593      2.216      0.000
   526         21  (g)                -62   228   228   801   801   163   106     -2.213      2.320     31.785     31.947      0.000
   527         21  (g)                -62   385   385   802   802   167   223      1.030     -0.165    -21.825     21.850      0.000
   528         21  (g)                -62   230   230   803   803   169   154    -13.794     -4.481      1.140     14.549      0.000
   529         21  (g)                -62   294   294   804   804   170   188      4.053      3.523      9.809     11.182      0.000
   530          1  (d)                -62   288   288   805   805   172     0      0.884     -0.781     21.700     21.734      0.330
   531         21  (g)                -62   296   296   806   806   177   144      0.529      0.307      1.117      1.273      0.000
   532         21  (g)                -62   373   373   807   807   108   178     -0.858     -1.186      0.210      1.479      0.000
   533         21  (g)                -62   384   384   808   808   115   182      0.240     -0.167     -0.820      0.870      0.000
   534         21  (g)                -62   388   388   809   809   186   224    -11.465      0.027      4.370     12.269      0.000
   535         -1  (dbar)             -62   436   436   810   810     0   102     -0.878     -0.192     11.337     11.377      0.330
   536         21  (g)                -62   295   295   811   811   188   177      1.732      3.156      8.757      9.468      0.000
   537         21  (g)                -62   457   457   812   812   101   257      0.241      0.372     -5.083      5.103      0.000
   538         21  (g)                -62   434   434   813   813   250   241      1.372     -0.818     -0.230      1.614      0.000
   539         21  (g)                -62   354   354   814   814   213   132      0.163     -0.267      0.372      0.486      0.000
   540         21  (g)                -62   446   446   762   764   254   105     -1.881      1.893     19.865     20.044      0.000
   541         21  (g)                -62   372   372   815   815   219   108     -2.749     -1.363      0.705      3.148      0.000
   542         21  (g)                -62   390   390   816   816   107   221     -8.548      0.728      1.011      8.638      0.000
   543         21  (g)                -62   383   383   817   817   182   222     -0.607      0.582     -1.306      1.554      0.000
   544         21  (g)                -62   386   386   818   818   223   109      9.218     -0.506   -113.434    113.809      0.000
   545         21  (g)                -62   389   389   819   819   224   107     -6.094     -0.834      3.015      6.850      0.000
   546         21  (g)                -62   416   416   820   820   241   205     13.393     -1.276     -3.836     13.990      0.000
   547         21  (g)                -62   435   435   821   821   102   250      1.526      0.367      0.298      1.598      0.000
   548         21  (g)                -62   447   447   822   822   217   254     -6.177      3.529     47.000     47.535      0.000
   549         21  (g)                -62   458   458   823   823   257   202     -1.018     -0.233     -7.369      7.442      0.000
   550         21  (g)                -61     1     0   236   236   112   174      3.188     -0.984    144.239    144.278      0.000
   551         21  (g)                -61     2     0   462   462   114   113     -2.751     -1.348   -288.054    288.070      0.000
   552         21  (g)                -62   460   460   737   740   258   111     -2.899      3.338     -8.144      9.267      0.000
   553         21  (g)                -62   257   257   704   704   149   113      0.249     -3.239   -134.703    134.742      0.000
   554         21  (g)                -62   240   240   824   824   112   126      0.700     -0.375     -3.867      3.948      0.000
   555         21  (g)                -62   420   420   825   825   165   175      0.084      0.413    -58.772     58.773      0.000
   556         21  (g)                -62   242   242   826   826   126   165      1.070     -0.723    -20.399     20.440      0.000
   557         21  (g)                -62   362   362   701   701   216   174      1.592     -1.350     89.927     89.951      0.000
   558         21  (g)                -62   418   418   827   827   242   149     -0.427     -0.191     -5.674      5.693      0.000
   559         21  (g)                -62   421   421   828   828   243   216     -0.214      0.281     50.317     50.318      0.000
   560         21  (g)                -62   419   419   829   829   175   242     -0.058     -0.682    -55.587     55.591      0.000
   561         21  (g)                -62   422   422   737   740   111   243      0.670      0.064      3.185      3.255      0.000
   562         21  (g)                -62   461   461   830   830   114   258     -0.331      0.134     -0.097      0.370      0.000
   563         21  (g)                -61     1     0   305   305   118   121      1.696     -1.468    337.544    337.552      0.000
   564         21  (g)                -61     2     0   352   352   148   122     -0.710     -1.687    -52.547     52.579      0.000
   565         21  (g)                -62   358   358   711   714   120   119     -0.774     -2.671     17.483     17.703      0.000
   566         21  (g)                -62   303   303   831   831   190   120      0.273      1.637    237.954    237.960      0.000
   567         21  (g)                -62   426   426   733   736   117   121     -0.873     -0.120      5.457      5.528      0.000
   568         21  (g)                -62   356   356   832   832   214   122      1.006     -0.758      4.448      4.623      0.000
   569         21  (g)                -62   350   350   833   833   211   198      0.971     -3.675    -45.362     45.521      0.000
   570         21  (g)                -62   304   304   834   834   118   190     -0.374      1.279     61.366     61.380      0.000
   571         21  (g)                -62   424   424   835   835   198   244      0.500      0.627     -2.206      2.347      0.000
   572         21  (g)                -62   351   351   836   836   148   211     -0.168      0.125     -3.451      3.458      0.000
   573         21  (g)                -62   357   357   711   714   119   214      1.124      0.425     10.316     10.385      0.000
   574         21  (g)                -62   425   425   733   736   244   117     -0.698     -0.025     -1.008      1.226      0.000
   575         21  (g)                -61     1     0   158   158   155   137     -0.508     -0.286    107.443    107.444      0.000
   576         -3  (sbar)             -61     2     0   159   159     0   123     -1.407     -0.453    -16.161     16.228      0.000
   577         21  (g)                -62   359   359   837   837   215   124     -3.709      0.028     43.012     43.171      0.000
   578         -3  (sbar)             -62   361   361   838   838     0   125      0.830      1.301    -15.427     15.512      0.500
   579         21  (g)                -62   162   162   757   757   124   137     -0.086     -0.588     -0.474      0.760      0.000
   580         21  (g)                -62   163   163   715   716   155   123      0.522     -1.498     60.540     60.561      0.000
   581         21  (g)                -62   360   360   839   839   125   215      0.526      0.019      3.631      3.669      0.000
   582         21  (g)                -61     1     0   284   284   168   129      1.274      1.293    886.365    886.367      0.000
   583          2  (u)                -61     2     0   245   245   146     0      0.650      0.318   -483.192    483.192      0.000
   584         21  (g)                -62   330   330   840   840   128   184      0.392      2.094     -0.083      2.132      0.000
   585         21  (g)                -62   247   247   700   700   130   129      1.097     -0.036    567.067    567.068      0.000
   586         21  (g)                -62   471   471   841   841   133   150     -0.081     -0.231      2.521      2.533      0.000
   587         21  (g)                -62   469   469   842   842   173   262     -0.000      1.743     -4.661      4.976      0.000
   588         21  (g)                -62   343   343   771   773   146   206      1.228     -0.521     -9.972     10.061      0.000
   589         21  (g)                -62   408   408   843   843   236   130      0.796     -0.810    200.242    200.246      0.000
   590         21  (g)                -62   328   328   844   844   185   203      0.376      0.195      5.790      5.806      0.000
   591         21  (g)                -62   445   445   845   845   143   173     -1.451      0.349     -5.564      5.761      0.000
   592          2  (u)                -62   442   442   846   846   131     0      0.778     -0.753   -429.672    429.674      0.330
   593         21  (g)                -62   440   440   847   847   184   252      0.250     -0.087     -0.299      0.400      0.000
   594         21  (g)                -62   283   283   848   848   168   185     -1.016     -0.521     11.760     11.815      0.000
   595         21  (g)                -62   329   329   849   849   203   128      0.604     -0.369      0.484      0.858      0.000
   596         21  (g)                -62   443   443   850   850   206   253     -0.473      0.897    -11.353     11.398      0.000
   597         21  (g)                -62   449   449   851   851   255   236      0.292      0.005     62.489     62.489      0.000
   598         21  (g)                -62   441   441   852   852   252   131      0.738     -0.123    -18.382     18.397      0.000
   599         21  (g)                -62   444   444   853   853   253   143     -0.533      0.006     -1.336      1.438      0.000
   600         21  (g)                -62   450   450   854   854   150   255     -0.783     -0.016     34.141     34.150      0.000
   601         21  (g)                -62   470   470   855   855   262   133     -0.290     -0.209      0.001      0.357      0.000
   602         21  (g)                -61     1     0   331   331   164   134     -0.032     -2.059   1588.827   1588.828      0.000
   603          2  (u)                -61     2     0   332   332   204     0      2.910     -0.274    -11.877     12.231      0.000
   604         21  (g)                -62   474   474   856   856   135   201      0.015     -3.958   1157.762   1157.768      0.000
   605          2  (u)                -62   334   334   857   857   191     0      1.516      1.091    -10.750     10.916      0.330
   606         21  (g)                -62   472   472   858   858   164   263      1.401      0.508    100.390    100.401      0.000
   607         21  (g)                -62   336   336   859   859   136   166      1.056      0.034      3.754      3.900      0.000
   608         21  (g)                -62   337   337   860   860   166   191     -0.502     -0.168     -0.141      0.547      0.000
   609         21  (g)                -62   338   338   861   861   201   136     -0.338      0.121    252.984    252.985      0.000
   610         21  (g)                -62   339   339   703   703   204   134     -0.228      0.712     -0.618      0.970      0.000
   611         21  (g)                -62   473   473   862   862   263   135     -0.044     -0.672     73.569     73.572      0.000
   612         21  (g)                -61     1     0   258   258   139   140     -2.574     -0.293    100.636    100.669      0.000
   613         21  (g)                -61     2     0   278   278   176   141     -1.053      3.261   -181.354    181.387      0.000
   614         21  (g)                -62   427   427   759   761   139   245     -1.437      0.993     32.434     32.481      0.000
   615         21  (g)                -62   291   291   863   863   187   183      2.071     -1.055     -0.046      2.325      0.000
   616         21  (g)                -62   262   262   751   752   176   140     -1.737      4.049   -180.028    180.082      0.000
   617         21  (g)                -62   277   277   774   776   183   141      0.231     -0.563      1.273      1.411      0.000
   618         21  (g)                -62   429   429   719   722   142   187     -0.289     -0.528      2.997      3.057      0.000
   619         21  (g)                -62   428   428   719   722   245   142     -2.467      0.071     62.651     62.700      0.000
   620          1  (d)                -61     1     0   151   151   151     0     -0.401      0.053    243.294    243.295      0.000
   621         21  (g)                -61     2     0   400   400   152   153     -0.167     -0.159      0.820      0.852      0.000
   622          1  (d)                -62   398   398   864   864   230     0     -0.674     -0.307    118.311    118.314      0.330
   623         21  (g)                -62   154   154   865   865   151   153      1.405      0.065     66.992     67.007      0.000
   624         21  (g)                -62   399   399   777   779   152   230     -1.299      0.137     58.812     58.826      0.000
   625         -1  (dbar)             -61     1     0   297   297     0   156      0.347     -0.436    121.625    121.626      0.000
   626         21  (g)                -61     2     0   298   298   156   189     -1.222      0.051    -11.501     11.566      0.000
   627         -1  (dbar)             -62   299   299   866   866     0   158      0.936     -1.751    114.318    114.336      0.330
   628         21  (g)                -62   311   311   867   867   171   157      0.085     -0.267     -0.066      0.288      0.000
   629         21  (g)                -62   301   301   868   868   158   171     -0.613      0.818      7.051      7.125      0.000
   630         21  (g)                -62   309   309   707   707   192   189     -0.917     -0.387     -2.846      3.015      0.000
   631         21  (g)                -62   310   310   869   869   157   192     -0.367      1.202     -8.335      8.429      0.000
   632         21  (g)                -61     1     0   168   168   160   159     -0.240      0.083     -0.349      0.432      0.000
   633         21  (g)                -61     2     0   169   169   162   161     -0.124     -0.348    -52.234     52.235      0.000
   634         21  (g)                -62   170   170   706   706   162   159      1.243     -0.521    -24.647     24.683      0.000
   635         21  (g)                -62   171   171   717   718   160   161     -1.607      0.255    -27.936     27.983      0.000
   636         -2  (ubar)             -61     1     0   269   269     0   179      0.986      0.297     -4.970      5.076      0.000
   637         21  (g)                -61     2     0   270   270   179   180     -1.265      0.083   -767.741    767.742      0.000
   638         -2  (ubar)             -62   405   405   870   870     0   235     -0.485      0.223     -5.951      5.984      0.330
   639         21  (g)                -62   319   319   871   871   200   180      0.291      0.285   -601.845    601.845      0.000
   640         21  (g)                -62   439   439   872   872   181   200     -0.771      0.537   -146.313    146.316      0.000
   641         21  (g)                -62   437   437   873   873   235   251      0.091      0.089     -0.156      0.202      0.000
   642         21  (g)                -62   438   438   874   874   251   181      0.595     -0.754    -18.445     18.470      0.000
   643         21  (g)                -61     1     0   487   487   195   270     -1.637      0.584     27.942     27.996      0.000
   644         21  (g)                -61     2     0   488   488   196   195      0.945      0.542   -125.914    125.919      0.000
   645         21  (g)                -62   489   489   741   744   197   194     -1.070      1.673     19.340     19.442      0.000
   646         21  (g)                -62   490   490   741   744   196   197      1.311     -0.285   -125.016    125.023      0.000
   647         21  (g)                -62   491   491   875   875   194   220      0.014     -0.349     -0.811      0.882      0.000
   648         21  (g)                -62   492   492   768   770   220   270     -0.947      0.087      8.515      8.568      0.000
   649         21  (g)                -61     1     0   346   346   207   208      0.336     -0.174    431.631    431.631      0.000
   650         21  (g)                -61     2     0   347   347   208   209      3.983      0.422     -7.591      8.583      0.000
   651         21  (g)                -62   368   368   702   702   207   218     -0.233     -0.377    403.055    403.056      0.000
   652         21  (g)                -62   475   475   876   876   264   209      3.814      0.785     -7.412      8.373      0.000
   653         21  (g)                -62   468   468   877   877   218   210      0.309     -0.347     16.104     16.111      0.000
   654         21  (g)                -62   477   477   878   878   261   229     -0.138     -0.610      8.179      8.203      0.000
   655         21  (g)                -62   467   467   879   879   210   261      0.162      0.542      3.913      3.954      0.000
   656         21  (g)                -62   476   476   880   880   229   264      0.404      0.255      0.201      0.518      0.000
   657         21  (g)                -61     1     0   391   391   226   225      0.097     -0.153    150.062    150.062      0.000
   658         21  (g)                -61     2     0   392   392   228   227      0.085      0.186      1.790      1.802      0.000
   659         21  (g)                -62   393   393   745   748   228   225     -0.118     -0.543     15.153     15.163      0.000
   660         21  (g)                -62   394   394   723   724   226   227      0.300      0.575    136.699    136.700      0.000
   661         21  (g)                -61     1     0   478   478   232   231     -1.667      1.320    132.783    132.801      0.000
   662         21  (g)                -61     2     0   479   479   234   265      0.441     -1.284      0.675      1.516      0.000
   663         21  (g)                -62   480   480   705   705   234   231     -2.124      1.086    106.399    106.425      0.000
   664         21  (g)                -62   481   481   725   728   232   233      0.135      0.670     25.319     25.328      0.000
   665         21  (g)                -62   482   482   725   728   233   265      0.763     -1.720      1.742      2.564      0.000
   666         21  (g)                -61     1     0   452   452   238   237     -0.525      0.303      0.714      0.937      0.000
   667         21  (g)                -61     2     0   453   453   256   238      0.047     -1.432   -219.585    219.590      0.000
   668         21  (g)                -62   454   454   881   881   240   237     -1.150      1.005     -0.260      1.549      0.000
   669         21  (g)                -62   463   463   882   882   259   240      0.309      0.328     -0.165      0.480      0.000
   670         21  (g)                -62   465   465   883   883   256   239      0.479     -1.828   -213.619    213.627      0.000
   671         21  (g)                -62   464   464   884   884   239   259     -0.117     -0.634     -4.827      4.870      0.000
   672         21  (g)                -61     1     0   430   430   246   247     -0.069      0.561     -0.983      1.134      0.000
   673         21  (g)                -61     2     0   431   431   247   248     -0.560      0.539    -21.438     21.452      0.000
   674         21  (g)                -62   432   432   885   885   246   249      0.514      0.255     -1.344      1.461      0.000
   675         21  (g)                -62   433   433   710   710   249   248     -1.143      0.846    -21.077     21.125      0.000
   676         21  (g)                -61     1     0   483   483   267   266      0.148     -0.328     -2.368      2.395      0.000
   677         21  (g)                -61     2     0   484   484   268   267     -0.170     -0.275    -30.121     30.123      0.000
   678         21  (g)                -62   485   485   886   886   269   266     -0.116     -0.862    -14.073     14.100      0.000
   679         21  (g)                -62   486   486   887   887   268   269      0.094      0.259    -18.416     18.418      0.000
   680         -1  (dbar)             -61     1     0   493   493     0   271      0.101      0.221    100.311    100.311      0.000
   681         21  (g)                -61     2     0   494   494   273   272      0.259      0.139      1.977      1.998      0.000
   682         -1  (dbar)             -62   495   495   888   888     0   272     -0.271      0.373     92.497     92.499      0.330
   683         21  (g)                -62   496   496   709   709   273   271      0.631     -0.013      9.790      9.811      0.000
   684         21  (g)                -61     1     0   497   497   274   275      0.050     -0.382     44.209     44.210      0.000
   685         21  (g)                -61     2     0   498   498   275   276      0.125     -0.108      0.319      0.359      0.000
   686         21  (g)                -62   499   499   729   732   274   277     -0.079     -0.749     42.669     42.675      0.000
   687         21  (g)                -62   500   500   729   732   277   276      0.255      0.260      1.859      1.894      0.000
   688         -3  (sbar)             -61     1     0   501   501     0   278      0.156     -1.091      0.394      1.170      0.000
   689         21  (g)                -61     2     0   502   502   280   279      0.731      0.644    -99.734     99.739      0.000
   690         -3  (sbar)             -62   503   503   889   889     0   279      0.400     -1.354      0.065      1.499      0.500
   691         21  (g)                -62   504   504   753   754   280   278      0.488      0.907    -99.405     99.410      0.000
   692       2203  (uu_1)             -63     1     0   890   890     0   295     -0.235      0.040    775.513    775.513      0.771
   693          1  (d)                -63     1     0   891   891   293     0      0.162      0.461    346.073    346.074      0.330
   694          2  (u)                -63     1     0   892   892   275     0      0.301      0.612     -0.490      0.902      0.330
   695          1  (d)                -63     1     0   893   893   294     0     -0.542     -0.271    816.323    816.323      0.330
   696          3  (s)                -63     1     0   894   894   295     0     -0.324      0.007      0.948      1.120      0.500
   697          1  (d)                -63     2     0   895   895   180     0     -0.621      0.077  -3451.187   3451.187      0.330
   698          3  (s)                -63     2     0   896   896   279     0      0.813     -1.068    -18.861     18.916      0.500
   699         -2  (ubar)             -63     2     0   897   897     0   268      0.355     -0.246   -235.154    235.154      0.330
   700         21  (g)                -64   585   585   898   898   130   164      1.097     -0.036    567.067    567.068      0.000
   701         21  (g)                -64   557   557   899   899   216   151      1.592     -1.350     89.927     89.951      0.000
   702         21  (g)                -64   651   651   900   900   237   218     -0.233     -0.377    403.055    403.056      0.000
   703         21  (g)                -64   610   610   901   901   209   134     -0.228      0.712     -0.618      0.970      0.000
   704         21  (g)                -64   553   553   902   902   149   246      0.249     -3.239   -134.703    134.742      0.000
   705         21  (g)                -64   663   663   745   748   234   228     -2.124      1.086    106.399    106.425      0.000
   706         21  (g)                -64   634   634   749   750   247   159      1.243     -0.521    -24.647     24.683      0.000
   707         21  (g)                -64   630   630   903   903   192   256     -0.917     -0.387     -2.846      3.015      0.000
   708         21  (g)                -64   524   524   904   904   272   104     -1.433      1.589    -64.620     64.655      0.000
   709         21  (g)                -64   683   683   905   905   276   271      0.631     -0.013      9.790      9.811      0.000
   710         21  (g)                -64   675   675   906   906   249   275     -1.143      0.846    -21.077     21.125      0.000
   711         21  (g)                -75   565   573   907   907   120   119     -0.506     -1.746     11.433     11.577      0.000
   712         21  (g)                -75   565   573   908   908   296   214      0.942      0.356      8.640      8.699      0.000
   713          2  (u)                -75   565   573   909   909   119     0      0.183      0.069      1.675      1.687      0.000
   714         -2  (ubar)             -75   565   573   910   910     0   296     -0.268     -0.924      6.051      6.127      0.000
   715          1  (d)                -75   580     0   911   911   155     0      0.261     -0.749     30.270     30.280      0.000
   716         -1  (dbar)             -75   580     0   774   776     0   123      0.261     -0.749     30.270     30.280      0.000
   717          2  (u)                -75   635     0   912   912   160     0     -0.803      0.128    -13.968     13.992      0.000
   718         -2  (ubar)             -75   635     0   780   782     0   161     -0.803      0.128    -13.968     13.992      0.000
   719         21  (g)                -75   618   619   913   913   245   142     -1.327      0.038     33.708     33.734      0.000
   720         21  (g)                -75   618   619   914   914   297   187     -0.160     -0.292      1.661      1.694      0.000
   721          1  (d)                -75   618   619   915   915   142     0     -0.129     -0.235      1.336      1.363      0.000
   722         -1  (dbar)             -75   618   619   916   916     0   297     -1.140      0.033     28.944     28.966      0.000
   723          3  (s)                -75   660     0   759   761   226     0      0.150      0.288     68.349     68.350      0.000
   724         -3  (sbar)             -75   660     0   917   917     0   227      0.150      0.288     68.349     68.350      0.000
   725         21  (g)                -75   664   665   765   767   232   233      0.100      0.499     18.842     18.848      0.000
   726         21  (g)                -75   664   665   918   918   298   265      0.456     -1.028      1.041      1.532      0.000
   727          1  (d)                -75   664   665   919   919   233     0      0.307     -0.692      0.701      1.031      0.000
   728         -1  (dbar)             -75   664   665   920   920     0   298      0.035      0.171      6.477      6.479      0.000
   729         21  (g)                -75   686   687   765   767   274   277     -0.052     -0.492     28.033     28.038      0.000
   730         21  (g)                -75   686   687   921   921   299   276      0.146      0.149      1.065      1.085      0.000
   731          2  (u)                -75   686   687   922   922   277     0      0.109      0.111      0.794      0.809      0.000
   732         -2  (ubar)             -75   686   687   923   923     0   299     -0.027     -0.257     14.635     14.638      0.000
   733         21  (g)                -75   567   574   924   924   244   117     -0.495     -0.018     -0.715      0.870      0.000
   734         21  (g)                -75   567   574   758   758   300   121     -0.769     -0.106      4.806      4.868      0.000
   735          1  (d)                -75   567   574   925   925   117     0     -0.104     -0.014      0.652      0.660      0.000
   736         -1  (dbar)             -75   567   574   926   926     0   300     -0.203     -0.007     -0.293      0.356      0.000
   737         21  (g)                -75   552   561   927   927   258   111     -2.705      3.115     -7.601      8.649      0.000
   738         21  (g)                -75   552   561   928   928   301   243      0.587      0.056      2.787      2.849      0.000
   739          2  (u)                -75   552   561   929   929   111     0      0.084      0.008      0.398      0.407      0.000
   740         -2  (ubar)             -75   552   561   930   930     0   301     -0.193      0.222     -0.543      0.618      0.000
   741         21  (g)                -75   645   646   771   773   196   197      1.279     -0.278   -121.994    122.001      0.000
   742         21  (g)                -75   645   646   931   931   302   194     -1.064      1.664     19.235     19.336      0.000
   743          1  (d)                -75   645   646   932   932   197     0     -0.006      0.009      0.105      0.105      0.000
   744         -1  (dbar)             -75   645   646   933   933     0   302      0.032     -0.007     -3.023      3.023      0.000
   745         21  (g)                -75   659   705   777   779   234   228     -1.815      0.928     90.930     90.953      0.000
   746         21  (g)                -75   659   705   934   934   303   225     -0.109     -0.504     14.085     14.094      0.000
   747          2  (u)                -75   659   705   935   935   228     0     -0.008     -0.038      1.068      1.069      0.000
   748         -2  (ubar)             -75   659   705   936   936     0   303     -0.309      0.158     15.469     15.473      0.000
   749          3  (s)                -75   706     0   755   755   247     0      0.621     -0.260    -12.323     12.342      0.000
   750         -3  (sbar)             -75   706     0   768   770     0   159      0.621     -0.260    -12.323     12.342      0.000
   751          1  (d)                -75   616     0   937   937   176     0     -0.869      2.024    -90.014     90.041      0.000
   752         -1  (dbar)             -75   616     0   762   764     0   140     -0.869      2.024    -90.014     90.041      0.000
   753          3  (s)                -75   691     0   756   756   280     0      0.244      0.453    -49.703     49.705      0.000
   754         -3  (sbar)             -75   691     0   780   782     0   278      0.244      0.453    -49.703     49.705      0.000
   755          3  (s)                -76   749   749   938   938   134     0      0.621     -0.260    -12.323     12.342      0.000
   756          3  (s)                -76   753   753   939   939   153     0      0.244      0.453    -49.703     49.705      0.000
   757         21  (g)                -66   579   579   940   940   124   155     -0.086     -0.588     -0.474      0.760      0.000
   758         21  (g)                -66   734   734   941   941   300   168     -0.769     -0.106      4.806      4.868      0.000
   759         21  (g)                -76   723   614   942   942   139   245     -1.179      0.815     26.607     26.645      0.000
   760          3  (s)                -76   723   614   943   943   226     0      0.137      0.263     62.524     62.525      0.000
   761         -1  (dbar)             -76   723   614   944   944     0   305     -0.245      0.203     11.653     11.661      0.311
   762         21  (g)                -76   752   540   945   945   254   105     -1.633      1.643     17.245     17.399      0.000
   763         -1  (dbar)             -76   752   540   946   946     0   140     -0.869      2.024    -90.005     90.032      0.000
   764          1  (d)                -76   752   540   947   947   306     0     -0.248      0.250      2.612      2.654      0.311
   765         21  (g)                -76   729   725   948   948   232   233      0.067      0.333     12.590     12.595      0.000
   766         21  (g)                -76   729   725   949   949   274   277     -0.041     -0.383     21.778     21.782      0.000
   767         -1  (dbar)             -76   729   725   950   950     0   307      0.022      0.056     12.506     12.510      0.279
   768         -3  (sbar)             -76   750   648   951   951     0   159      0.621     -0.260    -12.315     12.334      0.000
   769         21  (g)                -76   750   648   952   952   220   270     -0.677      0.062      6.088      6.126      0.000
   770          1  (d)                -76   750   648   953   953   308     0     -0.269      0.025      2.419      2.450      0.279
   771         21  (g)                -76   741   588   954   954   196   197      1.275     -0.278   -121.573    121.580      0.000
   772         21  (g)                -76   741   588   955   955   146   206      1.176     -0.499     -9.552      9.637      0.000
   773         -2  (ubar)             -76   741   588   956   956     0   309      0.056     -0.023     -0.841      0.845      0.052
   774         -1  (dbar)             -76   716   617   957   957     0   123      0.260     -0.746     30.149     30.160      0.000
   775         21  (g)                -76   716   617   958   958   183   141      0.210     -0.512      1.158      1.284      0.000
   776          2  (u)                -76   716   617   959   959   310     0      0.022     -0.054      0.235      0.248      0.052
   777         21  (g)                -76   745   624   960   960   234   228     -1.803      0.922     90.308     90.331      0.000
   778         21  (g)                -76   745   624   961   961   152   230     -1.285      0.135     58.190     58.204      0.000
   779         -2  (ubar)             -76   745   624   962   962     0   311     -0.026      0.008      1.244      1.244      0.005
   780         -2  (ubar)             -76   754   718   963   963     0   161     -0.799      0.127    -13.887     13.910      0.000
   781         -3  (sbar)             -76   754   718   964   964     0   278      0.243      0.453    -49.621     49.624      0.000
   782          2  (u)                -76   754   718   965   965   312     0     -0.004      0.001     -0.163      0.163      0.005
   783         21  (g)                -79   507   507  1422  1422   221   103   -118.039     18.619     16.789    120.672      0.000
   784          2  (u)                -79   508   508  1278  1278   127     0     53.690     -7.861    -11.695     55.509      0.330
   785         21  (g)                -79   509   509  1110  1110   104   167      7.668      0.209   -134.663    134.881      0.000
   786         21  (g)                -79   510   510  1238  1238   106   217    -10.532      8.360     86.768     87.804      0.000
   787         21  (g)                -79   511   511  1004  1005   144   332     -1.545      1.845      9.746     10.039      0.000
   788         21  (g)                -79   512   512  1426  1426   110   186     -4.477      0.456      2.924      5.366      0.000
   789         21  (g)                -79   513   513  1078     0   103   154     -3.287      0.123      1.131      3.478      0.000
   790         21  (g)                -79   514   514  1465  1465   109   145      2.751     -2.445    -44.644     44.795      0.000
   791         21  (g)                -79   515   515  1498  1498   132   169     -5.523     -1.316     -0.945      5.755      0.000
   792         21  (g)                -79   516   516  1286  1286   138   115      0.554      1.098     -2.926      3.174      0.000
   793         21  (g)                -79   517   517  1050  1050   178   339     -1.533     -0.385      1.980      2.533      0.000
   794         -3  (sbar)             -79   518   518  1279  1279     0   127     26.790     -5.748     -9.706     29.073      0.500
   795          3  (s)                -79   519   519  1393  1393   205     0     77.208    -11.888    -20.736     80.825      0.500
   796         21  (g)                -79   520   520   976   979   222   124      0.056      0.474      0.308      0.568      0.000
   797         21  (g)                -79   521   521   992   995   202   321     -2.285      0.210     -6.395      6.794      0.000
   798         21  (g)                -79   522   522  1012  1015   116   170      0.428      0.592      4.892      4.947      0.000
   799         21  (g)                -79   523   523  1464  1464   145   101      2.130     -4.344   -116.440    116.541      0.000
   800         21  (g)                -79   525   525  1078     0   154   110     -2.100      0.386      0.593      2.216      0.000
   801         21  (g)                -79   526   526  1235  1235   163   106     -2.213      2.320     31.785     31.947      0.000
   802         21  (g)                -79   527   527  1109  1109   167   104      1.030     -0.165    -21.825     21.850      0.000
   803         21  (g)                -79   528   528  1497  1497   169   219    -13.794     -4.481      1.140     14.549      0.000
   804         21  (g)                -79   529   529  1012  1015   170   188      4.053      3.523      9.809     11.182      0.000
   805          1  (d)                -79   530   530  1130  1130   172     0      0.884     -0.781     21.700     21.734      0.330
   806         21  (g)                -79   531   531  1268  1268   177   331      0.529      0.307      1.117      1.273      0.000
   807         21  (g)                -79   532   532  1495  1495   108   178     -0.858     -1.186      0.210      1.479      0.000
   808         21  (g)                -79   533   533  1287  1287   115   182      0.240     -0.167     -0.820      0.870      0.000
   809         21  (g)                -79   534   534  1425  1425   186   224    -11.465      0.027      4.370     12.269      0.000
   810         -1  (dbar)             -79   535   535  1020  1020     0   140     -0.878     -0.192     11.337     11.377      0.330
   811         21  (g)                -79   536   536  1269  1269   188   177      1.732      3.156      8.757      9.468      0.000
   812         21  (g)                -79   537   537  1463  1463   101   326      0.241      0.372     -5.083      5.103      0.000
   813         21  (g)                -79   538   538  1391  1391   250   241      1.372     -0.818     -0.230      1.614      0.000
   814         21  (g)                -79   539   539  1243  1243   213   123      0.163     -0.267      0.372      0.486      0.000
   815         21  (g)                -79   541   541  1496  1496   219   108     -2.749     -1.363      0.705      3.148      0.000
   816         21  (g)                -79   542   542  1423  1423   107   221     -8.548      0.728      1.011      8.638      0.000
   817         21  (g)                -79   543   543   976   979   182   222     -0.607      0.582     -1.306      1.554      0.000
   818         21  (g)                -79   544   544  1466  1466   223   109      9.218     -0.506   -113.434    113.809      0.000
   819         21  (g)                -79   545   545  1424  1424   224   107     -6.094     -0.834      3.015      6.850      0.000
   820         21  (g)                -79   546   546  1392  1392   241   205     13.393     -1.276     -3.836     13.990      0.000
   821         21  (g)                -79   547   547  1030  1032   102   250      1.526      0.367      0.298      1.598      0.000
   822         21  (g)                -79   548   548  1237  1237   217   254     -6.177      3.529     47.000     47.535      0.000
   823         21  (g)                -79   549   549   992   995   257   202     -1.018     -0.233     -7.369      7.442      0.000
   824         21  (g)                -79   554   554  1469  1469   112   126      0.700     -0.375     -3.867      3.948      0.000
   825         21  (g)                -79   555   555  1096  1096   165   175      0.084      0.413    -58.772     58.773      0.000
   826         21  (g)                -79   556   556  1468  1468   126   146      1.070     -0.723    -20.399     20.440      0.000
   827         21  (g)                -79   558   558  1098  1098   242   149     -0.427     -0.191     -5.674      5.693      0.000
   828         21  (g)                -79   559   559  1371  1371   243   216     -0.214      0.281     50.317     50.318      0.000
   829         21  (g)                -79   560   560  1097  1097   175   242     -0.058     -0.682    -55.587     55.591      0.000
   830         21  (g)                -79   562   562  1067     0   114   258     -0.331      0.134     -0.097      0.370      0.000
   831         21  (g)                -79   566   566  1366  1366   190   139      0.273      1.637    237.954    237.960      0.000
   832         21  (g)                -79   568   568  1500  1500   214   166      1.006     -0.758      4.448      4.623      0.000
   833         21  (g)                -79   569   569   988   991   211   323      0.971     -3.675    -45.362     45.521      0.000
   834         21  (g)                -79   570   570  1370  1370   118   243     -0.374      1.279     61.366     61.380      0.000
   835         21  (g)                -79   571   571  1321  1321   198   244      0.500      0.627     -2.206      2.347      0.000
   836         21  (g)                -79   572   572  1300  1300   148   171     -0.168      0.125     -3.451      3.458      0.000
   837         21  (g)                -79   577   577  1527  1527   215   307     -3.709      0.028     43.012     43.171      0.000
   838         -3  (sbar)             -79   578   578  1333  1333     0   264      0.830      1.301    -15.427     15.512      0.500
   839         21  (g)                -79   581   581  1528  1528   125   215      0.526      0.019      3.631      3.669      0.000
   840         21  (g)                -79   584   584   980   983   128   184      0.392      2.094     -0.083      2.132      0.000
   841         21  (g)                -79   586   586  1219  1219   133   150     -0.081     -0.231      2.521      2.533      0.000
   842         21  (g)                -79   587   587  1290  1290   173   191     -0.000      1.743     -4.661      4.976      0.000
   843         21  (g)                -79   589   589  1079     0   236   130      0.796     -0.810    200.242    200.246      0.000
   844         21  (g)                -79   590   590   972   975   185   314      0.376      0.195      5.790      5.806      0.000
   845         21  (g)                -79   591   591  1080  1080   143   253     -1.451      0.349     -5.564      5.761      0.000
   846          2  (u)                -79   592   592  1171  1171   131     0      0.778     -0.753   -429.672    429.674      0.330
   847         21  (g)                -79   593   593   980   983   184   252      0.250     -0.087     -0.299      0.400      0.000
   848         21  (g)                -79   594   594   972   975   168   185     -1.016     -0.521     11.760     11.815      0.000
   849         21  (g)                -79   595   595  1024  1026   203   128      0.604     -0.369      0.484      0.858      0.000
   850         21  (g)                -79   596   596  1408  1408   206   157     -0.473      0.897    -11.353     11.398      0.000
   851         21  (g)                -79   597   597  1079     0   255   236      0.292      0.005     62.489     62.489      0.000
   852         21  (g)                -79   598   598  1052  1052   252   342      0.738     -0.123    -18.382     18.397      0.000
   853         21  (g)                -79   599   599  1081  1081   253   143     -0.533      0.006     -1.336      1.438      0.000
   854         21  (g)                -79   600   600  1021  1021   150   305     -0.783     -0.016     34.141     34.150      0.000
   855         21  (g)                -79   601   601  1077     0   262   132     -0.290     -0.209      0.001      0.357      0.000
   856         21  (g)                -79   604   604  1086  1086   135   201      0.015     -3.958   1157.762   1157.768      0.000
   857          2  (u)                -79   605   605  1291  1291   191     0      1.516      1.091    -10.750     10.916      0.330
   858         21  (g)                -79   606   606   966   967   164   329      1.401      0.508    100.390    100.401      0.000
   859         21  (g)                -79   607   607  1002  1003   136   338      1.056      0.034      3.754      3.900      0.000
   860         21  (g)                -79   608   608  1077     0   166   262     -0.502     -0.168     -0.141      0.547      0.000
   861         21  (g)                -79   609   609  1085  1085   201   120     -0.338      0.121    252.984    252.985      0.000
   862         21  (g)                -79   611   611  1087  1087   263   135     -0.044     -0.672     73.569     73.572      0.000
   863         21  (g)                -79   615   615   984   987   187   183      2.071     -1.055     -0.046      2.325      0.000
   864          1  (d)                -79   622   622  1217  1217   230     0     -0.674     -0.307    118.311    118.314      0.330
   865         21  (g)                -79   623   623  1373  1373   151   226      1.405      0.065     66.992     67.007      0.000
   866         -1  (dbar)             -79   627   627  1088  1088     0   263      0.936     -1.751    114.318    114.336      0.330
   867         21  (g)                -79   628   628  1301  1301   171   233      0.085     -0.267     -0.066      0.288      0.000
   868         21  (g)                -79   629   629  1000  1001   158   333     -0.613      0.818      7.051      7.125      0.000
   869         21  (g)                -79   631   631  1407  1407   157   192     -0.367      1.202     -8.335      8.429      0.000
   870         -2  (ubar)             -79   638   638  1412  1412     0   235     -0.485      0.223     -5.951      5.984      0.330
   871         21  (g)                -79   639   639  1093  1093   200   180      0.291      0.285   -601.845    601.845      0.000
   872         21  (g)                -79   640   640  1092  1092   181   200     -0.771      0.537   -146.313    146.316      0.000
   873         21  (g)                -79   641   641  1411  1411   235   256      0.091      0.089     -0.156      0.202      0.000
   874         21  (g)                -79   642   642   988   991   251   211      0.595     -0.754    -18.445     18.470      0.000
   875         21  (g)                -79   647   647  1071     0   194   112      0.014     -0.349     -0.811      0.882      0.000
   876         21  (g)                -79   652   652  1332  1332   264   209      3.814      0.785     -7.412      8.373      0.000
   877         21  (g)                -79   653   653  1351  1351   218   210      0.309     -0.347     16.104     16.111      0.000
   878         21  (g)                -79   654   654  1006  1009   261   229     -0.138     -0.610      8.179      8.203      0.000
   879         21  (g)                -79   655   655  1350  1350   210   261      0.162      0.542      3.913      3.954      0.000
   880         21  (g)                -79   656   656  1006  1009   229   125      0.404      0.255      0.201      0.518      0.000
   881         21  (g)                -79   668   668  1523  1523   240   270     -1.150      1.005     -0.260      1.549      0.000
   882         21  (g)                -79   669   669  1524  1524   259   240      0.309      0.328     -0.165      0.480      0.000
   883         21  (g)                -79   670   670  1016  1019   322   341      0.479     -1.828   -213.619    213.627      0.000
   884         21  (g)                -79   671   671  1054     0   239   259     -0.117     -0.634     -4.827      4.870      0.000
   885         21  (g)                -79   674   674   998   999   246   327      0.514      0.255     -1.344      1.461      0.000
   886         21  (g)                -79   678   678   968   971   269   239     -0.116     -0.862    -14.073     14.100      0.000
   887         21  (g)                -79   679   679  1472  1472   268   325      0.094      0.259    -18.416     18.418      0.000
   888         -1  (dbar)             -79   682   682  1045  1047     0   330     -0.271      0.373     92.497     92.499      0.330
   889         -3  (sbar)             -79   690   690  1106  1106     0   197      0.400     -1.354      0.065      1.499      0.500
   890       2203  (uu_1)             -79   692   692  1023  1023     0   265     -0.235      0.040    775.513    775.513      0.771
   891          1  (d)                -79   693   693  1089  1089   293     0      0.162      0.461    346.073    346.074      0.330
   892          2  (u)                -79   694   694  1036  1038   275     0      0.301      0.612     -0.490      0.902      0.330
   893          1  (d)                -79   695   695  1118  1118   294     0     -0.542     -0.271    816.323    816.323      0.330
   894          3  (s)                -79   696   696  1258  1258   295     0     -0.324      0.007      0.948      1.120      0.500
   895          1  (d)                -79   697   697  1094  1094   180     0     -0.621      0.077  -3451.187   3451.187      0.330
   896          3  (s)                -79   698   698  1069     0   279     0      0.813     -1.068    -18.861     18.916      0.500
   897         -2  (ubar)             -79   699   699  1473  1473     0   268      0.355     -0.246   -235.154    235.154      0.330
   898         21  (g)                -79   700   700  1158  1158   130   255      1.097     -0.036    567.067    567.068      0.000
   899         21  (g)                -79   701   701  1372  1372   216   151      1.592     -1.350     89.927     89.951      0.000
   900         21  (g)                -79   702   702  1352  1352   237   218     -0.233     -0.377    403.055    403.056      0.000
   901         21  (g)                -79   703   703  1067     0   209   114     -0.228      0.712     -0.618      0.970      0.000
   902         21  (g)                -79   704   704   968   971   149   269      0.249     -3.239   -134.703    134.742      0.000
   903         21  (g)                -79   707   707  1406  1406   192   324     -0.917     -0.387     -2.846      3.015      0.000
   904         21  (g)                -79   708   708  1409  1409   272   206     -1.433      1.589    -64.620     64.655      0.000
   905         21  (g)                -79   709   709  1057     0   276   271      0.631     -0.013      9.790      9.811      0.000
   906         21  (g)                -79   710   710   996   997   249   311     -1.143      0.846    -21.077     21.125      0.000
   907         21  (g)                -79   711   711  1084  1084   120   119     -0.506     -1.746     11.433     11.577      0.000
   908         21  (g)                -79   712   712  1501  1501   296   214      0.942      0.356      8.640      8.699      0.000
   909          2  (u)                -79   713   713  1083  1083   119     0      0.183      0.069      1.675      1.687      0.000
   910         -2  (ubar)             -79   714   714  1244  1244     0   213     -0.268     -0.924      6.051      6.127      0.000
   911          1  (d)                -79   715   715  1042  1044   155     0      0.261     -0.749     30.270     30.280      0.000
   912          2  (u)                -79   717   717  1299  1299   160     0     -0.803      0.128    -13.968     13.992      0.000
   913         21  (g)                -79   719   719  1368  1368   245   142     -1.327      0.038     33.708     33.734      0.000
   914         21  (g)                -79   720   720  1229  1229   297   301     -0.160     -0.292      1.661      1.694      0.000
   915          1  (d)                -79   721   721  1369  1369   142     0     -0.129     -0.235      1.336      1.363      0.000
   916         -1  (dbar)             -79   722   722  1230  1230     0   297     -1.140      0.033     28.944     28.966      0.000
   917         -3  (sbar)             -79   724   724  1022  1022     0   227      0.150      0.288     68.349     68.350      0.000
   918         21  (g)                -79   726   726  1024  1026   298   295      0.456     -1.028      1.041      1.532      0.000
   919          1  (d)                -79   727   727  1302  1302   233     0      0.307     -0.692      0.701      1.031      0.000
   920         -1  (dbar)             -79   728   728  1502  1502     0   296      0.035      0.171      6.477      6.479      0.000
   921         21  (g)                -79   730   730  1057     0   299   276      0.146      0.149      1.065      1.085      0.000
   922          2  (u)                -79   731   731  1225  1225   277     0      0.109      0.111      0.794      0.809      0.000
   923         -2  (ubar)             -79   732   732  1195  1195     0   299     -0.027     -0.257     14.635     14.638      0.000
   924         21  (g)                -79   733   733  1322  1322   244   117     -0.495     -0.018     -0.715      0.870      0.000
   925          1  (d)                -79   735   735  1323  1323   117     0     -0.104     -0.014      0.652      0.660      0.000
   926         -1  (dbar)             -79   736   736  1071     0     0   194     -0.203     -0.007     -0.293      0.356      0.000
   927         21  (g)                -79   737   737  1039  1041   258   320     -2.705      3.115     -7.601      8.649      0.000
   928         21  (g)                -79   738   738  1228  1228   301   232      0.587      0.056      2.787      2.849      0.000
   929          2  (u)                -79   739   739  1036  1038   111     0      0.084      0.008      0.398      0.407      0.000
   930         -2  (ubar)             -79   740   740  1247  1247     0   309     -0.193      0.222     -0.543      0.618      0.000
   931         21  (g)                -79   742   742  1211  1211   302   300     -1.064      1.664     19.235     19.336      0.000
   932          1  (d)                -79   743   743  1105  1105   197     0     -0.006      0.009      0.105      0.105      0.000
   933         -1  (dbar)             -79   744   744  1102  1102     0   176      0.032     -0.007     -3.023      3.023      0.000
   934         21  (g)                -79   746   746  1055     0   303   225     -0.109     -0.504     14.085     14.094      0.000
   935          2  (u)                -79   747   747  1198  1198   228     0     -0.008     -0.038      1.068      1.069      0.000
   936         -2  (ubar)             -79   748   748  1055     0     0   303     -0.309      0.158     15.469     15.473      0.000
   937          1  (d)                -79   751   751  1101  1101   176     0     -0.869      2.024    -90.014     90.041      0.000
   938          3  (s)                -79   755   755  1303  1303   134     0      0.621     -0.260    -12.323     12.342      0.000
   939          3  (s)                -79   756   756  1095  1095   153     0      0.244      0.453    -49.703     49.705      0.000
   940         21  (g)                -79   757   757  1033  1035   124   318     -0.086     -0.588     -0.474      0.760      0.000
   941         21  (g)                -79   758   758  1059     0   300   168     -0.769     -0.106      4.806      4.868      0.000
   942         21  (g)                -79   759   759  1367  1367   139   245     -1.179      0.815     26.607     26.645      0.000
   943          3  (s)                -79   760   760  1374  1374   226     0      0.137      0.263     62.524     62.525      0.000
   944         -1  (dbar)             -79   761   761  1049  1049     0   335     -0.245      0.203     11.653     11.661      0.311
   945         21  (g)                -79   762   762  1236  1236   254   163     -1.633      1.643     17.245     17.399      0.000
   946         -1  (dbar)             -79   763   763  1410  1410     0   272     -0.869      2.024    -90.005     90.032      0.000
   947          1  (d)                -79   764   764  1058     0   306     0     -0.248      0.250      2.612      2.654      0.311
   948         21  (g)                -79   765   765  1227  1227   232   274      0.067      0.333     12.590     12.595      0.000
   949         21  (g)                -79   766   766  1226  1226   274   277     -0.041     -0.383     21.778     21.782      0.000
   950         -1  (dbar)             -79   767   767  1027  1029     0   315      0.022      0.056     12.506     12.510      0.279
   951         -3  (sbar)             -79   768   768  1522  1522     0   159      0.621     -0.260    -12.315     12.334      0.000
   952         21  (g)                -79   769   769  1010  1011   220   336     -0.677      0.062      6.088      6.126      0.000
   953          1  (d)                -79   770   770  1058     0   308     0     -0.269      0.025      2.419      2.450      0.279
   954         21  (g)                -79   771   771  1016  1019   196   322      1.275     -0.278   -121.573    121.580      0.000
   955         21  (g)                -79   772   772  1467  1467   146   223      1.176     -0.499     -9.552      9.637      0.000
   956         -2  (ubar)             -79   773   773  1033  1035     0   317      0.056     -0.023     -0.841      0.845      0.052
   957         -1  (dbar)             -79   774   774  1220  1220     0   133      0.260     -0.746     30.149     30.160      0.000
   958         21  (g)                -79   775   775   984   987   183   141      0.210     -0.512      1.158      1.284      0.000
   959          2  (u)                -79   776   776  1285  1285   310     0      0.022     -0.054      0.235      0.248      0.052
   960         21  (g)                -79   777   777  1199  1199   234   228     -1.803      0.922     90.308     90.331      0.000
   961         21  (g)                -79   778   778  1076     0   152   230     -1.285      0.135     58.190     58.204      0.000
   962         -2  (ubar)             -79   779   779  1056     0     0   266     -0.026      0.008      1.244      1.244      0.005
   963         -2  (ubar)             -79   780   780  1060     0     0   161     -0.799      0.127    -13.887     13.910      0.000
   964         -3  (sbar)             -79   781   781  1168  1168     0   278      0.243      0.453    -49.621     49.624      0.000
   965          2  (u)                -79   782   782  1188  1188   312     0     -0.004      0.001     -0.163      0.163      0.005
   966          1  (d)                -75   858     0  1365  1365   164     0      0.701      0.254     50.195     50.201      0.000
   967         -1  (dbar)             -75   858     0  1045  1047     0   329      0.701      0.254     50.195     50.201      0.000
   968         21  (g)                -75   886   902  1099  1099   149   269      0.166     -2.153    -89.513     89.539      0.000
   969         21  (g)                -75   886   902  1054     0   343   239     -0.098     -0.731    -11.935     11.957      0.000
   970          1  (d)                -75   886   902  1100  1100   269     0     -0.018     -0.131     -2.138      2.143      0.000
   971         -1  (dbar)             -75   886   902  1526  1526     0   343      0.084     -1.087    -45.190     45.203      0.000
   972         21  (g)                -75   844   848  1059     0   168   185     -0.926     -0.475     10.729     10.779      0.000
   973         21  (g)                -75   844   848  1027  1029   344   314      0.295      0.153      4.546      4.558      0.000
   974          1  (d)                -75   844   848  1213  1213   185     0      0.081      0.042      1.244      1.248      0.000
   975         -1  (dbar)             -75   844   848  1061     0     0   344     -0.089     -0.046      1.031      1.036      0.000
   976         21  (g)                -75   796   817  1288  1288   182   222     -0.341      0.327     -0.733      0.872      0.000
   977         21  (g)                -75   796   817  1065     0   345   124      0.033      0.281      0.182      0.337      0.000
   978          3  (s)                -75   796   817  1289  1289   222     0      0.023      0.193      0.126      0.232      0.000
   979         -3  (sbar)             -75   796   817  1177  1177     0   345     -0.266      0.255     -0.573      0.682      0.000
   980         21  (g)                -75   840   847  1255  1255   128   184      0.342      1.825     -0.072      1.859      0.000
   981         21  (g)                -75   840   847  1075     0   346   252      0.174     -0.061     -0.208      0.278      0.000
   982          1  (d)                -75   840   847  1256  1256   184     0      0.076     -0.027     -0.091      0.122      0.000
   983         -1  (dbar)             -75   840   847  1075     0     0   346      0.050      0.268     -0.011      0.273      0.000
   984         21  (g)                -75   863   958  1030  1032   187   183      1.295     -0.660     -0.029      1.454      0.000
   985         21  (g)                -75   863   958  1245  1245   347   141      0.169     -0.410      0.927      1.028      0.000
   986          3  (s)                -75   863   958  1389  1389   183     0      0.042     -0.102      0.231      0.256      0.000
   987         -3  (sbar)             -75   863   958  1246  1246     0   347      0.776     -0.395     -0.017      0.871      0.000
   988         21  (g)                -75   833   874  1068     0   251   211      0.546     -0.692    -16.917     16.939      0.000
   989         21  (g)                -75   833   874  1070     0   348   323      0.779     -2.947    -36.369     36.496      0.000
   990          2  (u)                -75   833   874  1068     0   211     0      0.193     -0.729     -8.993      9.025      0.000
   991         -2  (ubar)             -75   833   874  1070     0     0   348      0.049     -0.063     -1.528      1.530      0.000
   992         21  (g)                -75   797   823  1203  1203   257   202     -0.600     -0.137     -4.343      4.387      0.000
   993         21  (g)                -75   797   823  1039  1041   349   321     -1.282      0.118     -3.587      3.811      0.000
   994          2  (u)                -75   797   823  1204  1204   202     0     -1.004      0.092     -2.808      2.983      0.000
   995         -2  (ubar)             -75   797   823  1335  1335     0   349     -0.418     -0.096     -3.025      3.055      0.000
   996          2  (u)                -75   906     0  1205  1205   249     0     -0.571      0.423    -10.539     10.563      0.000
   997         -2  (ubar)             -75   906     0  1060     0     0   311     -0.571      0.423    -10.539     10.563      0.000
   998          1  (d)                -75   885     0  1206  1206   246     0      0.257      0.127     -0.672      0.730      0.000
   999         -1  (dbar)             -75   885     0  1471  1471     0   327      0.257      0.127     -0.672      0.730      0.000
  1000          2  (u)                -75   868     0  1042  1044   158     0     -0.306      0.409      3.526      3.563      0.000
  1001         -2  (ubar)             -75   868     0  1074     0     0   333     -0.306      0.409      3.526      3.563      0.000
  1002          1  (d)                -75   859     0  1189  1189   136     0      0.528      0.017      1.877      1.950      0.000
  1003         -1  (dbar)             -75   859     0  1051  1051     0   338      0.528      0.017      1.877      1.950      0.000
  1004          3  (s)                -75   787     0  1190  1190   144     0     -0.773      0.922      4.873      5.020      0.000
  1005         -3  (sbar)             -75   787     0  1074     0     0   332     -0.773      0.922      4.873      5.020      0.000
  1006         21  (g)                -75   878   880  1349  1349   261   229     -0.076     -0.339      4.540      4.553      0.000
  1007         21  (g)                -75   878   880  1529  1529   350   125      0.221      0.139      0.110      0.283      0.000
  1008          1  (d)                -75   878   880  1348  1348   229     0      0.183      0.116      0.091      0.235      0.000
  1009         -1  (dbar)             -75   878   880  1530  1530     0   350     -0.061     -0.272      3.639      3.649      0.000
  1010          3  (s)                -75   952     0  1493  1493   220     0     -0.338      0.031      3.044      3.063      0.000
  1011         -3  (sbar)             -75   952     0  1048  1048     0   336     -0.338      0.031      3.044      3.063      0.000
  1012         21  (g)                -75   798   804  1163  1163   116   170      0.251      0.347      2.868      2.900      0.000
  1013         21  (g)                -75   798   804  1270  1270   351   188      2.271      1.974      5.497      6.267      0.000
  1014          1  (d)                -75   798   804  1162  1162   170     0      1.782      1.548      4.312      4.915      0.000
  1015         -1  (dbar)             -75   798   804  1271  1271     0   351      0.177      0.245      2.024      2.046      0.000
  1016         21  (g)                -75   883   954  1313  1313   196   322      0.880     -0.192    -83.966     83.971      0.000
  1017         21  (g)                -75   883   954  1053  1053   352   341      0.278     -1.062   -124.074    124.079      0.000
  1018          3  (s)                -75   883   954  1312  1312   322     0      0.201     -0.766    -89.545     89.549      0.000
  1019         -3  (sbar)             -75   883   954  1173  1173     0   352      0.394     -0.086    -37.607     37.609      0.000
  1020         -1  (dbar)             -66   810   810  1200  1200     0   234     -0.878     -0.192     11.337     11.377      0.330
  1021         21  (g)                -66   854   854  1076     0   150   152     -0.783     -0.016     34.141     34.150      0.000
  1022         -3  (sbar)             -66   917   917  1090  1090     0   293      0.150      0.288     68.349     68.350      0.000
  1023       2203  (uu_1)             -66   890   890  1119  1119     0   294     -0.235      0.040    775.513    775.513      0.771
  1024         21  (g)                -76   918   849  1254  1254   203   128      0.480     -0.293      0.385      0.681      0.000
  1025         21  (g)                -76   918   849  1257  1257   298   295      0.387     -0.871      0.882      1.299      0.000
  1026         -1  (dbar)             -76   918   849  1181  1181     0   353      0.194     -0.233      0.258      0.410      0.099
  1027         21  (g)                -76   973   950  1061     0   344   314      0.207      0.107      3.187      3.196      0.000
  1028         -1  (dbar)             -76   973   950  1062     0     0   315      0.019      0.050     11.229     11.232      0.250
  1029          1  (d)                -76   973   950  1259  1259   354     0      0.090      0.051      2.636      2.640      0.100
  1030         21  (g)                -76   984   821  1388  1388   187   183      0.918     -0.468     -0.020      1.031      0.000
  1031         21  (g)                -76   984   821  1390  1390   102   250      1.258      0.302      0.246      1.317      0.000
  1032         -1  (dbar)             -76   984   821  1063     0     0   355      0.645     -0.128      0.044      0.704      0.247
  1033         -2  (ubar)             -76   956   940  1063     0     0   317      0.036     -0.015     -0.545      0.547      0.033
  1034         21  (g)                -76   956   940  1064     0   124   318     -0.054     -0.371     -0.299      0.480      0.000
  1035          1  (d)                -76   956   940  1394  1394   356     0     -0.012     -0.225     -0.471      0.577      0.248
  1036          2  (u)                -76   929   892  1155  1155   111     0      0.070      0.007      0.331      0.338      0.000
  1037          2  (u)                -76   929   892  1066     0   275     0      0.210      0.426     -0.341      0.628      0.230
  1038         -2  (ubar)             -76   929   892  1336  1336     0   357      0.105      0.187     -0.082      0.342      0.253
  1039         21  (g)                -76   993   927  1330  1330   258   320     -2.450      2.821     -6.883      7.832      0.000
  1040         21  (g)                -76   993   927  1334  1334   349   321     -1.063      0.097     -2.973      3.159      0.000
  1041          2  (u)                -76   993   927  1066     0   358     0     -0.475      0.314     -1.331      1.469      0.245
  1042          2  (u)                -76  1000   911  1185  1185   158     0     -0.266      0.355      3.057      3.089      0.000
  1043          1  (d)                -76  1000   911  1072     0   155     0      0.174     -0.500     20.206     20.213      0.000
  1044         -2  (ubar)             -76  1000   911  1073     0     0   359      0.046     -0.195     10.532     10.540      0.369
  1045         -1  (dbar)             -76   967   888  1073     0     0   329      0.414      0.150     29.673     29.677      0.000
  1046         -1  (dbar)             -76   967   888  1143  1143     0   330     -0.207      0.286     70.842     70.844      0.253
  1047          2  (u)                -76   967   888  1072     0   360     0      0.223      0.191     42.177     42.179      0.373
  1048         -3  (sbar)             -66  1011  1011  1131  1131     0   172     -0.338      0.031      3.044      3.063      0.000
  1049         -1  (dbar)             -66   944   944  1353  1353     0   237     -0.245      0.203     11.653     11.661      0.311
  1050         21  (g)                -66   793   793  1494  1494   178   220     -1.533     -0.385      1.980      2.533      0.000
  1051         -1  (dbar)             -66  1003  1003  1164  1164     0   116      0.528      0.017      1.877      1.950      0.000
  1052         21  (g)                -66   852   852  1314  1314   252   196      0.738     -0.123    -18.382     18.397      0.000
  1053         21  (g)                -66  1017  1017  1172  1172   352   131      0.278     -1.062   -124.074    124.079      0.000
  1054         21  (g)                -73   884   969  1525  1525   343   259     -0.215     -1.365    -16.762     16.827      0.543
  1055         -2  (ubar)             -74   936   934  1056     0     0   225     -0.418     -0.347     29.553     29.567      0.703
  1056      -2203  (uu_1bar)          -74   962  1055  1193  1193   271     0     -0.444     -0.339     30.797     30.811      0.727
  1057         21  (g)                -73   905   921  1194  1194   299   271      0.777      0.135     10.855     10.896      0.510
  1058       1103  (dd_1)             -74   947   953  1210  1210     0   302     -0.518      0.275      5.030      5.103      0.630
  1059         21  (g)                -73   941   972  1212  1212   300   185     -1.695     -0.581     15.534     15.647      0.549
  1060      -2203  (uu_1bar)          -74   963   997  1167  1167   278     0     -1.370      0.550    -24.425     24.473      0.377
  1061         -1  (dbar)             -74   975  1027  1062     0     0   314      0.118      0.062      4.218      4.232      0.309
  1062      -1103  (dd_1bar)          -74  1028  1061  1180  1180   353     0      0.137      0.112     15.447     15.463      0.687
  1063      -2101  (ud_0bar)          -74  1032  1033  1064     0   318     0      0.682     -0.142     -0.500      1.251      0.911
  1064      -2101  (ud_0bar)          -74  1063  1034  1065     0   124     0      0.627     -0.514     -0.800      1.731      1.304
  1065      -2101  (ud_0bar)          -74  1064   977  1176  1176   345     0      0.660     -0.233     -0.617      2.068      1.845
  1066       2203  (uu_1)             -74  1037  1041  1154  1154     0   111     -0.265      0.740     -1.672      2.097      0.991
  1067         21  (g)                -73   830   901  1331  1331   209   258     -0.559      0.845     -0.715      1.339      0.506
  1068          2  (u)                -74   990   988  1069     0   251     0      0.738     -1.421    -25.910     25.964      0.512
  1069       3203  (su_1)             -74   896  1068  1320  1320     0   198      1.551     -2.488    -44.771     44.880      1.073
  1070         -2  (ubar)             -73   991   989  1405  1405     0   323      0.828     -3.009    -37.897     38.026      0.309
  1071         -1  (dbar)             -73   926   875  1470  1470     0   112     -0.189     -0.356     -1.103      1.239      0.393
  1072       2103  (ud_1)             -74  1043  1047  1184  1184     0   158      0.397     -0.309     62.383     62.393      0.972
  1073      -2103  (ud_1bar)          -74  1044  1045  1142  1142   330     0      0.460     -0.045     40.205     40.217      0.849
  1074      -3203  (su_1bar)          -74  1001  1005  1267  1267   331     0     -1.079      1.331      8.399      8.582      0.417
  1075         -1  (dbar)             -73   983   981  1315  1315     0   252      0.224      0.208     -0.218      0.551      0.403
  1076         21  (g)                -73   961  1021  1218  1218   150   230     -2.068      0.119     92.331     92.354      0.130
  1077         21  (g)                -73   855   860  1499  1499   166   132     -0.791     -0.377     -0.140      0.905      0.175
  1078         21  (g)                -73   789   800  1427  1427   103   110     -5.387      0.509      1.724      5.694      0.417
  1079         21  (g)                -73   843   851  1159  1159   255   130      1.088     -0.805    262.731    262.735      0.468
  1080         21  (g)                -71   845   845  1082  1082   143   253     -1.451      0.349     -5.564      5.761      0.000
  1081         21  (g)                -71   853   853  1082  1082   253   143     -0.533      0.006     -1.336      1.438      0.000
  1082        111  (pi0)              -81  1080  1081  1722  1723     0     0     -1.984      0.355     -6.905      7.195      0.135
  1083          2  (u)                -72   909   909  1112  1112   119     0      0.183      0.069      1.675      1.687      0.000
  1084         21  (g)                -72   907   907  1113  1113   120   119     -0.506     -1.746     11.433     11.577      0.000
  1085         21  (g)                -72   861   861  1114  1114   201   120     -0.338      0.121    252.985    252.985      0.000
  1086         21  (g)                -72   856   856  1115  1115   135   201      0.015     -3.958   1157.765   1157.772      0.000
  1087         21  (g)                -72   862   862  1116  1116   263   135     -0.044     -0.672     73.569     73.572      0.000
  1088         -1  (dbar)             -72   866   866  1117  1117     0   263      0.936     -1.751    114.318    114.336      0.330
  1089          1  (d)                -71   891   891  1091  1091   293     0      0.162      0.461    346.073    346.074      0.330
  1090         -3  (sbar)             -71  1022  1022  1091  1091     0   293      0.150      0.288     68.349     68.350      0.000
  1091        311  (K0)               -81  1089  1090  1553  1553     0     0      0.312      0.749    414.423    414.424      0.498
  1092         21  (g)                -72   872   872  1121  1121   181   200     -0.771      0.537   -146.313    146.316      0.000
  1093         21  (g)                -72   871   871  1122  1122   200   180      0.291      0.285   -601.845    601.846      0.000
  1094          1  (d)                -72   895   895  1123  1123   180     0     -0.621      0.077  -3451.187   3451.187      0.330
  1095          3  (s)                -72   939   939  1124  1124   153     0      0.244      0.453    -49.703     49.705      0.000
  1096         21  (g)                -72   825   825  1125  1125   165   175      0.084      0.413    -58.772     58.773      0.000
  1097         21  (g)                -72   829   829  1126  1126   175   242     -0.058     -0.682    -55.587     55.591      0.000
  1098         21  (g)                -72   827   827  1127  1127   242   149     -0.427     -0.191     -5.674      5.693      0.000
  1099         21  (g)                -72   968   968  1128  1128   149   269      0.166     -2.153    -89.513     89.539      0.000
  1100          1  (d)                -72   970   970  1129  1129   269     0     -0.018     -0.131     -2.138      2.143      0.000
  1101          1  (d)                -71   937   937  1103  1104   176     0     -0.869      2.024    -90.014     90.041      0.000
  1102         -1  (dbar)             -71   933   933  1103  1104     0   176      0.032     -0.007     -3.023      3.023      0.000
  1103        111  (pi0)              -82  1101  1102  1724  1725     0     0     -0.493      0.682    -31.493     31.505      0.135
  1104        111  (pi0)              -82  1101  1102  1726  1727     0     0     -0.344      1.336    -61.544     61.559      0.135
  1105          1  (d)                -71   932   932  1107  1108   197     0     -0.006      0.009      0.105      0.105      0.000
  1106         -3  (sbar)             -71   889   889  1107  1108     0   197      0.400     -1.354      0.065      1.499      0.500
  1107       -211  pi-                 82  1105  1106     0     0     0     0      0.010     -0.455     -0.094      0.485      0.140
  1108        321  K+                  82  1105  1106     0     0     0     0      0.384     -0.890      0.263      1.119      0.494
  1109         21  (g)                -71   802   802  1111  1111   167   104      1.030     -0.165    -21.825     21.850      0.000
  1110         21  (g)                -71   785   785  1111  1111   104   167      7.668      0.209   -134.663    134.881      0.000
  1111        113  (rho0)             -81  1109  1110  1554  1555     0     0      8.698      0.044   -156.487    156.731      0.837
  1112          2  (u)                -72  1083  1083  1451  1462   119     0      0.183      0.069      1.675      1.687      0.000
  1113         21  (g)                -72  1084  1084  1451  1462   120   119     -0.506     -1.746     11.433     11.577      0.000
  1114         21  (g)                -72  1085  1085  1451  1462   201   120     -0.338      0.121    252.985    252.985      0.000
  1115         21  (g)                -72  1086  1086  1451  1462   135   201      0.015     -3.958   1157.765   1157.772      0.000
  1116         21  (g)                -72  1087  1087  1451  1462   263   135     -0.044     -0.672     73.569     73.572      0.000
  1117         -1  (dbar)             -72  1088  1088  1451  1462     0   263      0.936     -1.751    114.318    114.336      0.330
  1118          1  (d)                -71   893   893  1120  1120   294     0     -0.542     -0.271    816.323    816.323      0.330
  1119       2203  (uu_1)             -71  1023  1023  1120  1120     0   294     -0.235      0.040    775.513    775.513      0.771
  1120       2212  p+                  81  1118  1119     0     0     0     0     -0.777     -0.232   1591.835   1591.836      0.938
  1121         21  (g)                -72  1092  1092  1133  1133   181   200     -0.771      0.537   -146.313    146.316      0.000
  1122         21  (g)                -72  1093  1093  1134  1134   200   180      0.291      0.285   -601.845    601.846      0.000
  1123          1  (d)                -72  1094  1094  1135  1135   180     0     -0.621      0.077  -3451.187   3451.187      0.330
  1124          3  (s)                -72  1095  1095  1136  1136   153     0      0.244      0.453    -49.703     49.705      0.000
  1125         21  (g)                -72  1096  1096  1137  1137   165   175      0.084      0.413    -58.772     58.773      0.000
  1126         21  (g)                -72  1097  1097  1138  1138   175   242     -0.058     -0.682    -55.587     55.591      0.000
  1127         21  (g)                -72  1098  1098  1139  1139   242   149     -0.427     -0.191     -5.674      5.693      0.000
  1128         21  (g)                -72  1099  1099  1140  1140   149   269      0.166     -2.153    -89.513     89.539      0.000
  1129          1  (d)                -72  1100  1100  1141  1141   269     0     -0.018     -0.131     -2.138      2.143      0.000
  1130          1  (d)                -71   805   805  1132  1132   172     0      0.884     -0.781     21.700     21.734      0.330
  1131         -3  (sbar)             -71  1048  1048  1132  1132     0   172     -0.338      0.031      3.044      3.063      0.000
  1132        313  (K*0)              -81  1130  1131  1556  1557     0     0      0.546     -0.750     24.754     24.787      0.865
  1133         21  (g)                -72  1121  1121  1145  1145   181   200     -0.771      0.537   -146.314    146.317      0.000
  1134         21  (g)                -72  1122  1122  1146  1146   200   180      0.291      0.285   -601.847    601.847      0.000
  1135          1  (d)                -72  1123  1123  1147  1147   180     0     -0.621      0.077  -3451.195   3451.195      0.330
  1136          3  (s)                -72  1124  1124  1148  1148   153     0      0.244      0.453    -49.703     49.705      0.000
  1137         21  (g)                -72  1125  1125  1149  1149   165   175      0.084      0.413    -58.772     58.773      0.000
  1138         21  (g)                -72  1126  1126  1150  1150   175   242     -0.058     -0.682    -55.587     55.591      0.000
  1139         21  (g)                -72  1127  1127  1151  1151   242   149     -0.427     -0.191     -5.674      5.693      0.000
  1140         21  (g)                -72  1128  1128  1152  1152   149   269      0.166     -2.153    -89.513     89.539      0.000
  1141          1  (d)                -72  1129  1129  1153  1153   269     0     -0.018     -0.131     -2.138      2.143      0.000
  1142      -2103  (ud_1bar)          -74  1073  1073  1144  1144   330     0      0.460     -0.045     40.205     40.217      0.849
  1143         -1  (dbar)             -71  1046  1046  1144  1144     0   330     -0.207      0.286     70.842     70.844      0.253
  1144      -2114  (Deltabar0)        -89  1142  1143  1558  1559     0     0      0.253      0.241    111.048    111.059      1.539
  1145         21  (g)                -72  1133  1133  1440  1450   181   200     -0.771      0.537   -146.314    146.317      0.000
  1146         21  (g)                -72  1134  1134  1440  1450   200   180      0.291      0.285   -601.847    601.847      0.000
  1147          1  (d)                -72  1135  1135  1440  1450   180     0     -0.621      0.077  -3451.196   3451.196      0.330
  1148          3  (s)                -72  1136  1136  1440  1450   153     0      0.244      0.453    -49.703     49.705      0.000
  1149         21  (g)                -72  1137  1137  1440  1450   165   175      0.084      0.413    -58.772     58.773      0.000
  1150         21  (g)                -72  1138  1138  1440  1450   175   242     -0.058     -0.682    -55.587     55.591      0.000
  1151         21  (g)                -72  1139  1139  1440  1450   242   149     -0.427     -0.191     -5.674      5.693      0.000
  1152         21  (g)                -72  1140  1140  1440  1450   149   269      0.166     -2.153    -89.513     89.539      0.000
  1153          1  (d)                -72  1141  1141  1440  1450   269     0     -0.018     -0.131     -2.138      2.143      0.000
  1154       2203  (uu_1)             -74  1066  1066  1156  1157     0   111     -0.265      0.740     -1.672      2.097      0.991
  1155          2  (u)                -71  1036  1036  1156  1157   111     0      0.070      0.007      0.331      0.338      0.000
  1156       3222  Sigma+              89  1154  1155     0     0     0     0     -0.263      0.178     -0.577      1.360      1.189
  1157        321  K+                  82  1154  1155     0     0     0     0      0.068      0.569     -0.764      1.076      0.494
  1158         21  (g)                -71   898   898  1160  1161   130   255      1.097     -0.036    567.067    567.068      0.000
  1159         21  (g)                -71  1079  1079  1160  1161   255   130      1.088     -0.805    262.731    262.735      0.468
  1160        333  (phi)              -83  1158  1159  1728  1729     0     0      1.442     -0.688    488.604    488.608      1.023
  1161        221  (eta)              -84  1158  1159  1730  1732     0     0      0.744     -0.153    341.194    341.195      0.548
  1162          1  (d)                -71  1014  1014  1165  1166   170     0      1.782      1.548      4.312      4.915      0.000
  1163         21  (g)                -71  1012  1012  1165  1166   116   170      0.251      0.347      2.868      2.900      0.000
  1164         -1  (dbar)             -71  1051  1051  1165  1166     0   116      0.528      0.017      1.877      1.950      0.000
  1165       -211  pi-                 83  1162  1164     0     0     0     0      1.624      1.607      3.973      4.585      0.140
  1166        211  pi+                 84  1162  1164     0     0     0     0      0.937      0.305      5.084      5.180      0.140
  1167      -2203  (uu_1bar)          -74  1060  1060  1169  1170   278     0     -1.370      0.550    -24.425     24.473      0.377
  1168         -3  (sbar)             -71   964   964  1169  1170     0   278      0.243      0.453    -49.621     49.624      0.000
  1169       -211  pi-                 83  1167  1168     0     0     0     0     -0.609      0.334     -7.042      7.077      0.140
  1170      -3122  Lambdabar0          87  1167  1168     0     0     0     0     -0.518      0.669    -67.005     67.019      1.116
  1171          2  (u)                -71   846   846  1174  1175   131     0      0.778     -0.753   -429.672    429.674      0.330
  1172         21  (g)                -71  1053  1053  1174  1175   352   131      0.278     -1.062   -124.074    124.079      0.000
  1173         -3  (sbar)             -71  1019  1019  1174  1175     0   352      0.394     -0.086    -37.607     37.609      0.000
  1174        211  pi+                 83  1171  1173     0     0     0     0      0.119     -0.621   -281.936    281.937      0.140
  1175        313  (K*0)              -84  1171  1173  1560  1561     0     0      1.332     -1.280   -309.417    309.424      1.181
  1176      -2101  (ud_0bar)          -74  1065  1065  1178  1179   345     0      0.660     -0.233     -0.617      2.068      1.845
  1177         -3  (sbar)             -71   979   979  1178  1179     0   345     -0.266      0.255     -0.573      0.682      0.000
  1178        331  (eta')             -83  1176  1177  1733  1735     0     0      0.500     -0.046      0.042      1.082      0.958
  1179      -3122  Lambdabar0          87  1176  1177     0     0     0     0     -0.106      0.069     -1.232      1.667      1.116
  1180      -1103  (dd_1bar)          -74  1062  1062  1182  1183   353     0      0.137      0.112     15.447     15.463      0.687
  1181         -1  (dbar)             -71  1026  1026  1182  1183     0   353      0.194     -0.233      0.258      0.410      0.099
  1182      -3112  Sigmabar+           87  1180  1181     0     0     0     0     -0.105      0.138     13.550     13.604      1.197
  1183       -311  (Kbar0)            -84  1180  1181  1562  1562     0     0      0.435     -0.259      2.155      2.269      0.498
  1184       2103  (ud_1)             -74  1072  1072  1186  1187     0   158      0.397     -0.309     62.383     62.393      0.972
  1185          2  (u)                -71  1042  1042  1186  1187   158     0     -0.266      0.355      3.057      3.089      0.000
  1186        213  (rho+)             -83  1184  1185  1563  1564     0     0     -0.096     -0.266     50.194     50.202      0.835
  1187       2112  n0                  87  1184  1185     0     0     0     0      0.227      0.312     15.246     15.280      0.940
  1188          2  (u)                -71   965   965  1191  1192   312     0     -0.004      0.001     -0.163      0.163      0.005
  1189          1  (d)                -71  1002  1002  1191  1192   136     0      0.528      0.017      1.877      1.950      0.000
  1190          3  (s)                -71  1004  1004  1191  1192   144     0     -0.773      0.922      4.873      5.020      0.000
  1191       3122  Lambda0             87  1188  1190     0     0     0     0     -0.877      1.014      4.415      4.747      1.116
  1192        223  (omega)            -84  1188  1190  1736  1737     0     0      0.629     -0.073      2.172      2.385      0.755
  1193      -2203  (uu_1bar)          -74  1056  1056  1196  1197   271     0     -0.444     -0.339     30.797     30.811      0.727
  1194         21  (g)                -71  1057  1057  1196  1197   299   271      0.777      0.135     10.855     10.896      0.510
  1195         -2  (ubar)             -71   923   923  1196  1197     0   299     -0.027     -0.257     14.635     14.638      0.000
  1196      -2224  (Deltabar--)       -87  1193  1195  1565  1566     0     0     -0.407      0.047     46.058     46.076      1.233
  1197        111  (pi0)              -84  1193  1195  1738  1739     0     0      0.712     -0.507     10.230     10.269      0.135
  1198          2  (u)                -71   935   935  1201  1202   228     0     -0.008     -0.038      1.068      1.069      0.000
  1199         21  (g)                -71   960   960  1201  1202   234   228     -1.803      0.922     90.308     90.331      0.000
  1200         -1  (dbar)             -71  1020  1020  1201  1202     0   234     -0.878     -0.192     11.337     11.377      0.330
  1201        323  (K*+)              -83  1198  1200  1567  1568     0     0     -1.719      0.447     86.830     86.854      1.048
  1202       -311  (Kbar0)            -84  1198  1200  1569  1569     0     0     -0.970      0.244     15.883     15.922      0.498
  1203         21  (g)                -71   992   992  1207  1209   257   202     -0.600     -0.137     -4.343      4.387      0.000
  1204          2  (u)                -71   994   994  1207  1209   202     0     -1.004      0.092     -2.808      2.983      0.000
  1205          2  (u)                -71   996   996  1207  1209   249     0     -0.571      0.423    -10.539     10.563      0.000
  1206          1  (d)                -71   998   998  1207  1209   246     0      0.257      0.127     -0.672      0.730      0.000
  1207        211  pi+                 86  1203  1206     0     0     0     0     -0.029     -0.127     -1.975      1.984      0.140
  1208        211  pi+                 83  1203  1206     0     0     0     0     -1.190     -0.395     -4.803      4.966      0.140
  1209       1114  (Delta-)           -87  1203  1206  1570  1571     0     0     -0.699      1.027    -11.584     11.713      1.211
  1210       1103  (dd_1)             -74  1058  1058  1214  1216     0   302     -0.518      0.275      5.030      5.103      0.630
  1211         21  (g)                -71   931   931  1214  1216   302   300     -1.064      1.664     19.235     19.336      0.000
  1212         21  (g)                -71  1059  1059  1214  1216   300   185     -1.695     -0.581     15.534     15.647      0.549
  1213          1  (d)                -71   974   974  1214  1216   185     0      0.081      0.042      1.244      1.248      0.000
  1214        313  (K*0)              -83  1210  1213  1572  1573     0     0     -1.125      1.557     14.150     14.306      0.874
  1215       3212  (Sigma0)           -87  1210  1213  1740  1741     0     0     -1.251     -0.160     21.496     21.566      1.193
  1216       -211  pi-                 84  1210  1213     0     0     0     0     -0.820      0.003      5.398      5.462      0.140
  1217          1  (d)                -71   864   864  1221  1224   230     0     -0.674     -0.307    118.311    118.314      0.330
  1218         21  (g)                -71  1076  1076  1221  1224   150   230     -2.068      0.119     92.331     92.354      0.130
  1219         21  (g)                -71   841   841  1221  1224   133   150     -0.081     -0.231      2.521      2.533      0.000
  1220         -1  (dbar)             -71   957   957  1221  1224     0   133      0.260     -0.746     30.149     30.160      0.000
  1221       -211  pi-                 83  1217  1220     0     0     0     0     -0.344      0.211     36.203     36.205      0.140
  1222        323  (K*+)              -83  1217  1220  1574  1575     0     0     -1.505     -0.534    139.302    139.314      0.875
  1223       -321  K-                  84  1217  1220     0     0     0     0     -0.374      0.048     14.828     14.841      0.494
  1224        213  (rho+)             -84  1217  1220  1576  1577     0     0     -0.341     -0.890     52.979     53.000      1.144
  1225          2  (u)                -71   922   922  1231  1234   277     0      0.109      0.111      0.794      0.809      0.000
  1226         21  (g)                -71   949   949  1231  1234   274   277     -0.041     -0.383     21.778     21.782      0.000
  1227         21  (g)                -71   948   948  1231  1234   232   274      0.067      0.333     12.590     12.595      0.000
  1228         21  (g)                -71   928   928  1231  1234   301   232      0.587      0.056      2.787      2.849      0.000
  1229         21  (g)                -71   914   914  1231  1234   297   301     -0.160     -0.292      1.661      1.694      0.000
  1230         -1  (dbar)             -71   916   916  1231  1234     0   297     -1.140      0.033     28.944     28.966      0.000
  1231        211  pi+                 83  1225  1230     0     0     0     0      0.151     -0.156     14.268     14.271      0.140
  1232       2112  n0                  83  1225  1230     0     0     0     0      1.104     -0.366     17.711     17.774      0.940
  1233      -2112  nbar0               84  1225  1230     0     0     0     0     -0.746      0.333     18.826     18.867      0.940
  1234        111  (pi0)              -84  1225  1230  1742  1743     0     0     -1.086      0.048     17.749     17.783      0.135
  1235         21  (g)                -71   801   801  1239  1242   163   106     -2.213      2.320     31.785     31.947      0.000
  1236         21  (g)                -71   945   945  1239  1242   254   163     -1.633      1.643     17.245     17.399      0.000
  1237         21  (g)                -71   822   822  1239  1242   217   254     -6.177      3.529     47.000     47.535      0.000
  1238         21  (g)                -71   786   786  1239  1242   106   217    -10.532      8.360     86.768     87.804      0.000
  1239        111  (pi0)              -83  1235  1238  1744  1745     0     0     -0.790      0.402      4.967      5.047      0.135
  1240       2112  n0                  83  1235  1238     0     0     0     0     -6.078      5.052     50.860     51.479      0.940
  1241        223  (omega)            -83  1235  1238  1746  1748     0     0     -5.944      4.763     63.075     63.538      0.796
  1242      -2114  (Deltabar0)        -84  1235  1238  1578  1579     0     0     -7.743      5.636     63.896     64.621      1.198
  1243         21  (g)                -71   814   814  1248  1253   213   123      0.163     -0.267      0.372      0.486      0.000
  1244         -2  (ubar)             -71   910   910  1248  1253     0   213     -0.268     -0.924      6.051      6.127      0.000
  1245         21  (g)                -71   985   985  1248  1253   347   141      0.169     -0.410      0.927      1.028      0.000
  1246         -3  (sbar)             -71   987   987  1248  1253     0   347      0.776     -0.395     -0.017      0.871      0.000
  1247         -2  (ubar)             -71   930   930  1248  1253     0   309     -0.193      0.222     -0.543      0.618      0.000
  1248       -211  pi-                 86  1243  1247     0     0     0     0     -0.239      0.044     -0.113      0.302      0.140
  1249        211  pi+                 86  1243  1247     0     0     0     0     -0.121     -0.162     -0.067      0.255      0.140
  1250        223  (omega)            -83  1243  1247  1749  1751     0     0     -0.093     -0.673      3.035      3.207      0.783
  1251       -211  pi-                 83  1243  1247     0     0     0     0      0.496     -0.649      2.791      2.912      0.140
  1252      -2114  (Deltabar0)        -87  1243  1247  1580  1581     0     0      0.243     -0.088      1.249      1.783      1.246
  1253        311  (K0)               -84  1243  1247  1582  1582     0     0      0.360     -0.245     -0.106      0.670      0.498
  1254         21  (g)                -71  1024  1024  1260  1266   203   128      0.480     -0.293      0.385      0.681      0.000
  1255         21  (g)                -71   980   980  1260  1266   128   184      0.342      1.825     -0.072      1.859      0.000
  1256          1  (d)                -71   982   982  1260  1266   184     0      0.076     -0.027     -0.091      0.122      0.000
  1257         21  (g)                -71  1025  1025  1260  1266   298   295      0.387     -0.871      0.882      1.299      0.000
  1258          3  (s)                -71   894   894  1260  1266   295     0     -0.324      0.007      0.948      1.120      0.500
  1259          1  (d)                -71  1029  1029  1260  1266   354     0      0.090      0.051      2.636      2.640      0.100
  1260       -311  (Kbar0)            -85  1254  1259  1583  1583     0     0      0.179      0.095      0.532      0.756      0.498
  1261       -211  pi-                 85  1254  1259     0     0     0     0     -0.029     -0.416      0.403      0.596      0.140
  1262       -211  pi-                 86  1254  1259     0     0     0     0     -0.093     -0.141      0.324      0.391      0.140
  1263        221  (eta)              -83  1254  1259  1752  1754     0     0      0.419      0.966      0.166      1.198      0.548
  1264        313  (K*0)              -83  1254  1259  1584  1585     0     0      0.307      0.025      0.496      1.231      1.084
  1265       3212  (Sigma0)           -87  1254  1259  1755  1756     0     0      0.139      0.075      0.555      1.325      1.193
  1266        211  pi+                 84  1254  1259     0     0     0     0      0.128      0.088      2.212      2.222      0.140
  1267      -3203  (su_1bar)          -74  1074  1074  1272  1277   331     0     -1.079      1.331      8.399      8.582      0.417
  1268         21  (g)                -71   806   806  1272  1277   177   331      0.529      0.307      1.117      1.273      0.000
  1269         21  (g)                -71   811   811  1272  1277   188   177      1.732      3.156      8.757      9.468      0.000
  1270         21  (g)                -71  1013  1013  1272  1277   351   188      2.271      1.974      5.497      6.267      0.000
  1271         -1  (dbar)             -71  1015  1015  1272  1277     0   351      0.177      0.245      2.024      2.046      0.000
  1272      -3214  (Sigma*bar0)       -87  1267  1271  1586  1587     0     0     -0.119      1.536      6.593      6.910      1.377
  1273       -213  (rho-)             -83  1267  1271  1588  1589     0     0      0.140      0.676      2.859      3.034      0.744
  1274        113  (rho0)             -83  1267  1271  1590  1591     0     0      0.254      0.918      4.181      4.365      0.817
  1275        211  pi+                 84  1267  1271     0     0     0     0      1.077      1.118      2.402      2.863      0.140
  1276        111  (pi0)              -84  1267  1271  1757  1758     0     0      0.807      1.385      4.471      4.752      0.135
  1277        223  (omega)            -84  1267  1271  1759  1761     0     0      1.472      1.380      5.288      5.713      0.784
  1278          2  (u)                -71   784   784  1280  1284   127     0     53.690     -7.861    -11.695     55.509      0.330
  1279         -3  (sbar)             -71   794   794  1280  1284     0   127     26.790     -5.748     -9.706     29.073      0.500
  1280        221  (eta)              -83  1278  1279  1762  1764     0     0     33.736     -4.995     -7.369     34.895      0.548
  1281        213  (rho+)             -83  1278  1279  1592  1593     0     0     19.059     -3.425     -5.605     20.198      1.267
  1282       -211  pi-                 83  1278  1279     0     0     0     0      5.217     -0.712     -0.943      5.351      0.140
  1283        111  (pi0)              -84  1278  1279  1765  1766     0     0      8.866     -1.833     -3.278      9.630      0.135
  1284        323  (K*+)              -84  1278  1279  1594  1595     0     0     13.603     -2.645     -4.207     14.508      0.870
  1285          2  (u)                -71   959   959  1292  1298   310     0      0.022     -0.054      0.235      0.248      0.052
  1286         21  (g)                -71   792   792  1292  1298   138   115      0.554      1.098     -2.926      3.174      0.000
  1287         21  (g)                -71   808   808  1292  1298   115   182      0.240     -0.167     -0.820      0.870      0.000
  1288         21  (g)                -71   976   976  1292  1298   182   222     -0.341      0.327     -0.733      0.872      0.000
  1289          3  (s)                -71   978   978  1292  1298   222     0      0.023      0.193      0.126      0.232      0.000
  1290         21  (g)                -71   842   842  1292  1298   173   191     -0.000      1.743     -4.661      4.976      0.000
  1291          2  (u)                -71   857   857  1292  1298   191     0      1.516      1.091    -10.750     10.916      0.330
  1292       -313  (K*bar0)           -85  1285  1291  1596  1597     0     0     -0.069      0.330     -1.040      1.426      0.916
  1293        111  (pi0)              -85  1285  1291  1767  1768     0     0      0.268      0.508     -0.505      0.777      0.135
  1294       -211  pi-                 85  1285  1291     0     0     0     0     -0.020      0.363     -0.556      0.679      0.140
  1295        111  (pi0)              -86  1285  1291  1769  1770     0     0     -0.185      0.401     -1.112      1.204      0.135
  1296        211  pi+                 83  1285  1291     0     0     0     0      0.504      1.436     -8.703      8.836      0.140
  1297        221  (eta)              -83  1285  1291  1771  1773     0     0      0.821      1.614     -5.411      5.732      0.548
  1298       2214  (Delta+)           -87  1285  1291  1598  1599     0     0      0.696     -0.420     -2.202      2.635      1.197
  1299          2  (u)                -71   912   912  1304  1311   160     0     -0.803      0.128    -13.968     13.992      0.000
  1300         21  (g)                -71   836   836  1304  1311   148   171     -0.168      0.125     -3.451      3.458      0.000
  1301         21  (g)                -71   867   867  1304  1311   171   233      0.085     -0.267     -0.066      0.288      0.000
  1302          1  (d)                -71   919   919  1304  1311   233     0      0.307     -0.692      0.701      1.031      0.000
  1303          3  (s)                -71   938   938  1304  1311   134     0      0.621     -0.260    -12.323     12.342      0.000
  1304       -311  (Kbar0)            -85  1299  1303  1600  1600     0     0     -0.306     -0.392     -7.740      7.772      0.498
  1305        113  (rho0)             -83  1299  1303  1601  1602     0     0      0.419     -0.320     -0.300      1.052      0.860
  1306        313  (K*0)              -83  1299  1303  1603  1604     0     0     -0.228      0.023     -0.396      0.972      0.858
  1307       -311  (Kbar0)            -83  1299  1303  1605  1605     0     0     -0.195     -0.100     -0.829      0.991      0.498
  1308        311  (K0)               -83  1299  1303  1606  1606     0     0      0.214     -0.418     -0.457      0.823      0.498
  1309       -311  (Kbar0)            -84  1299  1303  1607  1607     0     0      0.213     -0.038     -7.122      7.143      0.498
  1310       -211  pi-                 84  1299  1303     0     0     0     0     -0.286      0.035     -1.022      1.071      0.140
  1311       2212  p+                  87  1299  1303     0     0     0     0      0.211      0.244    -11.242     11.286      0.938
  1312          3  (s)                -71  1018  1018  1316  1319   322     0      0.201     -0.766    -89.545     89.549      0.000
  1313         21  (g)                -71  1016  1016  1316  1319   196   322      0.880     -0.192    -83.966     83.971      0.000
  1314         21  (g)                -71  1052  1052  1316  1319   252   196      0.738     -0.123    -18.382     18.397      0.000
  1315         -1  (dbar)             -71  1075  1075  1316  1319     0   252      0.224      0.208     -0.218      0.551      0.403
  1316       -311  (Kbar0)            -83  1312  1315  1608  1608     0     0      0.173     -0.185    -52.550     52.553      0.498
  1317        221  (eta)              -83  1312  1315  1774  1775     0     0      1.160     -1.206   -125.712    125.724      0.548
  1318       -211  pi-                 84  1312  1315     0     0     0     0      0.358      0.610    -13.773     13.792      0.140
  1319        211  pi+                 84  1312  1315     0     0     0     0      0.353     -0.093     -0.076      0.398      0.140
  1320       3203  (su_1)             -74  1069  1069  1324  1329     0   198      1.551     -2.488    -44.771     44.880      1.073
  1321         21  (g)                -71   835   835  1324  1329   198   244      0.500      0.627     -2.206      2.347      0.000
  1322         21  (g)                -71   924   924  1324  1329   244   117     -0.495     -0.018     -0.715      0.870      0.000
  1323          1  (d)                -71   925   925  1324  1329   117     0     -0.104     -0.014      0.652      0.660      0.000
  1324       3214  (Sigma*0)          -87  1320  1323  1609  1610     0     0      1.047     -0.746    -18.256     18.353      1.373
  1325        211  pi+                 83  1320  1323     0     0     0     0      0.684     -1.792    -26.946     27.014      0.140
  1326       -211  pi-                 84  1320  1323     0     0     0     0      0.079      0.291     -1.012      1.065      0.140
  1327        211  pi+                 84  1320  1323     0     0     0     0      0.093     -0.221     -0.995      1.033      0.140
  1328       -211  pi-                 84  1320  1323     0     0     0     0     -0.217      0.060      0.142      0.301      0.140
  1329        113  (rho0)             -84  1320  1323  1611  1612     0     0     -0.236      0.514      0.026      0.991      0.814
  1330         21  (g)                -71  1039  1039  1337  1347   258   320     -2.450      2.821     -6.883      7.832      0.000
  1331         21  (g)                -71  1067  1067  1337  1347   209   258     -0.559      0.845     -0.715      1.339      0.506
  1332         21  (g)                -71   876   876  1337  1347   264   209      3.814      0.785     -7.412      8.373      0.000
  1333         -3  (sbar)             -71   838   838  1337  1347     0   264      0.830      1.301    -15.427     15.512      0.500
  1334         21  (g)                -71  1040  1040  1337  1347   349   321     -1.063      0.097     -2.973      3.159      0.000
  1335         -2  (ubar)             -71   995   995  1337  1347     0   349     -0.418     -0.096     -3.025      3.055      0.000
  1336         -2  (ubar)             -71  1038  1038  1337  1347     0   357      0.105      0.187     -0.082      0.342      0.253
  1337       -211  pi-                 86  1330  1336     0     0     0     0     -0.964     -0.362     -3.914      4.049      0.140
  1338        313  (K*0)              -83  1330  1336  1613  1614     0     0      1.289      1.123     -9.439      9.636      0.907
  1339        211  pi+                 83  1330  1336     0     0     0     0     -0.092     -0.346     -3.605      3.626      0.140
  1340        223  (omega)            -83  1330  1336  1776  1778     0     0      0.385      0.543     -3.817      3.948      0.754
  1341        111  (pi0)              -84  1330  1336  1779  1780     0     0      0.999      0.233     -1.279      1.645      0.135
  1342       -213  (rho-)             -84  1330  1336  1615  1616     0     0      0.004      0.711     -3.087      3.329      1.021
  1343        211  pi+                 84  1330  1336     0     0     0     0      0.607      0.194     -0.909      1.119      0.140
  1344        111  (pi0)              -84  1330  1336  1781  1782     0     0     -0.957      1.627     -3.544      4.018      0.135
  1345       -211  pi-                 84  1330  1336     0     0     0     0      0.737     -0.064     -1.119      1.349      0.140
  1346       -313  (K*bar0)           -84  1330  1336  1617  1618     0     0     -0.391      0.604     -1.046      1.554      0.896
  1347      -3122  Lambdabar0          87  1330  1336     0     0     0     0     -1.358      1.678     -4.758      5.343      1.116
  1348          1  (d)                -71  1008  1008  1354  1364   229     0      0.183      0.116      0.091      0.235      0.000
  1349         21  (g)                -71  1006  1006  1354  1364   261   229     -0.076     -0.339      4.540      4.553      0.000
  1350         21  (g)                -71   879   879  1354  1364   210   261      0.162      0.542      3.913      3.954      0.000
  1351         21  (g)                -71   877   877  1354  1364   218   210      0.309     -0.347     16.104     16.111      0.000
  1352         21  (g)                -71   900   900  1354  1364   237   218     -0.233     -0.377    403.055    403.056      0.000
  1353         -1  (dbar)             -71  1049  1049  1354  1364     0   237     -0.245      0.203     11.653     11.661      0.311
  1354        221  (eta)              -83  1348  1353  1783  1785     0     0      0.229      0.168      2.943      3.007      0.548
  1355       -211  pi-                 83  1348  1353     0     0     0     0      0.067     -0.097      0.344      0.390      0.140
  1356        213  (rho+)             -83  1348  1353  1619  1620     0     0      0.128     -0.043     16.009     16.034      0.885
  1357       -211  pi-                 83  1348  1353     0     0     0     0     -0.411      0.166      4.419      4.443      0.140
  1358        111  (pi0)              -84  1348  1353  1786  1787     0     0      0.611     -0.447     14.209     14.229      0.135
  1359        213  (rho+)             -84  1348  1353  1621  1622     0     0     -0.191      0.708     44.539     44.551      0.717
  1360       2112  n0                  84  1348  1353     0     0     0     0     -0.670     -0.722    156.214    156.220      0.940
  1361      -2212  pbar-               84  1348  1353     0     0     0     0      0.400     -0.221     53.366     53.376      0.938
  1362        113  (rho0)             -84  1348  1353  1623  1624     0     0     -0.279      0.038     93.826     93.829      0.752
  1363        111  (pi0)              -84  1348  1353  1788  1789     0     0     -0.009      0.140     27.086     27.086      0.135
  1364        211  pi+                 84  1348  1353     0     0     0     0      0.224      0.107     26.402     26.404      0.140
  1365          1  (d)                -71   966   966  1375  1387   164     0      0.701      0.254     50.195     50.201      0.000
  1366         21  (g)                -71   831   831  1375  1387   190   139      0.273      1.637    237.954    237.960      0.000
  1367         21  (g)                -71   942   942  1375  1387   139   245     -1.179      0.815     26.607     26.645      0.000
  1368         21  (g)                -71   913   913  1375  1387   245   142     -1.327      0.038     33.708     33.734      0.000
  1369          1  (d)                -71   915   915  1375  1387   142     0     -0.129     -0.235      1.336      1.363      0.000
  1370         21  (g)                -71   834   834  1375  1387   118   243     -0.374      1.279     61.366     61.380      0.000
  1371         21  (g)                -71   828   828  1375  1387   243   216     -0.214      0.281     50.317     50.318      0.000
  1372         21  (g)                -71   899   899  1375  1387   216   151      1.592     -1.350     89.927     89.951      0.000
  1373         21  (g)                -71   865   865  1375  1387   151   226      1.405      0.065     66.992     67.007      0.000
  1374          3  (s)                -71   943   943  1375  1387   226     0      0.137      0.263     62.524     62.525      0.000
  1375       -311  (Kbar0)            -86  1365  1374  1625  1625     0     0      1.183      0.430     71.124     71.137      0.498
  1376       -211  pi-                 86  1365  1374     0     0     0     0      0.379     -0.716     50.752     50.758      0.140
  1377        211  pi+                 86  1365  1374     0     0     0     0      0.351     -0.211     70.344     70.345      0.140
  1378       -211  pi-                 86  1365  1374     0     0     0     0      0.583     -0.299     15.738     15.752      0.140
  1379        211  pi+                 86  1365  1374     0     0     0     0      0.633      0.179     34.708     34.714      0.140
  1380        111  (pi0)              -86  1365  1374  1790  1792     0     0     -0.165     -0.175     12.842     12.845      0.135
  1381       -211  pi-                 83  1365  1374     0     0     0     0     -1.527      0.537     35.183     35.220      0.140
  1382        211  pi+                 83  1365  1374     0     0     0     0      0.130     -0.030      3.053      3.059      0.140
  1383        111  (pi0)              -83  1365  1374  1793  1794     0     0      0.145      0.147      7.643      7.647      0.135
  1384       -213  (rho-)             -83  1365  1374  1626  1627     0     0     -0.892     -0.035     27.395     27.420      0.735
  1385       2212  p+                  84  1365  1374     0     0     0     0     -0.260     -0.000     54.782     54.790      0.938
  1386      -2112  nbar0               84  1365  1374     0     0     0     0      0.045      1.440     64.236     64.259      0.940
  1387       1114  (Delta-)           -87  1365  1374  1628  1629     0     0      0.282      1.780    233.127    233.136      1.160
  1388         21  (g)                -71  1030  1030  1395  1404   187   183      0.918     -0.468     -0.020      1.031      0.000
  1389          3  (s)                -71   986   986  1395  1404   183     0      0.042     -0.102      0.231      0.256      0.000
  1390         21  (g)                -71  1031  1031  1395  1404   102   250      1.258      0.302      0.246      1.317      0.000
  1391         21  (g)                -71   813   813  1395  1404   250   241      1.372     -0.818     -0.230      1.614      0.000
  1392         21  (g)                -71   820   820  1395  1404   241   205     13.393     -1.276     -3.836     13.990      0.000
  1393          3  (s)                -71   795   795  1395  1404   205     0     77.208    -11.888    -20.736     80.825      0.500
  1394          1  (d)                -71  1035  1035  1395  1404   356     0     -0.012     -0.225     -0.471      0.577      0.248
  1395       -311  (Kbar0)            -85  1388  1394  1630  1630     0     0      0.412      0.027      0.036      0.647      0.498
  1396       -321  K-                  83  1388  1394     0     0     0     0     45.265     -6.466    -12.495     47.403      0.494
  1397        213  (rho+)             -83  1388  1394  1631  1632     0     0     10.144     -1.537     -2.762     10.638      0.539
  1398        111  (pi0)              -83  1388  1394  1795  1796     0     0     11.069     -1.831     -2.812     11.567      0.135
  1399       -211  pi-                 83  1388  1394     0     0     0     0      0.272     -0.111      0.074      0.333      0.140
  1400        223  (omega)            -84  1388  1394  1797  1799     0     0     18.999     -2.531     -5.000     19.824      0.798
  1401        211  pi+                 84  1388  1394     0     0     0     0      3.988     -0.564     -0.814      4.111      0.140
  1402       -211  pi-                 84  1388  1394     0     0     0     0      1.624     -0.468     -0.935      1.937      0.140
  1403        221  (eta)              -84  1388  1394  1800  1802     0     0      0.860     -0.397      0.004      1.094      0.548
  1404       2114  (Delta0)           -87  1388  1394  1633  1634     0     0      1.547     -0.596     -0.111      2.052      1.205
  1405         -2  (ubar)             -71  1070  1070  1413  1421     0   323      0.828     -3.009    -37.897     38.026      0.309
  1406         21  (g)                -71   903   903  1413  1421   192   324     -0.917     -0.387     -2.846      3.015      0.000
  1407         21  (g)                -71   869   869  1413  1421   157   192     -0.367      1.202     -8.335      8.429      0.000
  1408         21  (g)                -71   850   850  1413  1421   206   157     -0.473      0.897    -11.353     11.398      0.000
  1409         21  (g)                -71   904   904  1413  1421   272   206     -1.433      1.589    -64.620     64.655      0.000
  1410         -1  (dbar)             -71   946   946  1413  1421     0   272     -0.869      2.024    -90.005     90.032      0.000
  1411         21  (g)                -71   873   873  1413  1421   235   256      0.091      0.089     -0.156      0.202      0.000
  1412         -2  (ubar)             -71   870   870  1413  1421     0   235     -0.485      0.223     -5.951      5.984      0.330
  1413        221  (eta)              -85  1405  1412  1803  1805     0     0     -0.396      0.316     -5.250      5.303      0.548
  1414        113  (rho0)             -86  1405  1412  1635  1636     0     0      0.238     -1.846    -20.051     20.159      0.936
  1415        213  (rho+)             -83  1405  1412  1637  1638     0     0     -1.629      2.994   -117.543    117.600      1.276
  1416       -323  (K*-)              -83  1405  1412  1639  1640     0     0     -0.749      0.870    -30.812     30.846      0.896
  1417        313  (K*0)              -83  1405  1412  1641  1642     0     0     -0.433      0.237     -7.145      7.197      0.704
  1418        211  pi+                 83  1405  1412     0     0     0     0      0.118      1.223    -15.760     15.809      0.140
  1419       -211  pi-                 84  1405  1412     0     0     0     0     -0.673     -0.382     -2.719      2.830      0.140
  1420      -2214  (Deltabar-)        -87  1405  1412  1643  1644     0     0     -0.087     -0.082    -12.050     12.111      1.204
  1421        113  (rho0)             -84  1405  1412  1645  1646     0     0     -0.010     -0.700     -9.832      9.887      0.774
  1422         21  (g)                -71   783   783  1428  1439   221   103   -118.039     18.619     16.789    120.672      0.000
  1423         21  (g)                -71   816   816  1428  1439   107   221     -8.548      0.728      1.011      8.638      0.000
  1424         21  (g)                -71   819   819  1428  1439   224   107     -6.094     -0.834      3.015      6.850      0.000
  1425         21  (g)                -71   809   809  1428  1439   186   224    -11.465      0.027      4.370     12.269      0.000
  1426         21  (g)                -71   788   788  1428  1439   110   186     -4.477      0.456      2.924      5.366      0.000
  1427         21  (g)                -71  1078  1078  1428  1439   103   110     -5.387      0.509      1.724      5.694      0.417
  1428        211  pi+                 83  1422  1427     0     0     0     0     -6.522     -0.490      1.800      6.785      0.140
  1429        313  (K*0)              -83  1422  1427  1647  1648     0     0     -6.541     -0.067      3.298      7.404      1.072
  1430       -321  K-                  83  1422  1427     0     0     0     0     -3.342     -0.066      1.380      3.650      0.494
  1431        223  (omega)            -83  1422  1427  1806  1808     0     0     -9.056      0.292      3.258      9.660      0.774
  1432        211  pi+                 83  1422  1427     0     0     0     0     -2.742     -0.057      1.202      2.997      0.140
  1433        113  (rho0)             -83  1422  1427  1649  1650     0     0     -3.663      0.996      1.230      4.035      0.597
  1434        221  (eta)              -84  1422  1427  1809  1811     0     0     -4.347      0.407      0.612      4.442      0.548
  1435       -211  pi-                 84  1422  1427     0     0     0     0    -58.520      8.815      8.449     59.780      0.140
  1436        211  pi+                 84  1422  1427     0     0     0     0    -15.874      3.312      2.088     16.351      0.140
  1437        111  (pi0)              -84  1422  1427  1812  1813     0     0    -11.039      1.351      2.035     11.307      0.135
  1438        113  (rho0)             -84  1422  1427  1651  1652     0     0    -30.517      4.567      4.131     31.144      0.835
  1439       -211  pi-                 84  1422  1427     0     0     0     0     -1.846      0.445      0.351      1.936      0.140
  1440        221  (eta)              -86  1145  1153  1814  1816     0     0     -0.576     -1.823    -71.794     71.822      0.548
  1441        223  (omega)            -86  1145  1153  1817  1818     0     0      0.380      0.156    -64.817     64.823      0.786
  1442        311  (K0)               -86  1145  1153  1653  1653     0     0      0.098     -0.231    -42.412     42.416      0.498
  1443        111  (pi0)              -83  1145  1153  1819  1820     0     0     -0.337      0.308   -661.004    661.004      0.135
  1444        221  (eta)              -83  1145  1153  1821  1823     0     0      0.104     -0.255   -603.424    603.425      0.548
  1445        313  (K*0)              -83  1145  1153  1654  1655     0     0     -0.282      0.521  -1225.568   1225.569      0.913
  1446       -313  (K*bar0)           -83  1145  1153  1656  1657     0     0     -0.414      0.054  -1286.522   1286.523      0.897
  1447       -213  (rho-)             -83  1145  1153  1658  1659     0     0     -0.036     -0.453   -278.007    278.010      1.234
  1448        213  (rho+)             -83  1145  1153  1660  1661     0     0     -0.081      0.444    -66.237     66.243      0.708
  1449       3212  (Sigma0)           -87  1145  1153  1824  1825     0     0     -0.311     -0.550   -114.751    114.759      1.193
  1450       -321  K-                  84  1145  1153     0     0     0     0      0.345      0.437    -46.205     46.211      0.494
  1451       2212  p+                  83  1112  1117     0     0     0     0     -0.299     -0.505      9.926      9.988      0.938
  1452      -2112  nbar0               83  1112  1117     0     0     0     0      0.249     -0.507     21.351     21.379      0.940
  1453        111  (pi0)              -83  1112  1117  1826  1827     0     0     -0.020     -0.216      0.663      0.710      0.135
  1454        111  (pi0)              -83  1112  1117  1828  1829     0     0     -0.268     -0.170      4.501      4.514      0.135
  1455       -211  pi-                 83  1112  1117     0     0     0     0      0.124     -0.342     47.854     47.855      0.140
  1456        323  (K*+)              -83  1112  1117  1662  1663     0     0     -0.155     -0.477    192.229    192.232      0.865
  1457       -323  (K*-)              -83  1112  1117  1664  1665     0     0     -0.061     -0.393    206.585    206.587      0.902
  1458        321  K+                  83  1112  1117     0     0     0     0     -0.328     -1.244    285.440    285.443      0.494
  1459       -323  (K*-)              -83  1112  1117  1666  1667     0     0      0.181     -1.191    485.639    485.642      0.903
  1460        211  pi+                 84  1112  1117     0     0     0     0      0.314     -1.249    144.177    144.182      0.140
  1461        313  (K*0)              -84  1112  1117  1668  1669     0     0      0.219     -0.226     95.349     95.353      0.886
  1462       -311  (Kbar0)            -84  1112  1117  1670  1670     0     0      0.290     -1.417    118.032    118.042      0.498
  1463         21  (g)                -71   812   812  1474  1492   101   326      0.241      0.372     -5.083      5.103      0.000
  1464         21  (g)                -71   799   799  1474  1492   145   101      2.130     -4.344   -116.440    116.541      0.000
  1465         21  (g)                -71   790   790  1474  1492   109   145      2.751     -2.445    -44.644     44.795      0.000
  1466         21  (g)                -71   818   818  1474  1492   223   109      9.218     -0.506   -113.434    113.809      0.000
  1467         21  (g)                -71   955   955  1474  1492   146   223      1.176     -0.499     -9.552      9.637      0.000
  1468         21  (g)                -71   826   826  1474  1492   126   146      1.070     -0.723    -20.399     20.440      0.000
  1469         21  (g)                -71   824   824  1474  1492   112   126      0.700     -0.375     -3.867      3.948      0.000
  1470         -1  (dbar)             -71  1071  1071  1474  1492     0   112     -0.189     -0.356     -1.103      1.239      0.393
  1471         -1  (dbar)             -71   999   999  1474  1492     0   327      0.257      0.127     -0.672      0.730      0.000
  1472         21  (g)                -71   887   887  1474  1492   268   325      0.094      0.259    -18.416     18.418      0.000
  1473         -2  (ubar)             -71   897   897  1474  1492     0   268      0.355     -0.246   -235.154    235.154      0.330
  1474        223  (omega)            -86  1463  1473  1830  1832     0     0      0.009      0.461   -138.632    138.635      0.785
  1475        113  (rho0)             -86  1463  1473  1671  1672     0     0      0.593     -0.823    -86.055     86.064      0.681
  1476        211  pi+                 83  1463  1473     0     0     0     0      0.511     -0.122     -1.577      1.668      0.140
  1477       -211  pi-                 83  1463  1473     0     0     0     0      0.067     -0.798     -9.676      9.710      0.140
  1478        211  pi+                 83  1463  1473     0     0     0     0      1.546      0.246    -13.574     13.665      0.140
  1479       -211  pi-                 83  1463  1473     0     0     0     0      0.115     -0.200     -3.324      3.335      0.140
  1480        211  pi+                 83  1463  1473     0     0     0     0      0.513      0.056     -2.874      2.923      0.140
  1481       -211  pi-                 83  1463  1473     0     0     0     0     -0.198     -0.288     -3.378      3.399      0.140
  1482      -1114  (Deltabar+)        -83  1463  1473  1673  1674     0     0      4.061     -0.867    -49.436     49.623      1.156
  1483        311  (K0)               -83  1463  1473  1675  1675     0     0      2.476     -1.543    -35.948     36.069      0.498
  1484       3212  (Sigma0)           -83  1463  1473  1833  1834     0     0      3.172     -0.012    -35.986     36.145      1.193
  1485        113  (rho0)             -83  1463  1473  1676  1677     0     0      1.726     -1.509    -47.443     47.505      0.749
  1486       -211  pi-                 83  1463  1473     0     0     0     0      1.656     -1.489    -53.082     53.129      0.140
  1487        113  (rho0)             -83  1463  1473  1678  1679     0     0      0.372     -1.647    -33.727     33.779      0.782
  1488        111  (pi0)              -84  1463  1473  1835  1836     0     0      0.294     -0.150     -2.796      2.819      0.135
  1489        111  (pi0)              -84  1463  1473  1837  1838     0     0      0.285     -0.110     -4.970      4.981      0.135
  1490        211  pi+                 84  1463  1473     0     0     0     0      0.093     -0.747    -13.631     13.653      0.140
  1491        111  (pi0)              -84  1463  1473  1839  1840     0     0      0.372      0.320    -10.031     10.044      0.135
  1492      -2214  (Deltabar-)        -87  1463  1473  1680  1681     0     0      0.139      0.486    -22.625     22.670      1.335
  1493          3  (s)                -71  1010  1010  1503  1521   220     0     -0.338      0.031      3.044      3.063      0.000
  1494         21  (g)                -71  1050  1050  1503  1521   178   220     -1.533     -0.385      1.980      2.533      0.000
  1495         21  (g)                -71   807   807  1503  1521   108   178     -0.858     -1.186      0.210      1.479      0.000
  1496         21  (g)                -71   815   815  1503  1521   219   108     -2.749     -1.363      0.705      3.148      0.000
  1497         21  (g)                -71   803   803  1503  1521   169   219    -13.794     -4.481      1.140     14.549      0.000
  1498         21  (g)                -71   791   791  1503  1521   132   169     -5.523     -1.316     -0.945      5.755      0.000
  1499         21  (g)                -71  1077  1077  1503  1521   166   132     -0.791     -0.377     -0.140      0.905      0.175
  1500         21  (g)                -71   832   832  1503  1521   214   166      1.006     -0.758      4.448      4.623      0.000
  1501         21  (g)                -71   908   908  1503  1521   296   214      0.942      0.356      8.640      8.699      0.000
  1502         -1  (dbar)             -71   920   920  1503  1521     0   296      0.035      0.171      6.477      6.479      0.000
  1503       -321  K-                  83  1493  1502     0     0     0     0     -0.528      0.048      1.326      1.511      0.494
  1504        213  (rho+)             -83  1493  1502  1682  1683     0     0     -0.317     -0.378      1.429      1.727      0.835
  1505        223  (omega)            -83  1493  1502  1841  1843     0     0     -0.803     -0.578      0.654      1.423      0.786
  1506       -213  (rho-)             -83  1493  1502  1684  1685     0     0     -0.824     -0.571      1.036      1.668      0.840
  1507        111  (pi0)              -83  1493  1502  1844  1845     0     0     -1.732     -0.159      0.545      1.828      0.135
  1508        211  pi+                 83  1493  1502     0     0     0     0     -0.957     -0.525      0.143      1.110      0.140
  1509        113  (rho0)             -83  1493  1502  1686  1687     0     0     -3.642     -0.532      1.209      3.965      0.845
  1510       -211  pi-                 83  1493  1502     0     0     0     0     -4.261     -2.277     -0.739      4.890      0.140
  1511        213  (rho+)             -83  1493  1502  1688  1689     0     0     -4.118     -1.140      0.257      4.314      0.537
  1512        111  (pi0)              -83  1493  1502  1846  1847     0     0     -4.325     -1.975      0.731      4.812      0.135
  1513        111  (pi0)              -83  1493  1502  1848  1849     0     0     -1.424     -0.347      0.179      1.483      0.135
  1514       -211  pi-                 84  1493  1502     0     0     0     0      0.290     -0.044      0.325      0.460      0.140
  1515        213  (rho+)             -84  1493  1502  1690  1691     0     0     -2.314     -0.407      0.173      2.466      0.729
  1516       -211  pi-                 84  1493  1502     0     0     0     0      0.603     -0.550      0.469      0.952      0.140
  1517        211  pi+                 84  1493  1502     0     0     0     0     -0.317      0.491      1.619      1.727      0.140
  1518       3112  Sigma-              84  1493  1502     0     0     0     0      0.173     -0.316      1.463      1.925      1.197
  1519      -3112  Sigmabar+           84  1493  1502     0     0     0     0     -0.039     -0.157      4.117      4.290      1.197
  1520       -211  pi-                 84  1493  1502     0     0     0     0      0.197     -0.053      5.136      5.142      0.140
  1521        211  pi+                 84  1493  1502     0     0     0     0      0.733      0.165      5.487      5.540      0.140
  1522         -3  (sbar)             -71   951   951  1531  1552     0   159      0.621     -0.260    -12.315     12.334      0.000
  1523         21  (g)                -71   881   881  1531  1552   240   270     -1.150      1.005     -0.260      1.549      0.000
  1524         21  (g)                -71   882   882  1531  1552   259   240      0.309      0.328     -0.165      0.480      0.000
  1525         21  (g)                -71  1054  1054  1531  1552   343   259     -0.215     -1.365    -16.762     16.827      0.543
  1526         -1  (dbar)             -71   971   971  1531  1552     0   343      0.084     -1.087    -45.190     45.203      0.000
  1527         21  (g)                -71   837   837  1531  1552   215   307     -3.709      0.028     43.012     43.171      0.000
  1528         21  (g)                -71   839   839  1531  1552   125   215      0.526      0.019      3.631      3.669      0.000
  1529         21  (g)                -71  1007  1007  1531  1552   350   125      0.221      0.139      0.110      0.283      0.000
  1530         -1  (dbar)             -71  1009  1009  1531  1552     0   350     -0.061     -0.272      3.639      3.649      0.000
  1531        311  (K0)               -85  1522  1530  1692  1692     0     0      0.296      0.273     -2.474      2.556      0.498
  1532        111  (pi0)              -85  1522  1530  1850  1851     0     0     -0.043      0.009     -0.767      0.780      0.135
  1533        211  pi+                 85  1522  1530     0     0     0     0     -0.300     -0.466     -3.268      3.318      0.140
  1534        111  (pi0)              -85  1522  1530  1852  1853     0     0      0.398     -0.341     -3.654      3.694      0.135
  1535        111  (pi0)              -86  1522  1530  1854  1855     0     0      0.158     -1.186    -22.757     22.789      0.135
  1536        213  (rho+)             -86  1522  1530  1693  1694     0     0     -0.503     -0.487    -21.383     21.408      0.773
  1537        111  (pi0)              -86  1522  1530  1856  1857     0     0      0.004     -0.141     -2.770      2.777      0.135
  1538       -211  pi-                 86  1522  1530     0     0     0     0     -0.085      0.257     -2.434      2.453      0.140
  1539      -2114  (Deltabar0)        -86  1522  1530  1695  1696     0     0      0.516     -0.422     -7.099      7.217      1.117
  1540        113  (rho0)             -86  1522  1530  1697  1698     0     0     -0.154     -0.205     -3.740      3.870      0.959
  1541       2112  n0                  86  1522  1530     0     0     0     0     -0.115     -0.108     -0.678      1.169      0.940
  1542        211  pi+                 83  1522  1530     0     0     0     0      0.153      0.214      0.580      0.652      0.140
  1543       -211  pi-                 83  1522  1530     0     0     0     0      0.023     -0.483      2.035      2.096      0.140
  1544        223  (omega)            -83  1522  1530  1858  1860     0     0     -0.086     -0.186     13.353     13.377      0.780
  1545       -313  (K*bar0)           -83  1522  1530  1699  1700     0     0     -0.000      0.018      6.773      6.833      0.902
  1546        323  (K*+)              -84  1522  1530  1701  1702     0     0     -2.805      0.522     23.350     23.540      0.881
  1547        223  (omega)            -84  1522  1530  1861  1863     0     0     -0.456     -0.004      2.019      2.215      0.787
  1548       -211  pi-                 84  1522  1530     0     0     0     0     -0.142     -0.138      0.487      0.544      0.140
  1549       -311  (Kbar0)            -84  1522  1530  1703  1703     0     0      0.457      0.113      1.124      1.316      0.498
  1550        311  (K0)               -84  1522  1530  1704  1704     0     0     -0.304     -0.146     -0.261      0.656      0.498
  1551      -2212  pbar-               87  1522  1530     0     0     0     0     -0.296      0.071     -0.548      1.128      0.938
  1552        213  (rho+)             -84  1522  1530  1705  1706     0     0     -0.089      1.370     -2.186      2.778      1.026
  1553        310  K_S0                91  1091  1091     0     0     0     0      0.312      0.749    414.423    414.424      0.498
  1554        211  pi+                 91  1111     0     0     0     0     0      4.543      0.393    -84.199     84.323      0.140
  1555       -211  pi-                 91  1111     0     0     0     0     0      4.155     -0.348    -72.288     72.409      0.140
  1556        321  K+                  91  1132     0     0     0     0     0      0.418     -0.351     10.566     10.591      0.494
  1557       -211  pi-                 91  1132     0     0     0     0     0      0.128     -0.399     14.189     14.196      0.140
  1558      -2212  pbar-               91  1144     0     0     0     0     0      0.450     -0.089     95.957     95.962      0.938
  1559        211  pi+                 91  1144     0     0     0     0     0     -0.197      0.330     15.092     15.097      0.140
  1560        321  K+                  91  1175     0     0     0     0     0      0.650     -0.166   -152.189    152.192      0.494
  1561       -211  pi-                 91  1175     0     0     0     0     0      0.682     -1.114   -157.227    157.233      0.140
  1562        310  K_S0                91  1183  1183     0     0     0     0      0.435     -0.259      2.155      2.269      0.498
  1563        211  pi+                 91  1186     0     0     0     0     0     -0.175      0.218     11.045     11.049      0.140
  1564        111  (pi0)              -91  1186     0  1864  1866     0     0      0.080     -0.485     39.149     39.153      0.135
  1565      -2212  pbar-               91  1196     0     0     0     0     0     -0.478     -0.123     35.759     35.775      0.938
  1566       -211  pi-                 91  1196     0     0     0     0     0      0.071      0.170     10.298     10.301      0.140
  1567        311  (K0)               -91  1201     0  1707  1707     0     0     -1.159      0.426     42.802     42.823      0.498
  1568        211  pi+                 91  1201     0     0     0     0     0     -0.559      0.021     44.028     44.032      0.140
  1569        310  K_S0                91  1202  1202     0     0     0     0     -0.970      0.244     15.883     15.922      0.498
  1570       2112  n0                  91  1209     0     0     0     0     0     -0.382      0.601     -7.410      7.503      0.940
  1571       -211  pi-                 91  1209     0     0     0     0     0     -0.317      0.427     -4.174      4.210      0.140
  1572        321  K+                  91  1214     0     0     0     0     0     -0.496      0.997      6.934      7.040      0.494
  1573       -211  pi-                 91  1214     0     0     0     0     0     -0.629      0.560      7.216      7.266      0.140
  1574        311  (K0)               -91  1222     0  1708  1708     0     0     -0.439     -0.163     53.562     53.566      0.498
  1575        211  pi+                 91  1222     0     0     0     0     0     -1.065     -0.371     85.740     85.748      0.140
  1576        211  pi+                 91  1224     0     0     0     0     0     -0.243     -0.122     37.279     37.281      0.140
  1577        111  (pi0)              -91  1224     0  1867  1868     0     0     -0.098     -0.768     15.700     15.719      0.135
  1578      -2212  pbar-               91  1242     0     0     0     0     0     -5.017      3.701     41.257     41.736      0.938
  1579        211  pi+                 91  1242     0     0     0     0     0     -2.726      1.936     22.639     22.885      0.140
  1580      -2112  nbar0               91  1252     0     0     0     0     0      0.117     -0.297      1.004      1.412      0.940
  1581        111  (pi0)              -91  1252     0  1869  1870     0     0      0.126      0.209      0.245      0.371      0.135
  1582        310  K_S0                91  1253  1253     0     0     0     0      0.360     -0.245     -0.106      0.670      0.498
  1583        310  K_S0                91  1260  1260     0     0     0     0      0.179      0.095      0.532      0.756      0.498
  1584        311  (K0)               -91  1264     0  1709  1709     0     0      0.552     -0.109      0.530      0.919      0.498
  1585        111  (pi0)              -91  1264     0  1871  1872     0     0     -0.245      0.134     -0.034      0.312      0.135
  1586      -3122  Lambdabar0          91  1272     0     0     0     0     0     -0.048      1.278      6.105      6.336      1.116
  1587        111  (pi0)              -91  1272     0  1873  1874     0     0     -0.071      0.259      0.489      0.574      0.135
  1588       -211  pi-                 91  1273     0     0     0     0     0     -0.049      0.116      0.108      0.217      0.140
  1589        111  (pi0)              -91  1273     0  1875  1876     0     0      0.190      0.560      2.750      2.817      0.135
  1590        211  pi+                 91  1274     0     0     0     0     0      0.489      0.334      2.118      2.204      0.140
  1591       -211  pi-                 91  1274     0     0     0     0     0     -0.235      0.584      2.063      2.161      0.140
  1592        211  pi+                 91  1281     0     0     0     0     0      0.443     -0.176     -0.255      0.559      0.140
  1593        111  (pi0)              -91  1281     0  1877  1878     0     0     18.615     -3.248     -5.350     19.640      0.135
  1594        311  (K0)               -91  1284     0  1710  1710     0     0      6.350     -1.413     -1.839      6.779      0.498
  1595        211  pi+                 91  1284     0     0     0     0     0      7.253     -1.232     -2.368      7.730      0.140
  1596       -311  (Kbar0)            -91  1292     0  1711  1711     0     0     -0.237      0.178     -1.006      1.161      0.498
  1597        111  (pi0)              -91  1292     0  1879  1880     0     0      0.167      0.152     -0.034      0.265      0.135
  1598       2212  p+                  91  1298     0     0     0     0     0      0.621     -0.516     -1.713      2.114      0.938
  1599        111  (pi0)              -91  1298     0  1881  1882     0     0      0.074      0.095     -0.489      0.521      0.135
  1600        310  K_S0                91  1304  1304     0     0     0     0     -0.306     -0.392     -7.740      7.772      0.498
  1601        211  pi+                 91  1305     0     0     0     0     0      0.328      0.199     -0.300      0.507      0.140
  1602       -211  pi-                 91  1305     0     0     0     0     0      0.091     -0.519      0.001      0.545      0.140
  1603        311  (K0)               -91  1306     0  1712  1712     0     0     -0.187     -0.119     -0.018      0.545      0.498
  1604        111  (pi0)              -91  1306     0  1883  1884     0     0     -0.041      0.141     -0.378      0.427      0.135
  1605        310  K_S0                91  1307  1307     0     0     0     0     -0.195     -0.100     -0.829      0.991      0.498
  1606        310  K_S0                91  1308  1308     0     0     0     0      0.214     -0.418     -0.457      0.823      0.498
  1607        130  K_L0                91  1309  1309     0     0     0     0      0.213     -0.038     -7.122      7.143      0.498
  1608        310  K_S0                91  1316  1316     0     0     0     0      0.173     -0.185    -52.550     52.553      0.498
  1609       3122  Lambda0             91  1324     0     0     0     0     0      0.678     -0.584    -12.664     12.745      1.116
  1610        111  (pi0)              -91  1324     0  1885  1886     0     0      0.369     -0.162     -5.592      5.608      0.135
  1611        211  pi+                 91  1329     0     0     0     0     0      0.031      0.447     -0.289      0.551      0.140
  1612       -211  pi-                 91  1329     0     0     0     0     0     -0.266      0.067      0.315      0.441      0.140
  1613        321  K+                  91  1338     0     0     0     0     0      1.103      0.729     -5.874      6.041      0.494
  1614       -211  pi-                 91  1338     0     0     0     0     0      0.186      0.393     -3.565      3.594      0.140
  1615       -211  pi-                 91  1342     0     0     0     0     0      0.384      0.078     -1.706      1.756      0.140
  1616        111  (pi0)              -91  1342     0  1887  1888     0     0     -0.381      0.633     -1.381      1.572      0.135
  1617       -311  (Kbar0)            -91  1346     0  1713  1713     0     0      0.059      0.250     -0.480      0.737      0.498
  1618        111  (pi0)              -91  1346     0  1889  1890     0     0     -0.449      0.354     -0.566      0.816      0.135
  1619        211  pi+                 91  1356     0     0     0     0     0     -0.275      0.197      9.329      9.336      0.140
  1620        111  (pi0)              -91  1356     0  1891  1892     0     0      0.403     -0.241      6.680      6.698      0.135
  1621        211  pi+                 91  1359     0     0     0     0     0     -0.082      0.644     41.927     41.932      0.140
  1622        111  (pi0)              -91  1359     0  1893  1894     0     0     -0.109      0.064      2.612      2.619      0.135
  1623        211  pi+                 91  1362     0     0     0     0     0     -0.256      0.350     58.412     58.413      0.140
  1624       -211  pi-                 91  1362     0     0     0     0     0     -0.023     -0.312     35.414     35.416      0.140
  1625        130  K_L0                91  1375  1375     0     0     0     0      1.183      0.430     71.124     71.137      0.498
  1626       -211  pi-                 91  1384     0     0     0     0     0     -0.658     -0.336     17.776     17.792      0.140
  1627        111  (pi0)              -91  1384     0  1895  1896     0     0     -0.234      0.301      9.619      9.628      0.135
  1628       2112  n0                  91  1387     0     0     0     0     0      0.183      1.707    211.873    211.882      0.940
  1629       -211  pi-                 91  1387     0     0     0     0     0      0.098      0.073     21.254     21.255      0.140
  1630        130  K_L0                91  1395  1395     0     0     0     0      0.412      0.027      0.036      0.647      0.498
  1631        211  pi+                 91  1397     0     0     0     0     0      1.726     -0.125     -0.527      1.814      0.140
  1632        111  (pi0)              -91  1397     0  1897  1898     0     0      8.418     -1.411     -2.235      8.824      0.135
  1633       2112  n0                  91  1404     0     0     0     0     0      1.105     -0.255     -0.126      1.478      0.940
  1634        111  (pi0)              -91  1404     0  1899  1900     0     0      0.442     -0.340      0.015      0.574      0.135
  1635        211  pi+                 91  1414     0     0     0     0     0      0.171      0.010     -2.089      2.100      0.140
  1636       -211  pi-                 91  1414     0     0     0     0     0      0.066     -1.856    -17.963     18.059      0.140
  1637        211  pi+                 91  1415     0     0     0     0     0      0.114      0.062    -10.996     10.998      0.140
  1638        111  (pi0)              -91  1415     0  1901  1902     0     0     -1.743      2.932   -106.547    106.602      0.135
  1639       -311  (Kbar0)            -91  1416     0  1714  1714     0     0     -0.684      0.428    -23.742     23.761      0.498
  1640       -211  pi-                 91  1416     0     0     0     0     0     -0.066      0.442     -7.070      7.085      0.140
  1641        321  K+                  91  1417     0     0     0     0     0     -0.211      0.115     -3.861      3.900      0.494
  1642       -211  pi-                 91  1417     0     0     0     0     0     -0.222      0.122     -3.284      3.297      0.140
  1643      -2212  pbar-               91  1420     0     0     0     0     0     -0.208     -0.157    -10.956     10.999      0.938
  1644        111  (pi0)              -91  1420     0  1903  1904     0     0      0.120      0.075     -1.094      1.112      0.135
  1645        211  pi+                 91  1421     0     0     0     0     0     -0.338     -0.528     -5.543      5.580      0.140
  1646       -211  pi-                 91  1421     0     0     0     0     0      0.328     -0.172     -4.289      4.307      0.140
  1647        311  (K0)               -91  1429     0  1715  1715     0     0     -2.153     -0.075      0.791      2.349      0.498
  1648        111  (pi0)              -91  1429     0  1905  1906     0     0     -4.387      0.008      2.507      5.055      0.135
  1649        211  pi+                 91  1433     0     0     0     0     0     -3.170      0.854      0.893      3.405      0.140
  1650       -211  pi-                 91  1433     0     0     0     0     0     -0.493      0.142      0.337      0.630      0.140
  1651        211  pi+                 91  1438     0     0     0     0     0    -22.267      3.654      3.149     22.784      0.140
  1652       -211  pi-                 91  1438     0     0     0     0     0     -8.251      0.913      0.982      8.360      0.140
  1653        130  K_L0                91  1442  1442     0     0     0     0      0.098     -0.231    -42.412     42.416      0.498
  1654        321  K+                  91  1445     0     0     0     0     0     -0.031      0.004   -518.123    518.123      0.494
  1655       -211  pi-                 91  1445     0     0     0     0     0     -0.251      0.517   -707.445    707.446      0.140
  1656       -311  (Kbar0)            -91  1446     0  1716  1716     0     0     -0.562     -0.067  -1015.829   1015.829      0.498
  1657        111  (pi0)              -91  1446     0  1907  1908     0     0      0.148      0.121   -270.693    270.693      0.135
  1658       -211  pi-                 91  1447     0     0     0     0     0     -0.419      0.016   -204.925    204.926      0.140
  1659        111  (pi0)              -91  1447     0  1909  1910     0     0      0.383     -0.469    -73.082     73.085      0.135
  1660        211  pi+                 91  1448     0     0     0     0     0     -0.260      0.492    -55.056     55.058      0.140
  1661        111  (pi0)              -91  1448     0  1911  1912     0     0      0.179     -0.047    -11.182     11.184      0.135
  1662        311  (K0)               -91  1456     0  1717  1717     0     0      0.135     -0.142    100.873    100.874      0.498
  1663        211  pi+                 91  1456     0     0     0     0     0     -0.291     -0.335     91.356     91.357      0.140
  1664       -311  (Kbar0)            -91  1457     0  1718  1718     0     0     -0.094     -0.413    198.389    198.390      0.498
  1665       -211  pi-                 91  1457     0     0     0     0     0      0.033      0.019      8.196      8.197      0.140
  1666       -311  (Kbar0)            -91  1459     0  1719  1719     0     0      0.058     -0.328    155.557    155.558      0.498
  1667       -211  pi-                 91  1459     0     0     0     0     0      0.122     -0.863    330.082    330.083      0.140
  1668        321  K+                  91  1461     0     0     0     0     0     -0.039     -0.209     80.119     80.121      0.494
  1669       -211  pi-                 91  1461     0     0     0     0     0      0.258     -0.016     15.230     15.232      0.140
  1670        310  K_S0                91  1462  1462     0     0     0     0      0.290     -1.417    118.032    118.042      0.498
  1671        211  pi+                 91  1475     0     0     0     0     0      0.352     -0.730    -75.835     75.839      0.140
  1672       -211  pi-                 91  1475     0     0     0     0     0      0.241     -0.092    -10.221     10.225      0.140
  1673      -2112  nbar0               91  1482     0     0     0     0     0      3.566     -0.658    -44.059     44.218      0.940
  1674        211  pi+                 91  1482     0     0     0     0     0      0.496     -0.209     -5.377      5.406      0.140
  1675        310  K_S0                91  1483  1483     0     0     0     0      2.476     -1.543    -35.948     36.069      0.498
  1676        211  pi+                 91  1485     0     0     0     0     0      0.670     -0.967    -19.789     19.825      0.140
  1677       -211  pi-                 91  1485     0     0     0     0     0      1.056     -0.541    -27.654     27.680      0.140
  1678        211  pi+                 91  1487     0     0     0     0     0      0.050     -0.713     -8.356      8.388      0.140
  1679       -211  pi-                 91  1487     0     0     0     0     0      0.321     -0.934    -25.371     25.391      0.140
  1680      -2112  nbar0               91  1492     0     0     0     0     0      0.021      0.146    -11.854     11.892      0.940
  1681       -211  pi-                 91  1492     0     0     0     0     0      0.118      0.340    -10.771     10.778      0.140
  1682        211  pi+                 91  1504     0     0     0     0     0     -0.316     -0.557      1.327      1.480      0.140
  1683        111  (pi0)              -91  1504     0  1913  1914     0     0     -0.001      0.180      0.102      0.247      0.135
  1684       -211  pi-                 91  1506     0     0     0     0     0     -0.624     -0.053      0.854      1.068      0.140
  1685        111  (pi0)              -91  1506     0  1915  1916     0     0     -0.199     -0.518      0.182      0.600      0.135
  1686        211  pi+                 91  1509     0     0     0     0     0     -2.730     -0.697      0.737      2.916      0.140
  1687       -211  pi-                 91  1509     0     0     0     0     0     -0.912      0.165      0.472      1.049      0.140
  1688        211  pi+                 91  1511     0     0     0     0     0     -3.631     -0.898      0.168      3.746      0.140
  1689        111  (pi0)              -91  1511     0  1917  1918     0     0     -0.487     -0.242      0.089      0.568      0.135
  1690        211  pi+                 91  1515     0     0     0     0     0     -1.908     -0.086      0.045      1.915      0.140
  1691        111  (pi0)              -91  1515     0  1919  1920     0     0     -0.406     -0.322      0.129      0.551      0.135
  1692        130  K_L0                91  1531  1531     0     0     0     0      0.296      0.273     -2.474      2.556      0.498
  1693        211  pi+                 91  1536     0     0     0     0     0     -0.678     -0.377    -17.378     17.396      0.140
  1694        111  (pi0)              -91  1536     0  1921  1922     0     0      0.174     -0.111     -4.005      4.013      0.135
  1695      -2112  nbar0               91  1539     0     0     0     0     0      0.459     -0.267     -5.593      5.697      0.940
  1696        111  (pi0)              -91  1539     0  1923  1924     0     0      0.058     -0.155     -1.505      1.520      0.135
  1697        211  pi+                 91  1540     0     0     0     0     0      0.321     -0.275     -2.367      2.408      0.140
  1698       -211  pi-                 91  1540     0     0     0     0     0     -0.475      0.070     -1.373      1.461      0.140
  1699       -311  (Kbar0)            -91  1545     0  1720  1720     0     0     -0.181      0.227      3.702      3.746      0.498
  1700        111  (pi0)              -91  1545     0  1925  1926     0     0      0.181     -0.209      3.071      3.086      0.135
  1701        311  (K0)               -91  1546     0  1721  1721     0     0     -1.653      0.539     15.421     15.526      0.498
  1702        211  pi+                 91  1546     0     0     0     0     0     -1.152     -0.017      7.929      8.013      0.140
  1703        310  K_S0                91  1549  1549     0     0     0     0      0.457      0.113      1.124      1.316      0.498
  1704        310  K_S0                91  1550  1550     0     0     0     0     -0.304     -0.146     -0.261      0.656      0.498
  1705        211  pi+                 91  1552     0     0     0     0     0     -0.483      0.628     -0.706      1.070      0.140
  1706        111  (pi0)              -91  1552     0  1927  1928     0     0      0.394      0.743     -1.480      1.708      0.135
  1707        310  K_S0                91  1567  1567     0     0     0     0     -1.159      0.426     42.802     42.823      0.498
  1708        310  K_S0                91  1574  1574     0     0     0     0     -0.439     -0.163     53.562     53.566      0.498
  1709        310  K_S0                91  1584  1584     0     0     0     0      0.552     -0.109      0.530      0.919      0.498
  1710        130  K_L0                91  1594  1594     0     0     0     0      6.350     -1.413     -1.839      6.779      0.498
  1711        130  K_L0                91  1596  1596     0     0     0     0     -0.237      0.178     -1.006      1.161      0.498
  1712        310  K_S0                91  1603  1603     0     0     0     0     -0.187     -0.119     -0.018      0.545      0.498
  1713        310  K_S0                91  1617  1617     0     0     0     0      0.059      0.250     -0.480      0.737      0.498
  1714        310  K_S0                91  1639  1639     0     0     0     0     -0.684      0.428    -23.742     23.761      0.498
  1715        130  K_L0                91  1647  1647     0     0     0     0     -2.153     -0.075      0.791      2.349      0.498
  1716        310  K_S0                91  1656  1656     0     0     0     0     -0.562     -0.067  -1015.829   1015.829      0.498
  1717        130  K_L0                91  1662  1662     0     0     0     0      0.135     -0.142    100.873    100.874      0.498
  1718        310  K_S0                91  1664  1664     0     0     0     0     -0.094     -0.413    198.389    198.390      0.498
  1719        130  K_L0                91  1666  1666     0     0     0     0      0.058     -0.328    155.557    155.558      0.498
  1720        310  K_S0                91  1699  1699     0     0     0     0     -0.181      0.227      3.702      3.746      0.498
  1721        310  K_S0                91  1701  1701     0     0     0     0     -1.653      0.539     15.421     15.526      0.498
  1722         22  gamma               91  1082     0     0     0     0     0     -1.763      0.273     -6.061      6.319      0.000
  1723         22  gamma               91  1082     0     0     0     0     0     -0.221      0.082     -0.844      0.876      0.000
  1724         22  gamma               91  1103     0     0     0     0     0     -0.406      0.509    -22.358     22.367      0.000
  1725         22  gamma               91  1103     0     0     0     0     0     -0.087      0.173     -9.135      9.137      0.000
  1726         22  gamma               91  1104     0     0     0     0     0     -0.245      0.690    -31.770     31.778      0.000
  1727         22  gamma               91  1104     0     0     0     0     0     -0.099      0.646    -29.774     29.781      0.000
  1728        321  K+                  91  1160     0     0     0     0     0      0.655     -0.190    209.241    209.243      0.494
  1729       -321  K-                  91  1160     0     0     0     0     0      0.786     -0.498    279.363    279.365      0.494
  1730        211  pi+                 91  1161     0     0     0     0     0      0.306      0.045    144.874    144.874      0.140
  1731       -211  pi-                 91  1161     0     0     0     0     0      0.057     -0.038     48.511     48.511      0.140
  1732        111  (pi0)              -91  1161     0  1929  1930     0     0      0.381     -0.159    147.809    147.809      0.135
  1733        111  (pi0)              -91  1178     0  1931  1932     0     0      0.062      0.035     -0.167      0.226      0.135
  1734        111  (pi0)              -91  1178     0  1933  1934     0     0      0.070     -0.076      0.034      0.173      0.135
  1735        221  (eta)              -91  1178     0  1935  1936     0     0      0.368     -0.005      0.175      0.683      0.548
  1736        111  (pi0)              -91  1192     0  1937  1938     0     0      0.469     -0.336      0.911      1.087      0.135
  1737         22  gamma               91  1192     0     0     0     0     0      0.159      0.263      1.262      1.299      0.000
  1738         22  gamma               91  1197     0     0     0     0     0      0.407     -0.209      5.488      5.507      0.000
  1739         22  gamma               91  1197     0     0     0     0     0      0.305     -0.298      4.742      4.761      0.000
  1740       3122  Lambda0             91  1215     0     0     0     0     0     -1.166     -0.148     21.015     21.078      1.116
  1741         22  gamma               91  1215     0     0     0     0     0     -0.085     -0.011      0.481      0.489      0.000
  1742         22  gamma               91  1234     0     0     0     0     0     -0.967      0.030     15.022     15.053      0.000
  1743         22  gamma               91  1234     0     0     0     0     0     -0.119      0.018      2.727      2.730      0.000
  1744         22  gamma               91  1239     0     0     0     0     0     -0.796      0.399      4.917      4.997      0.000
  1745         22  gamma               91  1239     0     0     0     0     0      0.006      0.003      0.050      0.050      0.000
  1746        211  pi+                 91  1241     0     0     0     0     0     -3.266      2.829     36.323     36.579      0.140
  1747       -211  pi-                 91  1241     0     0     0     0     0     -1.274      0.767     13.012     13.098      0.140
  1748        111  (pi0)              -91  1241     0  1939  1940     0     0     -1.404      1.167     13.740     13.861      0.135
  1749        211  pi+                 91  1250     0     0     0     0     0     -0.108     -0.316      0.866      0.939      0.140
  1750       -211  pi-                 91  1250     0     0     0     0     0      0.161     -0.387      1.200      1.278      0.140
  1751        111  (pi0)              -91  1250     0  1941  1942     0     0     -0.146      0.030      0.969      0.990      0.135
  1752        111  (pi0)              -91  1263     0  1943  1945     0     0      0.096      0.372      0.045      0.410      0.135
  1753        111  (pi0)              -91  1263     0  1946  1947     0     0      0.129      0.075      0.083      0.218      0.135
  1754        111  (pi0)              -91  1263     0  1948  1949     0     0      0.194      0.518      0.039      0.571      0.135
  1755       3122  Lambda0             91  1265     0     0     0     0     0      0.123     -0.003      0.513      1.234      1.116
  1756         22  gamma               91  1265     0     0     0     0     0      0.016      0.079      0.042      0.091      0.000
  1757         22  gamma               91  1276     0     0     0     0     0      0.635      0.970      3.244      3.445      0.000
  1758         22  gamma               91  1276     0     0     0     0     0      0.172      0.414      1.227      1.307      0.000
  1759        211  pi+                 91  1277     0     0     0     0     0      0.682      1.017      3.030      3.271      0.140
  1760       -211  pi-                 91  1277     0     0     0     0     0      0.524      0.319      1.599      1.719      0.140
  1761        111  (pi0)              -91  1277     0  1950  1951     0     0      0.265      0.045      0.658      0.724      0.135
  1762        111  (pi0)              -91  1280     0  1952  1953     0     0     13.234     -1.962     -2.914     13.693      0.135
  1763        111  (pi0)              -91  1280     0  1954  1955     0     0     13.938     -2.030     -2.906     14.382      0.135
  1764        111  (pi0)              -91  1280     0  1956  1957     0     0      6.564     -1.003     -1.549      6.820      0.135
  1765         22  gamma               91  1283     0     0     0     0     0      7.362     -1.547     -2.771      8.017      0.000
  1766         22  gamma               91  1283     0     0     0     0     0      1.504     -0.286     -0.507      1.613      0.000
  1767         22  gamma               91  1293     0     0     0     0     0      0.054      0.241     -0.233      0.340      0.000
  1768         22  gamma               91  1293     0     0     0     0     0      0.214      0.267     -0.272      0.437      0.000
  1769         22  gamma               91  1295     0     0     0     0     0     -0.167      0.406     -1.089      1.174      0.000
  1770         22  gamma               91  1295     0     0     0     0     0     -0.018     -0.005     -0.023      0.030      0.000
  1771        111  (pi0)              -91  1297     0  1958  1959     0     0      0.201      0.412     -1.365      1.446      0.135
  1772        111  (pi0)              -91  1297     0  1960  1961     0     0      0.559      1.045     -3.281      3.491      0.135
  1773        111  (pi0)              -91  1297     0  1962  1963     0     0      0.061      0.157     -0.765      0.795      0.135
  1774         22  gamma               91  1317     0     0     0     0     0      0.862     -1.173   -107.558    107.568      0.000
  1775         22  gamma               91  1317     0     0     0     0     0      0.298     -0.033    -18.154     18.156      0.000
  1776        211  pi+                 91  1340     0     0     0     0     0      0.175      0.044     -0.739      0.773      0.140
  1777       -211  pi-                 91  1340     0     0     0     0     0     -0.087      0.188     -1.829      1.846      0.140
  1778        111  (pi0)              -91  1340     0  1964  1965     0     0      0.298      0.311     -1.249      1.328      0.135
  1779         22  gamma               91  1341     0     0     0     0     0      0.589      0.069     -0.742      0.950      0.000
  1780         22  gamma               91  1341     0     0     0     0     0      0.410      0.164     -0.537      0.695      0.000
  1781         22  gamma               91  1344     0     0     0     0     0     -0.304      0.631     -1.377      1.545      0.000
  1782         22  gamma               91  1344     0     0     0     0     0     -0.653      0.996     -2.168      2.473      0.000
  1783        211  pi+                 91  1354     0     0     0     0     0      0.267      0.038      1.483      1.514      0.140
  1784       -211  pi-                 91  1354     0     0     0     0     0      0.023      0.020      1.147      1.156      0.140
  1785         22  gamma               91  1354     0     0     0     0     0     -0.061      0.110      0.313      0.338      0.000
  1786         22  gamma               91  1358     0     0     0     0     0      0.311     -0.283      6.891      6.904      0.000
  1787         22  gamma               91  1358     0     0     0     0     0      0.300     -0.164      7.318      7.326      0.000
  1788         22  gamma               91  1363     0     0     0     0     0     -0.060      0.129     18.831     18.831      0.000
  1789         22  gamma               91  1363     0     0     0     0     0      0.051      0.011      8.255      8.255      0.000
  1790         22  gamma               91  1380     0     0     0     0     0     -0.027     -0.105      7.245      7.246      0.000
  1791         11  e-                  91  1380     0     0     0     0     0     -0.134     -0.064      5.385      5.387      0.001
  1792        -11  e+                  91  1380     0     0     0     0     0     -0.004     -0.005      0.212      0.212      0.001
  1793         22  gamma               91  1383     0     0     0     0     0      0.005     -0.014      1.848      1.848      0.000
  1794         22  gamma               91  1383     0     0     0     0     0      0.141      0.160      5.795      5.799      0.000
  1795         22  gamma               91  1398     0     0     0     0     0      0.397     -0.086     -0.086      0.415      0.000
  1796         22  gamma               91  1398     0     0     0     0     0     10.672     -1.746     -2.726     11.152      0.000
  1797        211  pi+                 91  1400     0     0     0     0     0      6.764     -1.188     -1.808      7.103      0.140
  1798       -211  pi-                 91  1400     0     0     0     0     0      8.044     -0.995     -2.149      8.387      0.140
  1799        111  (pi0)              -91  1400     0  1966  1967     0     0      4.190     -0.348     -1.043      4.334      0.135
  1800        111  (pi0)              -91  1403     0  1968  1969     0     0      0.416     -0.051      0.060      0.445      0.135
  1801        111  (pi0)              -91  1403     0  1970  1971     0     0      0.237     -0.081     -0.030      0.287      0.135
  1802        111  (pi0)              -91  1403     0  1972  1973     0     0      0.206     -0.265     -0.025      0.363      0.135
  1803        111  (pi0)              -91  1413     0  1974  1975     0     0     -0.040     -0.006     -1.739      1.745      0.135
  1804        111  (pi0)              -91  1413     0  1976  1977     0     0     -0.136      0.237     -1.921      1.945      0.135
  1805        111  (pi0)              -91  1413     0  1978  1979     0     0     -0.220      0.085     -1.589      1.612      0.135
  1806        211  pi+                 91  1431     0     0     0     0     0     -6.086      0.180      2.329      6.521      0.140
  1807       -211  pi-                 91  1431     0     0     0     0     0     -1.444      0.035      0.601      1.571      0.140
  1808        111  (pi0)              -91  1431     0  1980  1981     0     0     -1.525      0.077      0.327      1.568      0.135
  1809        211  pi+                 91  1434     0     0     0     0     0     -1.425      0.226      0.216      1.465      0.140
  1810       -211  pi-                 91  1434     0     0     0     0     0     -0.808      0.030      0.199      0.844      0.140
  1811        111  (pi0)              -91  1434     0  1982  1983     0     0     -2.114      0.151      0.198      2.133      0.135
  1812         22  gamma               91  1437     0     0     0     0     0    -10.807      1.332      2.010     11.073      0.000
  1813         22  gamma               91  1437     0     0     0     0     0     -0.231      0.019      0.025      0.234      0.000
  1814        211  pi+                 91  1440     0     0     0     0     0     -0.442     -0.944    -36.845     36.860      0.140
  1815       -211  pi-                 91  1440     0     0     0     0     0     -0.087     -0.404    -17.952     17.957      0.140
  1816        111  (pi0)              -91  1440     0  1984  1985     0     0     -0.047     -0.474    -16.997     17.005      0.135
  1817        111  (pi0)              -91  1441     0  1986  1987     0     0      0.020      0.270     -9.588      9.593      0.135
  1818         22  gamma               91  1441     0     0     0     0     0      0.360     -0.114    -55.229     55.230      0.000
  1819         22  gamma               91  1443     0     0     0     0     0     -0.284      0.220   -570.867    570.868      0.000
  1820         22  gamma               91  1443     0     0     0     0     0     -0.053      0.088    -90.137     90.137      0.000
  1821        211  pi+                 91  1444     0     0     0     0     0      0.137     -0.128   -176.043    176.043      0.140
  1822       -211  pi-                 91  1444     0     0     0     0     0     -0.013      0.009   -273.520    273.520      0.140
  1823        111  (pi0)              -91  1444     0  1988  1989     0     0     -0.019     -0.136   -153.862    153.862      0.135
  1824       3122  Lambda0             91  1449     0     0     0     0     0     -0.244     -0.563   -111.050    111.057      1.116
  1825         22  gamma               91  1449     0     0     0     0     0     -0.067      0.013     -3.702      3.702      0.000
  1826         22  gamma               91  1453     0     0     0     0     0      0.046     -0.032      0.103      0.118      0.000
  1827         22  gamma               91  1453     0     0     0     0     0     -0.066     -0.184      0.560      0.593      0.000
  1828         22  gamma               91  1454     0     0     0     0     0     -0.025     -0.082      1.243      1.246      0.000
  1829         22  gamma               91  1454     0     0     0     0     0     -0.243     -0.088      3.258      3.269      0.000
  1830        211  pi+                 91  1474     0     0     0     0     0     -0.136      0.097    -70.223     70.224      0.140
  1831       -211  pi-                 91  1474     0     0     0     0     0     -0.114      0.109    -28.179     28.180      0.140
  1832        111  (pi0)              -91  1474     0  1990  1991     0     0      0.259      0.254    -40.229     40.231      0.135
  1833       3122  Lambda0             91  1484     0     0     0     0     0      2.843     -0.040    -31.897     32.043      1.116
  1834         22  gamma               91  1484     0     0     0     0     0      0.329      0.028     -4.089      4.102      0.000
  1835         22  gamma               91  1488     0     0     0     0     0      0.073     -0.036     -0.322      0.332      0.000
  1836         22  gamma               91  1488     0     0     0     0     0      0.220     -0.114     -2.474      2.487      0.000
  1837         22  gamma               91  1489     0     0     0     0     0      0.182     -0.132     -3.729      3.736      0.000
  1838         22  gamma               91  1489     0     0     0     0     0      0.103      0.022     -1.241      1.245      0.000
  1839         22  gamma               91  1491     0     0     0     0     0      0.322      0.283     -9.428      9.438      0.000
  1840         22  gamma               91  1491     0     0     0     0     0      0.049      0.037     -0.603      0.606      0.000
  1841        211  pi+                 91  1505     0     0     0     0     0     -0.371     -0.112      0.318      0.520      0.140
  1842       -211  pi-                 91  1505     0     0     0     0     0     -0.199     -0.502      0.168      0.583      0.140
  1843        111  (pi0)              -91  1505     0  1992  1993     0     0     -0.233      0.037      0.168      0.319      0.135
  1844         22  gamma               91  1507     0     0     0     0     0     -1.442     -0.081      0.446      1.511      0.000
  1845         22  gamma               91  1507     0     0     0     0     0     -0.290     -0.077      0.099      0.316      0.000
  1846         22  gamma               91  1512     0     0     0     0     0     -2.125     -1.043      0.348      2.393      0.000
  1847         22  gamma               91  1512     0     0     0     0     0     -2.200     -0.932      0.383      2.420      0.000
  1848         22  gamma               91  1513     0     0     0     0     0     -0.669     -0.126      0.141      0.695      0.000
  1849         22  gamma               91  1513     0     0     0     0     0     -0.755     -0.221      0.038      0.787      0.000
  1850         22  gamma               91  1532     0     0     0     0     0     -0.021      0.053     -0.657      0.660      0.000
  1851         22  gamma               91  1532     0     0     0     0     0     -0.022     -0.044     -0.110      0.121      0.000
  1852         22  gamma               91  1534     0     0     0     0     0      0.031     -0.053     -0.764      0.767      0.000
  1853         22  gamma               91  1534     0     0     0     0     0      0.367     -0.288     -2.890      2.927      0.000
  1854         22  gamma               91  1535     0     0     0     0     0     -0.006     -0.384     -7.783      7.793      0.000
  1855         22  gamma               91  1535     0     0     0     0     0      0.165     -0.801    -14.974     14.996      0.000
  1856         22  gamma               91  1537     0     0     0     0     0      0.023     -0.157     -1.954      1.960      0.000
  1857         22  gamma               91  1537     0     0     0     0     0     -0.019      0.017     -0.816      0.816      0.000
  1858        211  pi+                 91  1544     0     0     0     0     0      0.188      0.123      6.801      6.806      0.140
  1859       -211  pi-                 91  1544     0     0     0     0     0     -0.185     -0.173      3.975      3.985      0.140
  1860        111  (pi0)              -91  1544     0  1994  1995     0     0     -0.090     -0.136      2.577      2.586      0.135
  1861        211  pi+                 91  1547     0     0     0     0     0     -0.331      0.211      0.763      0.870      0.140
  1862       -211  pi-                 91  1547     0     0     0     0     0     -0.071     -0.142      1.100      1.120      0.140
  1863        111  (pi0)              -91  1547     0  1996  1997     0     0     -0.054     -0.072      0.156      0.225      0.135
  1864         22  gamma               91  1564     0     0     0     0     0      0.060     -0.353     32.336     32.338      0.000
  1865         11  e-                  91  1564     0     0     0     0     0      0.015     -0.046      2.186      2.186      0.001
  1866        -11  e+                  91  1564     0     0     0     0     0      0.005     -0.086      4.628      4.629      0.001
  1867         22  gamma               91  1577     0     0     0     0     0      0.010     -0.076      2.404      2.405      0.000
  1868         22  gamma               91  1577     0     0     0     0     0     -0.108     -0.693     13.296     13.314      0.000
  1869         22  gamma               91  1581     0     0     0     0     0     -0.002      0.033     -0.011      0.035      0.000
  1870         22  gamma               91  1581     0     0     0     0     0      0.127      0.176      0.256      0.336      0.000
  1871         22  gamma               91  1585     0     0     0     0     0     -0.190      0.105     -0.084      0.232      0.000
  1872         22  gamma               91  1585     0     0     0     0     0     -0.055      0.029      0.049      0.080      0.000
  1873         22  gamma               91  1587     0     0     0     0     0     -0.065      0.266      0.492      0.563      0.000
  1874         22  gamma               91  1587     0     0     0     0     0     -0.007     -0.008     -0.003      0.011      0.000
  1875         22  gamma               91  1589     0     0     0     0     0      0.142      0.427      2.328      2.371      0.000
  1876         22  gamma               91  1589     0     0     0     0     0      0.047      0.133      0.423      0.446      0.000
  1877         22  gamma               91  1593     0     0     0     0     0     10.098     -1.697     -2.920     10.648      0.000
  1878         22  gamma               91  1593     0     0     0     0     0      8.518     -1.551     -2.429      8.992      0.000
  1879         22  gamma               91  1597     0     0     0     0     0      0.114      0.071      0.044      0.141      0.000
  1880         22  gamma               91  1597     0     0     0     0     0      0.054      0.080     -0.078      0.124      0.000
  1881         22  gamma               91  1599     0     0     0     0     0      0.015      0.116     -0.346      0.365      0.000
  1882         22  gamma               91  1599     0     0     0     0     0      0.059     -0.021     -0.143      0.156      0.000
  1883         22  gamma               91  1604     0     0     0     0     0     -0.032      0.158     -0.246      0.294      0.000
  1884         22  gamma               91  1604     0     0     0     0     0     -0.008     -0.017     -0.131      0.133      0.000
  1885         22  gamma               91  1610     0     0     0     0     0      0.376     -0.140     -5.345      5.360      0.000
  1886         22  gamma               91  1610     0     0     0     0     0     -0.007     -0.021     -0.247      0.248      0.000
  1887         22  gamma               91  1616     0     0     0     0     0     -0.219      0.372     -0.941      1.035      0.000
  1888         22  gamma               91  1616     0     0     0     0     0     -0.162      0.262     -0.440      0.537      0.000
  1889         22  gamma               91  1618     0     0     0     0     0     -0.439      0.366     -0.547      0.791      0.000
  1890         22  gamma               91  1618     0     0     0     0     0     -0.010     -0.012     -0.019      0.025      0.000
  1891         22  gamma               91  1620     0     0     0     0     0     -0.003      0.008      0.309      0.309      0.000
  1892         22  gamma               91  1620     0     0     0     0     0      0.406     -0.248      6.371      6.389      0.000
  1893         22  gamma               91  1622     0     0     0     0     0      0.003      0.034      0.149      0.153      0.000
  1894         22  gamma               91  1622     0     0     0     0     0     -0.112      0.031      2.463      2.466      0.000
  1895         22  gamma               91  1627     0     0     0     0     0     -0.197      0.184      7.609      7.614      0.000
  1896         22  gamma               91  1627     0     0     0     0     0     -0.036      0.116      2.010      2.014      0.000
  1897         22  gamma               91  1632     0     0     0     0     0      5.769     -0.911     -1.560      6.045      0.000
  1898         22  gamma               91  1632     0     0     0     0     0      2.648     -0.500     -0.676      2.779      0.000
  1899         22  gamma               91  1634     0     0     0     0     0      0.308     -0.180     -0.038      0.358      0.000
  1900         22  gamma               91  1634     0     0     0     0     0      0.134     -0.160      0.053      0.215      0.000
  1901         22  gamma               91  1638     0     0     0     0     0     -1.544      2.643    -94.484     94.534      0.000
  1902         22  gamma               91  1638     0     0     0     0     0     -0.200      0.289    -12.063     12.068      0.000
  1903         22  gamma               91  1644     0     0     0     0     0      0.136      0.037     -0.630      0.645      0.000
  1904         22  gamma               91  1644     0     0     0     0     0     -0.016      0.038     -0.465      0.467      0.000
  1905         22  gamma               91  1648     0     0     0     0     0     -1.661      0.061      0.916      1.898      0.000
  1906         22  gamma               91  1648     0     0     0     0     0     -2.726     -0.054      1.591      3.157      0.000
  1907         22  gamma               91  1657     0     0     0     0     0      0.055     -0.001    -28.607     28.607      0.000
  1908         22  gamma               91  1657     0     0     0     0     0      0.093      0.122   -242.087    242.087      0.000
  1909         22  gamma               91  1659     0     0     0     0     0      0.036     -0.100     -8.880      8.881      0.000
  1910         22  gamma               91  1659     0     0     0     0     0      0.347     -0.369    -64.202     64.204      0.000
  1911         22  gamma               91  1661     0     0     0     0     0      0.117      0.035     -7.095      7.096      0.000
  1912         22  gamma               91  1661     0     0     0     0     0      0.061     -0.082     -4.087      4.088      0.000
  1913         22  gamma               91  1683     0     0     0     0     0      0.028     -0.000     -0.013      0.031      0.000
  1914         22  gamma               91  1683     0     0     0     0     0     -0.029      0.180      0.115      0.216      0.000
  1915         22  gamma               91  1685     0     0     0     0     0     -0.066     -0.238      0.015      0.248      0.000
  1916         22  gamma               91  1685     0     0     0     0     0     -0.133     -0.280      0.167      0.352      0.000
  1917         22  gamma               91  1689     0     0     0     0     0     -0.258     -0.133      0.116      0.313      0.000
  1918         22  gamma               91  1689     0     0     0     0     0     -0.229     -0.109     -0.026      0.255      0.000
  1919         22  gamma               91  1691     0     0     0     0     0     -0.395     -0.307      0.091      0.509      0.000
  1920         22  gamma               91  1691     0     0     0     0     0     -0.011     -0.015      0.038      0.042      0.000
  1921         22  gamma               91  1694     0     0     0     0     0      0.103     -0.070     -1.209      1.215      0.000
  1922         22  gamma               91  1694     0     0     0     0     0      0.072     -0.041     -2.796      2.798      0.000
  1923         22  gamma               91  1696     0     0     0     0     0      0.058     -0.146     -0.818      0.833      0.000
  1924         22  gamma               91  1696     0     0     0     0     0     -0.001     -0.009     -0.687      0.687      0.000
  1925         22  gamma               91  1700     0     0     0     0     0      0.118     -0.037      1.131      1.138      0.000
  1926         22  gamma               91  1700     0     0     0     0     0      0.063     -0.172      1.940      1.949      0.000
  1927         22  gamma               91  1706     0     0     0     0     0      0.137      0.372     -0.776      0.872      0.000
  1928         22  gamma               91  1706     0     0     0     0     0      0.257      0.370     -0.704      0.836      0.000
  1929         22  gamma               91  1732     0     0     0     0     0      0.285     -0.151    127.911    127.911      0.000
  1930         22  gamma               91  1732     0     0     0     0     0      0.096     -0.009     19.898     19.898      0.000
  1931         22  gamma               91  1733     0     0     0     0     0      0.082     -0.002     -0.039      0.091      0.000
  1932         22  gamma               91  1733     0     0     0     0     0     -0.021      0.036     -0.129      0.135      0.000
  1933         22  gamma               91  1734     0     0     0     0     0     -0.031     -0.028      0.044      0.061      0.000
  1934         22  gamma               91  1734     0     0     0     0     0      0.102     -0.048     -0.010      0.113      0.000
  1935         22  gamma               91  1735     0     0     0     0     0      0.384      0.205      0.183      0.472      0.000
  1936         22  gamma               91  1735     0     0     0     0     0     -0.016     -0.210     -0.008      0.210      0.000
  1937         22  gamma               91  1736     0     0     0     0     0      0.177     -0.154      0.487      0.541      0.000
  1938         22  gamma               91  1736     0     0     0     0     0      0.292     -0.182      0.424      0.546      0.000
  1939         22  gamma               91  1748     0     0     0     0     0     -1.404      1.157     13.691     13.811      0.000
  1940         22  gamma               91  1748     0     0     0     0     0      0.000      0.010      0.049      0.050      0.000
  1941         22  gamma               91  1751     0     0     0     0     0     -0.012      0.054      0.440      0.443      0.000
  1942         22  gamma               91  1751     0     0     0     0     0     -0.134     -0.024      0.529      0.546      0.000
  1943         22  gamma               91  1752     0     0     0     0     0      0.112      0.372      0.052      0.392      0.000
  1944         11  e-                  91  1752     0     0     0     0     0     -0.003     -0.001     -0.001      0.003      0.001
  1945        -11  e+                  91  1752     0     0     0     0     0     -0.013      0.001     -0.006      0.015      0.001
  1946         22  gamma               91  1753     0     0     0     0     0      0.118      0.003      0.084      0.145      0.000
  1947         22  gamma               91  1753     0     0     0     0     0      0.011      0.072     -0.001      0.073      0.000
  1948         22  gamma               91  1754     0     0     0     0     0      0.143      0.238      0.064      0.284      0.000
  1949         22  gamma               91  1754     0     0     0     0     0      0.051      0.281     -0.025      0.287      0.000
  1950         22  gamma               91  1761     0     0     0     0     0      0.250      0.030      0.459      0.524      0.000
  1951         22  gamma               91  1761     0     0     0     0     0      0.015      0.014      0.199      0.200      0.000
  1952         22  gamma               91  1762     0     0     0     0     0     11.526     -1.719     -2.583     11.936      0.000
  1953         22  gamma               91  1762     0     0     0     0     0      1.708     -0.242     -0.331      1.756      0.000
  1954         22  gamma               91  1763     0     0     0     0     0      7.750     -1.192     -1.643      8.012      0.000
  1955         22  gamma               91  1763     0     0     0     0     0      6.187     -0.838     -1.263      6.370      0.000
  1956         22  gamma               91  1764     0     0     0     0     0      1.553     -0.185     -0.339      1.601      0.000
  1957         22  gamma               91  1764     0     0     0     0     0      5.011     -0.818     -1.210      5.219      0.000
  1958         22  gamma               91  1771     0     0     0     0     0      0.023     -0.000     -0.133      0.135      0.000
  1959         22  gamma               91  1771     0     0     0     0     0      0.177      0.412     -1.232      1.312      0.000
  1960         22  gamma               91  1772     0     0     0     0     0      0.019      0.039     -0.217      0.221      0.000
  1961         22  gamma               91  1772     0     0     0     0     0      0.540      1.006     -3.064      3.270      0.000
  1962         22  gamma               91  1773     0     0     0     0     0     -0.001      0.037     -0.031      0.048      0.000
  1963         22  gamma               91  1773     0     0     0     0     0      0.061      0.120     -0.734      0.746      0.000
  1964         22  gamma               91  1778     0     0     0     0     0      0.186      0.207     -0.980      1.019      0.000
  1965         22  gamma               91  1778     0     0     0     0     0      0.112      0.103     -0.269      0.309      0.000
  1966         22  gamma               91  1799     0     0     0     0     0      0.970     -0.041     -0.198      0.990      0.000
  1967         22  gamma               91  1799     0     0     0     0     0      3.221     -0.307     -0.845      3.344      0.000
  1968         22  gamma               91  1800     0     0     0     0     0      0.243     -0.077      0.083      0.268      0.000
  1969         22  gamma               91  1800     0     0     0     0     0      0.173      0.026     -0.023      0.176      0.000
  1970         22  gamma               91  1801     0     0     0     0     0      0.245     -0.054     -0.009      0.251      0.000
  1971         22  gamma               91  1801     0     0     0     0     0     -0.007     -0.027     -0.022      0.036      0.000
  1972         22  gamma               91  1802     0     0     0     0     0      0.039     -0.154      0.010      0.159      0.000
  1973         22  gamma               91  1802     0     0     0     0     0      0.167     -0.111     -0.035      0.204      0.000
  1974         22  gamma               91  1803     0     0     0     0     0     -0.076     -0.005     -1.576      1.577      0.000
  1975         22  gamma               91  1803     0     0     0     0     0      0.036     -0.000     -0.164      0.167      0.000
  1976         22  gamma               91  1804     0     0     0     0     0     -0.021      0.137     -1.210      1.218      0.000
  1977         22  gamma               91  1804     0     0     0     0     0     -0.115      0.100     -0.712      0.728      0.000
  1978         22  gamma               91  1805     0     0     0     0     0     -0.232      0.060     -1.311      1.333      0.000
  1979         22  gamma               91  1805     0     0     0     0     0      0.012      0.025     -0.278      0.280      0.000
  1980         22  gamma               91  1808     0     0     0     0     0     -0.516     -0.020      0.066      0.521      0.000
  1981         22  gamma               91  1808     0     0     0     0     0     -1.010      0.098      0.262      1.047      0.000
  1982         22  gamma               91  1811     0     0     0     0     0     -2.033      0.150      0.216      2.050      0.000
  1983         22  gamma               91  1811     0     0     0     0     0     -0.080      0.001     -0.018      0.082      0.000
  1984         22  gamma               91  1816     0     0     0     0     0     -0.079     -0.199     -6.316      6.320      0.000
  1985         22  gamma               91  1816     0     0     0     0     0      0.032     -0.275    -10.681     10.685      0.000
  1986         22  gamma               91  1817     0     0     0     0     0      0.028      0.182     -8.142      8.144      0.000
  1987         22  gamma               91  1817     0     0     0     0     0     -0.008      0.088     -1.446      1.448      0.000
  1988         22  gamma               91  1823     0     0     0     0     0     -0.069     -0.116   -122.270    122.270      0.000
  1989         22  gamma               91  1823     0     0     0     0     0      0.050     -0.020    -31.592     31.592      0.000
  1990         22  gamma               91  1832     0     0     0     0     0      0.037      0.115    -10.179     10.180      0.000
  1991         22  gamma               91  1832     0     0     0     0     0      0.223      0.139    -30.050     30.051      0.000
  1992         22  gamma               91  1843     0     0     0     0     0     -0.053      0.059      0.095      0.123      0.000
  1993         22  gamma               91  1843     0     0     0     0     0     -0.181     -0.022      0.073      0.196      0.000
  1994         22  gamma               91  1860     0     0     0     0     0      0.011     -0.031      0.123      0.127      0.000
  1995         22  gamma               91  1860     0     0     0     0     0     -0.101     -0.105      2.454      2.459      0.000
  1996         22  gamma               91  1863     0     0     0     0     0     -0.043      0.034      0.053      0.077      0.000
  1997         22  gamma               91  1863     0     0     0     0     0     -0.011     -0.107      0.103      0.148      0.000
                                   Charge sum:  2.000           Momentum sum:      0.000     -0.000      0.000  13600.000  13600.000

 --------  End PYTHIA Event Listing  -----------------------------------------------------------------------------------------------
 PYTHIA Warning in JunctionSplitting::splitJunPairs: parallel junction state not allowed
 PYTHIA Warning in JunctionSplitting::checkColours: not possible to split junctions; making new colours
 PYTHIA Warning in JunctionSplitting::checkColours: made a gluon colour singlet; redoing colours
 PYTHIA Warning in SimpleSpaceShower::pT2nextQCD: small daughter PDF
 PYTHIA Error in BeamRemnants::setKinematics: kinematics construction failed after retrying 10 times
 PYTHIA Warning in MiniStringFragmentation::ministring2two: random axis needed to break tie
 PYTHIA Error in StringFragmentation::fragmentToJunction: diquark too close to junction
 PYTHIA Error in Pythia::next: hadronLevel failed; try again
 PYTHIA Warning in StringFragmentation::finalRegion: random axis needed to break tie
 PYTHIA Error in StringFragmentation::fragment: stuck in joining
1% | Elapsed: 0h 2m 1s | Remaining: 3h 19m 39s

 Pythia::next(): 1000 events have been generated 
 PYTHIA Warning in SimpleTimeShower::pT2nextOnium: splitting weight exceeded unity

 Pythia::next(): 2000 events have been generated 
2% | Elapsed: 0h 6m 44s | Remaining: 5h 29m 56s
 PYTHIA Warning in Pythia::check: energy-momentum not quite conserved

 Pythia::next(): 3000 events have been generated 
3% | Elapsed: 0h 10m 31s | Remaining: 5h 40m 2s
 PYTHIA Warning in StringFragmentation::collinearPair: JRF finding failure, use CoM instead
4% | Elapsed: 0h 12m 41s | Remaining: 5h 4m 24s

 Pythia::next(): 4000 events have been generated 
 PYTHIA Warning in MultipartonInteractions::pTnext: weight above unity
 PYTHIA Error in SimpleSpaceShower::pT2nearThreshold: xPDF = 0

 Pythia::next(): 5000 events have been generated 
5% | Elapsed: 0h 18m 39s | Remaining: 5h 54m 21s

 Pythia::next(): 6000 events have been generated 
 PYTHIA Error in SimpleSpaceShower::pT2nearThreshold: stuck in loop

 Pythia::next(): 7000 events have been generated 
6% | Elapsed: 0h 24m 8s | Remaining: 6h 18m 5s
7% | Elapsed: 0h 27m 12s | Remaining: 6h 1m 22s

 Pythia::next(): 8000 events have been generated 

 Pythia::next(): 9000 events have been generated 

 Pythia::next(): 10000 events have been generated 
8% | Elapsed: 0h 34m 56s | Remaining: 6h 41m 44s

 Pythia::next(): 11000 events have been generated 
9% | Elapsed: 0h 38m 23s | Remaining: 6h 28m 5s
10% | Elapsed: 0h 40m 1s | Remaining: 6h 0m 9s

 Pythia::next(): 12000 events have been generated 

 Pythia::next(): 13000 events have been generated 
11% | Elapsed: 0h 45m 39s | Remaining: 6h 9m 21s
12% | Elapsed: 0h 48m 31s | Remaining: 5h 55m 47s

 Pythia::next(): 14000 events have been generated 
13% | Elapsed: 0h 52m 49s | Remaining: 5h 53m 27s

 Pythia::next(): 15000 events have been generated 

 Pythia::next(): 16000 events have been generated 
14% | Elapsed: 0h 56m 46s | Remaining: 5h 48m 42s

 Pythia::next(): 17000 events have been generated 
15% | Elapsed: 1h 3m 24s | Remaining: 5h 59m 16s

 Pythia::next(): 18000 events have been generated 
16% | Elapsed: 1h 7m 7s | Remaining: 5h 52m 21s

 Pythia::next(): 19000 events have been generated 

 Pythia::next(): 20000 events have been generated 
17% | Elapsed: 1h 11m 32s | Remaining: 5h 49m 15s
18% | Elapsed: 1h 13m 43s | Remaining: 5h 35m 49s

 Pythia::next(): 21000 events have been generated 

 Pythia::next(): 22000 events have been generated 
19% | Elapsed: 1h 18m 49s | Remaining: 5h 36m 0s

 Pythia::next(): 23000 events have been generated 
20% | Elapsed: 1h 23m 22s | Remaining: 5h 33m 28s

 Pythia::next(): 24000 events have been generated 
21% | Elapsed: 1h 26m 58s | Remaining: 5h 27m 9s

 Pythia::next(): 25000 events have been generated 
22% | Elapsed: 1h 29m 49s | Remaining: 5h 18m 26s

 Pythia::next(): 26000 events have been generated 
23% | Elapsed: 1h 34m 32s | Remaining: 5h 16m 28s

 Pythia::next(): 27000 events have been generated 
24% | Elapsed: 1h 38m 41s | Remaining: 5h 12m 29s

 Pythia::next(): 28000 events have been generated 

 Pythia::next(): 29000 events have been generated 
25% | Elapsed: 1h 42m 35s | Remaining: 5h 7m 45s

 Pythia::next(): 30000 events have been generated 
26% | Elapsed: 1h 46m 4s | Remaining: 5h 1m 52s

 Pythia::next(): 31000 events have been generated 
27% | Elapsed: 1h 50m 0s | Remaining: 4h 57m 24s

 Pythia::next(): 32000 events have been generated 
28% | Elapsed: 1h 53m 57s | Remaining: 4h 53m 0s

 Pythia::next(): 33000 events have been generated 
29% | Elapsed: 1h 58m 15s | Remaining: 4h 49m 30s

 Pythia::next(): 34000 events have been generated 
 PYTHIA Warning in StringFragmentation::collinearPair: soft massless endpoint encountered in junction system.
30% | Elapsed: 2h 2m 0s | Remaining: 4h 44m 40s

 Pythia::next(): 35000 events have been generated 
31% | Elapsed: 2h 4m 38s | Remaining: 4h 37m 24s

 Pythia::next(): 36000 events have been generated 
32% | Elapsed: 2h 8m 16s | Remaining: 4h 32m 34s

 Pythia::next(): 37000 events have been generated 
33% | Elapsed: 2h 11m 26s | Remaining: 4h 26m 50s

 Pythia::next(): 38000 events have been generated 
34% | Elapsed: 2h 14m 43s | Remaining: 4h 21m 30s

 Pythia::next(): 39000 events have been generated 
35% | Elapsed: 2h 17m 49s | Remaining: 4h 15m 56s

 Pythia::next(): 40000 events have been generated 
36% | Elapsed: 2h 22m 19s | Remaining: 4h 13m 0s

 Pythia::next(): 41000 events have been generated 

 Pythia::next(): 42000 events have been generated 
37% | Elapsed: 2h 29m 5s | Remaining: 4h 13m 50s

 Pythia::next(): 43000 events have been generated 
38% | Elapsed: 2h 33m 53s | Remaining: 4h 11m 4s

 Pythia::next(): 44000 events have been generated 
39% | Elapsed: 2h 36m 2s | Remaining: 4h 4m 3s

 Pythia::next(): 45000 events have been generated 
40% | Elapsed: 2h 41m 10s | Remaining: 4h 1m 45s

 Pythia::next(): 46000 events have been generated 

 Pythia::next(): 47000 events have been generated 
41% | Elapsed: 2h 45m 21s | Remaining: 3h 57m 56s

 Pythia::next(): 48000 events have been generated 

 Pythia::next(): 49000 events have been generated 
42% | Elapsed: 2h 53m 27s | Remaining: 3h 59m 31s

 Pythia::next(): 50000 events have been generated 
43% | Elapsed: 2h 56m 33s | Remaining: 3h 54m 1s
44% | Elapsed: 2h 59m 1s | Remaining: 3h 47m 50s

 Pythia::next(): 51000 events have been generated 
45% | Elapsed: 3h 1m 54s | Remaining: 3h 42m 19s

 Pythia::next(): 52000 events have been generated 
46% | Elapsed: 3h 5m 18s | Remaining: 3h 37m 31s

 Pythia::next(): 53000 events have been generated 

 Pythia::next(): 54000 events have been generated 
47% | Elapsed: 3h 10m 21s | Remaining: 3h 34m 39s

 Pythia::next(): 55000 events have been generated 
48% | Elapsed: 3h 14m 16s | Remaining: 3h 30m 27s

 Pythia::next(): 56000 events have been generated 
49% | Elapsed: 3h 19m 22s | Remaining: 3h 27m 30s

 Pythia::next(): 57000 events have been generated 
50% | Elapsed: 3h 21m 17s | Remaining: 3h 21m 17s

 Pythia::next(): 58000 events have been generated 
51% | Elapsed: 3h 24m 27s | Remaining: 3h 16m 25s

 Pythia::next(): 59000 events have been generated 
 PYTHIA Warning in Pythia::check: not quite matched particle energy/momentum/mass
52% | Elapsed: 3h 28m 2s | Remaining: 3h 12m 1s

 Pythia::next(): 60000 events have been generated 
53% | Elapsed: 3h 30m 50s | Remaining: 3h 6m 12s
54% | Elapsed: 3h 32m 52s | Remaining: 3h 1m 19s

 Pythia::next(): 61000 events have been generated 
55% | Elapsed: 3h 35m 44s | Remaining: 2h 56m 30s

 Pythia::next(): 62000 events have been generated 

 Pythia::next(): 63000 events have been generated 
56% | Elapsed: 3h 41m 49s | Remaining: 2h 54m 17s

 Pythia::next(): 64000 events have been generated 
57% | Elapsed: 3h 46m 25s | Remaining: 2h 50m 48s

 Pythia::next(): 65000 events have been generated 

 Pythia::next(): 66000 events have been generated 
58% | Elapsed: 3h 52m 36s | Remaining: 2h 48m 26s

 Pythia::next(): 67000 events have been generated 
59% | Elapsed: 3h 56m 56s | Remaining: 2h 43m 58s

 Pythia::next(): 68000 events have been generated 
60% | Elapsed: 3h 59m 55s | Remaining: 2h 39m 56s

 Pythia::next(): 69000 events have been generated 
61% | Elapsed: 4h 3m 8s | Remaining: 2h 35m 26s

 Pythia::next(): 70000 events have been generated 

 Pythia::next(): 71000 events have been generated 
62% | Elapsed: 4h 8m 12s | Remaining: 2h 32m 7s
63% | Elapsed: 4h 9m 51s | Remaining: 2h 26m 44s

 Pythia::next(): 72000 events have been generated 
64% | Elapsed: 4h 13m 49s | Remaining: 2h 22m 46s

 Pythia::next(): 73000 events have been generated 

 Pythia::next(): 74000 events have been generated 
 PYTHIA Warning in StringFragmentation::perturbedJRF: small junction system, two short legs
65% | Elapsed: 4h 21m 22s | Remaining: 2h 20m 44s

 Pythia::next(): 75000 events have been generated 

 Pythia::next(): 76000 events have been generated 
66% | Elapsed: 4h 25m 59s | Remaining: 2h 17m 1s

 Pythia::next(): 77000 events have been generated 
67% | Elapsed: 4h 30m 27s | Remaining: 2h 13m 12s

 Pythia::next(): 78000 events have been generated 
68% | Elapsed: 4h 32m 59s | Remaining: 2h 8m 27s

 Pythia::next(): 79000 events have been generated 
69% | Elapsed: 4h 36m 34s | Remaining: 2h 4m 15s

 Pythia::next(): 80000 events have been generated 
70% | Elapsed: 4h 39m 51s | Remaining: 1h 59m 56s

 Pythia::next(): 81000 events have been generated 
71% | Elapsed: 4h 45m 32s | Remaining: 1h 56m 37s

 Pythia::next(): 82000 events have been generated 

 Pythia::next(): 83000 events have been generated 
72% | Elapsed: 4h 50m 22s | Remaining: 1h 52m 55s
73% | Elapsed: 4h 53m 28s | Remaining: 1h 48m 32s

 Pythia::next(): 84000 events have been generated 

 Pythia::next(): 85000 events have been generated 
74% | Elapsed: 4h 58m 44s | Remaining: 1h 44m 57s

 Pythia::next(): 86000 events have been generated 
75% | Elapsed: 5h 1m 27s | Remaining: 1h 40m 29s

 Pythia::next(): 87000 events have been generated 
76% | Elapsed: 5h 4m 47s | Remaining: 1h 36m 14s

 Pythia::next(): 88000 events have been generated 
77% | Elapsed: 5h 8m 57s | Remaining: 1h 32m 17s

 Pythia::next(): 89000 events have been generated 

 Pythia::next(): 90000 events have been generated 
78% | Elapsed: 5h 15m 9s | Remaining: 1h 28m 53s

 Pythia::next(): 91000 events have been generated 
79% | Elapsed: 5h 18m 14s | Remaining: 1h 24m 35s

 Pythia::next(): 92000 events have been generated 
80% | Elapsed: 5h 21m 23s | Remaining: 1h 20m 20s
81% | Elapsed: 5h 23m 47s | Remaining: 1h 15m 56s

 Pythia::next(): 93000 events have been generated 

 Pythia::next(): 94000 events have been generated 
82% | Elapsed: 5h 28m 21s | Remaining: 1h 12m 4s

 Pythia::next(): 95000 events have been generated 
83% | Elapsed: 5h 32m 35s | Remaining: 1h 8m 7s

 Pythia::next(): 96000 events have been generated 
84% | Elapsed: 5h 35m 51s | Remaining: 1h 3m 58s
 PYTHIA Warning in HadronWidths::pickMasses: angular momentum and running widths not used

 Pythia::next(): 97000 events have been generated 

 Pythia::next(): 98000 events have been generated 
85% | Elapsed: 5h 42m 26s | Remaining: 1h 0m 25s

 Pythia::next(): 99000 events have been generated 
86% | Elapsed: 5h 43m 57s | Remaining: 0h 55m 59s

 Pythia::next(): 100000 events have been generated 
87% | Elapsed: 5h 49m 38s | Remaining: 0h 52m 14s

 Pythia::next(): 101000 events have been generated 
88% | Elapsed: 5h 52m 47s | Remaining: 0h 48m 6s

 Pythia::next(): 102000 events have been generated 
89% | Elapsed: 5h 55m 59s | Remaining: 0h 43m 59s

 Pythia::next(): 103000 events have been generated 
90% | Elapsed: 5h 58m 6s | Remaining: 0h 39m 47s

 Pythia::next(): 104000 events have been generated 

 Pythia::next(): 105000 events have been generated 
91% | Elapsed: 6h 4m 7s | Remaining: 0h 36m 0s

 Pythia::next(): 106000 events have been generated 
92% | Elapsed: 6h 7m 4s | Remaining: 0h 31m 55s

 Pythia::next(): 107000 events have been generated 
93% | Elapsed: 6h 9m 58s | Remaining: 0h 27m 50s

 Pythia::next(): 108000 events have been generated 
94% | Elapsed: 6h 13m 31s | Remaining: 0h 23m 50s

 Pythia::next(): 109000 events have been generated 
95% | Elapsed: 6h 17m 33s | Remaining: 0h 19m 52s

 Pythia::next(): 110000 events have been generated 
96% | Elapsed: 6h 22m 10s | Remaining: 0h 15m 55s

 Pythia::next(): 111000 events have been generated 
97% | Elapsed: 6h 24m 47s | Remaining: 0h 11m 54s

 Pythia::next(): 112000 events have been generated 

 Pythia::next(): 113000 events have been generated 
 PYTHIA Error in MiniStringFragmentation::fragment: no 1- or 2-body state found above mass threshold
 PYTHIA Error in HadronLevel::next: ministring fragmentation failed
98% | Elapsed: 6h 32m 28s | Remaining: 0h 8m 0s

 Pythia::next(): 114000 events have been generated 
99% | Elapsed: 6h 35m 3s | Remaining: 0h 3m 59s

 Pythia::next(): 115000 events have been generated 

 Pythia::next(): 116000 events have been generated 
100% | Elapsed: 6h 40m 29s | Remaining: 0h 0m 0s
Events saved to /eos/cms/store/group/phys_smp/ec/shuangyu/Jpsi/HardQCD_Pt15to7000_Oniaon_CR1/pythia8_jpsi_events_0.root

Thanks for using LHAPDF 6.4.0. Please make sure to cite the paper:
  Eur.Phys.J. C75 (2015) 3, 132  (http://arxiv.org/abs/1412.7420)
Job finished.
