
 *------------------------------------------------------------------------------------* 
 |                                                                                    | 
 |  *------------------------------------------------------------------------------*  | 
 |  |                                                                              |  | 
 |  |                                                                              |  | 
 |  |   PPP   Y   Y  TTTTT  H   H  III    A      Welcome to the Lund Monte Carlo!  |  | 
 |  |   P  P   Y Y     T    H   H   I    A A     This is PYTHIA version 8.311      |  | 
 |  |   PPP     Y      T    HHHHH   I   AAAAA    Last date of change:  8 Mar 2024  |  | 
 |  |   P       Y      T    H   H   I   A   A                                      |  | 
 |  |   P       Y      T    H   H  III  A   A    Now is 20 Jul 2026 at 09:13:13    |  | 
 |  |                                                                              |  | 
 |  |   Program documentation and an archive of historic versions is found on:     |  | 
 |  |                                                                              |  | 
 |  |                               https://pythia.org/                            |  | 
 |  |                                                                              |  | 
 |  |   PYTHIA is authored by a collaboration consisting of:                       |  | 
 |  |                                                                              |  | 
 |  |   Javira Altmann, Christian Bierlich, Naomi Cooke, Nishita Desai,            |  | 
 |  |   Leif Gellersen, Ilkka Helenius, Philip Ilten, Leif Lonnblad,               |  | 
 |  |   Stephen Mrenna, Christian Preuss, Torbjorn Sjostrand, Peter Skands,        |  | 
 |  |   Marius Utheim, and Rob Verheyen.                                           |  | 
 |  |                                                                              |  | 
 |  |   The complete list of authors, including contact information and            |  | 
 |  |   affiliations, can be found on https://pythia.org/.                         |  | 
 |  |   Problems or bugs should be reported on email at authors@pythia.org.        |  | 
 |  |                                                                              |  | 
 |  |   The main program reference is C. Bierlich et al,                           |  | 
 |  |   'A comprehensive guide to the physics and usage of Pythia 8.3',            |  | 
 |  |   SciPost Phys. Codebases 8-r8.3 (2022) [arXiv:2203.11601 [hep-ph]]          |  | 
 |  |                                                                              |  | 
 |  |   PYTHIA is released under the GNU General Public Licence version 2 or later.|  | 
 |  |   Please respect the MCnet Guidelines for Event Generator Authors and Users. |  | 
 |  |                                                                              |  | 
 |  |   Disclaimer: this program comes without any guarantees.                     |  | 
 |  |   Beware of errors and use common sense when interpreting results.           |  | 
 |  |                                                                              |  | 
 |  |   Copyright (C) 2024 Torbjorn Sjostrand                                      |  | 
 |  |                                                                              |  | 
 |  |                                                                              |  | 
 |  *------------------------------------------------------------------------------*  | 
 |                                                                                    | 
 *------------------------------------------------------------------------------------* 

LHAPDF 6.4.0 loading /cvmfs/cms.cern.ch/el9_amd64_gcc12/external/lhapdf/6.4.0-e7c4b9323f96fa15c22775e405ec99ed/share/LHAPDF/NNPDF31_nnlo_as_0118/NNPDF31_nnlo_as_0118_0000.dat
NNPDF31_nnlo_as_0118 PDF set, member #0, version 1; LHAPDF ID = 303600
LHAPDF 6.4.0 loading /cvmfs/cms.cern.ch/el9_amd64_gcc12/external/lhapdf/6.4.0-e7c4b9323f96fa15c22775e405ec99ed/share/LHAPDF/NNPDF31_nnlo_as_0118/NNPDF31_nnlo_as_0118_0000.dat
NNPDF31_nnlo_as_0118 PDF set, member #0, version 1; LHAPDF ID = 303600

 *-------  PYTHIA Process Initialization  --------------------------*
 |                                                                  |
 | We collide p+ with p+ at a CM energy of 1.360e+04 GeV            |
 |                                                                  |
 |------------------------------------------------------------------|
 |                                                    |             |
 | Subprocess                                    Code |   Estimated |
 |                                                    |    max (mb) |
 |                                                    |             |
 |------------------------------------------------------------------|
 |                                                    |             |
 | g g -> g g                                     111 |   5.088e+02 |
 | g g -> q qbar (uds)                            112 |   2.035e+01 |
 | q g -> q g                                     113 |   1.648e+03 |
 | q q(bar)' -> q q(bar)'                         114 |   5.639e+02 |
 | q qbar -> g g                                  115 |   4.263e+00 |
 | q qbar -> q' qbar' (uds)                       116 |   4.231e+00 |
 | g g -> c cbar                                  121 |   6.778e+00 |
 | q qbar -> c cbar                               122 |   1.409e+00 |
 | g g -> b bbar                                  123 |   6.713e+00 |
 | q qbar -> b bbar                               124 |   1.396e+00 |
 |                                                                  |
 *-------  End PYTHIA Process Initialization -----------------------*
 PYTHIA Warning in SimpleTimeShower::init: pTmin too low , raised to 0.611

 *-------  PYTHIA Multiparton Interactions Initialization  ---------* 
 |                                                                  | 
 |                   sigmaNonDiffractive =    55.96 mb              | 
 |                                                                  | 
 |    pT0 =  1.44 gives sigmaInteraction =   496.99 mb: accepted    | 
 |                                                                  | 
 *-------  End PYTHIA Multiparton Interactions Initialization  -----* 

 *-------  PYTHIA Flag + Mode + Parm + Word + FVec + MVec + PVec + WVec Settings (changes only)  ------------------* 
 |                                                                                                                 | 
 | Name                                          |                      Now |      Default         Min         Max | 
 |                                               |                          |                                      | 
 | Beams:eCM                                     |                13600.000 |    14000.000         0.0             | 
 | Check:epTolErr                                |                0.0100000 |   1.0000e-04                         | 
 | ColourReconnection:range                      |                  5.17600 |      1.80000         0.0    10.00000 | 
 | HardQCD:all                                   |                       on |          off                         | 
 | Main:timesAllowErrors                         |                    10000 |           10           0             | 
 | MultipartonInteractions:alphaSorder           |                        2 |            1           0           3 | 
 | MultipartonInteractions:alphaSvalue           |                  0.11800 |      0.13000   0.0600000     0.25000 | 
 | MultipartonInteractions:bProfile              |                        2 |            3           0           4 | 
 | MultipartonInteractions:coreFraction          |                  0.63000 |      0.50000         0.0     1.00000 | 
 | MultipartonInteractions:coreRadius            |                  0.76340 |      0.40000     0.10000     1.00000 | 
 | MultipartonInteractions:ecmPow                |                0.0334400 |      0.21500         0.0     0.50000 | 
 | MultipartonInteractions:pT0Ref                |                  1.41000 |      2.28000     0.50000    10.00000 | 
 | ParticleDecays:limitTau0                      |                       on |          off                         | 
 | PDF:lepton                                    |                      off |           on                         | 
 | PDF:pSet                                      | LHAPDF6:NNPDF31_nnlo_as_0118 |           13                     | 
 | PhaseSpace:bias2Selection                     |                       on |          off                         | 
 | PhaseSpace:bias2SelectionPow                  |                  4.50000 |      4.00000         0.0    10.00000 | 
 | PhaseSpace:bias2SelectionRef                  |                 15.00000 |     10.00000     1.00000             | 
 | PhaseSpace:pTHatMax                           |                 7000.000 |     -1.00000                         | 
 | PhaseSpace:pTHatMin                           |                 15.00000 |          0.0         0.0             | 
 | Random:seed                                   |                 79213847 |           -1               900000000 | 
 | Random:setSeed                                |                       on |          off                         | 
 | SigmaProcess:alphaSorder                      |                        2 |            1           0           3 | 
 | SigmaProcess:alphaSvalue                      |                  0.11800 |      0.13000   0.0600000     0.25000 | 
 | SigmaTotal:mode                               |                        0 |            1           0           4 | 
 | SigmaTotal:sigmaEl                            |                 22.08000 |     25.00000         0.0             | 
 | SigmaTotal:sigmaTot                           |                101.03700 |    100.00000         0.0             | 
 | SigmaTotal:zeroAXB                            |                      off |           on                         | 
 | SLHA:minMassSM                                |                 1000.000 |    100.00000                         | 
 | SpaceShower:alphaSorder                       |                        2 |            1           0           3 | 
 | SpaceShower:alphaSvalue                       |                  0.11800 |      0.13650   0.0600000     0.25000 | 
 | TimeShower:alphaSorder                        |                        2 |            1           0           3 | 
 | TimeShower:alphaSvalue                        |                  0.11800 |      0.13650   0.0600000     0.25000 | 
 |                                                                                                                 | 
 *-------  End PYTHIA Flag + Mode + Parm + Word + FVec + MVec + PVec + WVec Settings  -----------------------------* 

 --------  PYTHIA Particle Data Table (changed only)  ------------------------------------------------------------------------------
 
      id   name            antiName         spn chg col      m0        mWidth      mMin       mMax       tau0    res dec ext vis wid
             no onMode   bRatio   meMode     products 

 no particle data has been changed from its default value 

 --------  End PYTHIA Particle Data Table  -----------------------------------------------------------------------------------------

 PYTHIA Warning in SimpleSpaceShower::pT2nextQCD: weight above unity

 --------  PYTHIA Info Listing  ---------------------------------------- 
 
 Beam A: id =   2212, pz =  6.800e+03, e =  6.800e+03, m =  9.383e-01.
 Beam B: id =   2212, pz = -6.800e+03, e =  6.800e+03, m =  9.383e-01.

 In 1: id =    1, x =  2.651e-02, pdf =  5.438e-01 at Q2 =  2.104e+05.
 In 2: id =    2, x =  2.797e-01, pdf =  3.224e-01 at same Q2.

 Subprocess q q(bar)' -> q q(bar)' with code 114 is 2 -> 2.
 It has sHat =  1.372e+06,    tHat = -2.594e+05,    uHat = -1.112e+06,
       pTHat =  4.586e+02,   m3Hat =  3.300e-01,   m4Hat =  3.300e-01,
    thetaHat =  8.998e-01,  phiHat =  2.308e+00.
     alphaEM =  7.963e-03,  alphaS =  9.607e-02    at Q2 =  2.104e+05.

 Impact parameter b =  2.527e-01 gives enhancement factor =  3.986e+00.
 Max pT scale for MPI =  4.586e+02, ISR =  4.586e+02, FSR =  4.586e+02.
 Number of MPI =    40, ISR =    41, FSRproc =   122, FSRreson =     0.

 --------  End PYTHIA Info Listing  ------------------------------------

 --------  PYTHIA Event Listing  (hard process)  -----------------------------------------------------------------------------------
 
    no         id  name            status     mothers   daughters     colours      p_x        p_y        p_z         e          m 
     0         90  (system)           -11     0     0     0     0     0     0      0.000      0.000      0.000  13600.000  13600.000
     1       2212  (p+)               -12     0     0     3     0     0     0      0.000      0.000   6800.000   6800.000      0.938
     2       2212  (p+)               -12     0     0     4     0     0     0      0.000      0.000  -6800.000   6800.000      0.938
     3          1  (d)                -21     1     0     5     6   101     0      0.000      0.000    180.285    180.285      0.000
     4          2  (u)                -21     2     0     5     6   102     0      0.000      0.000  -1902.113   1902.113      0.000
     5          1  d                   23     3     4     0     0   102     0   -308.142    339.706   -213.533    505.913      0.330
     6          2  u                   23     3     4     0     0   101     0    308.142   -339.706  -1508.295   1576.485      0.330
                                   Charge sum:  0.333           Momentum sum:      0.000      0.000  -1721.828   2082.398   1171.192

 --------  End PYTHIA Event Listing  -----------------------------------------------------------------------------------------------

 --------  PYTHIA Event Listing  (complete event)  ---------------------------------------------------------------------------------
 
    no         id  name            status     mothers   daughters     colours      p_x        p_y        p_z         e          m 
     0         90  (system)           -11     0     0     0     0     0     0      0.000      0.000      0.000  13600.000  13600.000
     1       2212  (p+)               -12     0     0   831     0     0     0      0.000      0.000   6800.000   6800.000      0.938
     2       2212  (p+)               -12     0     0   832     0     0     0      0.000      0.000  -6800.000   6800.000      0.938
     3          1  (d)                -21     7     7     5     6   101     0      0.000      0.000    180.285    180.285      0.000
     4          2  (u)                -21     8     0     5     6   102     0      0.000      0.000  -1902.113   1902.113      0.000
     5          1  (d)                -23     3     4     9     9   102     0   -308.142    339.706   -213.533    505.913      0.330
     6          2  (u)                -23     3     4    10    10   101     0    308.142   -339.706  -1508.295   1576.485      0.330
     7          1  (d)                -42    14    14     3     3   101     0     -0.000     -0.000    180.285    180.285      0.000
     8          2  (u)                -41    20    20    11     4   103     0      0.000      0.000  -2054.087   2054.087      0.000
     9          1  (d)                -44     5     5    21    21   102     0   -309.796    339.076   -213.561    506.512      0.330
    10          2  (u)                -44     6     6    12    13   101     0    301.049   -342.406  -1510.072   1577.399      0.330
    11         21  (g)                -43     8     0    23    23   103   102      8.747      3.330   -150.168    150.460      0.000
    12          2  (u)                -51    10     0    22    22   104     0    218.724   -241.565  -1101.298   1148.500      0.330
    13         21  (g)                -51    10     0    24    24   101   104     82.325   -100.841   -408.722    428.952      0.000
    14          1  (d)                -53    19     0     7     7   101     0     -0.000     -0.000    180.337    180.337      0.000
    15         21  (g)                -31    30    30    17    18   106   105      0.000      0.000     84.100     84.100      0.000
    16         21  (g)                -31    31     0    17    18   105   107      0.000      0.000     -1.963      1.963      0.000
    17         21  (g)                -33    15    16    32    32   108   107     -5.583      5.619      7.190     10.697      0.000
    18         21  (g)                -33    15    16    33    33   106   108      5.583     -5.619     74.948     75.365      0.000
    19          1  (d)                -41    95    95    25    14   109     0      0.000      0.000    182.002    182.002      0.000
    20          2  (u)                -42    96     0     8     8   103     0      0.000     -0.000  -2054.087   2054.087      0.000
    21          1  (d)                -44     9     9    97    97   102     0   -306.981    342.628   -212.559    506.767      0.330
    22          2  (u)                -44    12    12    98    98   104     0    219.178   -240.993  -1095.573   1142.977      0.330
    23         21  (g)                -44    11    11    99    99   103   102      8.749      3.333   -149.649    149.942      0.000
    24         21  (g)                -44    13    13    87    88   101   104     82.520   -100.595   -406.462    426.779      0.000
    25         21  (g)                -43    19     0    89    89   109   101     -3.466     -4.373     -7.842      9.624      0.000
    26          1  (d)                -31   154     0    28    29   110     0      0.000      0.000    118.146    118.146      0.000
    27         21  (g)                -31   155   155    28    29   111   112      0.000      0.000    -12.207     12.207      0.000
    28          1  (d)                -33    26    27   156   156   111     0     -5.864     -4.348    116.930    117.158      0.330
    29         21  (g)                -33    26    27   157   157   110   112      5.864      4.348    -10.992     13.195      0.000
    30         21  (g)                -42    52    52    15    15   106   105     -0.000      0.000     84.100     84.100      0.000
    31         21  (g)                -41    53     0    34    16   113   107      0.000     -0.000     -2.549      2.549      0.000
    32         21  (g)                -44    17    17    54    54   108   107     -4.918      5.478      3.695      8.237      0.000
    33         21  (g)                -44    18    18    55    55   106   108      5.662     -5.636     58.762     59.302      0.000
    34         21  (g)                -43    31     0    56    56   113   105     -0.744      0.158     19.094     19.110      0.000
    35         21  (g)                -31    43     0    37    38   114   115      0.000      0.000     73.581     73.581      0.000
    36         21  (g)                -31    44    44    37    38   116   117      0.000      0.000     -1.342      1.342      0.000
    37         21  (g)                -33    35    36    45    45   114   117      4.956     -3.342     66.047     66.317      0.000
    38         21  (g)                -33    35    36    46    46   116   115     -4.956      3.342      6.192      8.606      0.000
    39         21  (g)                -31    90    90    41    42   118   119      0.000      0.000     25.745     25.745      0.000
    40         21  (g)                -31    91     0    41    42   120   121      0.000      0.000    -17.343     17.343      0.000
    41         21  (g)                -33    39    40    92    92   118   121     -5.469     -0.214    -16.608     17.487      0.000
    42         21  (g)                -33    39    40    93    93   120   119      5.469      0.214     25.010     25.602      0.000
    43         21  (g)                -41   190   190    47    35   122   115     -0.000      0.000    103.256    103.256      0.000
    44         21  (g)                -42   191     0    36    36   116   117      0.000      0.000     -1.342      1.342      0.000
    45         21  (g)                -44    37    37   192   192   114   117      7.577     -4.624     83.074     83.547      0.000
    46         21  (g)                -44    38    38   193   193   116   115     -4.662      3.199      8.456     10.172      0.000
    47         21  (g)                -43    43     0   194   194   122   114     -2.915      1.426     10.385     10.880      0.000
    48         21  (g)                -31    73     0    50    51   123   124      0.000      0.000      2.955      2.955      0.000
    49         -3  (sbar)             -31    74    74    50    51     0   123      0.000      0.000     -9.664      9.664      0.000
    50         21  (g)                -33    48    49    75    75   125   124     -0.313     -5.255     -2.349      5.765      0.000
    51         -3  (sbar)             -33    48    49    76    76     0   125      0.313      5.255     -4.361      6.854      0.500
    52         21  (g)                -42    66     0    30    30   106   105     -0.000     -0.000     84.100     84.100      0.000
    53         -3  (sbar)             -41    67    67    57    31     0   107      0.000      0.000    -67.543     67.543      0.000
    54         21  (g)                -44    32    32    68    68   108   107     -0.606      6.433      2.123      6.801      0.000
    55         21  (g)                -44    33    33    69    69   106   108      6.175     -5.522     61.361     61.918      0.000
    56         21  (g)                -44    34    34    70    70   113   105     -0.729      0.161     17.895     17.910      0.000
    57         -3  (sbar)             -43    53     0    71    71     0   113     -4.840     -1.071    -64.822     65.013      0.500
    58         21  (g)                -31   242   242    60    61   127   126      0.000      0.000    408.874    408.874      0.000
    59         21  (g)                -31   243     0    60    61   129   128      0.000      0.000     -0.062      0.062      0.000
    60         21  (g)                -33    58    59   244   244   129   126      3.617      2.422    102.618    102.710      0.000
    61         21  (g)                -33    58    59   245   245   127   128     -3.617     -2.422    306.195    306.225      0.000
    62         21  (g)                -31    82    82    64    65   131   130      0.000      0.000     15.873     15.873      0.000
    63         21  (g)                -31    83     0    64    65   132   131      0.000      0.000    -48.301     48.301      0.000
    64         21  (g)                -33    62    63    84    84   133   130      3.667      1.971     15.508     16.057      0.000
    65         21  (g)                -33    62    63    85    85   132   133     -3.667     -1.971    -47.937     48.117      0.000
    66         21  (g)                -41   311   311    72    52   134   105     -0.000     -0.000     90.119     90.119      0.000
    67         -3  (sbar)             -42   312     0    53    53     0   107      0.000      0.000    -67.543     67.543      0.000
    68         21  (g)                -44    54    54   213   214   108   107     -0.784      6.347      2.243      6.777      0.000
    69         21  (g)                -44    55    55   215   215   106   108      3.708     -6.704     62.071     62.542      0.000
    70         21  (g)                -44    56    56   315   315   113   105     -1.446     -0.182     18.067     18.125      0.000
    71         -3  (sbar)             -44    57    57   316   316     0   113     -4.844     -1.073    -64.233     64.426      0.500
    72         21  (g)                -43    66     0   317   317   134   106      3.366      1.612      4.429      5.792      0.000
    73         21  (g)                -41   618   618    77    48   123   135     -0.000     -0.000     52.702     52.702      0.000
    74         -3  (sbar)             -42   926   926    49    49     0   123      0.000     -0.000     -9.664      9.664      0.000
    75         21  (g)                -44    50    50   170   171   125   124     -1.075     -3.117      0.564      3.345      0.000
    76         -3  (sbar)             -44    51    51   205   205     0   125     -0.243      6.816     -6.769      9.622      0.500
    77         21  (g)                -43    73     0   172   172   124   135      1.318     -3.699     49.242     49.399      0.000
    78         21  (g)                -31   745     0    80    81   136   137      0.000      0.000      2.311      2.311      0.000
    79         21  (g)                -31   746   746    80    81   137   138      0.000      0.000    -93.142     93.142      0.000
    80         21  (g)                -33    78    79   323   323   136   139      3.895     -0.484      0.571      3.966      0.000
    81         21  (g)                -33    78    79   321   322   139   138     -3.895      0.484    -91.402     91.486      0.000
    82         21  (g)                -42   125     0    62    62   131   130      0.000     -0.000     15.873     15.873      0.000
    83         21  (g)                -41   126   126    86    63   140   131     -0.000      0.000    -95.486     95.486      0.000
    84         21  (g)                -44    64    64   124   124   133   130      3.680      1.986     15.513     16.067      0.000
    85         21  (g)                -44    65    65   122   123   132   133     -1.295      0.773    -48.441     48.464      0.000
    86         21  (g)                -43    83     0   129   129   140   132     -2.385     -2.759    -46.686     46.828      0.000
    87         21  (g)                -51    24     0   100   100   141   104     23.438    -32.109   -131.673    137.543      0.000
    88         21  (g)                -51    24     0   102   102   101   141     58.976    -68.620   -275.029    289.530      0.000
    89         21  (g)                -52    25    25   101   101   109   101     -3.360     -4.239     -7.602      9.330      0.000
    90         21  (g)                -42   148     0    39    39   118   119      0.000      0.000     25.745     25.745      0.000
    91         21  (g)                -41   149   149    94    40   120   142     -0.000     -0.000    -51.590     51.590      0.000
    92         21  (g)                -44    41    41   150   150   118   121     -2.769      1.295    -17.054     17.326      0.000
    93         21  (g)                -44    42    42   151   151   120   119      5.516      0.240     25.238     25.835      0.000
    94         21  (g)                -43    91     0   152   152   121   142     -2.747     -1.535    -34.029     34.174      0.000
    95          1  (d)                -42   111     0    19    19   109     0      0.000     -0.000    182.002    182.002      0.000
    96          2  (u)                -41   112   112   103    20   143     0     -0.000      0.000  -2242.530   2242.530      0.000
    97          1  (d)                -44    21    21   113   113   102     0   -307.472    342.846   -212.283    507.096      0.330
    98          2  (u)                -44    22    22   114   114   104     0    217.651   -240.314  -1095.880   1142.837      0.330
    99         21  (g)                -44    23    23   115   115   103   102      8.545      3.424   -149.666    149.948      0.000
   100         21  (g)                -44    87    87   106   106   141   104     23.254    -32.028   -131.709    137.527      0.000
   101         21  (g)                -44    89    89   117   117   109   101     -3.371     -4.234     -7.602      9.332      0.000
   102         21  (g)                -44    88    88   104   105   101   141     58.591    -68.448   -275.111    289.490      0.000
   103         21  (g)                -43    96     0   119   119   143   103      2.803     -1.246   -188.277    188.302      0.000
   104         21  (g)                -51   102     0   118   118   101   144     58.626    -67.485   -282.348    296.162      0.000
   105         21  (g)                -51   102     0   120   120   144   141     18.375    -26.319    -97.035    102.206      0.000
   106         21  (g)                -52   100   100   116   116   141   104      4.844     -6.672    -27.436     28.649      0.000
   107         21  (g)                -31   132   132   109   110   145   146      0.000      0.000      0.682      0.682      0.000
   108         21  (g)                -31   133     0   109   110   147   148      0.000      0.000  -1500.366   1500.366      0.000
   109         21  (g)                -33   107   108   134   134   145   148      2.597     -1.462     -2.579      3.941      0.000
   110         21  (g)                -33   107   108   135   135   147   146     -2.597      1.462  -1497.104   1497.107      0.000
   111          1  (d)                -41   831   831   121    95   149     0      0.000     -0.000    258.295    258.295      0.000
   112          2  (u)                -42   832   832    96    96   143     0     -0.000     -0.000  -2242.530   2242.530      0.000
   113          1  (d)                -44    97    97   137   138   102     0   -305.397    343.719   -211.135    505.952      0.330
   114          2  (u)                -44    98    98   493   494   104     0    217.981   -240.175  -1096.684   1143.642      0.330
   115         21  (g)                -44    99    99   139   139   103   102      8.547      3.425   -149.733    150.016      0.000
   116         21  (g)                -44   106   106   495   495   141   104      4.853     -6.668    -27.450     28.662      0.000
   117         21  (g)                -44   101   101   332   332   109   101     -3.359     -4.229     -7.565      9.295      0.000
   118         21  (g)                -44   104   104   661   662   101   144     58.723    -67.444   -282.557    296.370      0.000
   119         21  (g)                -44   103   103   229   229   143   103      2.803     -1.246   -188.290    188.315      0.000
   120         21  (g)                -44   105   105   663   663   144   141     18.412    -26.304    -97.085    102.256      0.000
   121         21  (g)                -43   111     0   330   331   149   109     -2.562     -1.077     76.264     76.315      0.000
   122         21  (g)                -51    85     0   128   128   132   150     -1.395      3.328    -38.594     38.762      0.000
   123         21  (g)                -51    85     0   130   130   150   133      0.155     -2.525     -9.615      9.942      0.000
   124         21  (g)                -52    84    84   127   127   133   130      3.625      1.957     15.281     15.827      0.000
   125         21  (g)                -41   794     0   131    82   131   151      0.000     -0.000     16.634     16.634      0.000
   126         21  (g)                -42   795   795    83    83   140   131      0.000      0.000    -95.486     95.486      0.000
   127         21  (g)                -44   124   124   286   287   133   130      5.322      2.467     15.436     16.513      0.000
   128         21  (g)                -44   122   122   251   252   132   150     -1.386      3.331    -37.552     37.725      0.000
   129         21  (g)                -44    86    86   253   253   140   132     -2.378     -2.757    -45.281     45.427      0.000
   130         21  (g)                -44   123   123   558   559   150   133      0.173     -2.520     -9.321      9.658      0.000
   131         21  (g)                -43   125     0   288   288   130   151     -1.732     -0.521     -2.134      2.797      0.000
   132         21  (g)                -42   390     0   107   107   145   146     -0.000     -0.000      0.682      0.682      0.000
   133         21  (g)                -41   241   241   136   108   152   148      0.000      0.000  -1638.944   1638.944      0.000
   134         21  (g)                -44   109   109   239   240   145   148      2.598     -1.457     -2.656      3.991      0.000
   135         21  (g)                -44   110   110   179   179   147   146     -1.809      3.622  -1526.191   1526.196      0.000
   136         21  (g)                -43   133     0   177   178   152   147     -0.789     -2.165   -109.414    109.439      0.000
   137          1  (d)                -51   113     0   419   419   153     0   -276.658    313.968   -190.068    459.610      0.330
   138         21  (g)                -51   113     0   417   418   102   153    -28.731     29.753    -21.204     46.479      0.000
   139         21  (g)                -52   115   115   227   228   103   102      8.539      3.422   -149.596    149.879      0.000
   140         21  (g)                -31   272     0   142   143   156   155      0.000      0.000    793.334    793.334      0.000
   141         -2  (ubar)             -31   273   273   142   143     0   154      0.000      0.000     -0.016      0.016      0.000
   142         21  (g)                -33   140   141   274   274   156   154     -2.413     -0.780    671.824    671.828      0.000
   143         -2  (ubar)             -33   140   141   275   275     0   155      2.413      0.780    121.495    121.522      0.330
   144         21  (g)                -31   159   159   146   147   157   158      0.000      0.000      0.127      0.127      0.000
   145         21  (g)                -31   160     0   146   147   159   160      0.000      0.000    -77.182     77.182      0.000
   146         21  (g)                -33   144   145   161   161   157   160      2.379      0.780    -15.260     15.464      0.000
   147         21  (g)                -33   144   145   162   162   159   158     -2.379     -0.780    -61.795     61.846      0.000
   148         21  (g)                -41   206     0   153    90   118   161      0.000     -0.000     26.886     26.886      0.000
   149         21  (g)                -42   207   207    91    91   120   142     -0.000      0.000    -51.590     51.590      0.000
   150         21  (g)                -44    92    92   208   208   118   121     -2.762      1.290    -16.540     16.819      0.000
   151         21  (g)                -44    93    93   209   209   120   119      6.783     -0.656     25.736     26.623      0.000
   152         21  (g)                -44    94    94   210   210   121   142     -2.743     -1.538    -33.150     33.299      0.000
   153         21  (g)                -43   148     0   211   211   119   161     -1.277      0.904     -0.750      1.735      0.000
   154          1  (d)                -41   164   164   158    26   162     0      0.000     -0.000    247.111    247.111      0.000
   155         21  (g)                -42   165     0    27    27   111   112     -0.000      0.000    -12.207     12.207      0.000
   156          1  (d)                -44    28    28   166   166   111     0     -6.915     -2.242    117.151    117.377      0.330
   157         21  (g)                -44    29    29   167   167   110   112      5.854      4.368    -10.980     13.187      0.000
   158         21  (g)                -43   154     0   168   168   162   110      1.061     -2.126    128.732    128.754      0.000
   159         21  (g)                -42   262     0   144   144   157   158      0.000     -0.000      0.127      0.127      0.000
   160          2  (u)                -41   263   263   163   145   159     0     -0.000      0.000  -1135.546   1135.546      0.000
   161         21  (g)                -44   146   146   264   264   157   160      2.151      1.179    -17.536     17.707      0.000
   162         21  (g)                -44   147   147   265   265   159   158     -3.295      0.825    -70.873     70.955      0.000
   163          2  (u)                -43   160     0   266   266   160     0      1.144     -2.004  -1047.009   1047.011      0.330
   164          1  (d)                -42   873   873   154   154   162     0     -0.000     -0.000    247.111    247.111      0.000
   165         21  (g)                -41   557   557   169   155   111   163      0.000      0.000    -13.264     13.264      0.000
   166          1  (d)                -44   156   156   555   556   111     0     -6.920     -2.262    116.870    117.097      0.330
   167         21  (g)                -44   157   157   180   181   110   112      5.288      2.244    -11.471     12.829      0.000
   168         21  (g)                -44   158   158   182   182   162   110      1.061     -2.128    128.193    128.215      0.000
   169         21  (g)                -43   165     0   574   575   112   163      0.571      2.145      0.255      2.235      0.000
   170         21  (g)                -51    75     0   203   204   125   164      1.487     -2.696      1.764      3.549      0.000
   171         21  (g)                -51    75     0   218   218   164   124     -2.456     -0.716      2.740      3.749      0.000
   172         21  (g)                -52    77    77   216   217   124   135      1.212     -3.403     45.302     45.446      0.000
   173         21  (g)                -31   356     0   175   176   166   165      0.000      0.000      6.730      6.730      0.000
   174         21  (g)                -31   357   357   175   176   168   167      0.000      0.000     -1.344      1.344      0.000
   175         21  (g)                -33   173   174   358   358   168   165      1.050     -1.908      5.478      5.895      0.000
   176         21  (g)                -33   173   174   359   359   166   167     -1.050      1.908     -0.093      2.180      0.000
   177         21  (g)                -51   136     0   386   386   152   169      0.126     -2.824   -257.822    257.838      0.000
   178         21  (g)                -51   136     0   384   385   169   147     -1.325      1.480   -197.468    197.478      0.000
   179         21  (g)                -52   135   135   393   393   147   146     -1.399      2.801  -1180.315   1180.320      0.000
   180         21  (g)                -51   167     0   187   188   170   112      6.372      3.179    -10.789     12.927      0.000
   181         21  (g)                -51   167     0   189   189   110   170     -1.066     -0.971      1.488      2.072      0.000
   182         21  (g)                -52   168   168   684   684   162   110      1.043     -2.092    126.023    126.044      0.000
   183         21  (g)                -31  1016  1016   185   186   172   171      0.000      0.000     24.316     24.316      0.000
   184         21  (g)                -31  1017  1017   185   186   173   172      0.000      0.000    -12.230     12.230      0.000
   185         21  (g)                -33   183   184   277   278   174   171      1.896     -0.449     24.199     24.278      0.000
   186         21  (g)                -33   183   184   279   279   173   174     -1.896      0.449    -12.113     12.268      0.000
   187         21  (g)                -51   180     0   366   366   175   112      2.778      2.693     -8.194      9.061      0.000
   188         21  (g)                -51   180     0   233   234   170   175      3.431      0.338     -2.368      4.182      0.000
   189         21  (g)                -52   181   181   235   235   110   170     -0.903     -0.823      1.261      1.755      0.000
   190         21  (g)                -42   196   196    43    43   122   115     -0.000      0.000    103.256    103.256      0.000
   191         21  (g)                -41   197     0   195    44   176   117      0.000     -0.000     -1.462      1.462      0.000
   192         21  (g)                -44    45    45   198   198   114   117      7.659     -4.674     78.433     78.944      0.000
   193         21  (g)                -44    46    46   199   199   116   115     -4.364      3.018      6.654      8.511      0.000
   194         21  (g)                -44    47    47   200   200   122   114     -2.829      1.373      8.964      9.499      0.000
   195         21  (g)                -43   191     0   201   201   176   116     -0.466      0.283      7.744      7.764      0.000
   196         21  (g)                -42   301     0   190   190   122   115      0.000     -0.000    103.256    103.256      0.000
   197         21  (g)                -41   302   302   202   191   177   117     -0.000      0.000     -3.632      3.632      0.000
   198         21  (g)                -44   192   192   254   255   114   117      7.552     -4.361     73.328     73.845      0.000
   199         21  (g)                -44   193   193   304   304   116   115     -4.754      4.156      9.694     11.569      0.000
   200         21  (g)                -44   194   194   256   256   122   114     -2.941      1.702     10.402     10.943      0.000
   201         21  (g)                -44   195   195   232   232   176   116     -0.470      0.294      7.940      7.959      0.000
   202         21  (g)                -43   197     0   230   231   177   176      0.614     -1.791     -1.740      2.572      0.000
   203         21  (g)                -51   170     0   927   927   178   164     -0.967     -1.372     -0.296      1.704      0.000
   204         21  (g)                -51   170     0   363   363   125   178      2.427     -0.613      1.354      2.846      0.000
   205         -3  (sbar)             -52    76    76   361   362     0   125     -0.217      6.105     -6.063      8.621      0.500
   206         21  (g)                -41   911   911   212   148   179   161      0.000     -0.000     93.215     93.215      0.000
   207         21  (g)                -42   912   912   149   149   120   142      0.000      0.000    -51.590     51.590      0.000
   208         21  (g)                -44   150   150   236   237   118   121     -2.759      1.281    -16.459     16.738      0.000
   209         21  (g)                -44   151   151   292   293   120   119      7.341     -2.249     25.637     26.762      0.000
   210         21  (g)                -44   152   152   344   344   121   142     -2.741     -1.542    -33.142     33.291      0.000
   211         21  (g)                -44   153   153   294   294   119   161     -1.267      0.874     -0.708      1.694      0.000
   212         21  (g)                -43   206     0   238   238   179   118     -0.573      1.636     66.298     66.321      0.000
   213         21  (g)                -51    68     0   313   313   180   107      0.247      0.794     -0.715      1.096      0.000
   214         21  (g)                -51    68     0   300   300   108   180     -0.959      5.421      4.181      6.913      0.000
   215         21  (g)                -52    69    69   298   299   106   108      3.635     -6.572     60.847     61.309      0.000
   216         -1  (dbar)             -51   172     0   616   617     0   135     -0.378     -3.654     31.339     31.555      0.330
   217          1  (d)                -51   172     0   521   521   124     0      1.267      0.156     14.324     14.385      0.330
   218         21  (g)                -52   171   171   519   520   164   124     -2.132     -0.622      2.379      3.255      0.000
   219          2  (u)                -31   772   772   221   222   181     0      0.000      0.000     26.659     26.659      0.000
   220         21  (g)                -31   773     0   221   222   182   183      0.000      0.000     -0.877      0.877      0.000
   221          2  (u)                -33   219   220   774   774   182     0     -1.713      0.139     25.758     25.818      0.330
   222         21  (g)                -33   219   220   775   775   181   183      1.713     -0.139      0.024      1.719      0.000
   223         21  (g)                -31   257     0   225   226   184   185      0.000      0.000      0.640      0.640      0.000
   224         21  (g)                -31   258   258   225   226   186   187      0.000      0.000    -26.388     26.388      0.000
   225         21  (g)                -33   223   224   259   259   184   187     -0.868     -1.481    -25.153     25.211      0.000
   226         21  (g)                -33   223   224   260   260   186   185      0.868      1.481     -0.595      1.817      0.000
   227         21  (g)                -51   139     0   466   466   188   102      1.905     -0.787    -29.862     29.933      0.000
   228         21  (g)                -51   139     0   631   632   103   188      7.159      3.976   -154.962    155.178      0.000
   229         21  (g)                -52   119   119   633   633   143   103      2.278     -1.013   -153.062    153.082      0.000
   230         21  (g)                -51   202     0   307   307   177   189      0.385     -1.286     -1.924      2.346      0.000
   231         21  (g)                -51   202     0   308   308   189   176      0.113     -0.433      2.140      2.187      0.000
   232         21  (g)                -52   201   201   306   306   176   116     -0.355      0.222      5.984      5.998      0.000
   233         21  (g)                -51   188     0   364   365   190   175     -0.088     -1.162     -0.862      1.449      0.000
   234         21  (g)                -51   188     0   283   284   170   190      3.136      1.150     -0.971      3.478      0.000
   235         21  (g)                -52   189   189   285   285   110   170     -0.520     -0.474      0.726      1.010      0.000
   236         21  (g)                -51   208     0   342   343   191   121     -2.709      1.753    -16.412     16.726      0.000
   237         21  (g)                -51   208     0   373   373   118   191     -0.065     -0.432      1.568      1.627      0.000
   238         21  (g)                -52   212   212   917   917   179   118     -0.559      1.597     64.683     64.705      0.000
   239         21  (g)                -51   134     0   335   335   145   192      2.511      0.417     -2.569      3.617      0.000
   240         21  (g)                -51   134     0   333   334   192   148      0.088     -1.873     -5.963      6.251      0.000
   241         21  (g)                -53   391   391   133   133   152   148      0.000      0.000  -1644.821   1644.821      0.000
   242         21  (g)                -42   691   691    58    58   127   126      0.000     -0.000    408.874    408.874      0.000
   243         21  (g)                -41   389   389   246    59   193   128     -0.000      0.000   -171.863    171.863      0.000
   244         21  (g)                -44    60    60   406   406   129   126      2.393      2.443     61.687     61.782      0.000
   245         21  (g)                -44    61    61   387   388   127   128     -4.027     -2.415    347.119    347.151      0.000
   246         21  (g)                -43   243     0   404   405   193   129      1.634     -0.028   -171.796    171.804      0.000
   247         21  (g)                -31   420     0   249   250   195   194      0.000      0.000     85.895     85.895      0.000
   248         21  (g)                -31   421   421   249   250   196   195      0.000      0.000     -0.803      0.803      0.000
   249         21  (g)                -33   247   248   422   422   197   194     -0.837      1.373     85.074     85.089      0.000
   250         21  (g)                -33   247   248   423   423   196   197      0.837     -1.373      0.018      1.608      0.000
   251         21  (g)                -51   128     0   698   699   198   150     -0.647      1.193     -5.440      5.606      0.000
   252         21  (g)                -51   128     0   436   436   132   198     -1.354      1.425    -43.824     43.868      0.000
   253         21  (g)                -52   129   129   434   435   140   132     -1.763     -2.044    -33.569     33.678      0.000
   254         21  (g)                -51   198     0   303   303   199   117      1.082     -0.166      2.872      3.074      0.000
   255         21  (g)                -51   198     0   309   309   114   199      6.146     -4.007     71.603     71.978      0.000
   256         21  (g)                -52   200   200   305   305   122   114     -2.617      1.514      9.255      9.736      0.000
   257         21  (g)                -41   753   753   261   223   184   200      0.000      0.000      0.942      0.942      0.000
   258         21  (g)                -42   754     0   224   224   186   187     -0.000     -0.000    -26.388     26.388      0.000
   259         21  (g)                -44   225   225   755   755   184   187     -0.826     -1.436    -21.161     21.226      0.000
   260         21  (g)                -44   226   226   756   756   186   185      1.738      2.417     -2.598      3.951      0.000
   261         21  (g)                -43   257     0   757   757   185   200     -0.912     -0.980     -1.687      2.153      0.000
   262         21  (g)                -41   993   993   267   159   157   201     -0.000     -0.000    537.001    537.001      0.000
   263          2  (u)                -42   994   994   160   160   159     0      0.000      0.000  -1135.546   1135.546      0.000
   264         21  (g)                -44   161   161   613   614   157   160      1.931      0.211    -10.922     11.094      0.000
   265         21  (g)                -44   162   162   295   296   159   158     -3.400      0.364    -71.552     71.633      0.000
   266          2  (u)                -44   163   163   615   615   160     0      1.141     -2.019  -1052.943   1052.945      0.330
   267         21  (g)                -43   262     0   297   297   158   201      0.329      1.444    536.872    536.874      0.000
   268          2  (u)                -31   348     0   270   271   202     0      0.000      0.000     61.968     61.968      0.000
   269         21  (g)                -31   349   349   270   271   203   202      0.000      0.000    -58.337     58.337      0.000
   270          2  (u)                -33   268   269   282   282   204     0      1.215      0.825     61.950     61.968      0.330
   271         21  (g)                -33   268   269   280   281   203   204     -1.215     -0.825    -58.319     58.337      0.000
   272         21  (g)                -41   986   986   276   140   156   205      0.000      0.000   1136.172   1136.172      0.000
   273         -2  (ubar)             -42   518   518   141   141     0   154     -0.000      0.000     -0.016      0.016      0.000
   274         21  (g)                -44   142   142   516   517   156   154     -3.413     -0.923    764.218    764.226      0.000
   275         -2  (ubar)             -44   143   143   989   989     0   155      2.232      0.754    138.209    138.229      0.330
   276         21  (g)                -43   272     0   990   990   155   205      1.181      0.169    233.729    233.732      0.000
   277         21  (g)                -51   185     0   327   328   206   171      0.961      0.979     18.538     18.589      0.000
   278         21  (g)                -51   185     0   329   329   174   206      0.918     -1.423      5.550      5.802      0.000
   279         21  (g)                -52   186   186   478   478   173   174     -1.879      0.445    -12.001     12.155      0.000
   280         21  (g)                -51   271     0   351   351   203   207     -0.008     -1.547    -54.975     54.997      0.000
   281         21  (g)                -51   271     0   291   291   207   204     -1.205      0.725     -3.194      3.490      0.000
   282          2  (u)                -52   270   270   289   290   204     0      1.213      0.823     61.800     61.819      0.330
   283         21  (g)                -51   234     0   881   881   208   190      0.798      1.430      0.538      1.723      0.000
   284         21  (g)                -51   234     0   717   718   170   208      2.026     -0.564     -1.073      2.361      0.000
   285         21  (g)                -52   235   235   682   683   110   170     -0.208     -0.189      0.290      0.404      0.000
   286         21  (g)                -51   127     0   560   560   133   209      4.297      1.990     15.051     15.779      0.000
   287         21  (g)                -51   127     0   802   802   209   130      0.868      0.430      0.192      0.988      0.000
   288         21  (g)                -52   131   131   800   800   130   151     -1.575     -0.474     -1.941      2.544      0.000
   289          2  (u)                -51   282     0   350   350   210     0     -0.420     -0.078     39.385     39.389      0.330
   290         21  (g)                -51   282     0   339   340   204   210      1.621      0.907     22.385     22.462      0.000
   291         21  (g)                -52   281   281   341   341   207   204     -1.194      0.718     -3.164      3.457      0.000
   292          4  (c)                -51   209     0   914   914   120     0      2.848     -0.509     10.457     10.953      1.500
   293         -4  (cbar)             -51   209     0   600   600     0   119      4.408     -1.683     15.132     15.921      1.500
   294         21  (g)                -52   211   211   598   599   119   161     -1.182      0.815     -0.661      1.581      0.000
   295         21  (g)                -51   265     0   347   347   159   211     -3.744      1.142    -71.405     71.512      0.000
   296         21  (g)                -51   265     0   345   346   211   158      0.345     -0.774      1.203      1.471      0.000
   297         21  (g)                -52   267   267   496   497   158   201      0.328      1.440    535.522    535.524      0.000
   298         21  (g)                -51   215     0   314   314   106   212      3.665     -4.530     52.569     52.891      0.000
   299         21  (g)                -51   215     0   319   319   212   108     -0.056     -1.898      8.389      8.602      0.000
   300         21  (g)                -52   214   214   318   318   108   180     -0.933      5.278      4.071      6.730      0.000
   301         21  (g)                -41   637   637   310   196   122   213     -0.000      0.000    276.696    276.696      0.000
   302         21  (g)                -42   638     0   197   197   177   117      0.000      0.000     -3.632      3.632      0.000
   303         21  (g)                -44   254   254   639   639   199   117      1.049     -0.182      2.883      3.073      0.000
   304         21  (g)                -44   199   199   425   426   116   115     -4.871      4.098      9.699     11.601      0.000
   305         21  (g)                -44   256   256   586   587   122   114     -2.721      1.462      9.261      9.763      0.000
   306         21  (g)                -44   232   232   463   463   176   116     -0.421      0.189      5.992      6.010      0.000
   307         21  (g)                -44   230   230   643   643   177   189      0.383     -1.287     -1.922      2.344      0.000
   308         21  (g)                -44   231   231   644   644   189   176      0.089     -0.445      2.144      2.191      0.000
   309         21  (g)                -44   255   255   588   588   114   199      5.355     -4.397     71.747     72.080      0.000
   310         21  (g)                -43   301     0   427   427   115   213      1.138      0.560    173.261    173.266      0.000
   311         21  (g)                -42   444     0    66    66   134   105     -0.000     -0.000     90.119     90.119      0.000
   312         21  (g)                -41   445   445   320    67   214   107      0.000      0.000    -85.003     85.003      0.000
   313         21  (g)                -44   213   213   446   446   180   107      0.235      0.784     -0.721      1.091      0.000
   314         21  (g)                -44   298   298   326   326   106   212      3.663     -4.531     52.552     52.874      0.000
   315         21  (g)                -44    70    70   378   379   113   105     -1.446     -0.183     18.072     18.130      0.000
   316         -3  (sbar)             -44    71    71   380   380     0   113     -5.724     -1.778    -64.209     64.491      0.500
   317         21  (g)                -44    72    72   324   325   134   106      3.357      1.604      4.396      5.759      0.000
   318         21  (g)                -44   300   300   451   451   108   180     -0.951      5.263      4.046      6.706      0.000
   319         21  (g)                -44   299   299   452   452   212   108     -0.058     -1.899      8.397      8.610      0.000
   320          3  (s)                -43   312     0   453   453   214     0      0.924      0.740    -17.415     17.462      0.500
   321         21  (g)                -51    81     0   577   578   215   138     -3.078      1.169    -88.396     88.458      0.000
   322         21  (g)                -51    81     0   338   338   139   215     -0.700     -0.700     -2.988      3.148      0.000
   323         21  (g)                -52    80    80   336   337   136   139      3.777     -0.469      0.554      3.847      0.000
   324         21  (g)                -51   317     0   410   411   134   216      3.017      0.155      3.262      4.446      0.000
   325         21  (g)                -51   317     0   412   412   216   106      0.554      1.183      4.218      4.415      0.000
   326         21  (g)                -52   314   314   447   447   106   212      3.448     -4.265     49.468     49.771      0.000
   327         21  (g)                -51   277     0  1018  1018   217   171     -0.680     -0.137      5.336      5.381      0.000
   328         21  (g)                -51   277     0   525   526   206   217      2.144      0.334     16.246     16.390      0.000
   329         21  (g)                -52   278   278   476   477   174   206      0.414     -0.643      2.506      2.620      0.000
   330         21  (g)                -51   121     0   381   382   149   218     -1.964     -1.424     75.575     75.614      0.000
   331         21  (g)                -51   121     0   383   383   218   109     -0.667      0.260      0.533      0.893      0.000
   332         21  (g)                -52   117   117   676   677   109   101     -3.290     -4.142     -7.409      9.103      0.000
   333         21  (g)                -51   240     0   396   396   219   148      1.631     -1.358     -6.344      6.689      0.000
   334         21  (g)                -51   240     0   397   397   192   219     -0.606     -0.360     -0.579      0.912      0.000
   335         21  (g)                -52   239   239   392   392   145   192      1.574      0.261     -1.610      2.267      0.000
   336         21  (g)                -51   323     0   747   747   136   220      4.085     -0.647     -0.061      4.136      0.000
   337         21  (g)                -51   323     0   750   750   220   139     -0.484      0.001     -0.138      0.503      0.000
   338         21  (g)                -52   322   322   579   579   139   215     -0.524     -0.524     -2.236      2.355      0.000
   339         21  (g)                -51   290     0   353   353   222   210      2.405      0.477     20.335     20.482      0.000
   340         21  (g)                -51   290     0   354   354   204   222     -0.837      0.463      1.909      2.135      0.000
   341         21  (g)                -52   291   291   352   352   207   204     -1.140      0.686     -3.023      3.302      0.000
   342         21  (g)                -51   236     0   371   372   191   223     -3.418      0.419    -24.727     24.966      0.000
   343         21  (g)                -51   236     0   920   920   223   121     -0.208      0.818     -2.777      2.902      0.000
   344         21  (g)                -52   210   210   915   915   121   142     -1.824     -1.026    -22.050     22.149      0.000
   345         21  (g)                -51   296     0   498   498   224   158      0.946      0.506     -0.777      1.324      0.000
   346         21  (g)                -51   296     0   431   432   211   224     -0.674     -1.258      0.585      1.543      0.000
   347         21  (g)                -52   295   295   433   433   159   211     -3.671      1.119    -70.011     70.116      0.000
   348          2  (u)                -41   502   502   355   268   225     0     -0.000     -0.000     82.933     82.933      0.000
   349         21  (g)                -42   475   475   269   269   203   202      0.000      0.000    -58.337     58.337      0.000
   350          2  (u)                -44   289   289   504   504   210     0     -0.791     -0.697     39.393     39.409      0.330
   351         21  (g)                -44   280   280   407   408   203   207     -0.008     -1.548    -54.968     54.990      0.000
   352         21  (g)                -44   341   341   409   409   207   204     -1.142      0.683     -3.021      3.301      0.000
   353         21  (g)                -44   339   339   507   507   222   210      2.212      0.156     20.356     20.476      0.000
   354         21  (g)                -44   340   340   508   508   204   222     -0.856      0.431      1.909      2.136      0.000
   355         21  (g)                -43   348     0   473   474   225   202      0.584      0.974     20.928     20.959      0.000
   356         21  (g)                -41  1008  1008   360   173   226   165      0.000      0.000    147.269    147.269      0.000
   357         21  (g)                -42  1009  1009   174   174   168   167     -0.000      0.000     -1.344      1.344      0.000
   358         21  (g)                -44   175   175  1010  1010   168   165      0.110     -1.730      5.771      6.025      0.000
   359         21  (g)                -44   176   176   467   468   166   167     -1.223      1.940     -0.133      2.297      0.000
   360         21  (g)                -43   356     0   469   469   226   166      1.113     -0.211    140.286    140.291      0.000
   361         -3  (sbar)             -51   205     0   928   928     0   227      0.525      6.105     -5.917      8.533      0.500
   362         21  (g)                -51   205     0   933   933   227   125     -0.438     -0.077      0.024      0.445      0.000
   363         21  (g)                -52   204   204   931   931   125   178      2.123     -0.536      1.184      2.489      0.000
   364         21  (g)                -51   233     0   880   880   190   228      0.452     -0.258     -3.464      3.502      0.000
   365         21  (g)                -51   233     0   732   732   228   175      0.225     -0.162      0.345      0.443      0.000
   366         21  (g)                -52   187   187   576   576   175   112      2.013      1.951     -5.937      6.566      0.000
   367         21  (g)                -31  1057  1057   369   370   229   230      0.000      0.000      0.114      0.114      0.000
   368         21  (g)                -31  1058  1058   369   370   230   231      0.000      0.000   -133.350    133.350      0.000
   369         21  (g)                -33   367   368   501   501   229   232      0.243     -1.068     -2.582      2.804      0.000
   370         21  (g)                -33   367   368   499   500   232   231     -0.243      1.068   -130.655    130.659      0.000
   371         21  (g)                -51   342     0   913   913   233   223     -1.487      1.261    -10.489     10.669      0.000
   372         21  (g)                -51   342     0   470   471   191   233     -1.933     -0.855    -14.190     14.347      0.000
   373         21  (g)                -52   237   237   472   472   118   191     -0.063     -0.419      1.520      1.578      0.000
   374         -3  (sbar)             -31  1063  1063   376   377     0   234      0.000      0.000     10.120     10.120      0.000
   375         21  (g)                -31  1064  1064   376   377   234   235      0.000      0.000     -1.151      1.151      0.000
   376         -3  (sbar)             -33   374   375  1065  1065     0   236      0.429      0.986      9.825      9.896      0.500
   377         21  (g)                -33   374   375  1066  1066   236   235     -0.429     -0.986     -0.856      1.375      0.000
   378         21  (g)                -51   315     0   448   448   237   105     -0.587     -0.712     17.523     17.547      0.000
   379         21  (g)                -51   315     0   455   455   113   237     -0.900      0.516      0.092      1.042      0.000
   380         -3  (sbar)             -52   316   316   449   449     0   113     -5.683     -1.765    -63.753     64.032      0.500
   381         21  (g)                -51   330     0   841   841   149   238     -1.054     -1.952     56.062     56.106      0.000
   382         21  (g)                -51   330     0   845   845   238   218     -0.978      0.555     19.568     19.600      0.000
   383         21  (g)                -52   331   331   710   711   218   109     -0.598      0.233      0.478      0.801      0.000
   384         21  (g)                -51   178     0   395   395   239   147     -1.050      0.326   -235.155    235.157      0.000
   385         21  (g)                -51   178     0   398   398   169   239     -0.249      0.553    -17.158     17.169      0.000
   386         21  (g)                -52   177   177   394   394   152   169      0.099     -2.223   -202.977    202.990      0.000
   387         21  (g)                -51   245     0   689   690   127   240     -2.930     -2.859    264.549    264.580      0.000
   388         21  (g)                -51   245     0   941   941   240   128     -1.097      0.444     82.566     82.575      0.000
   389         21  (g)                -53   937   937   243   243   193   128     -0.000      0.000   -171.867    171.867      0.000
   390         21  (g)                -41   971   971   399   132   145   241      0.000     -0.000    289.004    289.004      0.000
   391         21  (g)                -42   726   726   241   241   152   148     -0.000      0.000  -1644.821   1644.821      0.000
   392         21  (g)                -44   335   335   973   973   145   192      2.066      0.238     -2.967      3.623      0.000
   393         21  (g)                -44   179   179   458   459   147   146     -1.396      2.801  -1178.892   1178.897      0.000
   394         21  (g)                -44   386   386   975   975   152   169      0.108     -2.224   -203.085    203.097      0.000
   395         21  (g)                -44   384   384   976   976   239   147     -1.048      0.326   -234.301    234.304      0.000
   396         21  (g)                -44   333   333   554   554   219   148      1.890     -1.370     -7.710      8.056      0.000
   397         21  (g)                -44   334   334   552   553   192   219     -0.356     -0.372     -0.230      0.564      0.000
   398         21  (g)                -44   385   385   979   979   169   239     -0.241      0.553    -16.951     16.962      0.000
   399         21  (g)                -43   390     0   460   460   146   241     -1.024      0.047    288.320    288.322      0.000
   400         21  (g)                -31   759     0   402   403   242   243      0.000      0.000      0.040      0.040      0.000
   401         21  (g)                -31   760   760   402   403   244   245      0.000      0.000    -37.522     37.522      0.000
   402         21  (g)                -33   400   401   761   761   242   245      0.032      1.022     -8.425      8.486      0.000
   403         21  (g)                -33   400   401   762   762   244   243     -0.032     -1.022    -29.057     29.075      0.000
   404         21  (g)                -51   246     0   940   940   193   246      0.516      0.420   -150.176    150.178      0.000
   405         21  (g)                -51   246     0   430   430   246   129      1.119     -0.447    -21.606     21.640      0.000
   406         21  (g)                -52   244   244   428   429   129   126      2.393      2.443     61.674     61.769      0.000
   407         21  (g)                -51   351     0   505   505   203   247      0.619     -0.903    -47.115     47.128      0.000
   408         21  (g)                -51   351     0   510   510   247   207     -0.821     -0.528     -8.367      8.424      0.000
   409         21  (g)                -52   352   352   506   506   207   204     -0.947      0.567     -2.507      2.740      0.000
   410         21  (g)                -51   324     0   450   450   134   248      1.379     -0.166      3.703      3.955      0.000
   411         21  (g)                -51   324     0   456   456   248   216      1.915      0.912      1.666      2.697      0.000
   412         21  (g)                -52   325   325   454   454   216   106      0.277      0.592      2.110      2.209      0.000
   413          2  (u)                -31  1072  1072   415   416   249     0      0.000      0.000      0.286      0.286      0.000
   414          2  (u)                -31  1073  1073   415   416   250     0      0.000      0.000     -5.226      5.226      0.000
   415          2  (u)                -33   413   414  1074  1074   250     0      0.946     -0.130     -0.920      1.367      0.330
   416          2  (u)                -33   413   414  1075  1075   249     0     -0.946      0.130     -4.020      4.145      0.330
   417         21  (g)                -51   138     0   464   465   102   251    -14.730     15.926    -11.823     24.706      0.000
   418         21  (g)                -51   138     0   603   603   251   153    -30.913     33.021    -21.000     49.870      0.000
   419          1  (d)                -52   137   137   601   602   153     0   -259.746    294.775   -178.449    431.514      0.330
   420         21  (g)                -41  1036  1036   424   247   252   194      0.000      0.000    110.369    110.369      0.000
   421         21  (g)                -42   706   706   248   248   196   195     -0.000     -0.000     -0.803      0.803      0.000
   422         21  (g)                -44   249   249   594   594   197   194     -0.627      2.282     86.373     86.405      0.000
   423         21  (g)                -44   250   250   592   593   196   197      0.839     -1.364      0.048      1.602      0.000
   424         21  (g)                -43   420     0   704   705   252   195     -0.213     -0.919     23.145     23.164      0.000
   425         21  (g)                -51   304     0   461   462   116   253     -4.897      4.574     11.938     13.690      0.000
   426         21  (g)                -51   304     0   439   439   253   115      0.045     -0.466      0.651      0.802      0.000
   427         21  (g)                -52   310   310   437   438   115   213      1.119      0.551    170.371    170.375      0.000
   428         21  (g)                -51   406     0   938   938   254   126      2.408      3.122     61.023     61.150      0.000
   429         21  (g)                -51   406     0   492   492   129   254     -0.005     -0.683      0.451      0.819      0.000
   430         21  (g)                -52   405   405   490   491   246   129      1.108     -0.443    -21.406     21.439      0.000
   431         21  (g)                -51   346     0   580   581   255   224     -1.468     -0.772      0.109      1.663      0.000
   432         21  (g)                -51   346     0   551   551   211   255      0.724     -0.465     -0.852      1.211      0.000
   433         21  (g)                -52   347   347   549   550   159   211     -3.602      1.098    -68.682     68.785      0.000
   434         21  (g)                -51   253     0   798   798   140   256     -0.520      0.465     -6.414      6.452      0.000
   435         21  (g)                -51   253     0   660   660   256   132     -1.681     -2.048    -41.328     41.413      0.000
   436         21  (g)                -52   252   252   658   659   132   198     -0.916      0.964    -29.651     29.681      0.000
   437         21  (g)                -51   427     0   646   646   257   213      1.227      0.922    164.962    164.969      0.000
   438         21  (g)                -51   427     0   648   648   115   257     -0.102     -0.436      5.499      5.517      0.000
   439         21  (g)                -52   426   426   647   647   253   115      0.039     -0.402      0.562      0.692      0.000
   440         21  (g)                -31  1076  1076   442   443   259   258      0.000      0.000      2.184      2.184      0.000
   441         21  (g)                -31  1077  1077   442   443   258   260      0.000      0.000    -14.878     14.878      0.000
   442         21  (g)                -33   440   441   571   572   261   260     -0.304      0.865    -14.767     14.795      0.000
   443         21  (g)                -33   440   441   573   573   259   261      0.304     -0.865      2.073      2.267      0.000
   444         21  (g)                -41   528   528   457   311   134   262      0.000      0.000    181.602    181.602      0.000
   445         21  (g)                -42   529     0   312   312   214   107      0.000      0.000    -85.003     85.003      0.000
   446         21  (g)                -44   313   313   530   530   180   107      0.235      0.782     -0.717      1.087      0.000
   447         21  (g)                -44   326   326   531   531   106   212      3.437     -4.766     49.448     49.796      0.000
   448         21  (g)                -44   378   378   532   532   237   105     -0.591     -0.889     17.520     17.552      0.000
   449         -3  (sbar)             -44   380   380   533   533     0   113     -5.683     -1.767    -63.759     64.038      0.500
   450         21  (g)                -44   410   410   534   534   134   248      1.379     -0.204      3.703      3.956      0.000
   451         21  (g)                -44   318   318   535   535   108   180     -0.953      5.209      4.073      6.680      0.000
   452         21  (g)                -44   319   319   536   536   212   108     -0.060     -1.985      8.388      8.620      0.000
   453          3  (s)                -44   320   320   537   537   214     0      0.924      0.740    -17.410     17.457      0.500
   454         21  (g)                -44   412   412   538   538   216   106      0.277      0.570      2.113      2.206      0.000
   455         21  (g)                -44   379   379   539   539   113   237     -0.900      0.511      0.094      1.039      0.000
   456         21  (g)                -44   411   411   540   540   248   216      1.915      0.890      1.671      2.693      0.000
   457         21  (g)                -43   444     0   541   541   105   262      0.020      0.910     91.476     91.480      0.000
   458         21  (g)                -51   393     0   597   597   147   263     -1.701      1.990  -1176.309   1176.312      0.000
   459         21  (g)                -51   393     0   481   481   263   146      0.305      0.811     -2.511      2.657      0.000
   460         21  (g)                -52   399   399   479   480   146   241     -1.024      0.047    288.248    288.250      0.000
   461         21  (g)                -51   425     0   640   640   264   253     -2.817      3.268      6.601      7.886      0.000
   462         21  (g)                -51   425     0   649   649   116   264     -2.178      1.350      6.731      7.202      0.000
   463         21  (g)                -52   306   306   642   642   176   116     -0.323      0.145      4.598      4.612      0.000
   464         21  (g)                -51   417     0   842   842   265   251    -10.408     11.487     -7.499     17.219      0.000
   465         21  (g)                -51   417     0   624   624   102   265     -4.312      4.436     -4.469      7.632      0.000
   466         21  (g)                -52   227   227   622   623   188   102      1.895     -0.784    -29.717     29.788      0.000
   467         21  (g)                -51   359     0   703   703   266   167     -1.846      1.376      0.308      2.323      0.000
   468         21  (g)                -51   359     0   543   544   166   266      0.632      0.562      0.655      1.070      0.000
   469         21  (g)                -52   360   360   545   545   226   166      1.105     -0.209    139.191    139.195      0.000
   470         21  (g)                -51   372     0   921   921   267   233     -1.945     -1.101     -9.240      9.507      0.000
   471         21  (g)                -51   372     0   692   693   191   267      0.010      0.231     -4.894      4.899      0.000
   472         21  (g)                -52   373   373   694   694   118   191     -0.060     -0.403      1.463      1.519      0.000
   473         21  (g)                -51   355     0   509   509   225   268     -0.227      1.113     20.256     20.288      0.000
   474         21  (g)                -51   355     0   511   511   268   202      0.811     -0.139      0.419      0.923      0.000
   475         21  (g)                -53   503     0   349   349   203   202      0.000      0.000    -58.590     58.590      0.000
   476         21  (g)                -51   329     0   527   527   269   206     -0.385     -0.131      2.113      2.152      0.000
   477         21  (g)                -51   329     0   607   608   174   269      0.735     -0.497     -0.021      0.887      0.000
   478         21  (g)                -52   279   279   609   609   173   174     -1.814      0.430    -11.587     11.736      0.000
   479         21  (g)                -51   460     0   980   980   270   241     -1.581     -0.468    254.985    254.990      0.000
   480         21  (g)                -51   460     0   982   982   146   270      0.557      0.517     33.258     33.266      0.000
   481         21  (g)                -52   459   459   595   596   263   146      0.304      0.809     -2.505      2.650      0.000
   482         -2  (ubar)             -31  1081  1081   484   485     0   271      0.000      0.000    326.665    326.665      0.000
   483         21  (g)                -31  1082  1082   484   485   271   272      0.000      0.000    -20.267     20.267      0.000
   484         -2  (ubar)             -33   482   483   546   547     0   273      0.226      0.809    326.656    326.657      0.330
   485         21  (g)                -33   482   483   548   548   273   272     -0.226     -0.809    -20.258     20.275      0.000
   486         21  (g)                -31  1089  1089   488   489   275   274      0.000      0.000      0.569      0.569      0.000
   487         21  (g)                -31  1090  1090   488   489   277   276      0.000      0.000     -1.239      1.239      0.000
   488         21  (g)                -33   486   487  1091  1091   277   274     -0.359      0.755     -0.418      0.935      0.000
   489         21  (g)                -33   486   487  1092  1092   275   276      0.359     -0.755     -0.252      0.873      0.000
   490         21  (g)                -51   430     0   942   942   246   278      0.075      0.007    -15.618     15.618      0.000
   491         21  (g)                -51   430     0   944   944   278   129      1.033     -0.493     -5.760      5.873      0.000
   492         21  (g)                -52   429   429   943   943   129   254     -0.005     -0.641      0.423      0.768      0.000
   493          2  (u)                -51   114     0   834   834   279     0    215.731   -238.196  -1085.977   1132.530      0.330
   494         21  (g)                -51   114     0   848   848   104   279      3.019     -3.036    -15.058     15.655      0.000
   495         21  (g)                -52   116   116   836   836   141   104      4.084     -5.611    -23.100     24.120      0.000
   496         21  (g)                -51   297     0   998   998   280   201      0.998      0.690    312.530    312.532      0.000
   497         21  (g)                -51   297     0   612   612   158   280     -0.669      0.750    222.992    222.994      0.000
   498         21  (g)                -52   345   345   582   582   224   158      0.945      0.506     -0.776      1.323      0.000
   499         21  (g)                -51   370     0  1060  1060   281   231     -0.166     -0.144    -82.989     82.989      0.000
   500         21  (g)                -51   370     0   524   524   232   281     -0.067      1.164    -47.781     47.795      0.000
   501         21  (g)                -52   369   369   522   523   229   232      0.233     -1.020     -2.467      2.679      0.000
   502          2  (u)                -42  1044  1044   348   348   225     0      0.000     -0.000     82.933     82.933      0.000
   503          1  (d)                -41  1045  1045   512   475   203     0     -0.000      0.000   -220.287    220.287      0.000
   504          2  (u)                -44   350   350  1046  1046   210     0     -0.792     -0.697     39.395     39.411      0.330
   505         21  (g)                -44   407   407  1047  1047   203   247      0.012     -0.737    -47.120     47.126      0.000
   506         21  (g)                -44   409   409   709   709   207   204     -0.981      0.576     -2.500      2.747      0.000
   507         21  (g)                -44   353   353  1049  1049   222   210      2.211      0.156     20.341     20.461      0.000
   508         21  (g)                -44   354   354   707   708   204   222     -0.857      0.431      1.915      2.142      0.000
   509         21  (g)                -44   473   473  1051  1051   225   268     -0.227      1.113     20.259     20.291      0.000
   510         21  (g)                -44   408   408  1052  1052   247   207     -0.929     -0.498     -8.363      8.429      0.000
   511         21  (g)                -44   474   474   515   515   268   202      0.808     -0.138      0.413      0.918      0.000
   512          1  (d)                -43   503     0   513   514   202     0      0.755     -0.206   -161.693    161.695      0.330
   513          1  (d)                -51   512     0  1054  1054   282     0     -0.124     -0.652    -96.044     96.047      0.330
   514         21  (g)                -51   512     0  1055  1055   202   282      0.884      0.445    -65.647     65.654      0.000
   515         21  (g)                -52   511   511  1053  1053   268   202      0.803     -0.137      0.411      0.912      0.000
   516         21  (g)                -51   274     0   988   988   156   283     -2.197      0.158    378.805    378.812      0.000
   517         21  (g)                -51   274     0   604   605   283   154     -1.216     -1.081    385.412    385.415      0.000
   518         -2  (ubar)             -53   606   606   273   273     0   154     -0.000      0.000     -0.017      0.017      0.000
   519         21  (g)                -51   218     0   930   930   164   284     -2.150     -0.060      2.510      3.306      0.000
   520         21  (g)                -51   218     0   934   934   284   124      0.194     -0.540      1.834      1.922      0.000
   521          1  (d)                -52   217   217   932   932   124     0      1.090      0.134     12.359     12.412      0.330
   522         21  (g)                -51   501     0  1059  1059   229   285      0.632     -0.532     -1.603      1.803      0.000
   523         21  (g)                -51   501     0  1062  1062   285   232     -0.410     -0.298     -8.672      8.687      0.000
   524         21  (g)                -52   500   500  1061  1061   232   281     -0.056      0.974    -39.972     39.984      0.000
   525         21  (g)                -51   328     0  1021  1021   286   217      1.723      0.363      9.082      9.251      0.000
   526         21  (g)                -51   328     0  1023  1023   206   286      0.154     -0.119      8.632      8.634      0.000
   527         21  (g)                -52   476   476  1020  1020   269   206     -0.117     -0.040      0.645      0.657      0.000
   528         21  (g)                -42   855   855   444   444   134   262     -0.000     -0.000    181.602    181.602      0.000
   529         21  (g)                -41   856   856   542   445   214   287      0.000      0.000   -107.947    107.947      0.000
   530         21  (g)                -44   446   446   583   584   180   107      0.237      0.790     -0.714      1.091      0.000
   531         21  (g)                -44   447   447   858   858   106   212      3.438     -4.765     49.429     49.777      0.000
   532         21  (g)                -44   448   448   625   626   237   105     -0.591     -0.889     17.514     17.547      0.000
   533         -3  (sbar)             -44   449   449   860   860     0   113     -5.517     -1.199    -63.776     64.027      0.500
   534         21  (g)                -44   450   450   861   861   134   248      1.379     -0.203      3.703      3.957      0.000
   535         21  (g)                -44   451   451   585   585   108   180     -0.949      5.220      4.094      6.702      0.000
   536         21  (g)                -44   452   452   863   863   212   108     -0.059     -1.984      8.379      8.611      0.000
   537          3  (s)                -44   453   453   864   864   214     0      0.969      0.895    -17.406     17.463      0.500
   538         21  (g)                -44   454   454   865   865   216   106      0.277      0.570      2.116      2.209      0.000
   539         21  (g)                -44   455   455   627   627   113   237     -0.899      0.515      0.096      1.040      0.000
   540         21  (g)                -44   456   456   867   867   248   216      1.916      0.895      1.678      2.699      0.000
   541         21  (g)                -44   457   457   868   868   105   262      0.020      0.910     91.476     91.480      0.000
   542         21  (g)                -43   529     0   869   869   107   287     -0.221     -0.756    -22.934     22.947      0.000
   543         21  (g)                -51   468     0   701   702   288   266      1.054      0.996      2.588      2.967      0.000
   544         21  (g)                -51   468     0  1014  1014   166   288     -0.370     -0.444      4.543      4.579      0.000
   545         21  (g)                -52   469   469  1012  1012   226   166      1.053     -0.199    132.715    132.719      0.000
   546         -2  (ubar)             -51   484     0   628   629     0   290      0.157      1.483    323.988    323.992      0.330
   547         21  (g)                -51   484     0   630   630   290   273      0.069     -0.676      2.624      2.710      0.000
   548         21  (g)                -52   485   485   664   665   273   272     -0.226     -0.807    -20.213     20.231      0.000
   549         21  (g)                -51   433     0   996   996   159   291     -2.497      1.506    -48.140     48.228      0.000
   550         21  (g)                -51   433     0  1003  1003   291   211     -1.069     -0.431    -20.583     20.615      0.000
   551         21  (g)                -52   432   432  1001  1001   211   255      0.689     -0.442     -0.811      1.153      0.000
   552         21  (g)                -51   397     0   978   978   192   292      0.275      0.404     -0.861      0.990      0.000
   553         21  (g)                -51   397     0   983   983   292   219      0.107     -1.310     -2.377      2.716      0.000
   554         21  (g)                -52   396   396   724   725   219   148      1.153     -0.836     -4.703      4.914      0.000
   555          1  (d)                -51   166     0   655   656   293     0     -0.230      0.052     14.999     15.004      0.330
   556         21  (g)                -51   166     0   564   565   111   293     -6.690     -2.314    101.859    102.105      0.000
   557         21  (g)                -53   566   566   165   165   111   163      0.000      0.000    -13.276     13.276      0.000
   558         21  (g)                -51   130     0   700   700   150   294      0.794     -1.868     -8.284      8.529      0.000
   559         21  (g)                -51   130     0   563   563   294   133     -0.585     -0.636     -0.914      1.258      0.000
   560         21  (g)                -52   286   286   561   562   133   209      4.262      1.974     14.928     15.649      0.000
   561         21  (g)                -51   560     0   667   668   295   209      3.922      1.677     11.189     11.975      0.000
   562         21  (g)                -51   560     0   669   669   133   295      0.317      0.271      3.702      3.725      0.000
   563         21  (g)                -52   559   559   804   804   294   133     -0.562     -0.610     -0.878      1.208      0.000
   564         21  (g)                -51   556     0   657   657   296   293     -6.771     -2.912     99.549     99.822      0.000
   565         21  (g)                -51   556     0   885   885   111   296      0.081      0.598      2.257      2.336      0.000
   566         21  (g)                -53   874   874   557   557   111   163      0.000      0.000    -13.329     13.329      0.000
   567          2  (u)                -31  1093  1093   569   570   297     0      0.000      0.000    419.975    419.975      0.000
   568         21  (g)                -31  1094  1094   569   570   298   299      0.000      0.000     -0.001      0.001      0.000
   569          2  (u)                -33   567   568  1095  1095   298     0      0.468      0.512    296.887    296.888      0.330
   570         21  (g)                -33   567   568  1096  1096   297   299     -0.468     -0.512    123.086    123.088      0.000
   571         21  (g)                -51   442     0  1078  1078   300   260      0.007      0.869    -14.612     14.638      0.000
   572         21  (g)                -51   442     0  1080  1080   261   300     -0.292     -0.058     -0.025      0.299      0.000
   573         21  (g)                -52   443   443  1079  1079   259   261      0.285     -0.811      1.943      2.125      0.000
   574         -2  (ubar)             -51   169     0   878   878     0   163      0.507      0.212     -0.829      1.047      0.330
   575          2  (u)                -51   169     0   886   886   112     0      0.417      2.276      0.043      2.338      0.330
   576         21  (g)                -52   366   366   730   731   175   112      1.660      1.610     -4.897      5.415      0.000
   577         21  (g)                -51   321     0   748   748   301   138     -2.778      0.638    -83.449     83.498      0.000
   578         21  (g)                -51   321     0   751   751   215   301     -0.387      0.444     -5.319      5.351      0.000
   579         21  (g)                -52   338   338   749   749   139   215     -0.436     -0.437     -1.864      1.964      0.000
   580         21  (g)                -51   431     0   591   591   255   302     -1.491     -0.265     -0.295      1.543      0.000
   581         21  (g)                -51   431     0   589   590   302   224      0.294     -0.362      0.181      0.500      0.000
   582         21  (g)                -52   498   498   610   611   224   158      0.673      0.360     -0.553      0.943      0.000
   583         21  (g)                -51   530     0   857   857   303   107      0.327      1.771     -0.367      1.838      0.000
   584         21  (g)                -51   530     0   870   870   180   303     -0.265     -0.021      0.406      0.485      0.000
   585         21  (g)                -52   535   535   862   862   108   180     -0.775      4.260      3.341      5.469      0.000
   586         21  (g)                -51   305     0   641   641   122   304     -0.952      0.039      6.108      6.182      0.000
   587         21  (g)                -51   305     0   650   650   304   114     -1.642      1.318      4.867      5.303      0.000
   588         21  (g)                -52   309   309   645   645   114   199      5.227     -4.292     70.033     70.359      0.000
   589         21  (g)                -51   581     0  1004  1004   305   224     -0.562     -0.932     -0.412      1.164      0.000
   590         21  (g)                -51   581     0  1005  1005   302   305     -0.393      0.348      0.346      0.629      0.000
   591         21  (g)                -52   580   580  1000  1000   255   302     -0.242     -0.043     -0.048      0.250      0.000
   592         21  (g)                -51   423     0  1039  1039   196   306     -0.037     -0.659     -0.346      0.745      0.000
   593         21  (g)                -51   423     0   621   621   306   197      0.871     -0.687      1.099      1.561      0.000
   594         21  (g)                -52   422   422   619   620   197   194     -0.621      2.264     85.669     85.701      0.000
   595         -1  (dbar)             -51   481     0   981   981     0   146     -0.523      0.206     -4.529      4.575      0.330
   596          1  (d)                -51   481     0   984   984   263     0      0.816      0.617     -5.825      5.923      0.330
   597         21  (g)                -52   458   458   974   974   147   263     -1.690      1.977  -1168.461   1168.464      0.000
   598         21  (g)                -51   294     0   916   916   307   161     -1.350      0.147     -0.321      1.395      0.000
   599         21  (g)                -51   294     0   923   923   119   307      0.314      0.612      0.158      0.705      0.000
   600         -4  (cbar)             -52   293   293   919   919     0   119      4.261     -1.626     14.635     15.402      1.500
   601          1  (d)                -51   419     0   833   833   308     0   -243.218    275.119   -166.708    403.283      0.330
   602         21  (g)                -51   419     0   849   849   153   308    -20.981     24.412    -14.766     35.415      0.000
   603         21  (g)                -52   418   418   846   846   251   153    -26.460     28.264    -17.975     42.686      0.000
   604         21  (g)                -51   517     0   991   991   283   309     -0.970     -1.182    378.696    378.700      0.000
   605         21  (g)                -51   517     0   992   992   309   154     -0.246      0.101      6.713      6.718      0.000
   606         -2  (ubar)             -53   987   987   518   518     0   154     -0.000      0.000     -0.019      0.019      0.000
   607         21  (g)                -51   477     0  1022  1022   310   269      0.864      0.035     -0.883      1.236      0.000
   608         21  (g)                -51   477     0  1024  1024   174   310     -0.272     -0.498     -0.043      0.568      0.000
   609         21  (g)                -52   478   478  1019  1019   173   174     -1.672      0.396    -10.681     10.819      0.000
   610         21  (g)                -51   582     0   999   999   224   311      1.092      0.589      0.139      1.248      0.000
   611         21  (g)                -51   582     0  1006  1006   311   158     -0.421     -0.226      0.102      0.488      0.000
   612         21  (g)                -52   497   497  1002  1002   158   280     -0.667      0.748    222.198    222.200      0.000
   613         21  (g)                -51   264     0   995   995   157   312      1.899     -0.425    -13.222     13.365      0.000
   614         21  (g)                -51   264     0  1007  1007   312   160      0.042      0.619     -6.617      6.646      0.000
   615          2  (u)                -52   266   266   997   997   160     0      1.131     -2.001  -1044.026   1044.029      0.330
   616         -1  (dbar)             -51   216     0   929   929     0   313     -0.869     -3.201     29.089     29.279      0.330
   617         21  (g)                -51   216     0   935   935   313   135      0.491     -0.453      8.607      8.633      0.000
   618         21  (g)                -53   925   925    73    73   123   135     -0.000     -0.000     59.058     59.058      0.000
   619         21  (g)                -51   594     0  1038  1038   314   194     -0.556      1.596     37.809     37.847      0.000
   620         21  (g)                -51   594     0  1042  1042   197   314     -0.046      0.653     47.884     47.888      0.000
   621         21  (g)                -52   593   593  1041  1041   306   197      0.852     -0.672      1.075      1.527      0.000
   622         21  (g)                -51   466     0   835   835   188   315      2.141     -0.516    -29.165     29.248      0.000
   623         21  (g)                -51   466     0   850   850   315   102     -0.423     -0.086     -0.735      0.852      0.000
   624         21  (g)                -52   465   465   847   847   102   265     -4.136      4.254     -4.286      7.319      0.000
   625         21  (g)                -51   532     0   859   859   316   105      0.126     -0.025      9.891      9.892      0.000
   626         21  (g)                -51   532     0   634   635   237   316     -0.766     -0.835      7.628      7.712      0.000
   627         21  (g)                -52   539   539   636   636   113   237     -0.849      0.487      0.090      0.983      0.000
   628         -2  (ubar)             -51   546     0  1083  1083     0   317     -0.494      0.316     37.348     37.354      0.330
   629         21  (g)                -51   546     0  1086  1086   317   290      0.656      1.125    286.804    286.807      0.000
   630         21  (g)                -52   547   547   666   666   290   273      0.065     -0.634      2.459      2.541      0.000
   631         21  (g)                -51   228     0   843   843   318   188      5.493      2.420   -122.728    122.874      0.000
   632         21  (g)                -51   228     0   851   851   103   318      1.755      1.517    -38.221     38.291      0.000
   633         21  (g)                -52   229   229   839   839   143   103      2.189     -0.973   -147.075    147.095      0.000
   634         -3  (sbar)             -51   626     0   871   871     0   316     -1.003     -0.524      6.625      6.739      0.500
   635          3  (s)                -51   626     0   872   872   237     0      0.075     -0.218      1.021      1.160      0.500
   636         21  (g)                -52   627   627   866   866   113   237     -0.688      0.394      0.073      0.796      0.000
   637         21  (g)                -42   891   891   301   301   122   213     -0.000     -0.000    276.696    276.696      0.000
   638          3  (s)                -41   892   892   651   302   177     0      0.000      0.000    -12.362     12.362      0.000
   639         21  (g)                -44   303   303   652   653   199   117      1.058     -0.169      2.921      3.111      0.000
   640         21  (g)                -44   461   461   729   729   264   253     -2.756      3.355      6.692      7.978      0.000
   641         21  (g)                -44   586   586   895   895   122   304     -0.948      0.044      6.064      6.138      0.000
   642         21  (g)                -44   463   463   896   896   176   116     -0.322      0.146      4.592      4.606      0.000
   643         21  (g)                -44   307   307   673   674   177   189      0.586     -0.996     -1.977      2.290      0.000
   644         21  (g)                -44   308   308   675   675   189   176      0.091     -0.442      2.117      2.165      0.000
   645         21  (g)                -44   588   588   654   654   114   199      5.242     -4.270     69.980     70.306      0.000
   646         21  (g)                -44   437   437   900   900   257   213      1.228      0.923    165.058    165.065      0.000
   647         21  (g)                -44   439   439   727   728   253   115      0.045     -0.393      0.536      0.666      0.000
   648         21  (g)                -44   438   438   902   902   115   257     -0.101     -0.434      5.463      5.481      0.000
   649         21  (g)                -44   462   462   903   903   116   264     -2.155      1.382      6.720      7.191      0.000
   650         21  (g)                -44   587   587   904   904   304   114     -1.621      1.348      4.879      5.315      0.000
   651          3  (s)                -43   638     0   672   672   117     0     -0.346     -0.495     -8.711      8.746      0.500
   652         21  (g)                -51   639     0   670   671   319   117      0.692     -0.836      3.507      3.671      0.000
   653         21  (g)                -51   639     0   906   906   199   319      0.985      0.163      7.674      7.739      0.000
   654         21  (g)                -52   645   645   899   899   114   199      4.623     -3.766     61.719     62.007      0.000
   655          1  (d)                -51   555     0   875   875   320     0     -0.662      0.126      6.893      6.934      0.330
   656         21  (g)                -51   555     0   887   887   293   320     -1.405     -0.864     35.115     35.154      0.000
   657         21  (g)                -52   564   564   884   884   296   293     -4.934     -2.122     72.540     72.738      0.000
   658         21  (g)                -51   436     0   801   801   321   198     -1.123      0.233    -36.522     36.540      0.000
   659         21  (g)                -51   436     0   806   806   132   321     -0.148      0.299     -1.855      1.884      0.000
   660         21  (g)                -52   435   435   803   803   256   132     -1.326     -1.615    -32.603     32.670      0.000
   661         21  (g)                -51   118     0   678   678   101   322     43.056    -49.995   -210.285    220.393      0.000
   662         21  (g)                -51   118     0   852   852   322   144     16.677    -18.893    -77.600     81.590      0.000
   663         21  (g)                -52   120   120   840   840   144   141     17.401    -24.860    -91.756     96.644      0.000
   664         21  (g)                -51   548     0   695   696   323   272     -0.471     -0.731    -20.052     20.071      0.000
   665         21  (g)                -51   548     0   697   697   273   323      0.248     -0.105     -0.050      0.274      0.000
   666         21  (g)                -52   630   630  1085  1085   290   273      0.062     -0.605      2.348      2.426      0.000
   667         21  (g)                -51   561     0   796   796   324   209      0.062     -0.151      0.268      0.313      0.000
   668         21  (g)                -51   561     0   807   807   295   324      4.048      1.989     13.118     13.872      0.000
   669         21  (g)                -52   562   562   805   805   133   295      0.129      0.110      1.506      1.515      0.000
   670         21  (g)                -51   652     0   893   893   319   325      0.390     -1.109      1.782      2.135      0.000
   671         21  (g)                -51   652     0   679   680   325   117      0.297      0.266      1.606      1.655      0.000
   672          3  (s)                -52   651   651   681   681   117     0     -0.341     -0.488     -8.593      8.628      0.500
   673         21  (g)                -51   643     0   897   897   177   326      0.940     -0.433     -1.479      1.805      0.000
   674         21  (g)                -51   643     0   908   908   326   189     -0.343     -0.617     -0.242      0.746      0.000
   675         21  (g)                -52   644   644   898   898   189   176      0.080     -0.388      1.861      1.903      0.000
   676          1  (d)                -51   332     0   712   712   109     0     -2.262     -3.570     -5.284      6.774      0.330
   677         -1  (dbar)             -51   332     0   853   853     0   101     -0.874     -0.749     -2.874      3.114      0.330
   678         21  (g)                -52   661   661   838   838   101   322     42.903    -49.817   -209.537    219.609      0.000
   679         21  (g)                -51   671     0   907   907   325   327     -0.250      0.321      1.472      1.527      0.000
   680         21  (g)                -51   671     0   909   909   327   117      0.526     -0.086     -0.411      0.673      0.000
   681          3  (s)                -52   672   672   905   905   117     0     -0.319     -0.457     -8.047      8.082      0.500
   682         21  (g)                -51   285     0   719   719   328   170      0.327     -0.187      0.612      0.718      0.000
   683         21  (g)                -51   285     0   888   888   110   328     -0.429     -0.215     12.479     12.489      0.000
   684         21  (g)                -52   182   182   877   877   162   110      0.937     -1.879    113.222    113.241      0.000
   685          3  (s)                -31  1097  1097   687   688   329     0      0.000      0.000      0.090      0.090      0.000
   686         21  (g)                -31  1098  1098   687   688   330   331      0.000      0.000    -27.170     27.170      0.000
   687          3  (s)                -33   685   686  1099  1099   330     0      0.545      0.308     -1.780      1.952      0.500
   688         21  (g)                -33   685   686  1100  1100   329   331     -0.545     -0.308    -25.300     25.308      0.000
   689         -2  (ubar)             -51   387     0   939   939     0   240     -1.225     -1.903    139.629    139.647      0.330
   690          2  (u)                -51   387     0   945   945   127     0     -1.705     -0.956    151.852    151.865      0.330
   691         21  (g)                -53   936   936   242   242   127   126      0.000     -0.000    435.805    435.805      0.000
   692         21  (g)                -51   471     0   922   922   332   267     -0.073     -0.439     -3.752      3.778      0.000
   693         21  (g)                -51   471     0   924   924   191   332      0.079      0.642     -1.041      1.226      0.000
   694         21  (g)                -52   472   472   918   918   118   191     -0.056     -0.375      1.362      1.414      0.000
   695         21  (g)                -51   664     0  1084  1084   333   272     -0.409      0.273     -3.534      3.568      0.000
   696         21  (g)                -51   664     0  1088  1088   323   333     -0.010     -1.027    -16.529     16.561      0.000
   697         21  (g)                -52   665   665  1087  1087   273   323      0.196     -0.083     -0.039      0.216      0.000
   698         21  (g)                -51   251     0   797   797   198   334      0.049     -0.294     -0.346      0.457      0.000
   699         21  (g)                -51   251     0   808   808   334   150     -0.530      1.095     -6.828      6.936      0.000
   700         21  (g)                -52   558   558   799   799   150   294      0.628     -1.477     -6.549      6.742      0.000
   701         21  (g)                -51   543     0  1013  1013   288   335      0.720      0.356      0.437      0.914      0.000
   702         21  (g)                -51   543     0  1015  1015   335   266      0.109      0.808      2.189      2.336      0.000
   703         21  (g)                -52   467   467  1011  1011   266   167     -1.621      1.208      0.271      2.040      0.000
   704         21  (g)                -51   424     0  1040  1040   252   336      0.372     -0.872     20.633     20.654      0.000
   705         21  (g)                -51   424     0  1043  1043   336   195     -0.585     -0.047      2.477      2.545      0.000
   706         21  (g)                -53  1037  1037   421   421   196   195     -0.000     -0.000     -0.838      0.838      0.000
   707         21  (g)                -51   508     0  1050  1050   337   222     -0.434      0.109      1.756      1.812      0.000
   708         21  (g)                -51   508     0  1056  1056   204   337     -0.562      0.404     -0.195      0.719      0.000
   709         21  (g)                -52   506   506  1048  1048   207   204     -0.842      0.495     -2.146      2.358      0.000
   710         21  (g)                -51   383     0   844   844   218   338     -0.681      0.280     -0.544      0.916      0.000
   711         21  (g)                -51   383     0   854   854   338   109     -0.169     -0.447      0.429      0.643      0.000
   712          1  (d)                -52   676   676   837   837   109     0     -2.010     -3.170     -4.691      6.017      0.330
   713         -2  (ubar)             -31  1101  1101   715   716     0   339      0.000      0.000    425.952    425.952      0.000
   714         21  (g)                -31  1102  1102   715   716   341   340      0.000      0.000     -0.001      0.001      0.000
   715         -2  (ubar)             -33   713   714  1103  1103     0   340      0.522     -0.296    329.256    329.257      0.330
   716         21  (g)                -33   713   714  1104  1104   341   339     -0.522      0.296     96.695     96.697      0.000
   717         21  (g)                -51   284     0   882   882   342   208      1.470     -0.267     -1.086      1.847      0.000
   718         21  (g)                -51   284     0   889   889   170   342      0.731     -0.397      0.340      0.899      0.000
   719         21  (g)                -52   682   682   879   879   328   170      0.152     -0.087      0.284      0.333      0.000
   720         -2  (ubar)             -31  1105  1105   722   723     0   344      0.000      0.000      6.410      6.410      0.000
   721          1  (d)                -31  1106  1106   722   723   344     0      0.000      0.000    -11.690     11.690      0.000
   722         -2  (ubar)             -33   720   721  1107  1107     0   345      0.278     -0.557      6.380      6.418      0.330
   723          1  (d)                -33   720   721  1108  1108   345     0     -0.278      0.557    -11.660     11.681      0.330
   724         21  (g)                -51   554     0   977   977   219   346      1.496     -0.394     -5.847      6.048      0.000
   725         21  (g)                -51   554     0   985   985   346   148     -0.343     -0.442    -16.353     16.362      0.000
   726         21  (g)                -53   972   972   391   391   152   148     -0.000      0.000  -1662.317   1662.317      0.000
   727         21  (g)                -51   647     0   901   901   348   115     -0.043      0.101      1.883      1.886      0.000
   728         21  (g)                -51   647     0   910   910   253   348     -0.587      0.326      0.290      0.731      0.000
   729         21  (g)                -52   640   640   894   894   264   253     -2.082      2.535      5.056      6.027      0.000
   730         21  (g)                -51   576     0   876   876   349   112      1.377      1.822     -4.187      4.769      0.000
   731         21  (g)                -51   576     0   890   890   175   349      0.338     -0.252     -0.626      0.755      0.000
   732         21  (g)                -52   365   365   883   883   228   175      0.170     -0.122      0.260      0.334      0.000
   733         21  (g)                -31  1109  1109   735   736   352   351      0.000      0.000     77.735     77.735      0.000
   734         21  (g)                -31  1110  1110   735   736   351   353      0.000      0.000     -0.009      0.009      0.000
   735         21  (g)                -33   733   734  1111  1111   354   353     -0.215      0.568     12.860     12.874      0.000
   736         21  (g)                -33   733   734  1112  1112   352   354      0.215     -0.568     64.866     64.869      0.000
   737          2  (u)                -31  1113  1113   739   740   355     0      0.000      0.000    126.222    126.222      0.000
   738         -2  (ubar)             -31  1114  1114   739   740     0   355      0.000      0.000     -0.550      0.550      0.000
   739          2  (u)                -33   737   738  1115  1115   356     0     -0.457      0.347    126.021    126.023      0.330
   740         -2  (ubar)             -33   737   738  1116  1116     0   356      0.457     -0.347     -0.350      0.749      0.330
   741          2  (u)                -31  1117  1117   743   744   357     0      0.000      0.000      0.388      0.388      0.000
   742         21  (g)                -31  1118  1118   743   744   358   359      0.000      0.000    -32.043     32.043      0.000
   743          2  (u)                -33   741   742  1119  1119   358     0      0.528     -0.116      0.126      0.645      0.330
   744         21  (g)                -33   741   742  1120  1120   357   359     -0.528      0.116    -31.781     31.786      0.000
   745         21  (g)                -41   785   785   752    78   136   360      0.000     -0.000     12.301     12.301      0.000
   746         21  (g)                -42   786     0    79    79   137   138      0.000      0.000    -93.142     93.142      0.000
   747         21  (g)                -44   336   336   787   787   136   220      3.852     -1.051      0.083      3.993      0.000
   748         21  (g)                -44   577   577   788   788   301   138     -2.781      0.634    -83.512     83.560      0.000
   749         21  (g)                -44   579   579   789   789   139   215     -0.442     -0.447     -1.932      2.032      0.000
   750         21  (g)                -44   337   337   790   790   220   139     -0.505     -0.035     -0.168      0.533      0.000
   751         21  (g)                -44   578   578   791   791   215   301     -0.389      0.441     -5.295      5.328      0.000
   752         21  (g)                -43   745     0   792   792   137   360      0.264      0.459      9.983      9.997      0.000
   753         21  (g)                -42  1030  1030   257   257   184   200      0.000      0.000      0.942      0.942      0.000
   754         21  (g)                -41  1031  1031   758   258   361   187     -0.000     -0.000    -28.134     28.134      0.000
   755         21  (g)                -44   259   259  1032  1032   184   187     -0.930     -1.654    -22.095     22.176      0.000
   756         21  (g)                -44   260   260  1033  1033   186   185      1.722      2.383     -2.788      4.052      0.000
   757         21  (g)                -44   261   261  1034  1034   185   200     -0.921     -1.000     -1.775      2.236      0.000
   758         21  (g)                -43   754     0  1035  1035   361   186      0.129      0.271     -0.534      0.613      0.000
   759         21  (g)                -41  1067  1067   763   400   362   243     -0.000      0.000     12.448     12.448      0.000
   760         21  (g)                -42  1068  1068   401   401   244   245      0.000     -0.000    -37.522     37.522      0.000
   761         21  (g)                -44   402   402  1069  1069   242   245     -0.197      1.329    -13.995     14.060      0.000
   762         21  (g)                -44   403   403  1070  1070   244   243     -0.098     -0.932    -23.480     23.498      0.000
   763         21  (g)                -43   759     0  1071  1071   362   242      0.294     -0.396     12.402     12.412      0.000
   764         21  (g)                -31   826     0   766   767   363   364      0.000      0.000     24.081     24.081      0.000
   765         21  (g)                -31   827   827   766   767   365   366      0.000      0.000    -27.168     27.168      0.000
   766         21  (g)                -33   764   765   828   828   363   366     -0.446      0.177    -27.163     27.168      0.000
   767         21  (g)                -33   764   765   829   829   365   364      0.446     -0.177     24.077     24.082      0.000
   768         21  (g)                -31  1126  1126   770   771   368   367      0.000      0.000      2.235      2.235      0.000
   769         21  (g)                -31  1127  1127   770   771   370   369      0.000      0.000     -0.184      0.184      0.000
   770         21  (g)                -33   768   769  1128  1128   370   367     -0.315     -0.352      0.208      0.516      0.000
   771         21  (g)                -33   768   769  1129  1129   368   369      0.315      0.352      1.843      1.902      0.000
   772          2  (u)                -42  1025  1025   219   219   181     0      0.000      0.000     26.659     26.659      0.000
   773          2  (u)                -41  1026  1026   776   220   182     0     -0.000     -0.000    -48.388     48.388      0.000
   774          2  (u)                -44   221   221  1027  1027   182     0     -1.706      0.153     25.537     25.596      0.330
   775         21  (g)                -44   222   222  1028  1028   181   183      1.909      0.247      0.242      1.940      0.000
   776          2  (u)                -43   773     0  1029  1029   183     0     -0.203     -0.399    -47.507     47.511      0.330
   777         21  (g)                -31  1130  1130   779   780   373   372      0.000      0.000     34.576     34.576      0.000
   778         -3  (sbar)             -31  1131  1131   779   780     0   371      0.000      0.000     -0.026      0.026      0.000
   779         21  (g)                -33   777   778  1132  1132   373   371      0.378     -0.168     30.248     30.251      0.000
   780         -3  (sbar)             -33   777   778  1133  1133     0   372     -0.378      0.168      4.302      4.351      0.500
   781         21  (g)                -31  1134  1134   783   784   375   374      0.000      0.000      0.036      0.036      0.000
   782         21  (g)                -31  1135  1135   783   784   377   376      0.000      0.000     -4.551      4.551      0.000
   783         21  (g)                -33   781   782  1136  1136   377   374     -0.299     -0.270     -2.120      2.158      0.000
   784         21  (g)                -33   781   782  1137  1137   375   376      0.299      0.270     -2.395      2.429      0.000
   785         21  (g)                -42   962   962   745   745   136   360     -0.000     -0.000     12.301     12.301      0.000
   786         21  (g)                -41   963   963   793   746   137   378      0.000      0.000    -94.164     94.164      0.000
   787         21  (g)                -44   747   747   964   964   136   220      3.858     -1.049      0.080      3.999      0.000
   788         21  (g)                -44   748   748   965   965   301   138     -2.520      0.712    -83.713     83.754      0.000
   789         21  (g)                -44   749   749   966   966   139   215     -0.436     -0.445     -1.938      2.036      0.000
   790         21  (g)                -44   750   750   967   967   220   139     -0.504     -0.035     -0.170      0.532      0.000
   791         21  (g)                -44   751   751   968   968   215   301     -0.372      0.446     -5.308      5.340      0.000
   792         21  (g)                -44   752   752   969   969   137   360      0.264      0.459      9.960      9.974      0.000
   793         21  (g)                -43   786     0   970   970   138   378     -0.291     -0.088     -0.773      0.831      0.000
   794         -2  (ubar)             -41   946   946   809   125     0   151      0.000     -0.000    114.481    114.481      0.000
   795         21  (g)                -42   947   947   126   126   140   131      0.000     -0.000    -95.486     95.486      0.000
   796         21  (g)                -44   667   667   948   948   324   209      0.061     -0.145      0.269      0.312      0.000
   797         21  (g)                -44   698   698   949   949   198   334      0.049     -0.293     -0.343      0.454      0.000
   798         21  (g)                -44   434   434   950   950   140   256     -0.520      0.465     -6.419      6.456      0.000
   799         21  (g)                -44   700   700   951   951   150   294      0.628     -1.475     -6.535      6.728      0.000
   800         21  (g)                -44   288   288   952   952   130   151     -1.575     -0.468     -1.937      2.540      0.000
   801         21  (g)                -44   658   658   953   953   321   198     -1.123      0.234    -36.523     36.541      0.000
   802         21  (g)                -44   287   287   954   954   209   130      0.868      0.441      0.188      0.992      0.000
   803         21  (g)                -44   660   660   955   955   256   132     -1.326     -1.615    -32.587     32.654      0.000
   804         21  (g)                -44   563   563   956   956   294   133     -0.562     -0.607     -0.872      1.202      0.000
   805         21  (g)                -44   669   669   957   957   133   295      0.129      0.139      1.505      1.516      0.000
   806         21  (g)                -44   659   659   958   958   132   321     -0.148      0.299     -1.857      1.887      0.000
   807         21  (g)                -44   668   668   959   959   295   324      4.046      2.245     13.098     13.892      0.000
   808         21  (g)                -44   699   699   960   960   334   150     -0.530      1.096     -6.838      6.946      0.000
   809         -2  (ubar)             -43   794     0   961   961     0   131      0.002     -0.316     97.847     97.848      0.330
   810         -1  (dbar)             -31  1138  1138   812   813     0   379      0.000      0.000     31.005     31.005      0.000
   811         21  (g)                -31  1139  1139   812   813   381   380      0.000      0.000     -0.006      0.006      0.000
   812         -1  (dbar)             -33   810   811  1140  1140     0   380     -0.140     -0.253     26.085     26.089      0.330
   813         21  (g)                -33   810   811  1141  1141   381   379      0.140      0.253      4.913      4.922      0.000
   814         -1  (dbar)             -31  1142  1142   816   817     0   382      0.000      0.000     27.201     27.201      0.000
   815          1  (d)                -31  1143  1143   816   817   382     0      0.000      0.000     -0.046      0.046      0.000
   816         -1  (dbar)             -33   814   815  1144  1144     0   383     -0.001     -0.251     26.227     26.231      0.330
   817          1  (d)                -33   814   815  1145  1145   383     0      0.001      0.251      0.928      1.016      0.330
   818         21  (g)                -31  1146  1146   820   821   386   385      0.000      0.000      0.036      0.036      0.000
   819         -2  (ubar)             -31  1147  1147   820   821     0   384      0.000      0.000    -11.965     11.965      0.000
   820         21  (g)                -33   818   819  1148  1148   386   384     -0.152      0.162     -0.346      0.412      0.000
   821         -2  (ubar)             -33   818   819  1149  1149     0   385      0.152     -0.162    -11.583     11.590      0.330
   822          2  (u)                -31  1150  1150   824   825   387     0      0.000      0.000     10.028     10.028      0.000
   823         21  (g)                -31  1151  1151   824   825   388   389      0.000      0.000     -0.010      0.010      0.000
   824          2  (u)                -33   822   823  1152  1152   388     0     -0.015      0.160      8.892      8.899      0.330
   825         21  (g)                -33   822   823  1153  1153   387   389      0.015     -0.160      1.127      1.138      0.000
   826         21  (g)                -41  1121  1121   830   764   390   364      0.000      0.000     24.301     24.301      0.000
   827         21  (g)                -42  1122  1122   765   765   365   366     -0.000      0.000    -27.168     27.168      0.000
   828         21  (g)                -44   766   766  1123  1123   363   366     -0.446      0.177    -27.103     27.108      0.000
   829         21  (g)                -44   767   767  1124  1124   365   364      0.637     -0.222     24.126     24.135      0.000
   830         21  (g)                -43   826     0  1125  1125   390   363     -0.191      0.045      0.111      0.226      0.000
   831          1  (d)                -61     1     0   111   111   158     0      0.914      1.069    258.293    258.297      0.000
   832          2  (u)                -61     2     0   112   112   147     0      0.893      0.928  -2242.531   2242.532      0.000
   833          1  (d)                -62   601   601  1654  1654   308     0   -242.686    275.726   -166.839    403.432      0.330
   834          2  (u)                -62   493   493  1468  1468   279     0    216.255   -237.641  -1085.873   1132.413      0.330
   835         21  (g)                -62   622   622  1385  1385   188   214      2.153     -0.504    -29.168     29.251      0.000
   836         21  (g)                -62   495   495  1470  1470   141   104      4.095     -5.599    -23.096     24.115      0.000
   837          1  (d)                -62   712   712  1211     0   109     0     -2.005     -3.165     -4.682      6.005      0.330
   838         21  (g)                -62   678   678  1473  1473   101   322     43.006    -49.708   -209.512    219.580      0.000
   839         21  (g)                -62   633   633  1713  1713   143   152      2.248     -0.912   -147.077    147.097      0.000
   840         21  (g)                -62   663   663  1471  1471   144   141     17.447    -24.811    -91.737     96.622      0.000
   841         21  (g)                -62   381   381  1272  1272   149   110     -0.856     -1.720     56.067     56.100      0.000
   842         21  (g)                -62   464   464  1252     0   265   251    -10.386     11.512     -7.504     17.225      0.000
   843         21  (g)                -62   631   631  1386  1386   318   188      5.542      2.471   -122.741    122.891      0.000
   844         21  (g)                -62   710   710  1225     0   218   307     -0.681      0.281     -0.543      0.915      0.000
   845         21  (g)                -62   382   382  1183     0   238   309     -0.909      0.636     19.568     19.600      0.000
   846         21  (g)                -62   603   603  1252     0   251   153    -26.405     28.328    -17.986     42.699      0.000
   847         21  (g)                -62   624   624  1657  1657   102   265     -4.128      4.263     -4.287      7.321      0.000
   848         21  (g)                -62   494   494  1469  1469   104   279      3.027     -3.028    -15.057     15.654      0.000
   849         21  (g)                -62   602   602  1655  1655   153   308    -20.934     24.465    -14.778     35.429      0.000
   850         21  (g)                -62   623   623  1243     0   315   130     -0.422     -0.085     -0.734      0.851      0.000
   851         21  (g)                -62   632   632  1387  1387   103   318      1.771      1.533    -38.227     38.298      0.000
   852         21  (g)                -62   662   662  1472  1472   322   144     16.716    -18.851    -77.591     81.580      0.000
   853         -1  (dbar)             -62   677   677  1477  1477     0   292     -0.873     -0.748     -2.871      3.110      0.330
   854         21  (g)                -62   711   711  1213     0   338   236     -0.167     -0.445      0.430      0.641      0.000
   855         21  (g)                -61     1     0   528   528   287   287      1.886      0.377    181.605    181.615      0.000
   856         21  (g)                -61     2     0   529   529   262   262      1.303     -0.417   -107.945    107.953      0.000
   857         21  (g)                -62   583   583  1197     0   303   112      0.348      1.769     -0.371      1.840      0.000
   858         21  (g)                -62   531   531  1257  1257   106   124      3.955     -4.663     49.447     49.823      0.000
   859         21  (g)                -62   625   625  1172     0   316   252      0.228     -0.005      9.892      9.894      0.000
   860         -3  (sbar)             -62   533   533  1673  1673     0   291     -4.745     -1.445    -63.775     63.970      0.500
   861         21  (g)                -62   534   534  1436  1436   134   137      1.420     -0.196      3.705      3.973      0.000
   862         21  (g)                -62   585   585  1427  1427   108   208     -0.716      4.265      3.328      5.457      0.000
   863         21  (g)                -62   536   536  1200     0   212   290      0.030     -1.967      8.385      8.612      0.000
   864          3  (s)                -62   537   537  1384  1384   214     0      1.180      0.828    -17.407     17.474      0.500
   865         21  (g)                -62   538   538  1196     0   216   111      0.300      0.575      2.114      2.211      0.000
   866         21  (g)                -62   636   636  1228     0   113   390     -0.679      0.393      0.071      0.788      0.000
   867         21  (g)                -62   540   540  1195     0   248   288      1.945      0.897      1.677      2.720      0.000
   868         21  (g)                -62   541   541  1186     0   105   146      0.970      1.099     91.474     91.486      0.000
   869         21  (g)                -62   542   542  1166     0   107   332      0.056     -0.844    -22.931     22.947      0.000
   870         21  (g)                -62   584   584  1219     0   180   164     -0.260     -0.021      0.406      0.482      0.000
   871         -3  (sbar)             -62   634   634  1360  1360     0   336     -0.933     -0.511      6.626      6.729      0.500
   872          3  (s)                -62   635   635  1348  1348   237     0      0.087     -0.216      1.021      1.161      0.500
   873          1  (d)                -61     1     0   164   164   163     0      1.232     -1.077    247.108    247.113      0.000
   874         21  (g)                -61     2     0   566   566   320   163     -0.929     -0.244    -13.310     13.345      0.000
   875          1  (d)                -62   655   655  1321  1321   320     0     -0.629      0.095      6.917      6.954      0.330
   876         21  (g)                -62   730   730  1222     0   349   191      1.067      1.739     -4.244      4.709      0.000
   877         21  (g)                -62   684   684  1273  1273   162   149      1.501     -2.373    113.199    113.234      0.000
   878         -2  (ubar)             -62   574   574  1520  1520     0   145      0.442      0.194     -0.848      1.030      0.330
   879         21  (g)                -62   719   719  1208     0   328   228      0.152     -0.088      0.279      0.329      0.000
   880         21  (g)                -62   364   364  1169     0   190   157      0.209     -0.321     -3.474      3.495      0.000
   881         21  (g)                -62   283   283  1192     0   208   119      0.762      1.414      0.499      1.682      0.000
   882         21  (g)                -62   717   717  1229     0   342   327      1.370     -0.296     -1.137      1.804      0.000
   883         21  (g)                -62   732   732  1208     0   228   268      0.169     -0.124      0.255      0.330      0.000
   884         21  (g)                -62   657   657  1270  1270   296   365     -4.578     -2.441     72.738     72.923      0.000
   885         21  (g)                -62   565   565  1196     0   111   335      0.089      0.587      2.250      2.327      0.000
   886          2  (u)                -62   575   575  1197     0   112     0      0.343      2.250      0.014      2.300      0.330
   887         21  (g)                -62   656   656  1176     0   293   179     -1.231     -1.018     35.173     35.209      0.000
   888         21  (g)                -62   683   683  1176     0   110   293     -0.367     -0.270     12.497     12.505      0.000
   889         21  (g)                -62   718   718  1230     0   170   136      0.715     -0.405      0.316      0.880      0.000
   890         21  (g)                -62   731   731  1235     0   175   229      0.290     -0.265     -0.636      0.747      0.000
   891         21  (g)                -61     1     0   637   637   117   163     -1.985      1.089    276.672    276.681      0.000
   892          3  (s)                -61     2     0   638   638   163     0     -3.097     -2.227    -12.075     12.663      0.000
   893         21  (g)                -62   670   670  1217     0   319   306      0.332     -1.132      1.841      2.186      0.000
   894         21  (g)                -62   729   729  1508  1508   264   304     -2.244      2.469      5.087      6.083      0.000
   895         21  (g)                -62   641   641  1190     0   122   337     -1.002      0.062      6.176      6.257      0.000
   896         21  (g)                -62   642   642  1179     0   176   238     -0.357      0.163      4.618      4.634      0.000
   897         21  (g)                -62   673   673  1235     0   177   175      0.528     -0.728     -1.516      1.762      0.000
   898         21  (g)                -62   675   675  1200     0   189   212      0.061     -0.384      1.888      1.927      0.000
   899         21  (g)                -62   654   654  1175     0   114   313      4.146     -3.548     61.502     61.743      0.000
   900         21  (g)                -62   646   646  1624  1624   257   240      0.044      1.571    164.809    164.816      0.000
   901         21  (g)                -62   727   727  1173     0   348   314     -0.056      0.108      1.878      1.882      0.000
   902         21  (g)                -62   648   648  1185     0   115   166     -0.143     -0.414      5.515      5.533      0.000
   903         21  (g)                -62   649   649  1227     0   116   325     -2.266      1.367      6.859      7.352      0.000
   904         21  (g)                -62   650   650  1227     0   304   116     -1.713      1.329      4.957      5.410      0.000
   905          3  (s)                -62   681   681  1375  1375   117     0     -2.340     -1.910     -7.780      8.361      0.500
   906         21  (g)                -62   653   653  1260  1260   199   222      0.922      0.188      7.540      7.598      0.000
   907         21  (g)                -62   679   679  1506  1506   325   180     -0.268      0.322      1.474      1.532      0.000
   908         21  (g)                -62   674   674  1205     0   326   305     -0.470     -0.705     -0.132      0.857      0.000
   909         21  (g)                -62   680   680  1210     0   327   211      0.390     -0.184     -0.455      0.626      0.000
   910         21  (g)                -62   728   728  1212     0   253   302     -0.646      0.288      0.336      0.783      0.000
   911         21  (g)                -61     1     0   206   206   142   142     -2.804     -5.168     93.173     93.358      0.000
   912         21  (g)                -61     2     0   207   207   161   161      1.792      0.065    -51.518     51.549      0.000
   913         21  (g)                -62   371   371  1250     0   233   215     -1.122      1.270    -10.487     10.623      0.000
   914          4  (c)                -62   292   292  1357  1357   120     0      2.533     -1.103     10.531     10.990      1.500
   915         21  (g)                -62   344   344  1248     0   121   256     -1.056     -1.000    -22.107     22.155      0.000
   916         21  (g)                -62   598   598  1224     0   307   261     -1.335      0.119     -0.360      1.388      0.000
   917         21  (g)                -62   238   238  1187     0   179   296     -2.505     -1.990     64.681     64.760      0.000
   918         21  (g)                -62   694   694  1201     0   118   284     -0.097     -0.452      1.349      1.426      0.000
   919         -4  (cbar)             -62   600   600  1437  1437     0   134      3.821     -2.461     14.720     15.479      1.500
   920         21  (g)                -62   343   343  1234     0   223   207     -0.112      0.818     -2.756      2.877      0.000
   921         21  (g)                -62   470   470  1249     0   267   377     -1.622     -1.096     -9.321      9.525      0.000
   922         21  (g)                -62   692   692  1169     0   332   190      0.058     -0.435     -3.761      3.787      0.000
   923         21  (g)                -62   599   599  1192     0   119   303      0.310      0.588      0.185      0.690      0.000
   924         21  (g)                -62   693   693  1234     0   191   223      0.116      0.639     -1.019      1.208      0.000
   925         21  (g)                -61     1     0   618   618   123   135      0.991     -0.474     59.065     59.075      0.000
   926         -3  (sbar)             -61     2     0    74    74     0   123     -0.234     -0.538     -9.654      9.672      0.000
   927         21  (g)                -62   203   203  1205     0   178   326     -0.978     -1.434     -0.242      1.753      0.000
   928         -3  (sbar)             -62   361   361  1318  1318     0   135      0.370      5.694     -6.065      8.342      0.500
   929         -1  (dbar)             -62   616   616  1198     0     0   387     -0.381     -3.442     29.186     29.393      0.330
   930         21  (g)                -62   519   519  1219     0   164   370     -2.111     -0.105      2.556      3.317      0.000
   931         21  (g)                -62   363   363  1214     0   125   170      2.138     -0.587      1.154      2.499      0.000
   932          1  (d)                -62   521   521  1256  1256   124     0      1.297      0.033     12.335     12.408      0.330
   933         21  (g)                -62   362   362  1218     0   227   311     -0.439     -0.091      0.035      0.449      0.000
   934         21  (g)                -62   520   520  1201     0   284   237      0.225     -0.557      1.843      1.939      0.000
   935         21  (g)                -62   617   617  1175     0   313   106      0.636     -0.523      8.609      8.648      0.000
   936         21  (g)                -61     1     0   691   691   128   128     -0.008      2.303    435.809    435.815      0.000
   937         21  (g)                -61     2     0   389   389   126   126      0.568      1.061   -171.866    171.870      0.000
   938         21  (g)                -62   428   428  1262  1262   254   133      2.407      3.445     61.028     61.173      0.000
   939         -2  (ubar)             -62   689   689  1281  1281     0   270     -1.227     -1.166    139.627    139.637      0.330
   940         21  (g)                -62   404   404  1167     0   193   246      1.012      1.347   -150.174    150.183      0.000
   941         21  (g)                -62   388   388  1625  1625   240   341     -1.098      0.880     82.565     82.577      0.000
   942         21  (g)                -62   490   490  1167     0   246   202      0.127      0.104    -15.617     15.618      0.000
   943         21  (g)                -62   492   492  1231     0   129   319     -0.004     -0.636      0.423      0.764      0.000
   944         21  (g)                -62   491   491  1171     0   278   219      1.052     -0.457     -5.759      5.872      0.000
   945          2  (u)                -62   690   690  1628  1628   127     0     -1.708     -0.153    151.850    151.860      0.330
   946         -2  (ubar)             -61     1     0   794   794     0   117     -2.166     -0.438    114.469    114.491      0.000
   947         21  (g)                -61     2     0   795   795   117   131      0.687      1.148    -95.474     95.483      0.000
   948         21  (g)                -62   796   796  1207     0   324   328      0.056     -0.146      0.269      0.311      0.000
   949         21  (g)                -62   797   797  1236     0   198   177      0.051     -0.288     -0.345      0.452      0.000
   950         21  (g)                -62   798   798  1242     0   140   173     -0.474      0.542     -6.421      6.461      0.000
   951         21  (g)                -62   799   799  1474  1474   150   101      0.673     -1.396     -6.537      6.718      0.000
   952         21  (g)                -62   800   800  1251     0   130   102     -1.564     -0.442     -1.961      2.547      0.000
   953         21  (g)                -62   801   801  1667  1667   321   363     -0.860      0.673    -36.531     36.548      0.000
   954         21  (g)                -62   802   802  1193     0   209   224      0.860      0.444      0.202      0.989      0.000
   955         21  (g)                -62   803   803  1248     0   256   184     -1.092     -1.223    -32.613     32.654      0.000
   956         21  (g)                -62   804   804  1221     0   294   185     -0.557     -0.595     -0.884      1.203      0.000
   957         21  (g)                -62   805   805  1178     0   133   362      0.100      0.133      1.507      1.516      0.000
   958         21  (g)                -62   806   806  1238     0   132   333     -0.135      0.321     -1.857      1.889      0.000
   959         21  (g)                -62   807   807  1433  1433   295   216      3.793      2.198     13.168     13.878      0.000
   960         21  (g)                -62   808   808  1238     0   334   132     -0.481      1.179     -6.836      6.953      0.000
   961         -2  (ubar)             -62   809   809  1344  1344     0   131     -1.850     -0.691     97.834     97.854      0.330
   962         21  (g)                -61     1     0   785   785   378   378      2.754     -0.912     12.127     12.469      0.000
   963         21  (g)                -61     2     0   786   786   360   360     -0.553      1.949    -94.042     94.064      0.000
   964         21  (g)                -62   787   787  1215     0   136   273      4.300     -1.152     -0.439      4.473      0.000
   965         21  (g)                -62   788   788  1665  1665   301   159     -3.004      2.438    -83.282     83.372      0.000
   966         21  (g)                -62   789   789  1240     0   139   138     -0.437     -0.408     -1.907      1.998      0.000
   967         21  (g)                -62   790   790  1204     0   220   255     -0.465     -0.042     -0.116      0.481      0.000
   968         21  (g)                -62   791   791  1242     0   215   140     -0.399      0.554     -5.238      5.282      0.000
   969         21  (g)                -62   792   792  1435  1435   137   286      2.496     -0.280      9.810     10.126      0.000
   970         21  (g)                -62   793   793  1243     0   138   315     -0.289     -0.073     -0.743      0.801      0.000
   971         21  (g)                -61     1     0   390   390   148   148      0.078     -2.397    288.999    289.009      0.000
   972         21  (g)                -61     2     0   726   726   241   241     -1.140     -0.267  -1662.316   1662.316      0.000
   973         21  (g)                -62   392   392  1223     0   145   310      2.064      0.235     -2.967      3.622      0.000
   974         21  (g)                -62   597   597  1708  1708   147   239     -2.491      1.789  -1168.451   1168.455      0.000
   975         21  (g)                -62   394   394  1714  1714   152   203     -0.031     -2.257   -203.094    203.106      0.000
   976         21  (g)                -62   395   395  1170     0   239   357     -1.209      0.288   -234.299    234.303      0.000
   977         21  (g)                -62   724   724  1171     0   219   375      1.492     -0.395     -5.849      6.049      0.000
   978         21  (g)                -62   552   552  1206     0   192   361      0.274      0.403     -0.859      0.988      0.000
   979         21  (g)                -62   398   398  1247     0   169   321     -0.252      0.550    -16.949     16.959      0.000
   980         21  (g)                -62   479   479  1280  1280   270   352     -1.512     -2.583    254.979    254.997      0.000
   981         -1  (dbar)             -62   595   595  1390  1390     0   300     -0.526      0.205     -4.528      4.574      0.330
   982         21  (g)                -62   480   480  1186     0   146   316      0.566      0.242     33.259     33.265      0.000
   983         21  (g)                -62   553   553  1236     0   292   198      0.105     -1.312     -2.383      2.722      0.000
   984          1  (d)                -62   596   596  1168     0   263     0      0.812      0.616     -5.823      5.920      0.330
   985         21  (g)                -62   725   725  1244     0   346   323     -0.355     -0.444    -16.354     16.364      0.000
   986         21  (g)                -61     1     0   272   272   154   205      0.071     -0.256   1130.777   1130.777      0.000
   987         -2  (ubar)             -61     2     0   606   606     0   154      0.177      0.722      7.190      7.228      0.000
   988         21  (g)                -62   516   516  1627  1627   156   127     -2.145      0.195    371.108    371.114      0.000
   989         -2  (ubar)             -62   275   275  1339  1339     0   205      2.337      1.104    165.831    165.851      0.330
   990         21  (g)                -62   276   276  1188     0   155   280      1.210      0.172    241.784    241.787      0.000
   991         21  (g)                -62   604   604  1182     0   283   226     -0.934     -1.204    350.797    350.800      0.000
   992         21  (g)                -62   605   605  1183     0   309   354     -0.221      0.199      8.447      8.452      0.000
   993         21  (g)                -61     1     0   262   262   160   154      1.920     -0.340    536.999    537.003      0.000
   994          2  (u)                -61     2     0   263   263   154     0     -0.839     -0.298  -1135.544   1135.544      0.000
   995         21  (g)                -62   613   613  1718  1718   157   278      1.889     -0.429    -13.226     13.367      0.000
   996         21  (g)                -62   549   549  1664  1664   159   334     -2.532      1.494    -48.134     48.224      0.000
   997          2  (u)                -62   615   615  1566  1566   160     0      0.359     -2.276  -1044.027   1044.030      0.330
   998         21  (g)                -62   496   496  1188     0   280   317      2.115      0.492    312.527    312.534      0.000
   999         21  (g)                -62   610   610  1193     0   224   108      1.094      0.588      0.137      1.249      0.000
  1000         21  (g)                -62   591   591  1209     0   255   227     -0.241     -0.043     -0.047      0.250      0.000
  1001         21  (g)                -62   551   551  1210     0   211   186      0.689     -0.442     -0.813      1.154      0.000
  1002         21  (g)                -62   612   612  1623  1623   158   257      0.128      0.607    222.199    222.200      0.000
  1003         21  (g)                -62   550   550  1241     0   291   285     -1.085     -0.436    -20.581     20.614      0.000
  1004         21  (g)                -62   589   589  1233     0   305   294     -0.561     -0.932     -0.411      1.163      0.000
  1005         21  (g)                -62   590   590  1226     0   302   264     -0.392      0.348      0.347      0.628      0.000
  1006         21  (g)                -62   611   611  1218     0   311   204     -0.420     -0.226      0.103      0.488      0.000
  1007         21  (g)                -62   614   614  1203     0   312   103      0.037      0.617     -6.617      6.646      0.000
  1008         21  (g)                -61     1     0   356   356   167   167     -1.407     -0.191    147.223    147.229      0.000
  1009         21  (g)                -61     2     0   357   357   165   165      0.701     -0.407     -1.219      1.464      0.000
  1010         21  (g)                -62   358   358  1199     0   168   118      0.117     -1.776      6.070      6.326      0.000
  1011         21  (g)                -62   703   703  1216     0   266   113     -1.165      0.940     -0.260      1.519      0.000
  1012         21  (g)                -62   545   545  1182     0   226   155     -0.216     -0.372    132.983    132.984      0.000
  1013         21  (g)                -62   701   701  1195     0   288   181      0.836      0.283      0.596      1.065      0.000
  1014         21  (g)                -62   544   544  1174     0   166   269     -0.404     -0.455      4.511      4.552      0.000
  1015         21  (g)                -62   702   702  1194     0   335   368      0.127      0.783      2.102      2.247      0.000
  1016         21  (g)                -61     1     0   183   183   172   172      1.477      0.458     24.264     24.313      0.000
  1017         21  (g)                -61     2     0   184   184   171   171     -1.131     -0.400    -12.176     12.235      0.000
  1018         21  (g)                -62   327   327  1179     0   217   176     -0.355     -0.036      5.380      5.392      0.000
  1019         21  (g)                -62   609   609  1661  1661   173   247     -2.657      0.047    -10.517     10.847      0.000
  1020         21  (g)                -62   527   527  1174     0   269   217     -0.078     -0.028      0.653      0.659      0.000
  1021         21  (g)                -62   525   525  1434  1434   286   295      2.266      0.531      8.921      9.220      0.000
  1022         21  (g)                -62   607   607  1223     0   310   342      0.775      0.002     -0.946      1.223      0.000
  1023         21  (g)                -62   526   526  1184     0   206   114      0.678      0.043      8.604      8.631      0.000
  1024         21  (g)                -62   608   608  1220     0   174   178     -0.283     -0.502     -0.009      0.576      0.000
  1025          2  (u)                -61     1     0   772   772   183     0     -0.966     -0.838     26.649     26.680      0.000
  1026          2  (u)                -61     2     0   773   773   182     0     -1.574     -1.770    -48.406     48.464      0.000
  1027          2  (u)                -62   774   774  1629  1629   182     0     -2.634     -0.653     25.524     25.670      0.330
  1028         21  (g)                -62   775   775  1429  1429   181   209      1.844      0.183      0.244      1.869      0.000
  1029          2  (u)                -62   776   776  1630  1630   183     0     -1.749     -2.138    -47.524     47.606      0.330
  1030         21  (g)                -61     1     0   753   753   187   187      0.951      0.155      0.699      1.191      0.000
  1031         21  (g)                -61     2     0   754   754   200   200      0.423      1.171    -28.355     28.382      0.000
  1032         21  (g)                -62   755   755  1244     0   184   346     -0.569     -0.748    -21.718     21.738      0.000
  1033         21  (g)                -62   756   756  1517  1517   186   192      2.434      2.668     -3.978      5.373      0.000
  1034         21  (g)                -62   757   757  1211     0   185   109     -0.669     -0.898     -1.332      1.740      0.000
  1035         21  (g)                -62   758   758  1206     0   361   349      0.179      0.305     -0.629      0.721      0.000
  1036         21  (g)                -61     1     0   420   420   195   195      1.063      3.856    107.741    107.815      0.000
  1037         21  (g)                -61     2     0   706   706   194   194     -1.207     -2.734      1.980      3.585      0.000
  1038         21  (g)                -62   619   619  1264  1264   314   197     -0.242      2.776     34.714     34.826      0.000
  1039         21  (g)                -62   592   592  1213     0   196   338     -0.810     -2.392      2.608      3.630      0.000
  1040         21  (g)                -62   704   704  1172     0   252   162      0.567     -0.144     21.362     21.370      0.000
  1041         21  (g)                -62   621   621  1207     0   306   324      0.544     -1.346      2.306      2.725      0.000
  1042         21  (g)                -62   620   620  1180     0   197   381      0.401      2.281     45.696     45.755      0.000
  1043         21  (g)                -62   705   705  1190     0   336   122     -0.605     -0.053      3.034      3.094      0.000
  1044          2  (u)                -61     1     0   502   502   282     0     -0.778     -0.994     82.927     82.936      0.000
  1045          1  (d)                -61     2     0   503   503   163     0      1.728     -0.430   -220.283    220.290      0.000
  1046          2  (u)                -62   504   504  1313  1313   163     0     -1.161     -1.169     39.382     39.418      0.330
  1047         21  (g)                -62   505   505  1715  1715   203   244      0.381     -0.829    -47.123     47.132      0.000
  1048         21  (g)                -62   709   709  1514  1514   207   277     -0.826      0.489     -2.151      2.355      0.000
  1049         21  (g)                -62   507   507  1184     0   222   206      2.020     -0.089     20.359     20.459      0.000
  1050         21  (g)                -62   707   707  1191     0   337   259     -0.450      0.088      1.753      1.812      0.000
  1051         21  (g)                -62   509   509  1173     0   225   348     -0.417      0.870     20.261     20.284      0.000
  1052         21  (g)                -62   510   510  1660  1660   247   267     -0.863     -0.515     -8.373      8.433      0.000
  1053         21  (g)                -62   515   515  1214     0   268   125      0.799     -0.146      0.417      0.913      0.000
  1054          1  (d)                -62   513   513  1325  1325   282     0      0.629     -0.840    -96.046     96.053      0.330
  1055         21  (g)                -62   514   514  1712  1712   202   143      1.399      0.316    -65.636     65.652      0.000
  1056         21  (g)                -62   708   708  1216     0   204   266     -0.561      0.400     -0.198      0.717      0.000
  1057         21  (g)                -61     1     0   367   367   231   231     -0.144     -0.170      0.001      0.223      0.000
  1058         21  (g)                -61     2     0   368   368   230   230     -0.034      1.163   -134.353    134.358      0.000
  1059         21  (g)                -62   522   522  1237     0   229   150      0.505     -0.667     -1.716      1.909      0.000
  1060         21  (g)                -62   499   499  1710  1710   281   193     -0.187      0.581    -83.828     83.830      0.000
  1061         21  (g)                -62   524   524  1247     0   232   169     -0.074      1.308    -39.573     39.595      0.000
  1062         21  (g)                -62   523   523  1241     0   285   121     -0.422     -0.229     -9.233      9.246      0.000
  1063         -3  (sbar)             -61     1     0   374   374     0   123      0.338     -0.393      9.679      9.693      0.000
  1064         21  (g)                -61     2     0   375   375   123   235     -0.414     -2.538      0.082      2.573      0.000
  1065         -3  (sbar)             -62   376   376  1366  1366     0   235      0.719      0.564      8.349      8.414      0.500
  1066         21  (g)                -62   377   377  1231     0   236   129     -0.795     -3.495      1.412      3.853      0.000
  1067         21  (g)                -61     1     0   759   759   245   245      0.399      2.092     12.376     12.558      0.000
  1068         21  (g)                -61     2     0   760   760   243   243      0.168      0.287    -37.490     37.491      0.000
  1069         21  (g)                -62   761   761  1203     0   242   312     -0.132      1.442    -14.087     14.162      0.000
  1070         21  (g)                -62   762   762  1166     0   244   107      0.007     -0.751    -23.384     23.396      0.000
  1071         21  (g)                -62   763   763  1178     0   362   199      0.692      1.689     12.358     12.492      0.000
  1072          2  (u)                -61     1     0   413   413   123     0     -0.082      1.508     -1.322      2.007      0.000
  1073          2  (u)                -61     2     0   414   414   135     0      0.736      0.577     -5.304      5.386      0.000
  1074          2  (u)                -62   415   415  1317  1317   135     0      0.957      1.168     -1.457      2.124      0.330
  1075          2  (u)                -62   416   416  1415  1415   123     0     -0.303      0.917     -5.169      5.269      0.330
  1076         21  (g)                -61     1     0   440   440   260   260     -0.836      0.370      2.090      2.281      0.000
  1077         21  (g)                -61     2     0   441   441   258   258      0.049      1.197    -14.933     14.981      0.000
  1078         21  (g)                -62   571   571  1389  1389   300   242      0.047      2.054    -14.704     14.847      0.000
  1079         21  (g)                -62   573   573  1358  1358   259   120     -0.490     -0.468      1.947      2.061      0.000
  1080         21  (g)                -62   572   572  1204     0   261   220     -0.343     -0.019     -0.086      0.355      0.000
  1081         -2  (ubar)             -61     1     0   482   482     0   235      0.982     -0.307    326.646    326.648      0.000
  1082         21  (g)                -61     2     0   483   483   235   163      0.408      1.886    -20.222     20.314      0.000
  1083         -2  (ubar)             -62   628   628  1314  1314     0   163     -0.382      0.281     37.357     37.361      0.330
  1084         21  (g)                -62   695   695  1239     0   333   386     -0.338      0.604     -3.517      3.584      0.000
  1085         21  (g)                -62   666   666  1199     0   290   168      0.070     -0.604      2.320      2.399      0.000
  1086         21  (g)                -62   629   629  1181     0   317   373      1.518      0.856    286.846    286.851      0.000
  1087         21  (g)                -62   697   697  1215     0   273   275      0.199     -0.071     -0.041      0.215      0.000
  1088         21  (g)                -62   696   696  1669  1669   323   232      0.323      0.513    -16.540     16.551      0.000
  1089         21  (g)                -61     1     0   486   486   276   276     -0.630     -0.773      0.277      1.035      0.000
  1090         21  (g)                -61     2     0   487   487   274   274      0.256     -0.904     -1.235      1.552      0.000
  1091         21  (g)                -62   488   488  1225     0   277   218     -0.403      0.149     -0.581      0.723      0.000
  1092         21  (g)                -62   489   489  1498  1498   275   174      0.028     -1.825     -0.377      1.864      0.000
  1093          2  (u)                -61     1     0   567   567   299     0     -0.183     -0.118    425.738    425.738      0.000
  1094         21  (g)                -61     2     0   568   568   131   299     -0.055     -0.018      0.580      0.583      0.000
  1095          2  (u)                -62   569   569  1343  1343   131     0      0.325      0.425    289.091    289.091      0.330
  1096         21  (g)                -62   570   570  1189     0   297   283     -0.563     -0.562    137.227    137.230      0.000
  1097          3  (s)                -61     1     0   685   685   163     0     -1.293     -0.896     -6.488      6.677      0.000
  1098         21  (g)                -61     2     0   686   686   299   163     -0.423      0.812    -24.413     24.430      0.000
  1099          3  (s)                -62   687   687  1456  1456   299     0     -0.641     -0.648     -2.934      3.113      0.500
  1100         21  (g)                -62   688   688  1246     0   329   301     -1.075      0.564    -27.967     27.994      0.000
  1101         -2  (ubar)             -61     1     0   713   713     0   163     -0.061      0.214    434.475    434.475      0.000
  1102         21  (g)                -61     2     0   714   714   163   340     -0.074      0.117      3.708      3.711      0.000
  1103         -2  (ubar)             -62   715   715  1330  1330     0   340      0.459     -0.112    308.100    308.100      0.330
  1104         21  (g)                -62   716   716  1626  1626   341   156     -0.594      0.443    130.083    130.085      0.000
  1105         -2  (ubar)             -61     1     0   720   720     0   344      0.532     -0.598      6.397      6.446      0.000
  1106          1  (d)                -61     2     0   721   721   344     0      0.661     -0.991    -11.712     11.772      0.000
  1107         -2  (ubar)             -62   722   722  1406  1406     0   345      0.813     -1.159      6.360      6.524      0.330
  1108          1  (d)                -62   723   723  1405  1405   345     0      0.381     -0.430    -11.675     11.694      0.330
  1109         21  (g)                -61     1     0   733   733   353   353     -0.242     -0.062     77.746     77.746      0.000
  1110         21  (g)                -61     2     0   734   734   351   351      0.088      0.059      0.325      0.342      0.000
  1111         21  (g)                -62   735   735  1177     0   354   225     -0.185      0.607     13.996     14.010      0.000
  1112         21  (g)                -62   736   736  1279  1279   352   297      0.030     -0.610     64.075     64.078      0.000
  1113          2  (u)                -61     1     0   737   737   163     0     -0.952      0.675    126.777    126.782      0.000
  1114         -2  (ubar)             -61     2     0   738   738     0   163     -1.223      0.248      0.151      1.257      0.000
  1115          2  (u)                -62   739   739  1400  1404   356     0     -1.414      1.025    127.160    127.172      0.330
  1116         -2  (ubar)             -62   740   740  1400  1404     0   356     -0.761     -0.101     -0.232      0.867      0.330
  1117          2  (u)                -61     1     0   741   741   320     0      0.286      0.647      0.069      0.710      0.000
  1118         21  (g)                -61     2     0   742   742   154   320      0.239     -0.103    -31.906     31.907      0.000
  1119          2  (u)                -62   743   743  1722  1722   154     0      0.815      0.526     -0.284      1.063      0.330
  1120         21  (g)                -62   744   744  1170     0   357   281     -0.290      0.018    -31.553     31.554      0.000
  1121         21  (g)                -61     1     0   826   826   366   366     -0.533     -1.384     24.282     24.327      0.000
  1122         21  (g)                -61     2     0   827   827   364   364     -0.357      0.523    -27.149     27.157      0.000
  1123         21  (g)                -62   828   828  1246     0   363   329     -0.802      0.698    -27.080     27.101      0.000
  1124         21  (g)                -62   829   829  1185     0   365   115      0.108     -1.596     24.101     24.154      0.000
  1125         21  (g)                -62   830   830  1212     0   390   253     -0.196      0.037      0.111      0.228      0.000
  1126         21  (g)                -61     1     0   768   768   369   369     -0.187      0.661      2.580      2.670      0.000
  1127         21  (g)                -61     2     0   769   769   367   367     -0.136      0.110     -0.130      0.219      0.000
  1128         21  (g)                -62   770   770  1232     0   370   196     -0.456     -0.153      0.361      0.601      0.000
  1129         21  (g)                -62   771   771  1194     0   368   248      0.132      0.924      2.088      2.287      0.000
  1130         21  (g)                -61     1     0   777   777   135   160     -0.148      0.289     33.510     33.512      0.000
  1131         -3  (sbar)             -61     2     0   778   778     0   135      0.350     -0.130      1.358      1.408      0.000
  1132         21  (g)                -62   779   779  1181     0   373   105      0.255      0.103     32.376     32.377      0.000
  1133         -3  (sbar)             -62   780   780  1567  1567     0   160     -0.053      0.055      2.492      2.543      0.500
  1134         21  (g)                -61     1     0   781   781   376   376      0.218      0.267     -0.702      0.782      0.000
  1135         21  (g)                -61     2     0   782   782   374   374      0.306      0.041     -4.950      4.959      0.000
  1136         21  (g)                -62   783   783  1240     0   377   139     -0.150     -0.130     -0.849      0.872      0.000
  1137         21  (g)                -62   784   784  1168     0   375   263      0.674      0.438     -4.802      4.869      0.000
  1138         -1  (dbar)             -61     1     0   810   810     0   163     -0.169      0.307     34.349     34.351      0.000
  1139         21  (g)                -61     2     0   811   811   163   380      0.064      0.219      2.068      2.081      0.000
  1140         -1  (dbar)             -62   812   812  1310  1310     0   380     -0.236      0.022     23.977     23.980      0.330
  1141         21  (g)                -62   813   813  1180     0   381   254      0.131      0.504     12.440     12.451      0.000
  1142         -1  (dbar)             -61     1     0   814   814     0   123     -0.180     -0.474     24.529     24.534      0.000
  1143          1  (d)                -61     2     0   815   815   123     0      0.477      0.530      2.874      2.961      0.000
  1144         -1  (dbar)             -62   816   816  1335  1335     0   383     -0.147     -0.660     22.301     22.314      0.330
  1145          1  (d)                -62   817   817  1334  1334   383     0      0.443      0.717      5.102      5.181      0.330
  1146         21  (g)                -61     1     0   818   818   123   282     -0.184      0.330     -1.085      1.149      0.000
  1147         -2  (ubar)             -61     2     0   819   819     0   123      0.332     -0.281    -10.927     10.936      0.000
  1148         21  (g)                -62   820   820  1239     0   386   233     -0.274      0.421     -2.489      2.539      0.000
  1149         -2  (ubar)             -62   821   821  1326  1326     0   282      0.422     -0.372     -9.524      9.546      0.330
  1150          2  (u)                -61     1     0   822   822   182     0     -0.113     -0.092     10.284     10.285      0.000
  1151         21  (g)                -61     2     0   823   823   340   182      0.017     -0.017      0.006      0.025      0.000
  1152          2  (u)                -62   824   824  1329  1329   340     0     -0.107      0.074      8.966      8.973      0.330
  1153         21  (g)                -62   825   825  1198     0   387   189      0.011     -0.182      1.324      1.337      0.000
  1154          3  (s)                -63     1     0  1721  1721   344     0      0.041      0.366    185.581    185.582      0.500
  1155         -2  (ubar)             -63     1     0  1457  1457     0   299     -0.225      0.679    155.190    155.192      0.330
  1156         -3  (sbar)             -63     1     0  1322  1322     0   320      0.716      0.270     37.519     37.531      0.500
  1157          2  (u)                -63     1     0  1338  1338   205     0     -0.185      0.261    177.108    177.109      0.330
  1158         -2  (ubar)             -63     1     0  1416  1416     0   123      0.106      0.507     71.629     71.632      0.330
  1159          1  (d)                -63     1     0  1365  1365   235     0     -0.494     -0.396    564.173    564.174      0.330
  1160          2  (u)                -63     2     0  1309  1309   380     0      0.007     -0.290      6.120      6.136      0.330
  1161         -2  (ubar)             -63     2     0  1254  1254     0   398     -0.209     -0.314   -389.269    389.269      0.330
  1162         -1  (dbar)             -63     2     0  1376  1376     0   117      0.403      0.449    -62.107     62.111      0.330
  1163          2  (u)                -63     2     0  1253  1253   398     0      0.040     -0.096    -91.988     91.989      0.330
  1164          3  (s)                -63     2     0  1282  1282   401     0      0.546     -0.255     -6.375      6.423      0.500
  1165         -1  (dbar)             -63     2     0  1282  1282     0   401      0.210      0.406     -3.267      3.315      0.330
  1166         21  (g)                -73   869  1070  1716  1716   244   332      0.063     -1.596    -46.315     46.343      0.119
  1167         21  (g)                -73   940   942  1711  1711   193   202      1.139      1.451   -165.791    165.801      0.131
  1168          1  (d)                -73   984  1137  1720  1720   375     0      1.486      1.054    -10.625     10.790      0.452
  1169         21  (g)                -73   880   922  1717  1717   332   157      0.267     -0.757     -7.235      7.281      0.183
  1170         21  (g)                -73   976  1120  1709  1709   239   281     -1.498      0.306   -265.852    265.857      0.350
  1171         21  (g)                -73   944   977  1719  1719   278   375      2.544     -0.852    -11.608     11.921      0.417
  1172         21  (g)                -73   859  1040  1274  1274   316   162      0.795     -0.149     31.253     31.264      0.104
  1173         21  (g)                -73   901  1051  1177     0   225   314     -0.474      0.979     22.139     22.166      0.108
  1174         21  (g)                -73  1014  1020  1268  1268   166   217     -0.482     -0.483      5.165      5.211      0.113
  1175         21  (g)                -73   899   935  1258  1258   114   106      4.782     -4.071     70.110     70.391      0.163
  1176         21  (g)                -73   887   888  1187     0   110   179     -1.599     -1.287     47.670     47.714      0.194
  1177         21  (g)                -73  1111  1173  1265  1265   354   314     -0.658      1.586     36.135     36.176      0.200
  1178         21  (g)                -73   957  1071  1261  1261   133   199      0.792      1.822     13.865     14.008      0.213
  1179         21  (g)                -73   896  1018  1267  1267   217   238     -0.712      0.127      9.998     10.027      0.217
  1180         21  (g)                -73  1042  1141  1263  1263   197   254      0.532      2.785     58.136     58.206      0.227
  1181         21  (g)                -73  1086  1132  1276  1276   317   105      1.773      0.958    319.221    319.228      0.249
  1182         21  (g)                -73   991  1012  1189     0   283   155     -1.150     -1.576    483.780    483.784      0.262
  1183         21  (g)                -73   845   992  1266  1266   238   354     -1.130      0.835     28.015     28.052      0.284
  1184         21  (g)                -73  1023  1049  1259  1259   222   114      2.699     -0.046     28.963     29.090      0.296
  1185         21  (g)                -73   902  1124  1269  1269   365   166     -0.035     -2.010     29.617     29.687      0.365
  1186         21  (g)                -73   868   982  1275  1275   105   316      1.536      1.341    124.733    124.751      0.441
  1187         21  (g)                -73   917  1176  1271  1271   110   296     -4.104     -3.277    112.351    112.474      0.464
  1188         21  (g)                -73   990   998  1277  1277   155   317      3.325      0.664    554.310    554.321      0.540
  1189         21  (g)                -73  1096  1182  1278  1278   297   155     -1.713     -2.137    621.007    621.014      0.577
  1190         21  (g)                -73   895  1043  1191     0   336   337     -1.607      0.009      9.210      9.351      0.198
  1191         21  (g)                -73  1050  1190  1359  1359   336   259     -2.058      0.096     10.962     11.163      0.436
  1192         21  (g)                -73   881   923  1426  1426   208   303      1.072      2.002      0.684      2.372      0.033
  1193         21  (g)                -73   954   999  1428  1428   209   108      1.954      1.032      0.339      2.238      0.109
  1194         21  (g)                -73  1015  1129  1431  1431   335   248      0.258      1.707      4.190      4.534      0.136
  1195         21  (g)                -73   867  1013  1430  1430   248   181      2.781      1.180      2.273      3.785      0.188
  1196         21  (g)                -73   865   885  1432  1432   216   335      0.389      1.162      4.364      4.538      0.223
  1197          2  (u)                -73   886   857  1425  1425   303     0      0.691      4.018     -0.358      4.140      0.622
  1198         -1  (dbar)             -73   929  1153  1351  1351     0   189     -0.370     -3.624     30.510     30.729      0.383
  1199         21  (g)                -73  1010  1085  1202     0   290   118      0.187     -2.380      8.391      8.725      0.124
  1200         21  (g)                -73   863   898  1202     0   189   290      0.092     -2.351     10.272     10.540      0.167
  1201         21  (g)                -73   918   934  1349  1349   118   237      0.128     -1.010      3.192      3.365      0.309
  1202         21  (g)                -73  1199  1200  1350  1350   189   118      0.278     -4.731     18.663     19.264      0.585
  1203         21  (g)                -73  1007  1069  1388  1388   242   103     -0.095      2.060    -20.704     20.807      0.169
  1204         21  (g)                -73   967  1080  1209     0   261   255     -0.808     -0.060     -0.201      0.835      0.014
  1205         21  (g)                -73   908   927  1220     0   178   305     -1.448     -2.138     -0.374      2.609      0.023
  1206         21  (g)                -73   978  1035  1222     0   192   349      0.453      0.708     -1.488      1.709      0.027
  1207         21  (g)                -73   948  1041  1217     0   306   328      0.600     -1.492      2.575      3.036      0.033
  1208         21  (g)                -73   879   883  1501  1501   328   268      0.321     -0.213      0.534      0.660      0.047
  1209         21  (g)                -73  1000  1204  1224     0   261   227     -1.050     -0.103     -0.249      1.085      0.054
  1210         21  (g)                -73   909  1001  1229     0   327   186      1.078     -0.626     -1.267      1.780      0.082
  1211          1  (d)                -73   837  1034  1221     0   185     0     -2.675     -4.063     -6.013      7.746      0.413
  1212         21  (g)                -73   910  1125  1226     0   390   302     -0.842      0.325      0.448      1.012      0.092
  1213         21  (g)                -73   854  1039  1504  1504   196   236     -0.977     -2.837      3.038      4.271      0.107
  1214         21  (g)                -73   931  1053  1230     0   268   170      2.937     -0.733      1.571      3.412      0.118
  1215         21  (g)                -73   964  1087  1499  1499   136   275      4.499     -1.223     -0.481      4.688      0.121
  1216         21  (g)                -73  1011  1056  1228     0   204   113     -1.726      1.340     -0.458      2.236      0.127
  1217         21  (g)                -73   893  1207  1502  1502   319   328      0.932     -2.624      4.415      5.222      0.144
  1218         21  (g)                -73   933  1006  1511  1511   227   204     -0.859     -0.316      0.138      0.937      0.147
  1219         21  (g)                -73   870   930  1232     0   180   370     -2.370     -0.126      2.962      3.799      0.154
  1220         21  (g)                -73  1024  1205  1233     0   174   305     -1.731     -2.641     -0.383      3.186      0.188
  1221          1  (d)                -73  1211   956  1496  1496   294     0     -3.232     -4.658     -6.897      8.948      0.593
  1222         21  (g)                -73   876  1206  1516  1516   192   191      1.520      2.447     -5.732      6.418      0.197
  1223         21  (g)                -73   973  1022  1519  1519   145   342      2.839      0.238     -3.913      4.845      0.211
  1224         21  (g)                -73   916  1209  1512  1512   307   227     -2.385      0.016     -0.609      2.473      0.240
  1225         21  (g)                -73   844  1091  1513  1513   277   307     -1.083      0.429     -1.125      1.638      0.243
  1226         21  (g)                -73  1005  1212  1509  1509   390   264     -1.233      0.673      0.795      1.640      0.289
  1227         21  (g)                -73   903   904  1507  1507   304   325     -3.978      2.696     11.816     12.762      0.394
  1228         21  (g)                -73   866  1216  1510  1510   204   390     -2.405      1.733     -0.387      3.024      0.455
  1229         21  (g)                -73   882  1210  1518  1518   342   186      2.448     -0.922     -2.404      3.584      0.473
  1230         21  (g)                -73   889  1214  1500  1500   268   136      3.651     -1.137      1.887      4.292      0.485
  1231         21  (g)                -73   943  1066  1503  1503   236   319     -0.799     -4.132      1.834      4.617      0.488
  1232         21  (g)                -73  1128  1219  1505  1505   180   196     -2.826     -0.278      3.323      4.400      0.503
  1233         21  (g)                -73  1004  1220  1497  1497   174   294     -2.291     -3.573     -0.794      4.349      0.517
  1234         21  (g)                -73   920   924  1515  1515   191   207      0.004      1.457     -3.775      4.085      0.562
  1235         21  (g)                -73   890   897  1237     0   177   229      0.819     -0.993     -2.151      2.510      0.122
  1236         21  (g)                -73   949   983  1476  1476   292   177      0.156     -1.600     -2.728      3.174      0.228
  1237         21  (g)                -73  1059  1235  1475  1475   177   150      1.323     -1.660     -3.868      4.419      0.252
  1238         21  (g)                -73   958   960  1245     0   334   333     -0.616      1.500     -8.693      8.843      0.009
  1239         21  (g)                -73  1084  1148  1245     0   333   233     -0.611      1.025     -6.006      6.124      0.042
  1240         21  (g)                -73   966  1136  1249     0   377   138     -0.587     -0.538     -2.756      2.870      0.098
  1241         21  (g)                -73  1003  1062  1672  1672   291   121     -1.507     -0.665    -29.814     29.860      0.109
  1242         21  (g)                -73   950   968  1250     0   215   173     -0.873      1.096    -11.658     11.743      0.124
  1243         21  (g)                -73   850   970  1251     0   138   130     -0.712     -0.159     -1.478      1.652      0.124
  1244         21  (g)                -73   985  1032  1670  1670   184   323     -0.924     -1.192    -38.072     38.103      0.161
  1245         21  (g)                -73  1238  1239  1663  1663   334   233     -1.228      2.526    -14.699     14.966      0.233
  1246         21  (g)                -73  1100  1123  1666  1666   363   301     -1.877      1.262    -55.048     55.095      0.288
  1247         21  (g)                -73   979  1061  1668  1668   232   321     -0.326      1.858    -56.522     56.554      0.337
  1248         21  (g)                -73   915   955  1671  1671   121   184     -2.148     -2.222    -54.720     54.809      0.436
  1249         21  (g)                -73   921  1240  1659  1659   267   138     -2.209     -1.634    -12.077     12.395      0.476
  1250         21  (g)                -73   913  1242  1662  1662   233   173     -1.995      2.366    -22.145     22.366      0.491
  1251         21  (g)                -73   952  1243  1658  1658   138   102     -2.276     -0.601     -3.438      4.199      0.521
  1252         21  (g)                -73   842   846  1656  1656   265   153    -36.791     39.840    -25.490     59.924      0.587
  1253          2  (u)                -71  1163  1163  1255  1255   398     0      0.040     -0.096    -91.988     91.989      0.330
  1254         -2  (ubar)             -71  1161  1161  1255  1255     0   398     -0.209     -0.314   -389.269    389.269      0.330
  1255        113  (rho0)             -81  1253  1254  1765  1766     0     0     -0.169     -0.411   -481.257    481.258      0.855
  1256          1  (d)                -72   932   932  1283  1283   124     0      1.297      0.033     12.335     12.408      0.330
  1257         21  (g)                -72   858   858  1284  1284   106   124      3.955     -4.663     49.447     49.823      0.000
  1258         21  (g)                -72  1175  1175  1285  1285   114   106      4.782     -4.071     70.110     70.391      0.163
  1259         21  (g)                -72  1184  1184  1286  1286   222   114      2.699     -0.046     28.963     29.090      0.296
  1260         21  (g)                -72   906   906  1287  1287   199   222      0.922      0.188      7.540      7.598      0.000
  1261         21  (g)                -72  1178  1178  1288  1288   133   199      0.792      1.822     13.865     14.008      0.213
  1262         21  (g)                -72   938   938  1289  1289   254   133      2.407      3.445     61.028     61.173      0.000
  1263         21  (g)                -72  1180  1180  1290  1290   197   254      0.532      2.785     58.136     58.206      0.227
  1264         21  (g)                -72  1038  1038  1291  1291   314   197     -0.242      2.776     34.714     34.826      0.000
  1265         21  (g)                -72  1177  1177  1292  1292   354   314     -0.658      1.586     36.135     36.176      0.200
  1266         21  (g)                -72  1183  1183  1293  1293   238   354     -1.130      0.835     28.015     28.052      0.284
  1267         21  (g)                -72  1179  1179  1294  1294   217   238     -0.712      0.127      9.998     10.027      0.217
  1268         21  (g)                -72  1174  1174  1295  1295   166   217     -0.482     -0.483      5.165      5.211      0.113
  1269         21  (g)                -72  1185  1185  1296  1296   365   166     -0.035     -2.010     29.617     29.687      0.365
  1270         21  (g)                -72   884   884  1297  1297   296   365     -4.578     -2.441     72.738     72.923      0.000
  1271         21  (g)                -72  1187  1187  1298  1298   110   296     -4.104     -3.277    112.351    112.474      0.464
  1272         21  (g)                -72   841   841  1299  1299   149   110     -0.856     -1.720     56.067     56.100      0.000
  1273         21  (g)                -72   877   877  1300  1300   162   149      1.501     -2.373    113.199    113.234      0.000
  1274         21  (g)                -72  1172  1172  1301  1301   316   162      0.795     -0.149     31.253     31.264      0.104
  1275         21  (g)                -72  1186  1186  1302  1302   105   316      1.536      1.341    124.733    124.751      0.441
  1276         21  (g)                -72  1181  1181  1303  1303   317   105      1.773      0.958    319.221    319.228      0.249
  1277         21  (g)                -72  1188  1188  1304  1304   155   317      3.325      0.664    554.310    554.321      0.540
  1278         21  (g)                -72  1189  1189  1305  1305   297   155     -1.713     -2.137    621.007    621.014      0.577
  1279         21  (g)                -72  1112  1112  1306  1306   352   297      0.030     -0.610     64.075     64.078      0.000
  1280         21  (g)                -72   980   980  1307  1307   270   352     -1.512     -2.583    254.979    254.997      0.000
  1281         -2  (ubar)             -72   939   939  1308  1308     0   270     -1.227     -1.166    139.627    139.637      0.330
  1282       -311  (Kbar0)            -81  1164  1165  1767  1767     0     0      0.756      0.151     -9.668      9.712      0.498
  1283          1  (d)                -72  1256  1256  1581  1622   124     0      1.297      0.033     12.335     12.408      0.330
  1284         21  (g)                -72  1257  1257  1581  1622   106   124      3.955     -4.663     49.447     49.824      0.000
  1285         21  (g)                -72  1258  1258  1581  1622   114   106      4.782     -4.071     70.111     70.392      0.163
  1286         21  (g)                -72  1259  1259  1581  1622   222   114      2.699     -0.046     28.963     29.090      0.296
  1287         21  (g)                -72  1260  1260  1581  1622   199   222      0.922      0.188      7.540      7.598      0.000
  1288         21  (g)                -72  1261  1261  1581  1622   133   199      0.792      1.822     13.865     14.008      0.213
  1289         21  (g)                -72  1262  1262  1581  1622   254   133      2.407      3.445     61.029     61.174      0.000
  1290         21  (g)                -72  1263  1263  1581  1622   197   254      0.532      2.785     58.137     58.207      0.227
  1291         21  (g)                -72  1264  1264  1581  1622   314   197     -0.242      2.776     34.715     34.826      0.000
  1292         21  (g)                -72  1265  1265  1581  1622   354   314     -0.658      1.586     36.135     36.176      0.200
  1293         21  (g)                -72  1266  1266  1581  1622   238   354     -1.130      0.835     28.015     28.052      0.284
  1294         21  (g)                -72  1267  1267  1581  1622   217   238     -0.712      0.127      9.998     10.027      0.217
  1295         21  (g)                -72  1268  1268  1581  1622   166   217     -0.482     -0.483      5.165      5.211      0.113
  1296         21  (g)                -72  1269  1269  1581  1622   365   166     -0.035     -2.010     29.617     29.687      0.365
  1297         21  (g)                -72  1270  1270  1581  1622   296   365     -4.578     -2.441     72.739     72.923      0.000
  1298         21  (g)                -72  1271  1271  1581  1622   110   296     -4.104     -3.277    112.352    112.475      0.464
  1299         21  (g)                -72  1272  1272  1581  1622   149   110     -0.856     -1.720     56.068     56.101      0.000
  1300         21  (g)                -72  1273  1273  1581  1622   162   149      1.501     -2.373    113.200    113.235      0.000
  1301         21  (g)                -72  1274  1274  1581  1622   316   162      0.795     -0.149     31.254     31.264      0.104
  1302         21  (g)                -72  1275  1275  1581  1622   105   316      1.536      1.341    124.734    124.752      0.441
  1303         21  (g)                -72  1276  1276  1581  1622   317   105      1.773      0.958    319.224    319.231      0.249
  1304         21  (g)                -72  1277  1277  1581  1622   155   317      3.325      0.664    554.315    554.326      0.540
  1305         21  (g)                -72  1278  1278  1581  1622   297   155     -1.713     -2.137    621.013    621.019      0.577
  1306         21  (g)                -72  1279  1279  1581  1622   352   297      0.030     -0.610     64.076     64.079      0.000
  1307         21  (g)                -72  1280  1280  1581  1622   270   352     -1.512     -2.583    254.982    254.999      0.000
  1308         -2  (ubar)             -72  1281  1281  1581  1622     0   270     -1.227     -1.166    139.628    139.639      0.330
  1309          2  (u)                -71  1160  1160  1311  1312   380     0      0.007     -0.290      6.120      6.136      0.330
  1310         -1  (dbar)             -71  1140  1140  1311  1312     0   380     -0.236      0.022     23.977     23.980      0.330
  1311        223  (omega)            -82  1309  1310  1965  1967     0     0     -0.204     -0.086     19.999     20.016      0.783
  1312        211  pi+                 82  1309  1310     0     0     0     0     -0.025     -0.183     10.098     10.100      0.140
  1313          2  (u)                -71  1046  1046  1315  1316   163     0     -1.161     -1.169     39.382     39.418      0.330
  1314         -2  (ubar)             -71  1083  1083  1315  1316     0   163     -0.382      0.281     37.357     37.361      0.330
  1315        213  (rho+)             -83  1313  1314  1768  1769     0     0     -0.980     -1.191     42.563     42.597      0.721
  1316       -211  pi-                 84  1313  1314     0     0     0     0     -0.563      0.303     34.175     34.182      0.140
  1317          2  (u)                -71  1074  1074  1319  1320   135     0      0.957      1.168     -1.457      2.124      0.330
  1318         -3  (sbar)             -71   928   928  1319  1320     0   135      0.370      5.694     -6.065      8.342      0.500
  1319        213  (rho+)             -83  1317  1318  1770  1771     0     0      0.367      0.932     -1.575      1.967      0.619
  1320        313  (K*0)              -84  1317  1318  1772  1773     0     0      0.959      5.930     -5.947      8.499      0.889
  1321          1  (d)                -71   875   875  1323  1324   320     0     -0.629      0.095      6.917      6.954      0.330
  1322         -3  (sbar)             -71  1156  1156  1323  1324     0   320      0.716      0.270     37.519     37.531      0.500
  1323       -211  pi-                 83  1321  1322     0     0     0     0     -0.791      0.192     10.385     10.418      0.140
  1324        321  K+                  84  1321  1322     0     0     0     0      0.879      0.173     34.051     34.066      0.494
  1325          1  (d)                -71  1054  1054  1327  1328   282     0      0.629     -0.840    -96.046     96.053      0.330
  1326         -2  (ubar)             -71  1149  1149  1327  1328     0   282      0.422     -0.372     -9.524      9.546      0.330
  1327       -213  (rho-)             -83  1325  1326  1774  1775     0     0      0.802     -0.782    -98.725     98.734      0.757
  1328        111  (pi0)              -84  1325  1326  1968  1969     0     0      0.249     -0.430     -6.845      6.864      0.135
  1329          2  (u)                -71  1152  1152  1331  1333   340     0     -0.107      0.074      8.966      8.973      0.330
  1330         -2  (ubar)             -71  1103  1103  1331  1333     0   340      0.459     -0.112    308.100    308.100      0.330
  1331        111  (pi0)              -83  1329  1330  1970  1971     0     0     -0.067      0.003     18.375     18.375      0.135
  1332        113  (rho0)             -83  1329  1330  1776  1777     0     0      0.310      0.130     45.122     45.129      0.672
  1333        221  (eta)              -84  1329  1330  1972  1974     0     0      0.109     -0.172    253.569    253.570      0.548
  1334          1  (d)                -71  1145  1145  1336  1337   383     0      0.443      0.717      5.102      5.181      0.330
  1335         -1  (dbar)             -71  1144  1144  1336  1337     0   383     -0.147     -0.660     22.301     22.314      0.330
  1336        111  (pi0)              -83  1334  1335  1975  1976     0     0      0.542      0.711      5.457      5.532      0.135
  1337        221  (eta)              -84  1334  1335  1977  1979     0     0     -0.245     -0.655     21.945     21.963      0.548
  1338          2  (u)                -71  1157  1157  1340  1342   205     0     -0.185      0.261    177.108    177.109      0.330
  1339         -2  (ubar)             -71   989   989  1340  1342     0   205      2.337      1.104    165.831    165.851      0.330
  1340        221  (eta)              -83  1338  1339  1980  1981     0     0     -0.131      0.337    145.035    145.037      0.548
  1341        111  (pi0)              -84  1338  1339  1982  1983     0     0      1.405      0.527     97.759     97.770      0.135
  1342        113  (rho0)             -84  1338  1339  1778  1779     0     0      0.879      0.501    100.145    100.153      0.758
  1343          2  (u)                -71  1095  1095  1345  1347   131     0      0.325      0.425    289.091    289.091      0.330
  1344         -2  (ubar)             -71   961   961  1345  1347     0   131     -1.850     -0.691     97.834     97.854      0.330
  1345        211  pi+                 83  1343  1344     0     0     0     0      0.321      0.109    133.252    133.253      0.140
  1346       2112  n0                  84  1343  1344     0     0     0     0     -0.388      0.060    162.152    162.155      0.940
  1347      -2212  pbar-               84  1343  1344     0     0     0     0     -1.458     -0.435     91.521     91.538      0.938
  1348          3  (s)                -71   872   872  1352  1356   237     0      0.087     -0.216      1.021      1.161      0.500
  1349         21  (g)                -71  1201  1201  1352  1356   118   237      0.128     -1.010      3.192      3.365      0.309
  1350         21  (g)                -71  1202  1202  1352  1356   189   118      0.278     -4.731     18.663     19.264      0.585
  1351         -1  (dbar)             -71  1198  1198  1352  1356     0   189     -0.370     -3.624     30.510     30.729      0.383
  1352       -321  K-                  83  1348  1351     0     0     0     0      0.132      0.035      1.135      1.246      0.494
  1353        321  K+                  84  1348  1351     0     0     0     0      0.116     -3.351     12.905     13.343      0.494
  1354       -323  (K*-)              -84  1348  1351  1780  1781     0     0      0.372     -2.073     10.534     10.780      0.901
  1355        323  (K*+)              -84  1348  1351  1782  1783     0     0     -0.260     -2.836     19.341     19.567      0.824
  1356       -311  (Kbar0)            -84  1348  1351  1784  1784     0     0     -0.236     -1.356      9.471      9.584      0.498
  1357          4  (c)                -71   914   914  1361  1364   120     0      2.533     -1.103     10.531     10.990      1.500
  1358         21  (g)                -71  1079  1079  1361  1364   259   120     -0.490     -0.468      1.947      2.061      0.000
  1359         21  (g)                -71  1191  1191  1361  1364   336   259     -2.058      0.096     10.962     11.163      0.436
  1360         -3  (sbar)             -71   871   871  1361  1364     0   336     -0.933     -0.511      6.626      6.729      0.500
  1361        431  (D_s+)             -83  1357  1360  1984  1985     0     0      1.858     -0.812     10.886     11.246      1.968
  1362       3122  Lambda0             84  1357  1360     0     0     0     0     -0.301     -0.469      3.719      3.922      1.116
  1363      -2112  nbar0               84  1357  1360     0     0     0     0     -1.201     -0.810      8.240      8.419      0.940
  1364        311  (K0)               -84  1357  1360  1785  1785     0     0     -1.303      0.105      7.221      7.355      0.498
  1365          1  (d)                -71  1159  1159  1367  1374   235     0     -0.494     -0.396    564.173    564.174      0.330
  1366         -3  (sbar)             -71  1065  1065  1367  1374     0   235      0.719      0.564      8.349      8.414      0.500
  1367       -213  (rho-)             -83  1365  1366  1786  1787     0     0     -0.201     -0.374    148.738    148.740      0.641
  1368        111  (pi0)              -83  1365  1366  1986  1987     0     0      0.053     -0.046    213.195    213.195      0.135
  1369        211  pi+                 83  1365  1366     0     0     0     0     -0.215      0.119     18.350     18.353      0.140
  1370        221  (eta)              -83  1365  1366  1988  1990     0     0      0.216      0.217     85.075     85.077      0.548
  1371        311  (K0)               -83  1365  1366  1788  1788     0     0      0.141      0.222      5.971      5.997      0.498
  1372       -321  K-                  84  1365  1366     0     0     0     0      0.071     -0.333     33.667     33.672      0.494
  1373        113  (rho0)             -84  1365  1366  1789  1790     0     0      0.292     -0.009     57.394     57.401      0.858
  1374        321  K+                  84  1365  1366     0     0     0     0     -0.132      0.371     10.133     10.152      0.494
  1375          3  (s)                -71   905   905  1377  1383   117     0     -2.340     -1.910     -7.780      8.361      0.500
  1376         -1  (dbar)             -71  1162  1162  1377  1383     0   117      0.403      0.449    -62.107     62.111      0.330
  1377       -321  K-                  83  1375  1376     0     0     0     0     -1.106     -0.729     -4.083      4.321      0.494
  1378        211  pi+                 83  1375  1376     0     0     0     0     -0.261     -0.234     -0.668      0.767      0.140
  1379       -211  pi-                 83  1375  1376     0     0     0     0      0.023     -0.420     -3.346      3.375      0.140
  1380        111  (pi0)              -83  1375  1376  1991  1992     0     0     -0.504      0.132     -1.218      1.331      0.135
  1381       2212  p+                  84  1375  1376     0     0     0     0     -0.166     -0.032    -16.309     16.337      0.938
  1382      -2112  nbar0               84  1375  1376     0     0     0     0      0.405     -0.202     -8.945      9.006      0.940
  1383        113  (rho0)             -84  1375  1376  1791  1792     0     0     -0.329      0.024    -35.317     35.334      1.027
  1384          3  (s)                -71   864   864  1391  1399   214     0      1.180      0.828    -17.407     17.474      0.500
  1385         21  (g)                -71   835   835  1391  1399   188   214      2.153     -0.504    -29.168     29.251      0.000
  1386         21  (g)                -71   843   843  1391  1399   318   188      5.542      2.471   -122.741    122.891      0.000
  1387         21  (g)                -71   851   851  1391  1399   103   318      1.771      1.533    -38.227     38.298      0.000
  1388         21  (g)                -71  1203  1203  1391  1399   242   103     -0.095      2.060    -20.704     20.807      0.169
  1389         21  (g)                -71  1078  1078  1391  1399   300   242      0.047      2.054    -14.704     14.847      0.000
  1390         -1  (dbar)             -71   981   981  1391  1399     0   300     -0.526      0.205     -4.528      4.574      0.330
  1391       -321  K-                  83  1384  1390     0     0     0     0      1.768      0.097    -23.423     23.495      0.494
  1392        211  pi+                 83  1384  1390     0     0     0     0      0.368      0.092     -9.502      9.511      0.140
  1393        223  (omega)            -83  1384  1390  1993  1995     0     0      2.902      1.381    -59.772     59.863      0.789
  1394       2114  (Delta0)           -83  1384  1390  1793  1794     0     0      2.827      0.724    -54.975     55.065      1.195
  1395      -2214  (Deltabar-)        -84  1384  1390  1795  1796     0     0      1.869      1.587    -39.550     39.645      1.234
  1396        221  (eta)              -84  1384  1390  1996  1998     0     0      0.637      0.704    -19.053     19.084      0.548
  1397        211  pi+                 84  1384  1390     0     0     0     0     -0.300      1.970    -20.378     20.476      0.140
  1398        223  (omega)            -84  1384  1390  1999  2001     0     0      0.248      0.646    -10.213     10.267      0.781
  1399        113  (rho0)             -84  1384  1390  1797  1798     0     0     -0.248      1.445    -10.613     10.738      0.719
  1400       2224  (Delta++)          -83  1115  1116  1799  1800     0     0     -0.810      0.188     63.517     63.537      1.336
  1401       -213  (rho-)             -83  1115  1116  1801  1802     0     0     -0.188      0.608     59.390     59.402      1.049
  1402      -2112  nbar0               83  1115  1116     0     0     0     0     -0.627      0.084      3.422      3.605      0.940
  1403        113  (rho0)             -84  1115  1116  1803  1804     0     0     -0.275      0.053      0.633      1.184      0.961
  1404       -211  pi-                 84  1115  1116     0     0     0     0     -0.275     -0.008     -0.035      0.311      0.140
  1405          1  (d)                -71  1108  1108  1407  1414   345     0      0.381     -0.430    -11.675     11.694      0.330
  1406         -2  (ubar)             -71  1107  1107  1407  1414     0   345      0.813     -1.159      6.360      6.524      0.330
  1407        113  (rho0)             -83  1405  1406  1805  1806     0     0      0.223     -0.635     -6.632      6.699      0.664
  1408        113  (rho0)             -83  1405  1406  1807  1808     0     0      0.449      0.235     -2.469      2.699      0.965
  1409        113  (rho0)             -83  1405  1406  1809  1810     0     0     -0.271     -0.136     -0.618      1.186      0.966
  1410        223  (omega)            -84  1405  1406  2002  2004     0     0     -0.169     -0.299     -0.298      0.901      0.778
  1411        223  (omega)            -84  1405  1406  2005  2007     0     0     -0.329     -0.081      0.019      0.890      0.823
  1412       2112  n0                  84  1405  1406     0     0     0     0      0.601     -0.279      0.722      1.358      0.940
  1413        111  (pi0)              -84  1405  1406  2008  2009     0     0      0.285      0.261      0.312      0.515      0.135
  1414      -2214  (Deltabar-)        -84  1405  1406  1811  1812     0     0      0.404     -0.655      3.648      3.970      1.364
  1415          2  (u)                -71  1075  1075  1417  1424   123     0     -0.303      0.917     -5.169      5.269      0.330
  1416         -2  (ubar)             -71  1158  1158  1417  1424     0   123      0.106      0.507     71.629     71.632      0.330
  1417        223  (omega)            -83  1415  1416  2010  2012     0     0     -0.254      0.510     -2.439      2.625      0.787
  1418        113  (rho0)             -83  1415  1416  1813  1814     0     0     -0.151      0.436     -2.192      2.391      0.834
  1419        113  (rho0)             -83  1415  1416  1815  1816     0     0      0.327     -0.218      0.380      0.934      0.757
  1420        211  pi+                 84  1415  1416     0     0     0     0     -0.516      0.054      2.244      2.308      0.140
  1421        311  (K0)               -84  1415  1416  1817  1817     0     0      0.366     -0.284      4.504      4.555      0.498
  1422       -311  (Kbar0)            -84  1415  1416  1818  1818     0     0     -0.086      0.515      2.316      2.426      0.498
  1423       -211  pi-                 84  1415  1416     0     0     0     0      0.589     -0.195     28.365     28.372      0.140
  1424        111  (pi0)              -84  1415  1416  2013  2014     0     0     -0.472      0.605     33.282     33.291      0.135
  1425          2  (u)                -71  1197  1197  1438  1455   303     0      0.691      4.018     -0.358      4.140      0.622
  1426         21  (g)                -71  1192  1192  1438  1455   208   303      1.072      2.002      0.684      2.372      0.033
  1427         21  (g)                -71   862   862  1438  1455   108   208     -0.716      4.265      3.328      5.457      0.000
  1428         21  (g)                -71  1193  1193  1438  1455   209   108      1.954      1.032      0.339      2.238      0.109
  1429         21  (g)                -71  1028  1028  1438  1455   181   209      1.844      0.183      0.244      1.869      0.000
  1430         21  (g)                -71  1195  1195  1438  1455   248   181      2.781      1.180      2.273      3.785      0.188
  1431         21  (g)                -71  1194  1194  1438  1455   335   248      0.258      1.707      4.190      4.534      0.136
  1432         21  (g)                -71  1196  1196  1438  1455   216   335      0.389      1.162      4.364      4.538      0.223
  1433         21  (g)                -71   959   959  1438  1455   295   216      3.793      2.198     13.168     13.878      0.000
  1434         21  (g)                -71  1021  1021  1438  1455   286   295      2.266      0.531      8.921      9.220      0.000
  1435         21  (g)                -71   969   969  1438  1455   137   286      2.496     -0.280      9.810     10.126      0.000
  1436         21  (g)                -71   861   861  1438  1455   134   137      1.420     -0.196      3.705      3.973      0.000
  1437         -4  (cbar)             -71   919   919  1438  1455     0   134      3.821     -2.461     14.720     15.479      1.500
  1438        211  pi+                 83  1425  1437     0     0     0     0     -0.051      1.309     -0.152      1.326      0.140
  1439       -211  pi-                 83  1425  1437     0     0     0     0      1.592      2.898      1.113      3.491      0.140
  1440        321  K+                  83  1425  1437     0     0     0     0     -0.340      1.894      0.065      1.987      0.494
  1441       -313  (K*bar0)           -83  1425  1437  1819  1820     0     0      0.315      1.674      1.144      2.289      1.013
  1442        113  (rho0)             -83  1425  1437  1821  1822     0     0      0.583      1.148      0.399      1.530      0.724
  1443        221  (eta)              -83  1425  1437  2015  2017     0     0      0.181      0.964      0.394      1.191      0.548
  1444        221  (eta)              -83  1425  1437  2018  2020     0     0      0.740     -0.175     -0.423      1.028      0.548
  1445       -213  (rho-)             -83  1425  1437  1823  1824     0     0      2.699      2.746      2.915      4.877      0.679
  1446        111  (pi0)              -83  1425  1437  2021  2023     0     0      0.905      0.172      0.328      0.987      0.135
  1447        211  pi+                 84  1425  1437     0     0     0     0      0.179      0.953      3.186      3.334      0.140
  1448        311  (K0)               -84  1425  1437  1825  1825     0     0      0.710      0.249      1.628      1.861      0.498
  1449       -323  (K*-)              -84  1425  1437  1826  1827     0     0      1.235      0.667      2.882      3.329      0.897
  1450        111  (pi0)              -84  1425  1437  2024  2025     0     0      0.238      0.536      1.082      1.238      0.135
  1451        213  (rho+)             -84  1425  1437  1828  1829     0     0      1.976      1.779     11.298     11.661      1.128
  1452       -213  (rho-)             -84  1425  1437  1830  1831     0     0      3.583     -0.084     11.889     12.443      0.791
  1453        211  pi+                 84  1425  1437     0     0     0     0      0.680      0.930      2.513      2.769      0.140
  1454       -211  pi-                 84  1425  1437     0     0     0     0      1.522     -0.587      7.625      7.798      0.140
  1455       -421  (Dbar0)            -84  1425  1437  2026  2028     0     0      5.325     -1.732     17.502     18.470      1.865
  1456          3  (s)                -71  1099  1099  1458  1467   299     0     -0.641     -0.648     -2.934      3.113      0.500
  1457         -2  (ubar)             -71  1155  1155  1458  1467     0   299     -0.225      0.679    155.190    155.192      0.330
  1458       -321  K-                  83  1456  1457     0     0     0     0     -0.417     -0.484     -0.342      0.877      0.494
  1459        223  (omega)            -83  1456  1457  2029  2031     0     0      0.211     -0.094     -1.812      1.993      0.797
  1460        321  K+                  83  1456  1457     0     0     0     0     -0.080      0.112      0.119      0.526      0.494
  1461       -311  (Kbar0)            -83  1456  1457  1832  1832     0     0     -0.297     -0.097      0.476      0.756      0.498
  1462        111  (pi0)              -83  1456  1457  2032  2033     0     0     -0.014      0.090      0.296      0.338      0.135
  1463        311  (K0)               -83  1456  1457  1833  1833     0     0      0.007     -0.393      1.830      1.936      0.498
  1464       3122  Lambda0             83  1456  1457     0     0     0     0     -0.074     -0.010      4.157      4.304      1.116
  1465      -2112  nbar0               84  1456  1457     0     0     0     0     -0.025      0.490     18.468     18.498      0.940
  1466       -213  (rho-)             -84  1456  1457  1834  1835     0     0     -0.426      0.204     48.329     48.336      0.710
  1467        113  (rho0)             -84  1456  1457  1836  1837     0     0      0.249      0.213     80.735     80.740      0.792
  1468          2  (u)                -71   834   834  1478  1495   279     0    216.255   -237.641  -1085.873   1132.413      0.330
  1469         21  (g)                -71   848   848  1478  1495   104   279      3.027     -3.028    -15.057     15.654      0.000
  1470         21  (g)                -71   836   836  1478  1495   141   104      4.095     -5.599    -23.096     24.115      0.000
  1471         21  (g)                -71   840   840  1478  1495   144   141     17.447    -24.811    -91.737     96.622      0.000
  1472         21  (g)                -71   852   852  1478  1495   322   144     16.716    -18.851    -77.591     81.580      0.000
  1473         21  (g)                -71   838   838  1478  1495   101   322     43.006    -49.708   -209.512    219.580      0.000
  1474         21  (g)                -71   951   951  1478  1495   150   101      0.673     -1.396     -6.537      6.718      0.000
  1475         21  (g)                -71  1237  1237  1478  1495   177   150      1.323     -1.660     -3.868      4.419      0.252
  1476         21  (g)                -71  1236  1236  1478  1495   292   177      0.156     -1.600     -2.728      3.174      0.228
  1477         -1  (dbar)             -71   853   853  1478  1495     0   292     -0.873     -0.748     -2.871      3.110      0.330
  1478        111  (pi0)              -83  1468  1477  2034  2035     0     0      7.804     -8.426    -39.316     40.959      0.135
  1479        211  pi+                 83  1468  1477     0     0     0     0     14.141    -15.583    -71.209     74.253      0.140
  1480       -211  pi-                 83  1468  1477     0     0     0     0    185.604   -203.669   -932.497    972.358      0.140
  1481        211  pi+                 83  1468  1477     0     0     0     0      3.692     -4.018    -17.025     17.878      0.140
  1482       -211  pi-                 83  1468  1477     0     0     0     0     13.242    -17.767    -69.997     73.420      0.140
  1483        213  (rho+)             -83  1468  1477  1838  1839     0     0      5.271     -6.854    -28.204     29.509      0.731
  1484       -213  (rho-)             -83  1468  1477  1840  1841     0     0      3.064     -3.316    -13.334     14.097      0.739
  1485        223  (omega)            -83  1468  1477  2036  2037     0     0      9.207    -11.808    -47.125     49.453      0.784
  1486        111  (pi0)              -84  1468  1477  2038  2039     0     0     28.732    -33.322   -139.102    145.894      0.135
  1487        213  (rho+)             -84  1468  1477  1842  1843     0     0      5.061     -6.711    -25.808     27.154      0.794
  1488       -211  pi-                 84  1468  1477     0     0     0     0     20.845    -23.976   -100.413    105.319      0.140
  1489        111  (pi0)              -84  1468  1477  2040  2041     0     0      3.203     -3.269    -17.353     17.947      0.135
  1490        211  pi+                 84  1468  1477     0     0     0     0      1.709     -3.432     -9.372     10.127      0.140
  1491        111  (pi0)              -84  1468  1477  2042  2043     0     0      0.189     -0.018     -0.695      0.733      0.135
  1492        221  (eta)              -84  1468  1477  2044  2046     0     0      0.105     -0.276     -1.183      1.337      0.548
  1493       -211  pi-                 84  1468  1477     0     0     0     0      0.285     -0.914     -2.416      2.603      0.140
  1494        213  (rho+)             -84  1468  1477  1844  1845     0     0     -0.390     -1.016     -2.577      2.924      0.851
  1495        111  (pi0)              -84  1468  1477  2047  2048     0     0      0.061     -0.666     -1.246      1.421      0.135
  1496          1  (d)                -71  1221  1221  1521  1565   294     0     -3.232     -4.658     -6.897      8.948      0.593
  1497         21  (g)                -71  1233  1233  1521  1565   174   294     -2.291     -3.573     -0.794      4.349      0.517
  1498         21  (g)                -71  1092  1092  1521  1565   275   174      0.028     -1.825     -0.377      1.864      0.000
  1499         21  (g)                -71  1215  1215  1521  1565   136   275      4.499     -1.223     -0.481      4.688      0.121
  1500         21  (g)                -71  1230  1230  1521  1565   268   136      3.651     -1.137      1.887      4.292      0.485
  1501         21  (g)                -71  1208  1208  1521  1565   328   268      0.321     -0.213      0.534      0.660      0.047
  1502         21  (g)                -71  1217  1217  1521  1565   319   328      0.932     -2.624      4.415      5.222      0.144
  1503         21  (g)                -71  1231  1231  1521  1565   236   319     -0.799     -4.132      1.834      4.617      0.488
  1504         21  (g)                -71  1213  1213  1521  1565   196   236     -0.977     -2.837      3.038      4.271      0.107
  1505         21  (g)                -71  1232  1232  1521  1565   180   196     -2.826     -0.278      3.323      4.400      0.503
  1506         21  (g)                -71   907   907  1521  1565   325   180     -0.268      0.322      1.474      1.532      0.000
  1507         21  (g)                -71  1227  1227  1521  1565   304   325     -3.978      2.696     11.816     12.762      0.394
  1508         21  (g)                -71   894   894  1521  1565   264   304     -2.244      2.469      5.087      6.083      0.000
  1509         21  (g)                -71  1226  1226  1521  1565   390   264     -1.233      0.673      0.795      1.640      0.289
  1510         21  (g)                -71  1228  1228  1521  1565   204   390     -2.405      1.733     -0.387      3.024      0.455
  1511         21  (g)                -71  1218  1218  1521  1565   227   204     -0.859     -0.316      0.138      0.937      0.147
  1512         21  (g)                -71  1224  1224  1521  1565   307   227     -2.385      0.016     -0.609      2.473      0.240
  1513         21  (g)                -71  1225  1225  1521  1565   277   307     -1.083      0.429     -1.125      1.638      0.243
  1514         21  (g)                -71  1048  1048  1521  1565   207   277     -0.826      0.489     -2.151      2.355      0.000
  1515         21  (g)                -71  1234  1234  1521  1565   191   207      0.004      1.457     -3.775      4.085      0.562
  1516         21  (g)                -71  1222  1222  1521  1565   192   191      1.520      2.447     -5.732      6.418      0.197
  1517         21  (g)                -71  1033  1033  1521  1565   186   192      2.434      2.668     -3.978      5.373      0.000
  1518         21  (g)                -71  1229  1229  1521  1565   342   186      2.448     -0.922     -2.404      3.584      0.473
  1519         21  (g)                -71  1223  1223  1521  1565   145   342      2.839      0.238     -3.913      4.845      0.211
  1520         -2  (ubar)             -71   878   878  1521  1565     0   145      0.442      0.194     -0.848      1.030      0.330
  1521        331  (eta')             -83  1496  1520  2049  2051     0     0     -2.346     -3.336     -5.350      6.795      0.958
  1522        313  (K*0)              -83  1496  1520  1846  1847     0     0     -1.388     -3.039     -1.299      3.705      0.934
  1523       3122  Lambda0             83  1496  1520     0     0     0     0     -0.483     -1.382     -0.780      1.999      1.116
  1524      -2212  pbar-               83  1496  1520     0     0     0     0     -0.394     -0.654     -0.535      1.323      0.938
  1525        211  pi+                 83  1496  1520     0     0     0     0     -0.004     -0.108     -0.030      0.179      0.140
  1526       -213  (rho-)             -83  1496  1520  1848  1849     0     0      0.386     -1.222      0.007      1.562      0.893
  1527        111  (pi0)              -83  1496  1520  2052  2053     0     0      0.517     -0.258      0.313      0.671      0.135
  1528        223  (omega)            -83  1496  1520  2054  2056     0     0      0.522     -0.209     -0.181      0.981      0.783
  1529       2214  (Delta+)           -83  1496  1520  1850  1851     0     0      2.271     -1.614      0.646      3.120      1.248
  1530        211  pi+                 83  1496  1520     0     0     0     0      0.687      0.439     -0.229      0.858      0.140
  1531      -2224  (Deltabar--)       -83  1496  1520  1852  1853     0     0      1.988     -1.648      1.425      3.238      1.335
  1532       2212  p+                  83  1496  1520     0     0     0     0      0.135     -0.674      1.257      1.712      0.938
  1533      -2112  nbar0               83  1496  1520     0     0     0     0      0.497     -0.939      0.340      1.458      0.940
  1534        221  (eta)              -83  1496  1520  2057  2059     0     0      0.670     -1.606      2.664      3.229      0.548
  1535       2112  n0                  83  1496  1520     0     0     0     0      0.165     -0.767      0.851      1.491      0.940
  1536      -2112  nbar0               83  1496  1520     0     0     0     0     -1.233     -2.732      2.393      3.948      0.940
  1537        223  (omega)            -83  1496  1520  2060  2062     0     0     -0.202     -1.811      1.699      2.610      0.778
  1538       -213  (rho-)             -83  1496  1520  1854  1855     0     0     -1.187     -0.502      1.303      1.907      0.528
  1539        221  (eta)              -83  1496  1520  2063  2064     0     0     -0.198      0.024      1.443      1.557      0.548
  1540        111  (pi0)              -83  1496  1520  2065  2067     0     0     -0.755      0.294      2.036      2.196      0.135
  1541        211  pi+                 83  1496  1520     0     0     0     0     -0.970     -0.362      1.568      1.884      0.140
  1542        223  (omega)            -84  1496  1520  2068  2070     0     0     -2.730      2.294      6.204      7.199      0.788
  1543       -211  pi-                 84  1496  1520     0     0     0     0     -0.346      0.629      0.688      1.004      0.140
  1544        321  K+                  84  1496  1520     0     0     0     0     -1.295      0.370      2.051      2.503      0.494
  1545       -311  (Kbar0)            -84  1496  1520  1856  1856     0     0     -0.356      1.111      3.063      3.315      0.498
  1546        331  (eta')             -84  1496  1520  2071  2073     0     0     -2.030      1.040      2.886      3.801      0.958
  1547       -213  (rho-)             -84  1496  1520  1857  1858     0     0     -0.187      0.080      0.003      0.783      0.756
  1548        111  (pi0)              -84  1496  1520  2074  2075     0     0     -1.794      0.589      0.832      2.068      0.135
  1549        211  pi+                 84  1496  1520     0     0     0     0     -0.208      0.405     -0.120      0.491      0.140
  1550       -211  pi-                 84  1496  1520     0     0     0     0     -0.768      0.084      0.237      0.820      0.140
  1551        113  (rho0)             -84  1496  1520  1859  1860     0     0     -2.022      0.750     -0.690      2.406      0.814
  1552        211  pi+                 84  1496  1520     0     0     0     0     -0.933     -0.112     -0.784      1.232      0.140
  1553        113  (rho0)             -84  1496  1520  1861  1862     0     0     -0.191      0.484     -0.309      0.865      0.618
  1554       2112  n0                  84  1496  1520     0     0     0     0     -0.789      0.315     -1.490      1.956      0.940
  1555      -2212  pbar-               84  1496  1520     0     0     0     0     -0.638      0.954     -2.307      2.742      0.938
  1556        213  (rho+)             -84  1496  1520  1863  1864     0     0      1.766      1.583     -5.056      5.654      0.885
  1557        111  (pi0)              -84  1496  1520  2076  2077     0     0     -0.179      0.826     -0.842      1.201      0.135
  1558       -211  pi-                 84  1496  1520     0     0     0     0      0.034      0.101     -0.316      0.362      0.140
  1559        111  (pi0)              -84  1496  1520  2078  2079     0     0      0.173      0.659     -0.948      1.175      0.135
  1560       2212  p+                  84  1496  1520     0     0     0     0      0.909      0.834     -1.910      2.460      0.938
  1561      -2212  pbar-               84  1496  1520     0     0     0     0      1.074      1.102     -2.272      2.900      0.938
  1562        211  pi+                 84  1496  1520     0     0     0     0      1.585     -0.213     -2.154      2.687      0.140
  1563        221  (eta)              -84  1496  1520  2080  2082     0     0      1.588      0.462     -1.676      2.417      0.548
  1564       -211  pi-                 84  1496  1520     0     0     0     0      0.260     -0.275     -1.409      1.465      0.140
  1565        111  (pi0)              -84  1496  1520  2083  2084     0     0      2.109      0.122     -2.349      3.162      0.135
  1566          2  (u)                -71   997   997  1568  1580   160     0      0.359     -2.276  -1044.027   1044.030      0.330
  1567         -3  (sbar)             -71  1133  1133  1568  1580     0   160     -0.053      0.055      2.492      2.543      0.500
  1568       2224  (Delta++)          -83  1566  1567  1865  1866     0     0     -0.017     -0.245   -184.670    184.673      1.092
  1569        111  (pi0)              -83  1566  1567  2085  2086     0     0      0.428     -0.879   -353.496    353.498      0.135
  1570      -2214  (Deltabar-)        -83  1566  1567  1867  1868     0     0      0.069     -0.736   -279.735    279.739      1.306
  1571       -211  pi-                 83  1566  1567     0     0     0     0     -0.476      0.323    -47.034     47.037      0.140
  1572        111  (pi0)              -84  1566  1567  2087  2088     0     0      0.128     -0.371    -74.218     74.219      0.135
  1573       2212  p+                  84  1566  1567     0     0     0     0      0.222     -0.184    -22.053     22.075      0.938
  1574      -3122  Lambdabar0          84  1566  1567     0     0     0     0     -0.448     -0.419    -58.798     58.812      1.116
  1575        333  (phi)              -84  1566  1567  2089  2090     0     0      0.257     -0.104    -19.886     19.914      1.019
  1576       -311  (Kbar0)            -84  1566  1567  1869  1869     0     0      0.453      0.420     -2.927      3.033      0.498
  1577        223  (omega)            -84  1566  1567  2091  2093     0     0     -0.005     -0.179     -0.245      0.836      0.779
  1578       -213  (rho-)             -84  1566  1567  1870  1871     0     0     -0.250     -0.000      0.260      0.967      0.897
  1579        211  pi+                 84  1566  1567     0     0     0     0     -0.304      0.363      0.170      0.522      0.140
  1580        311  (K0)               -84  1566  1567  1872  1872     0     0      0.247     -0.209      1.097      1.248      0.498
  1581       -211  pi-                 83  1283  1308     0     0     0     0      1.589     -0.816     14.232     14.345      0.140
  1582        321  K+                  83  1283  1308     0     0     0     0      0.777     -0.852     14.464     14.519      0.494
  1583       -311  (Kbar0)            -83  1283  1308  1873  1873     0     0      0.381     -0.559      6.593      6.646      0.498
  1584       -213  (rho-)             -83  1283  1308  1874  1875     0     0      2.618     -2.018     34.393     34.560      0.762
  1585       2212  p+                  83  1283  1308     0     0     0     0      1.899     -1.885     21.945     22.127      0.938
  1586       -213  (rho-)             -83  1283  1308  1876  1877     0     0      3.895     -1.461     40.944     41.162      0.800
  1587      -1114  (Deltabar+)        -83  1283  1308  1878  1879     0     0      0.796     -0.227     15.022     15.092      1.202
  1588       -211  pi-                 83  1283  1308     0     0     0     0      0.781     -0.536     17.665     17.690      0.140
  1589        113  (rho0)             -83  1283  1308  1880  1881     0     0      2.090      2.241     33.648     33.795      0.715
  1590        223  (omega)            -83  1283  1308  2094  2096     0     0      0.333      0.684     17.302     17.337      0.789
  1591        323  (K*+)              -83  1283  1308  1882  1883     0     0      0.251      1.597     24.378     24.449      0.927
  1592       -313  (K*bar0)           -83  1283  1308  1884  1885     0     0      0.123      1.898     23.727     23.819      0.867
  1593       -211  pi-                 83  1283  1308     0     0     0     0      0.826      1.552     23.690     23.756      0.140
  1594        211  pi+                 83  1283  1308     0     0     0     0      0.259      0.182     15.781     15.784      0.140
  1595        111  (pi0)              -83  1283  1308  2097  2098     0     0     -0.019      3.078     60.664     60.742      0.135
  1596        111  (pi0)              -83  1283  1308  2099  2100     0     0     -1.118      0.793     11.945     12.024      0.135
  1597        223  (omega)            -83  1283  1308  2101  2102     0     0     -0.387      0.452     14.973     15.007      0.798
  1598        313  (K*0)              -83  1283  1308  1886  1887     0     0     -0.351     -0.967     28.621     28.653      0.876
  1599       -321  K-                  83  1283  1308     0     0     0     0     -0.534      0.335     10.529     10.559      0.494
  1600        213  (rho+)             -83  1283  1308  1888  1889     0     0     -1.299     -1.723     31.649     31.736      0.918
  1601        311  (K0)               -83  1283  1308  1890  1890     0     0     -1.797     -1.234     21.786     21.900      0.498
  1602       3122  Lambda0             84  1283  1308     0     0     0     0     -3.935     -2.639    114.445    114.548      1.116
  1603      -2112  nbar0               84  1283  1308     0     0     0     0     -0.860     -1.241     34.734     34.779      0.940
  1604        113  (rho0)             -84  1283  1308  1891  1892     0     0     -0.873     -1.389     52.080     52.112      0.801
  1605       -211  pi-                 84  1283  1308     0     0     0     0     -0.036     -0.002      2.619      2.623      0.140
  1606        211  pi+                 84  1283  1308     0     0     0     0     -0.055     -0.608     28.773     28.780      0.140
  1607        111  (pi0)              -84  1283  1308  2103  2104     0     0     -0.224     -0.386     15.850     15.857      0.135
  1608        221  (eta)              -84  1283  1308  2105  2107     0     0      0.648     -0.823     33.068     33.089      0.548
  1609        221  (eta)              -84  1283  1308  2108  2110     0     0      0.556     -0.585     39.577     39.589      0.548
  1610       -213  (rho-)             -84  1283  1308  1893  1894     0     0      1.129      0.339    104.885    104.900      1.280
  1611        211  pi+                 84  1283  1308     0     0     0     0      0.716     -0.095     59.330     59.335      0.140
  1612       2112  n0                  84  1283  1308     0     0     0     0      0.956      0.758    149.871    149.879      0.940
  1613      -2112  nbar0               84  1283  1308     0     0     0     0      1.815      0.395    248.665    248.674      0.940
  1614        223  (omega)            -84  1283  1308  2111  2113     0     0      1.021      0.570    222.233    222.238      0.822
  1615       -213  (rho-)             -84  1283  1308  1895  1896     0     0      0.787      0.415    307.934    307.937      0.818
  1616        211  pi+                 84  1283  1308     0     0     0     0     -0.219     -0.971    116.089    116.094      0.140
  1617        223  (omega)            -84  1283  1308  2114  2116     0     0      0.060     -0.480    121.239    121.242      0.796
  1618       -211  pi-                 84  1283  1308     0     0     0     0      0.006     -0.230     51.176     51.177      0.140
  1619        321  K+                  84  1283  1308     0     0     0     0     -0.599     -0.671    149.140    149.144      0.494
  1620       -321  K-                  84  1283  1308     0     0     0     0     -0.591     -0.746    182.890    182.894      0.494
  1621        321  K+                  84  1283  1308     0     0     0     0     -0.328     -0.196     57.669     57.673      0.494
  1622       -321  K-                  84  1283  1308     0     0     0     0     -1.991     -3.120    332.437    332.458      0.494
  1623         21  (g)                -71  1002  1002  1631  1653   158   257      0.128      0.607    222.199    222.200      0.000
  1624         21  (g)                -71   900   900  1631  1653   257   240      0.044      1.571    164.809    164.816      0.000
  1625         21  (g)                -71   941   941  1631  1653   240   341     -1.098      0.880     82.565     82.577      0.000
  1626         21  (g)                -71  1104  1104  1631  1653   341   156     -0.594      0.443    130.083    130.085      0.000
  1627         21  (g)                -71   988   988  1631  1653   156   127     -2.145      0.195    371.108    371.114      0.000
  1628          2  (u)                -71   945   945  1631  1653   127     0     -1.708     -0.153    151.850    151.860      0.330
  1629          2  (u)                -71  1027  1027  1631  1653   182     0     -2.634     -0.653     25.524     25.670      0.330
  1630          2  (u)                -71  1029  1029  1631  1653   183     0     -1.749     -2.138    -47.524     47.606      0.330
  1631        211  pi+                 85  1623  1630     0     0     0     0     -0.241      0.068      4.058      4.069      0.140
  1632       -213  (rho-)             -85  1623  1630  1897  1898     0     0     -0.976     -0.357     10.001     10.079      0.699
  1633        213  (rho+)             -86  1623  1630  1899  1900     0     0     -2.792      0.614    352.721    352.734      0.960
  1634       -213  (rho-)             -86  1623  1630  1901  1902     0     0     -1.300      0.304    126.387    126.397      0.839
  1635        211  pi+                 86  1623  1630     0     0     0     0      0.338      0.224     92.508     92.509      0.140
  1636       -211  pi-                 86  1623  1630     0     0     0     0     -0.428      0.999    159.232    159.236      0.140
  1637        321  K+                  86  1623  1630     0     0     0     0     -0.671     -0.401    137.336    137.339      0.494
  1638       -321  K-                  86  1623  1630     0     0     0     0     -1.050      1.327    134.903    134.915      0.494
  1639        211  pi+                 86  1623  1630     0     0     0     0      0.797      0.496     46.958     46.968      0.140
  1640       -213  (rho-)             -86  1623  1630  1903  1904     0     0     -0.199      0.204     23.826     23.840      0.771
  1641        321  K+                  86  1623  1630     0     0     0     0     -0.450     -0.175     17.789     17.802      0.494
  1642        211  pi+                 83  1623  1630     0     0     0     0     -0.927     -0.929    -13.376     13.441      0.140
  1643       -211  pi-                 83  1623  1630     0     0     0     0     -0.207     -0.241    -14.026     14.030      0.140
  1644        211  pi+                 83  1623  1630     0     0     0     0     -0.105     -0.136     -4.689      4.694      0.140
  1645        313  (K*0)              -83  1623  1630  1905  1906     0     0     -0.469     -0.785     -9.775      9.854      0.847
  1646       -311  (Kbar0)            -83  1623  1630  1907  1907     0     0     -0.239      0.050     -0.425      0.699      0.498
  1647        113  (rho0)             -84  1623  1630  1908  1909     0     0      0.127     -0.172     -2.784      2.880      0.706
  1648       -211  pi-                 84  1623  1630     0     0     0     0      0.272      0.137     -0.371      0.500      0.140
  1649        111  (pi0)              -84  1623  1630  2117  2118     0     0      0.152      0.063      0.084      0.229      0.135
  1650        221  (eta)              -84  1623  1630  2119  2120     0     0     -0.265     -0.437     -0.784      1.085      0.548
  1651        223  (omega)            -84  1623  1630  2121  2122     0     0     -0.415      0.233     -0.479      1.034      0.783
  1652        113  (rho0)             -84  1623  1630  1910  1911     0     0      0.114      0.209      8.643      8.684      0.811
  1653       3222  Sigma+              87  1623  1630     0     0     0     0     -0.821     -0.540     32.874     32.910      1.189
  1654          1  (d)                -71   833   833  1674  1707   308     0   -242.686    275.726   -166.839    403.432      0.330
  1655         21  (g)                -71   849   849  1674  1707   153   308    -20.934     24.465    -14.778     35.429      0.000
  1656         21  (g)                -71  1252  1252  1674  1707   265   153    -36.791     39.840    -25.490     59.924      0.587
  1657         21  (g)                -71   847   847  1674  1707   102   265     -4.128      4.263     -4.287      7.321      0.000
  1658         21  (g)                -71  1251  1251  1674  1707   138   102     -2.276     -0.601     -3.438      4.199      0.521
  1659         21  (g)                -71  1249  1249  1674  1707   267   138     -2.209     -1.634    -12.077     12.395      0.476
  1660         21  (g)                -71  1052  1052  1674  1707   247   267     -0.863     -0.515     -8.373      8.433      0.000
  1661         21  (g)                -71  1019  1019  1674  1707   173   247     -2.657      0.047    -10.517     10.847      0.000
  1662         21  (g)                -71  1250  1250  1674  1707   233   173     -1.995      2.366    -22.145     22.366      0.491
  1663         21  (g)                -71  1245  1245  1674  1707   334   233     -1.228      2.526    -14.699     14.966      0.233
  1664         21  (g)                -71   996   996  1674  1707   159   334     -2.532      1.494    -48.134     48.224      0.000
  1665         21  (g)                -71   965   965  1674  1707   301   159     -3.004      2.438    -83.282     83.372      0.000
  1666         21  (g)                -71  1246  1246  1674  1707   363   301     -1.877      1.262    -55.048     55.095      0.288
  1667         21  (g)                -71   953   953  1674  1707   321   363     -0.860      0.673    -36.531     36.548      0.000
  1668         21  (g)                -71  1247  1247  1674  1707   232   321     -0.326      1.858    -56.522     56.554      0.337
  1669         21  (g)                -71  1088  1088  1674  1707   323   232      0.323      0.513    -16.540     16.551      0.000
  1670         21  (g)                -71  1244  1244  1674  1707   184   323     -0.924     -1.192    -38.072     38.103      0.161
  1671         21  (g)                -71  1248  1248  1674  1707   121   184     -2.148     -2.222    -54.720     54.809      0.436
  1672         21  (g)                -71  1241  1241  1674  1707   291   121     -1.507     -0.665    -29.814     29.860      0.109
  1673         -3  (sbar)             -71   860   860  1674  1707     0   291     -4.745     -1.445    -63.775     63.970      0.500
  1674        111  (pi0)              -83  1654  1673  2123  2124     0     0    -27.070     30.588    -18.910     45.012      0.135
  1675       -213  (rho-)             -83  1654  1673  1912  1913     0     0   -220.152    250.312   -151.271    366.069      0.735
  1676        211  pi+                 83  1654  1673     0     0     0     0     -7.960      8.962     -5.721     13.283      0.140
  1677       -213  (rho-)             -83  1654  1673  1914  1915     0     0    -18.979     20.848    -12.869     31.001      0.775
  1678        223  (omega)            -83  1654  1673  2125  2127     0     0    -12.826     15.116     -9.598     22.040      0.788
  1679        213  (rho+)             -83  1654  1673  1916  1917     0     0     -5.880      6.585     -4.706     10.028      0.697
  1680        223  (omega)            -83  1654  1673  2128  2130     0     0     -8.482      8.941     -5.266     13.424      0.763
  1681        111  (pi0)              -83  1654  1673  2131  2132     0     0     -2.084      1.646     -2.136      3.411      0.135
  1682       -211  pi-                 83  1654  1673     0     0     0     0     -0.192     -0.194     -0.021      0.307      0.140
  1683        223  (omega)            -83  1654  1673  2133  2135     0     0     -1.352      0.590     -1.322      2.128      0.776
  1684        323  (K*+)              -83  1654  1673  1918  1919     0     0     -1.478      0.582     -3.827      4.232      0.857
  1685       -321  K-                  83  1654  1673     0     0     0     0     -0.505     -0.726     -3.749      3.883      0.494
  1686        113  (rho0)             -83  1654  1673  1920  1921     0     0     -0.935     -0.261     -6.131      6.249      0.715
  1687        111  (pi0)              -83  1654  1673  2136  2137     0     0     -3.293     -0.887    -11.445     11.943      0.135
  1688       2212  p+                  83  1654  1673     0     0     0     0     -0.602      0.539     -9.635      9.714      0.938
  1689      -2112  nbar0               83  1654  1673     0     0     0     0     -2.388      0.493    -13.499     13.750      0.940
  1690       -213  (rho-)             -84  1654  1673  1922  1923     0     0     -0.969      1.734    -16.994     17.127      0.771
  1691        211  pi+                 84  1654  1673     0     0     0     0     -0.851      1.589    -10.709     10.861      0.140
  1692       -211  pi-                 84  1654  1673     0     0     0     0     -1.657      1.293    -33.124     33.191      0.140
  1693        111  (pi0)              -84  1654  1673  2138  2139     0     0     -0.441      0.241    -14.828     14.837      0.135
  1694        211  pi+                 84  1654  1673     0     0     0     0     -0.498      0.225    -14.161     14.172      0.140
  1695       -213  (rho-)             -84  1654  1673  1924  1925     0     0     -0.274      0.477    -19.571     19.591      0.683
  1696        211  pi+                 84  1654  1673     0     0     0     0     -0.743      0.193    -16.659     16.677      0.140
  1697        311  (K0)               -84  1654  1673  1926  1926     0     0     -2.913      2.477    -72.192     72.295      0.498
  1698       -321  K-                  84  1654  1673     0     0     0     0     -0.230      0.980    -30.532     30.552      0.494
  1699        211  pi+                 84  1654  1673     0     0     0     0     -0.639      0.177    -10.134     10.157      0.140
  1700        111  (pi0)              -84  1654  1673  2140  2141     0     0     -0.485      0.740    -34.600     34.611      0.135
  1701        111  (pi0)              -84  1654  1673  2142  2143     0     0      0.004      0.539    -40.527     40.531      0.135
  1702       -211  pi-                 84  1654  1673     0     0     0     0     -0.896      0.223    -11.107     11.146      0.140
  1703        211  pi+                 84  1654  1673     0     0     0     0      0.076     -0.005     -5.071      5.073      0.140
  1704       2112  n0                  84  1654  1673     0     0     0     0     -1.493     -0.977    -44.223     44.269      0.940
  1705        113  (rho0)             -84  1654  1673  1927  1928     0     0     -1.816     -1.462    -34.338     34.425      0.776
  1706      -2214  (Deltabar-)        -84  1654  1673  1929  1930     0     0     -3.233     -1.567    -60.801     60.926      1.498
  1707        321  K+                  84  1654  1673     0     0     0     0     -2.130     -0.816    -35.406     35.483      0.494
  1708         21  (g)                -71   974   974  1723  1764   147   239     -2.491      1.789  -1168.451   1168.455      0.000
  1709         21  (g)                -71  1170  1170  1723  1764   239   281     -1.498      0.306   -265.852    265.857      0.350
  1710         21  (g)                -71  1060  1060  1723  1764   281   193     -0.187      0.581    -83.828     83.830      0.000
  1711         21  (g)                -71  1167  1167  1723  1764   193   202      1.139      1.451   -165.791    165.801      0.131
  1712         21  (g)                -71  1055  1055  1723  1764   202   143      1.399      0.316    -65.636     65.652      0.000
  1713         21  (g)                -71   839   839  1723  1764   143   152      2.248     -0.912   -147.077    147.097      0.000
  1714         21  (g)                -71   975   975  1723  1764   152   203     -0.031     -2.257   -203.094    203.106      0.000
  1715         21  (g)                -71  1047  1047  1723  1764   203   244      0.381     -0.829    -47.123     47.132      0.000
  1716         21  (g)                -71  1166  1166  1723  1764   244   332      0.063     -1.596    -46.315     46.343      0.119
  1717         21  (g)                -71  1169  1169  1723  1764   332   157      0.267     -0.757     -7.235      7.281      0.183
  1718         21  (g)                -71   995   995  1723  1764   157   278      1.889     -0.429    -13.226     13.367      0.000
  1719         21  (g)                -71  1171  1171  1723  1764   278   375      2.544     -0.852    -11.608     11.921      0.417
  1720          1  (d)                -71  1168  1168  1723  1764   375     0      1.486      1.054    -10.625     10.790      0.452
  1721          3  (s)                -71  1154  1154  1723  1764   344     0      0.041      0.366    185.581    185.582      0.500
  1722          2  (u)                -71  1119  1119  1723  1764   154     0      0.815      0.526     -0.284      1.063      0.330
  1723        211  pi+                 85  1708  1722     0     0     0     0      0.266      0.022     -0.143      0.333      0.140
  1724       -311  (Kbar0)            -86  1708  1722  1931  1931     0     0     -0.146      0.273    123.826    123.828      0.498
  1725        111  (pi0)              -86  1708  1722  2144  2145     0     0     -0.117     -0.308     27.041     27.044      0.135
  1726       2214  (Delta+)           -86  1708  1722  1932  1933     0     0     -0.125      0.244     15.724     15.778      1.266
  1727       -211  pi-                 86  1708  1722     0     0     0     0      0.445     -0.033      5.362      5.382      0.140
  1728      -2214  (Deltabar-)        -86  1708  1722  1934  1935     0     0     -0.363      0.207     10.570     10.650      1.235
  1729        221  (eta)              -86  1708  1722  2146  2148     0     0      0.365      0.019      1.238      1.403      0.548
  1730        113  (rho0)             -86  1708  1722  1936  1937     0     0      0.100     -0.037      1.037      1.284      0.749
  1731       -211  pi-                 83  1708  1722     0     0     0     0      1.098     -0.608     -5.018      5.175      0.140
  1732        211  pi+                 83  1708  1722     0     0     0     0      2.382      0.905    -13.241     13.485      0.140
  1733        111  (pi0)              -83  1708  1722  2149  2150     0     0      0.234      0.001     -4.716      4.724      0.135
  1734       3114  (Sigma*-)          -83  1708  1722  1938  1939     0     0      1.485     -0.749    -13.263     13.439      1.392
  1735        213  (rho+)             -83  1708  1722  1940  1941     0     0      0.555     -1.077    -28.361     28.411      1.159
  1736      -3222  Sigmabar-           83  1708  1722     0     0     0     0      0.836     -0.825    -39.383     39.419      1.189
  1737        321  K+                  83  1708  1722     0     0     0     0     -0.029      0.084    -20.770     20.776      0.494
  1738       -321  K-                  83  1708  1722     0     0     0     0     -0.116     -0.230    -17.705     17.713      0.494
  1739        323  (K*+)              -83  1708  1722  1942  1943     0     0      0.811     -1.415   -101.759    101.776      0.915
  1740        221  (eta)              -83  1708  1722  2151  2152     0     0      0.179     -0.226    -22.531     22.539      0.548
  1741       -313  (K*bar0)           -83  1708  1722  1944  1945     0     0      0.671     -0.727    -47.093     47.111      0.872
  1742        111  (pi0)              -83  1708  1722  2153  2154     0     0      0.604     -0.159   -119.792    119.794      0.135
  1743        313  (K*0)              -83  1708  1722  1946  1947     0     0      0.316     -0.398    -97.646     97.653      0.989
  1744       -323  (K*-)              -83  1708  1722  1948  1949     0     0      0.902     -0.360    -87.015     87.025      0.923
  1745        211  pi+                 83  1708  1722     0     0     0     0      0.333      0.525    -41.121     41.126      0.140
  1746       -211  pi-                 83  1708  1722     0     0     0     0      0.796      0.231    -36.510     36.520      0.140
  1747        321  K+                  83  1708  1722     0     0     0     0     -0.570      0.367   -225.053    225.055      0.494
  1748       -321  K-                  83  1708  1722     0     0     0     0     -0.631      1.363   -347.647    347.650      0.494
  1749        111  (pi0)              -83  1708  1722  2155  2156     0     0     -1.516      0.211   -259.734    259.739      0.135
  1750        211  pi+                 84  1708  1722     0     0     0     0     -0.114     -0.049   -229.932    229.932      0.140
  1751       -211  pi-                 84  1708  1722     0     0     0     0     -0.116      0.709   -267.332    267.333      0.140
  1752        211  pi+                 84  1708  1722     0     0     0     0     -0.371      0.137    -35.597     35.599      0.140
  1753        113  (rho0)             -84  1708  1722  1950  1951     0     0     -0.799      0.190   -124.112    124.117      0.796
  1754        113  (rho0)             -84  1708  1722  1952  1953     0     0      0.287      0.066    -17.561     17.586      0.889
  1755       -211  pi-                 84  1708  1722     0     0     0     0      0.278     -0.012     -4.993      5.003      0.140
  1756        111  (pi0)              -84  1708  1722  2157  2158     0     0     -0.256     -0.025     -2.078      2.098      0.135
  1757        213  (rho+)             -84  1708  1722  1954  1955     0     0      0.124      0.098     -2.945      3.030      0.696
  1758       -211  pi-                 84  1708  1722     0     0     0     0     -0.197     -0.258    -16.172     16.176      0.140
  1759        321  K+                  84  1708  1722     0     0     0     0      0.136      0.267     -1.451      1.561      0.494
  1760       -321  K-                  84  1708  1722     0     0     0     0      0.119     -0.013     -1.471      1.556      0.494
  1761        321  K+                  84  1708  1722     0     0     0     0     -0.031     -0.181     -1.528      1.616      0.494
  1762       -323  (K*-)              -84  1708  1722  1956  1957     0     0      0.056      0.118     -0.696      1.071      0.803
  1763       2224  (Delta++)          -87  1708  1722  1958  1959     0     0      0.158      0.336     -0.729      1.458      1.207
  1764       -211  pi-                 84  1708  1722     0     0     0     0      0.028      0.076     -0.267      0.312      0.140
  1765        211  pi+                 91  1255     0     0     0     0     0     -0.253      0.144   -263.977    263.977      0.140
  1766       -211  pi-                 91  1255     0     0     0     0     0      0.084     -0.554   -217.280    217.281      0.140
  1767        130  K_L0                91  1282  1282     0     0     0     0      0.756      0.151     -9.668      9.712      0.498
  1768        211  pi+                 91  1315     0     0     0     0     0     -0.897     -1.155     33.052     33.084      0.140
  1769        111  (pi0)              -91  1315     0  2159  2160     0     0     -0.083     -0.036      9.511      9.513      0.135
  1770        211  pi+                 91  1319     0     0     0     0     0      0.363      0.449     -0.485      0.767      0.140
  1771        111  (pi0)              -91  1319     0  2161  2162     0     0      0.004      0.483     -1.090      1.200      0.135
  1772        321  K+                  91  1320     0     0     0     0     0      0.382      2.865     -2.551      3.886      0.494
  1773       -211  pi-                 91  1320     0     0     0     0     0      0.577      3.065     -3.396      4.613      0.140
  1774       -211  pi-                 91  1327     0     0     0     0     0      0.222      0.106    -20.356     20.358      0.140
  1775        111  (pi0)              -91  1327     0  2163  2164     0     0      0.580     -0.888    -78.369     78.376      0.135
  1776        211  pi+                 91  1332     0     0     0     0     0      0.131     -0.243     21.391     21.393      0.140
  1777       -211  pi-                 91  1332     0     0     0     0     0      0.179      0.373     23.732     23.736      0.140
  1778        211  pi+                 91  1342     0     0     0     0     0      0.654      0.171     82.587     82.590      0.140
  1779       -211  pi-                 91  1342     0     0     0     0     0      0.225      0.330     17.558     17.563      0.140
  1780       -321  K-                  91  1354     0     0     0     0     0      0.320     -1.482      6.113      6.317      0.494
  1781        111  (pi0)              -91  1354     0  2165  2166     0     0      0.052     -0.591      4.421      4.463      0.135
  1782        311  (K0)               -91  1355     0  1960  1960     0     0     -0.047     -1.124      7.549      7.648      0.498
  1783        211  pi+                 91  1355     0     0     0     0     0     -0.213     -1.712     11.792     11.919      0.140
  1784        130  K_L0                91  1356  1356     0     0     0     0     -0.236     -1.356      9.471      9.584      0.498
  1785        130  K_L0                91  1364  1364     0     0     0     0     -1.303      0.105      7.221      7.355      0.498
  1786       -211  pi-                 91  1367     0     0     0     0     0      0.030     -0.343    123.409    123.410      0.140
  1787        111  (pi0)              -91  1367     0  2167  2168     0     0     -0.231     -0.031     25.328     25.330      0.135
  1788        310  K_S0                91  1371  1371     0     0     0     0      0.141      0.222      5.971      5.997      0.498
  1789        211  pi+                 91  1373     0     0     0     0     0     -0.056      0.268     39.134     39.135      0.140
  1790       -211  pi-                 91  1373     0     0     0     0     0      0.349     -0.277     18.260     18.266      0.140
  1791        211  pi+                 91  1383     0     0     0     0     0     -0.234     -0.353    -28.757     28.761      0.140
  1792       -211  pi-                 91  1383     0     0     0     0     0     -0.094      0.377     -6.560      6.573      0.140
  1793       2112  n0                  91  1394     0     0     0     0     0      2.578      0.783    -48.436     48.520      0.940
  1794        111  (pi0)              -91  1394     0  2169  2170     0     0      0.249     -0.059     -6.538      6.545      0.135
  1795      -2212  pbar-               91  1395     0     0     0     0     0      1.106      1.101    -24.737     24.804      0.938
  1796        111  (pi0)              -91  1395     0  2171  2172     0     0      0.763      0.486    -14.813     14.841      0.135
  1797        211  pi+                 91  1399     0     0     0     0     0     -0.439      1.068     -8.439      8.519      0.140
  1798       -211  pi-                 91  1399     0     0     0     0     0      0.191      0.377     -2.174      2.219      0.140
  1799       2212  p+                  91  1400     0     0     0     0     0     -0.830      0.319     60.205     60.219      0.938
  1800        211  pi+                 91  1400     0     0     0     0     0      0.021     -0.131      3.312      3.318      0.140
  1801       -211  pi-                 91  1401     0     0     0     0     0     -0.591      0.481     41.039     41.046      0.140
  1802        111  (pi0)              -91  1401     0  2173  2174     0     0      0.403      0.127     18.351     18.356      0.135
  1803        211  pi+                 91  1403     0     0     0     0     0     -0.187      0.321     -0.080      0.405      0.140
  1804       -211  pi-                 91  1403     0     0     0     0     0     -0.088     -0.269      0.713      0.779      0.140
  1805        211  pi+                 91  1407     0     0     0     0     0     -0.037     -0.622     -4.017      4.067      0.140
  1806       -211  pi-                 91  1407     0     0     0     0     0      0.260     -0.013     -2.615      2.632      0.140
  1807        211  pi+                 91  1408     0     0     0     0     0      0.419     -0.253     -1.719      1.793      0.140
  1808       -211  pi-                 91  1408     0     0     0     0     0      0.030      0.488     -0.750      0.906      0.140
  1809        211  pi+                 91  1409     0     0     0     0     0     -0.085      0.217      0.149      0.310      0.140
  1810       -211  pi-                 91  1409     0     0     0     0     0     -0.186     -0.353     -0.767      0.876      0.140
  1811      -2112  nbar0               91  1414     0     0     0     0     0      0.210     -0.108      2.323      2.517      0.940
  1812       -211  pi-                 91  1414     0     0     0     0     0      0.195     -0.547      1.325      1.453      0.140
  1813        211  pi+                 91  1418     0     0     0     0     0      0.169      0.545     -1.329      1.453      0.140
  1814       -211  pi-                 91  1418     0     0     0     0     0     -0.320     -0.109     -0.864      0.938      0.140
  1815        211  pi+                 91  1419     0     0     0     0     0      0.508     -0.215      0.109      0.579      0.140
  1816       -211  pi-                 91  1419     0     0     0     0     0     -0.181     -0.003      0.271      0.355      0.140
  1817        310  K_S0                91  1421  1421     0     0     0     0      0.366     -0.284      4.504      4.555      0.498
  1818        310  K_S0                91  1422  1422     0     0     0     0     -0.086      0.515      2.316      2.426      0.498
  1819       -321  K-                  91  1441     0     0     0     0     0      0.393      0.569      0.352      0.920      0.494
  1820        211  pi+                 91  1441     0     0     0     0     0     -0.078      1.105      0.792      1.369      0.140
  1821        211  pi+                 91  1442     0     0     0     0     0      0.559      0.985      0.078      1.144      0.140
  1822       -211  pi-                 91  1442     0     0     0     0     0      0.024      0.163      0.320      0.386      0.140
  1823       -211  pi-                 91  1445     0     0     0     0     0      1.409      1.131      1.643      2.446      0.140
  1824        111  (pi0)              -91  1445     0  2175  2176     0     0      1.290      1.615      1.271      2.430      0.135
  1825        130  K_L0                91  1448  1448     0     0     0     0      0.710      0.249      1.628      1.861      0.498
  1826       -321  K-                  91  1449     0     0     0     0     0      0.466      0.528      1.703      1.908      0.494
  1827        111  (pi0)              -91  1449     0  2177  2178     0     0      0.769      0.139      1.179      1.421      0.135
  1828        211  pi+                 91  1451     0     0     0     0     0      1.868      1.896     10.737     11.063      0.140
  1829        111  (pi0)              -91  1451     0  2179  2180     0     0      0.108     -0.117      0.561      0.599      0.135
  1830       -211  pi-                 91  1452     0     0     0     0     0      3.182     -0.180     11.004     11.457      0.140
  1831        111  (pi0)              -91  1452     0  2181  2182     0     0      0.401      0.096      0.885      0.986      0.135
  1832        130  K_L0                91  1461  1461     0     0     0     0     -0.297     -0.097      0.476      0.756      0.498
  1833        310  K_S0                91  1463  1463     0     0     0     0      0.007     -0.393      1.830      1.936      0.498
  1834       -211  pi-                 91  1466     0     0     0     0     0      0.081      0.275     16.109     16.112      0.140
  1835        111  (pi0)              -91  1466     0  2183  2184     0     0     -0.507     -0.072     32.220     32.224      0.135
  1836        211  pi+                 91  1467     0     0     0     0     0      0.407      0.216     28.017     28.021      0.140
  1837       -211  pi-                 91  1467     0     0     0     0     0     -0.158     -0.002     52.718     52.719      0.140
  1838        211  pi+                 91  1483     0     0     0     0     0      0.952     -1.346     -6.263      6.478      0.140
  1839        111  (pi0)              -91  1483     0  2185  2186     0     0      4.319     -5.508    -21.941     23.031      0.135
  1840       -211  pi-                 91  1484     0     0     0     0     0      2.863     -3.048    -12.643     13.318      0.140
  1841        111  (pi0)              -91  1484     0  2187  2188     0     0      0.201     -0.267     -0.690      0.779      0.135
  1842        211  pi+                 91  1487     0     0     0     0     0      4.819     -6.291    -23.860     25.142      0.140
  1843        111  (pi0)              -91  1487     0  2189  2190     0     0      0.243     -0.420     -1.949      2.013      0.135
  1844        211  pi+                 91  1494     0     0     0     0     0      0.218     -0.264     -1.035      1.099      0.140
  1845        111  (pi0)              -91  1494     0  2191  2192     0     0     -0.608     -0.752     -1.542      1.825      0.135
  1846        321  K+                  91  1522     0     0     0     0     0     -1.210     -1.892     -0.893      2.467      0.494
  1847       -211  pi-                 91  1522     0     0     0     0     0     -0.178     -1.147     -0.406      1.238      0.140
  1848       -211  pi-                 91  1526     0     0     0     0     0      0.617     -0.645      0.135      0.913      0.140
  1849        111  (pi0)              -91  1526     0  2193  2194     0     0     -0.231     -0.577     -0.128      0.649      0.135
  1850       2112  n0                  91  1529     0     0     0     0     0      1.842     -1.031      0.564      2.379      0.940
  1851        211  pi+                 91  1529     0     0     0     0     0      0.428     -0.584      0.081      0.742      0.140
  1852      -2212  pbar-               91  1531     0     0     0     0     0      1.261     -1.107      1.279      2.309      0.938
  1853       -211  pi-                 91  1531     0     0     0     0     0      0.727     -0.541      0.146      0.928      0.140
  1854       -211  pi-                 91  1538     0     0     0     0     0     -0.286     -0.140      0.625      0.716      0.140
  1855        111  (pi0)              -91  1538     0  2195  2196     0     0     -0.901     -0.362      0.678      1.191      0.135
  1856        130  K_L0                91  1545  1545     0     0     0     0     -0.356      1.111      3.063      3.315      0.498
  1857       -211  pi-                 91  1547     0     0     0     0     0     -0.300      0.301     -0.138      0.468      0.140
  1858        111  (pi0)              -91  1547     0  2197  2198     0     0      0.113     -0.220      0.141      0.315      0.135
  1859        211  pi+                 91  1551     0     0     0     0     0     -0.738      0.538     -0.584      1.093      0.140
  1860       -211  pi-                 91  1551     0     0     0     0     0     -1.283      0.212     -0.105      1.313      0.140
  1861        211  pi+                 91  1553     0     0     0     0     0     -0.237      0.017      0.017      0.276      0.140
  1862       -211  pi-                 91  1553     0     0     0     0     0      0.046      0.468     -0.326      0.589      0.140
  1863        211  pi+                 91  1556     0     0     0     0     0      0.054      0.387     -1.158      1.230      0.140
  1864        111  (pi0)              -91  1556     0  2199  2200     0     0      1.712      1.196     -3.898      4.424      0.135
  1865       2212  p+                  91  1568     0     0     0     0     0     -0.018     -0.245   -151.765    151.768      0.938
  1866        211  pi+                 91  1568     0     0     0     0     0      0.002     -0.000    -32.905     32.905      0.140
  1867      -2212  pbar-               91  1570     0     0     0     0     0     -0.193     -0.721   -234.287    234.290      0.938
  1868        111  (pi0)              -91  1570     0  2201  2202     0     0      0.262     -0.015    -45.448     45.449      0.135
  1869        130  K_L0                91  1576  1576     0     0     0     0      0.453      0.420     -2.927      3.033      0.498
  1870       -211  pi-                 91  1578     0     0     0     0     0     -0.359     -0.024     -0.229      0.448      0.140
  1871        111  (pi0)              -91  1578     0  2203  2204     0     0      0.109      0.023      0.488      0.519      0.135
  1872        310  K_S0                91  1580  1580     0     0     0     0      0.247     -0.209      1.097      1.248      0.498
  1873        130  K_L0                91  1583  1583     0     0     0     0      0.381     -0.559      6.593      6.646      0.498
  1874       -211  pi-                 91  1584     0     0     0     0     0      0.878     -1.073     12.673     12.750      0.140
  1875        111  (pi0)              -91  1584     0  2205  2206     0     0      1.741     -0.945     21.720     21.810      0.135
  1876       -211  pi-                 91  1586     0     0     0     0     0      2.651     -0.774     24.085     24.244      0.140
  1877        111  (pi0)              -91  1586     0  2207  2208     0     0      1.244     -0.688     16.858     16.919      0.135
  1878      -2112  nbar0               91  1587     0     0     0     0     0      0.661     -0.383     12.350     12.410      0.940
  1879        211  pi+                 91  1587     0     0     0     0     0      0.135      0.155      2.671      2.683      0.140
  1880        211  pi+                 91  1589     0     0     0     0     0      1.124      0.759     15.852     15.911      0.140
  1881       -211  pi-                 91  1589     0     0     0     0     0      0.966      1.483     17.796     17.885      0.140
  1882        311  (K0)               -91  1591     0  1961  1961     0     0      0.027      0.404      8.370      8.395      0.498
  1883        211  pi+                 91  1591     0     0     0     0     0      0.224      1.193     16.008     16.054      0.140
  1884       -321  K-                  91  1592     0     0     0     0     0      0.079      0.599      9.462      9.494      0.494
  1885        211  pi+                 91  1592     0     0     0     0     0      0.045      1.299     14.265     14.325      0.140
  1886        321  K+                  91  1598     0     0     0     0     0     -0.188     -0.401     19.839     19.850      0.494
  1887       -211  pi-                 91  1598     0     0     0     0     0     -0.162     -0.565      8.782      8.803      0.140
  1888        211  pi+                 91  1600     0     0     0     0     0     -0.373     -1.215     17.854     17.900      0.140
  1889        111  (pi0)              -91  1600     0  2209  2210     0     0     -0.926     -0.507     13.795     13.836      0.135
  1890        310  K_S0                91  1601  1601     0     0     0     0     -1.797     -1.234     21.786     21.900      0.498
  1891        211  pi+                 91  1604     0     0     0     0     0      0.013     -0.119     12.669     12.670      0.140
  1892       -211  pi-                 91  1604     0     0     0     0     0     -0.886     -1.269     39.411     39.441      0.140
  1893       -211  pi-                 91  1610     0     0     0     0     0      0.082      0.390     10.495     10.504      0.140
  1894        111  (pi0)              -91  1610     0  2211  2212     0     0      1.048     -0.052     94.390     94.396      0.135
  1895       -211  pi-                 91  1615     0     0     0     0     0      0.427     -0.042     61.749     61.750      0.140
  1896        111  (pi0)              -91  1615     0  2213  2214     0     0      0.360      0.456    246.186    246.186      0.135
  1897       -211  pi-                 91  1632     0     0     0     0     0     -0.745     -0.308      4.671      4.742      0.140
  1898        111  (pi0)              -91  1632     0  2215  2216     0     0     -0.230     -0.049      5.331      5.337      0.135
  1899        211  pi+                 91  1633     0     0     0     0     0     -0.046      0.179     28.360     28.361      0.140
  1900        111  (pi0)              -91  1633     0  2217  2218     0     0     -2.747      0.435    324.361    324.373      0.135
  1901       -211  pi-                 91  1634     0     0     0     0     0     -0.806      0.099    103.120    103.124      0.140
  1902        111  (pi0)              -91  1634     0  2219  2220     0     0     -0.494      0.205     23.267     23.273      0.135
  1903       -211  pi-                 91  1640     0     0     0     0     0     -0.263      0.288      6.429      6.442      0.140
  1904        111  (pi0)              -91  1640     0  2221  2222     0     0      0.064     -0.084     17.398     17.399      0.135
  1905        321  K+                  91  1645     0     0     0     0     0     -0.470     -0.435     -5.072      5.136      0.494
  1906       -211  pi-                 91  1645     0     0     0     0     0      0.001     -0.350     -4.702      4.717      0.140
  1907        130  K_L0                91  1646  1646     0     0     0     0     -0.239      0.050     -0.425      0.699      0.498
  1908        211  pi+                 91  1647     0     0     0     0     0      0.140     -0.412     -1.856      1.912      0.140
  1909       -211  pi-                 91  1647     0     0     0     0     0     -0.013      0.240     -0.928      0.969      0.140
  1910        211  pi+                 91  1652     0     0     0     0     0      0.407      0.280      5.383      5.408      0.140
  1911       -211  pi-                 91  1652     0     0     0     0     0     -0.292     -0.071      3.259      3.276      0.140
  1912       -211  pi-                 91  1675     0     0     0     0     0    -69.057     78.067    -47.399    114.499      0.140
  1913        111  (pi0)              -91  1675     0  2223  2224     0     0   -151.095    172.245   -103.873    251.570      0.135
  1914       -211  pi-                 91  1677     0     0     0     0     0     -4.716      5.642     -3.362      8.087      0.140
  1915        111  (pi0)              -91  1677     0  2225  2226     0     0    -14.263     15.206     -9.507     22.915      0.135
  1916        211  pi+                 91  1679     0     0     0     0     0     -3.508      4.195     -2.623      6.067      0.140
  1917        111  (pi0)              -91  1679     0  2227  2228     0     0     -2.372      2.389     -2.083      3.961      0.135
  1918        311  (K0)               -91  1684     0  1962  1962     0     0     -0.847      0.362     -2.875      3.060      0.498
  1919        211  pi+                 91  1684     0     0     0     0     0     -0.632      0.219     -0.952      1.172      0.140
  1920        211  pi+                 91  1686     0     0     0     0     0     -0.071      0.159     -1.533      1.549      0.140
  1921       -211  pi-                 91  1686     0     0     0     0     0     -0.864     -0.420     -4.598      4.699      0.140
  1922       -211  pi-                 91  1690     0     0     0     0     0     -0.251      1.171     -9.173      9.252      0.140
  1923        111  (pi0)              -91  1690     0  2229  2230     0     0     -0.718      0.563     -7.821      7.875      0.135
  1924       -211  pi-                 91  1695     0     0     0     0     0     -0.245      0.143     -3.184      3.200      0.140
  1925        111  (pi0)              -91  1695     0  2231  2232     0     0     -0.029      0.334    -16.387     16.391      0.135
  1926        130  K_L0                91  1697  1697     0     0     0     0     -2.913      2.477    -72.192     72.295      0.498
  1927        211  pi+                 91  1705     0     0     0     0     0     -0.568     -0.095     -7.155      7.180      0.140
  1928       -211  pi-                 91  1705     0     0     0     0     0     -1.248     -1.366    -27.182     27.246      0.140
  1929      -2112  nbar0               91  1706     0     0     0     0     0     -2.711     -1.589    -47.259     47.372      0.940
  1930       -211  pi-                 91  1706     0     0     0     0     0     -0.522      0.022    -13.542     13.553      0.140
  1931        130  K_L0                91  1724  1724     0     0     0     0     -0.146      0.273    123.826    123.828      0.498
  1932       2212  p+                  91  1726     0     0     0     0     0     -0.027     -0.068     11.208     11.248      0.938
  1933        111  (pi0)              -91  1726     0  2233  2234     0     0     -0.098      0.312      4.516      4.530      0.135
  1934      -2112  nbar0               91  1728     0     0     0     0     0     -0.083      0.165      8.823      8.875      0.940
  1935       -211  pi-                 91  1728     0     0     0     0     0     -0.280      0.042      1.746      1.775      0.140
  1936        211  pi+                 91  1730     0     0     0     0     0     -0.226     -0.226      0.565      0.664      0.140
  1937       -211  pi-                 91  1730     0     0     0     0     0      0.326      0.189      0.473      0.620      0.140
  1938       3122  Lambda0             91  1734     0     0     0     0     0      1.398     -0.589    -12.543     12.684      1.116
  1939       -211  pi-                 91  1734     0     0     0     0     0      0.087     -0.160     -0.720      0.755      0.140
  1940        211  pi+                 91  1735     0     0     0     0     0     -0.324     -0.240     -9.894      9.903      0.140
  1941        111  (pi0)              -91  1735     0  2235  2236     0     0      0.879     -0.836    -18.467     18.508      0.135
  1942        311  (K0)               -91  1739     0  1963  1963     0     0      0.218     -0.430    -45.430     45.435      0.498
  1943        211  pi+                 91  1739     0     0     0     0     0      0.593     -0.985    -56.329     56.341      0.140
  1944       -321  K-                  91  1741     0     0     0     0     0      0.666     -0.688    -32.719     32.737      0.494
  1945        211  pi+                 91  1741     0     0     0     0     0      0.005     -0.040    -14.374     14.375      0.140
  1946        321  K+                  91  1743     0     0     0     0     0      0.439     -0.471    -90.278     90.282      0.494
  1947       -211  pi-                 91  1743     0     0     0     0     0     -0.122      0.072     -7.368      7.371      0.140
  1948       -321  K-                  91  1744     0     0     0     0     0      0.274      0.045    -43.494     43.497      0.494
  1949        111  (pi0)              -91  1744     0  2237  2238     0     0      0.627     -0.406    -43.521     43.528      0.135
  1950        211  pi+                 91  1753     0     0     0     0     0     -0.762     -0.004   -112.932    112.935      0.140
  1951       -211  pi-                 91  1753     0     0     0     0     0     -0.037      0.194    -11.179     11.182      0.140
  1952        211  pi+                 91  1754     0     0     0     0     0      0.393     -0.302    -11.314     11.326      0.140
  1953       -211  pi-                 91  1754     0     0     0     0     0     -0.105      0.368     -6.247      6.260      0.140
  1954        211  pi+                 91  1757     0     0     0     0     0      0.250      0.315     -1.619      1.674      0.140
  1955        111  (pi0)              -91  1757     0  2239  2240     0     0     -0.126     -0.217     -1.326      1.356      0.135
  1956       -311  (Kbar0)            -91  1762     0  1964  1964     0     0     -0.009     -0.005     -0.199      0.536      0.498
  1957       -211  pi-                 91  1762     0     0     0     0     0      0.065      0.124     -0.497      0.535      0.140
  1958       2212  p+                  91  1763     0     0     0     0     0      0.149      0.353     -0.382      1.083      0.938
  1959        211  pi+                 91  1763     0     0     0     0     0      0.008     -0.017     -0.348      0.375      0.140
  1960        130  K_L0                91  1782  1782     0     0     0     0     -0.047     -1.124      7.549      7.648      0.498
  1961        310  K_S0                91  1882  1882     0     0     0     0      0.027      0.404      8.370      8.395      0.498
  1962        130  K_L0                91  1918  1918     0     0     0     0     -0.847      0.362     -2.875      3.060      0.498
  1963        130  K_L0                91  1942  1942     0     0     0     0      0.218     -0.430    -45.430     45.435      0.498
  1964        130  K_L0                91  1956  1956     0     0     0     0     -0.009     -0.005     -0.199      0.536      0.498
  1965        211  pi+                 91  1311     0     0     0     0     0     -0.092     -0.346      8.682      8.690      0.140
  1966       -211  pi-                 91  1311     0     0     0     0     0      0.009      0.100      6.079      6.081      0.140
  1967        111  (pi0)              -91  1311     0  2241  2242     0     0     -0.122      0.161      5.238      5.244      0.135
  1968         22  gamma               91  1328     0     0     0     0     0      0.056     -0.193     -2.132      2.142      0.000
  1969         22  gamma               91  1328     0     0     0     0     0      0.193     -0.237     -4.712      4.722      0.000
  1970         22  gamma               91  1331     0     0     0     0     0     -0.024     -0.027      1.210      1.211      0.000
  1971         22  gamma               91  1331     0     0     0     0     0     -0.043      0.030     17.164     17.165      0.000
  1972        211  pi+                 91  1333     0     0     0     0     0      0.143      0.010    105.055    105.055      0.140
  1973       -211  pi-                 91  1333     0     0     0     0     0     -0.091     -0.052     85.476     85.477      0.140
  1974        111  (pi0)              -91  1333     0  2243  2244     0     0      0.057     -0.131     63.038     63.038      0.135
  1975         22  gamma               91  1336     0     0     0     0     0      0.541      0.661      5.176      5.246      0.000
  1976         22  gamma               91  1336     0     0     0     0     0      0.001      0.050      0.281      0.286      0.000
  1977        211  pi+                 91  1337     0     0     0     0     0     -0.068     -0.145      4.692      4.697      0.140
  1978       -211  pi-                 91  1337     0     0     0     0     0      0.045     -0.072      4.693      4.696      0.140
  1979        111  (pi0)              -91  1337     0  2245  2246     0     0     -0.222     -0.438     12.560     12.570      0.135
  1980         22  gamma               91  1340     0     0     0     0     0     -0.054      0.484    113.392    113.393      0.000
  1981         22  gamma               91  1340     0     0     0     0     0     -0.077     -0.147     31.643     31.643      0.000
  1982         22  gamma               91  1341     0     0     0     0     0      1.347      0.474     92.767     92.778      0.000
  1983         22  gamma               91  1341     0     0     0     0     0      0.057      0.053      4.991      4.992      0.000
  1984        323  (K*+)              -91  1361     0  2247  2248     0     0      0.782     -0.310      4.602      4.788      1.018
  1985       -313  (K*bar0)           -91  1361     0  2249  2250     0     0      1.077     -0.502      6.284      6.459      0.906
  1986         22  gamma               91  1368     0     0     0     0     0     -0.002      0.041     33.575     33.575      0.000
  1987         22  gamma               91  1368     0     0     0     0     0      0.056     -0.086    179.620    179.620      0.000
  1988        211  pi+                 91  1370     0     0     0     0     0      0.201      0.027     24.557     24.558      0.140
  1989       -211  pi-                 91  1370     0     0     0     0     0      0.065      0.067     23.454     23.454      0.140
  1990        111  (pi0)              -91  1370     0  2251  2252     0     0     -0.050      0.123     37.064     37.065      0.135
  1991         22  gamma               91  1380     0     0     0     0     0     -0.315      0.141     -0.708      0.788      0.000
  1992         22  gamma               91  1380     0     0     0     0     0     -0.189     -0.009     -0.510      0.544      0.000
  1993        211  pi+                 91  1393     0     0     0     0     0      0.799      0.405    -21.122     21.141      0.140
  1994       -211  pi-                 91  1393     0     0     0     0     0      1.051      0.307    -16.967     17.003      0.140
  1995        111  (pi0)              -91  1393     0  2253  2254     0     0      1.053      0.669    -21.683     21.719      0.135
  1996        111  (pi0)              -91  1396     0  2255  2256     0     0      0.287      0.229     -5.693      5.706      0.135
  1997        111  (pi0)              -91  1396     0  2257  2258     0     0      0.187      0.416     -9.088      9.101      0.135
  1998        111  (pi0)              -91  1396     0  2259  2260     0     0      0.163      0.060     -4.272      4.278      0.135
  1999        211  pi+                 91  1398     0     0     0     0     0      0.289      0.231     -3.619      3.641      0.140
  2000       -211  pi-                 91  1398     0     0     0     0     0     -0.092      0.154     -4.930      4.935      0.140
  2001        111  (pi0)              -91  1398     0  2261  2262     0     0      0.051      0.260     -1.665      1.691      0.135
  2002        211  pi+                 91  1410     0     0     0     0     0     -0.146     -0.190     -0.243      0.369      0.140
  2003       -211  pi-                 91  1410     0     0     0     0     0      0.050      0.138      0.073      0.215      0.140
  2004        111  (pi0)              -91  1410     0  2263  2264     0     0     -0.072     -0.246     -0.127      0.317      0.135
  2005        211  pi+                 91  1411     0     0     0     0     0     -0.118      0.117     -0.068      0.227      0.140
  2006       -211  pi-                 91  1411     0     0     0     0     0     -0.078     -0.316     -0.104      0.369      0.140
  2007        111  (pi0)              -91  1411     0  2265  2266     0     0     -0.133      0.117      0.191      0.294      0.135
  2008         22  gamma               91  1413     0     0     0     0     0      0.242      0.272      0.263      0.449      0.000
  2009         22  gamma               91  1413     0     0     0     0     0      0.043     -0.010      0.049      0.066      0.000
  2010        211  pi+                 91  1417     0     0     0     0     0     -0.319      0.370     -1.393      1.483      0.140
  2011       -211  pi-                 91  1417     0     0     0     0     0      0.118      0.135     -0.929      0.956      0.140
  2012        111  (pi0)              -91  1417     0  2267  2268     0     0     -0.053      0.006     -0.117      0.187      0.135
  2013         22  gamma               91  1424     0     0     0     0     0     -0.422      0.522     30.600     30.608      0.000
  2014         22  gamma               91  1424     0     0     0     0     0     -0.050      0.083      2.681      2.683      0.000
  2015        111  (pi0)              -91  1443     0  2269  2270     0     0     -0.006      0.308      0.094      0.349      0.135
  2016        111  (pi0)              -91  1443     0  2271  2272     0     0     -0.048      0.194      0.035      0.244      0.135
  2017        111  (pi0)              -91  1443     0  2273  2274     0     0      0.235      0.462      0.265      0.598      0.135
  2018        211  pi+                 91  1444     0     0     0     0     0      0.320     -0.038     -0.097      0.364      0.140
  2019       -211  pi-                 91  1444     0     0     0     0     0      0.277     -0.200     -0.242      0.441      0.140
  2020        111  (pi0)              -91  1444     0  2275  2276     0     0      0.143      0.062     -0.084      0.223      0.135
  2021         22  gamma               91  1446     0     0     0     0     0      0.626      0.110      0.291      0.699      0.000
  2022         11  e-                  91  1446     0     0     0     0     0      0.121      0.026      0.016      0.125      0.001
  2023        -11  e+                  91  1446     0     0     0     0     0      0.158      0.036      0.021      0.164      0.001
  2024         22  gamma               91  1450     0     0     0     0     0      0.224      0.361      0.726      0.841      0.000
  2025         22  gamma               91  1450     0     0     0     0     0      0.014      0.175      0.357      0.397      0.000
  2026       -211  pi-                 91  1455     0     0     0     0     0      2.956     -1.423     11.730     12.181      0.140
  2027        211  pi+                 91  1455     0     0     0     0     0      0.384     -0.184      1.047      1.139      0.140
  2028        130  K_L0                91  1455     0     0     0     0     0      1.984     -0.125      4.725      5.150      0.498
  2029        211  pi+                 91  1459     0     0     0     0     0     -0.020     -0.014     -0.047      0.149      0.140
  2030       -211  pi-                 91  1459     0     0     0     0     0      0.305     -0.040     -0.847      0.912      0.140
  2031        111  (pi0)              -91  1459     0  2277  2278     0     0     -0.074     -0.040     -0.918      0.931      0.135
  2032         22  gamma               91  1462     0     0     0     0     0     -0.028      0.116      0.279      0.304      0.000
  2033         22  gamma               91  1462     0     0     0     0     0      0.014     -0.026      0.017      0.034      0.000
  2034         22  gamma               91  1478     0     0     0     0     0      4.608     -5.037    -23.554     24.523      0.000
  2035         22  gamma               91  1478     0     0     0     0     0      3.195     -3.389    -15.762     16.436      0.000
  2036        211  pi+                 91  1485     0     0     0     0     0      5.250     -7.314    -28.238     29.639      0.140
  2037       -211  pi-                 91  1485     0     0     0     0     0      3.957     -4.494    -18.887     19.814      0.140
  2038         22  gamma               91  1486     0     0     0     0     0     21.225    -24.685   -102.799    107.830      0.000
  2039         22  gamma               91  1486     0     0     0     0     0      7.507     -8.637    -36.303     38.064      0.000
  2040         22  gamma               91  1489     0     0     0     0     0      2.771     -2.881    -15.249     15.765      0.000
  2041         22  gamma               91  1489     0     0     0     0     0      0.432     -0.388     -2.103      2.182      0.000
  2042         22  gamma               91  1491     0     0     0     0     0      0.074     -0.072     -0.263      0.283      0.000
  2043         22  gamma               91  1491     0     0     0     0     0      0.115      0.055     -0.432      0.450      0.000
  2044        111  (pi0)              -91  1492     0  2279  2280     0     0     -0.064     -0.211     -0.651      0.701      0.135
  2045        111  (pi0)              -91  1492     0  2281  2282     0     0      0.037     -0.072     -0.284      0.325      0.135
  2046        111  (pi0)              -91  1492     0  2283  2284     0     0      0.132      0.006     -0.248      0.311      0.135
  2047         22  gamma               91  1495     0     0     0     0     0      0.060     -0.630     -1.091      1.262      0.000
  2048         22  gamma               91  1495     0     0     0     0     0      0.001     -0.036     -0.155      0.159      0.000
  2049        111  (pi0)              -91  1521     0  2285  2286     0     0     -0.797     -0.972     -1.507      1.967      0.135
  2050        111  (pi0)              -91  1521     0  2287  2288     0     0     -0.467     -0.870     -1.387      1.708      0.135
  2051        221  (eta)              -91  1521     0  2289  2291     0     0     -1.081     -1.494     -2.455      3.119      0.548
  2052         22  gamma               91  1527     0     0     0     0     0      0.322     -0.103      0.228      0.408      0.000
  2053         22  gamma               91  1527     0     0     0     0     0      0.194     -0.155      0.085      0.263      0.000
  2054        211  pi+                 91  1528     0     0     0     0     0      0.341      0.084     -0.146      0.405      0.140
  2055       -211  pi-                 91  1528     0     0     0     0     0      0.259     -0.244     -0.108      0.398      0.140
  2056        111  (pi0)              -91  1528     0  2292  2293     0     0     -0.078     -0.048      0.072      0.178      0.135
  2057        211  pi+                 91  1534     0     0     0     0     0      0.374     -0.811      1.465      1.721      0.140
  2058       -211  pi-                 91  1534     0     0     0     0     0      0.157     -0.223      0.465      0.557      0.140
  2059        111  (pi0)              -91  1534     0  2294  2295     0     0      0.139     -0.572      0.734      0.950      0.135
  2060        211  pi+                 91  1537     0     0     0     0     0     -0.214     -0.491      0.484      0.735      0.140
  2061       -211  pi-                 91  1537     0     0     0     0     0     -0.084     -0.779      0.422      0.901      0.140
  2062        111  (pi0)              -91  1537     0  2296  2297     0     0      0.096     -0.541      0.793      0.974      0.135
  2063         22  gamma               91  1539     0     0     0     0     0     -0.389     -0.009      0.957      1.033      0.000
  2064         22  gamma               91  1539     0     0     0     0     0      0.191      0.033      0.487      0.524      0.000
  2065         22  gamma               91  1540     0     0     0     0     0     -0.239      0.161      0.726      0.781      0.000
  2066         11  e-                  91  1540     0     0     0     0     0     -0.104      0.030      0.259      0.281      0.001
  2067        -11  e+                  91  1540     0     0     0     0     0     -0.412      0.102      1.051      1.133      0.001
  2068        211  pi+                 91  1542     0     0     0     0     0     -0.287      0.357      0.582      0.754      0.140
  2069       -211  pi-                 91  1542     0     0     0     0     0     -1.526      1.300      3.266      3.835      0.140
  2070        111  (pi0)              -91  1542     0  2298  2299     0     0     -0.916      0.637      2.356      2.610      0.135
  2071        111  (pi0)              -91  1546     0  2300  2301     0     0     -0.219      0.073      0.425      0.502      0.135
  2072        111  (pi0)              -91  1546     0  2302  2303     0     0     -0.198      0.032      0.173      0.297      0.135
  2073        221  (eta)              -91  1546     0  2304  2305     0     0     -1.614      0.935      2.287      3.002      0.548
  2074         22  gamma               91  1548     0     0     0     0     0     -0.821      0.207      0.338      0.912      0.000
  2075         22  gamma               91  1548     0     0     0     0     0     -0.973      0.382      0.494      1.156      0.000
  2076         22  gamma               91  1557     0     0     0     0     0     -0.077      0.121     -0.137      0.199      0.000
  2077         22  gamma               91  1557     0     0     0     0     0     -0.102      0.705     -0.705      1.003      0.000
  2078         22  gamma               91  1559     0     0     0     0     0      0.124      0.389     -0.458      0.613      0.000
  2079         22  gamma               91  1559     0     0     0     0     0      0.049      0.270     -0.491      0.562      0.000
  2080        111  (pi0)              -91  1563     0  2306  2307     0     0      0.506      0.025     -0.592      0.791      0.135
  2081        111  (pi0)              -91  1563     0  2308  2309     0     0      0.605      0.322     -0.704      0.992      0.135
  2082        111  (pi0)              -91  1563     0  2310  2311     0     0      0.477      0.115     -0.380      0.635      0.135
  2083         22  gamma               91  1565     0     0     0     0     0      1.175      0.021     -1.377      1.811      0.000
  2084         22  gamma               91  1565     0     0     0     0     0      0.934      0.101     -0.972      1.352      0.000
  2085         22  gamma               91  1569     0     0     0     0     0      0.294     -0.660   -240.338    240.339      0.000
  2086         22  gamma               91  1569     0     0     0     0     0      0.135     -0.218   -113.159    113.159      0.000
  2087         22  gamma               91  1572     0     0     0     0     0     -0.010     -0.147    -32.354     32.355      0.000
  2088         22  gamma               91  1572     0     0     0     0     0      0.137     -0.224    -41.863     41.864      0.000
  2089        321  K+                  91  1575     0     0     0     0     0      0.242     -0.099     -9.682      9.698      0.494
  2090       -321  K-                  91  1575     0     0     0     0     0      0.015     -0.005    -10.204     10.216      0.494
  2091        211  pi+                 91  1577     0     0     0     0     0      0.243     -0.156     -0.195      0.376      0.140
  2092       -211  pi-                 91  1577     0     0     0     0     0     -0.037      0.076     -0.094      0.188      0.140
  2093        111  (pi0)              -91  1577     0  2312  2313     0     0     -0.210     -0.098      0.045      0.272      0.135
  2094        211  pi+                 91  1590     0     0     0     0     0      0.023     -0.101      2.262      2.269      0.140
  2095       -211  pi-                 91  1590     0     0     0     0     0      0.050      0.392      5.912      5.927      0.140
  2096        111  (pi0)              -91  1590     0  2314  2315     0     0      0.260      0.393      9.128      9.141      0.135
  2097         22  gamma               91  1595     0     0     0     0     0      0.038      1.943     39.098     39.146      0.000
  2098         22  gamma               91  1595     0     0     0     0     0     -0.057      1.135     21.566     21.595      0.000
  2099         22  gamma               91  1596     0     0     0     0     0     -0.646      0.528      6.952      7.002      0.000
  2100         22  gamma               91  1596     0     0     0     0     0     -0.472      0.265      4.993      5.022      0.000
  2101        111  (pi0)              -91  1597     0  2316  2317     0     0     -0.517      0.498     14.324     14.343      0.135
  2102         22  gamma               91  1597     0     0     0     0     0      0.130     -0.045      0.649      0.664      0.000
  2103         22  gamma               91  1607     0     0     0     0     0     -0.107     -0.158      9.068      9.070      0.000
  2104         22  gamma               91  1607     0     0     0     0     0     -0.118     -0.228      6.782      6.787      0.000
  2105        211  pi+                 91  1608     0     0     0     0     0      0.209     -0.256     13.375     13.379      0.140
  2106       -211  pi-                 91  1608     0     0     0     0     0      0.058     -0.171      4.517      4.523      0.140
  2107        111  (pi0)              -91  1608     0  2318  2319     0     0      0.381     -0.397     15.176     15.187      0.135
  2108        111  (pi0)              -91  1609     0  2320  2321     0     0      0.243     -0.412     20.588     20.594      0.135
  2109        111  (pi0)              -91  1609     0  2322  2323     0     0      0.105     -0.152      8.538      8.541      0.135
  2110        111  (pi0)              -91  1609     0  2324  2325     0     0      0.208     -0.021     10.452     10.455      0.135
  2111        211  pi+                 91  1614     0     0     0     0     0      0.145      0.047     58.143     58.143      0.140
  2112       -211  pi-                 91  1614     0     0     0     0     0      0.560      0.379    136.121    136.122      0.140
  2113        111  (pi0)              -91  1614     0  2326  2327     0     0      0.316      0.144     27.970     27.972      0.135
  2114        211  pi+                 91  1617     0     0     0     0     0     -0.012     -0.375     49.681     49.683      0.140
  2115       -211  pi-                 91  1617     0     0     0     0     0      0.125      0.009     10.431     10.432      0.140
  2116        111  (pi0)              -91  1617     0  2328  2329     0     0     -0.053     -0.113     61.127     61.127      0.135
  2117         22  gamma               91  1649     0     0     0     0     0      0.029     -0.037     -0.005      0.047      0.000
  2118         22  gamma               91  1649     0     0     0     0     0      0.123      0.100      0.089      0.182      0.000
  2119         22  gamma               91  1650     0     0     0     0     0     -0.324     -0.401     -0.847      0.991      0.000
  2120         22  gamma               91  1650     0     0     0     0     0      0.059     -0.036      0.063      0.093      0.000
  2121        111  (pi0)              -91  1651     0  2330  2331     0     0     -0.023     -0.047      0.172      0.225      0.135
  2122         22  gamma               91  1651     0     0     0     0     0     -0.392      0.279     -0.650      0.809      0.000
  2123         22  gamma               91  1674     0     0     0     0     0     -6.156      6.871     -4.276     10.168      0.000
  2124         22  gamma               91  1674     0     0     0     0     0    -20.914     23.717    -14.635     34.844      0.000
  2125        211  pi+                 91  1678     0     0     0     0     0     -1.416      1.430     -0.988      2.246      0.140
  2126       -211  pi-                 91  1678     0     0     0     0     0     -7.356      8.656     -5.564     12.649      0.140
  2127        111  (pi0)              -91  1678     0  2332  2333     0     0     -4.055      5.030     -3.046      7.144      0.135
  2128        211  pi+                 91  1680     0     0     0     0     0     -3.251      3.479     -2.194      5.245      0.140
  2129       -211  pi-                 91  1680     0     0     0     0     0     -0.779      0.731     -0.332      1.128      0.140
  2130        111  (pi0)              -91  1680     0  2334  2335     0     0     -4.451      4.731     -2.740      7.052      0.135
  2131         22  gamma               91  1681     0     0     0     0     0     -0.958      0.840     -1.002      1.621      0.000
  2132         22  gamma               91  1681     0     0     0     0     0     -1.125      0.806     -1.135      1.790      0.000
  2133        211  pi+                 91  1683     0     0     0     0     0     -0.328      0.037     -0.199      0.410      0.140
  2134       -211  pi-                 91  1683     0     0     0     0     0     -0.845      0.222     -0.890      1.255      0.140
  2135        111  (pi0)              -91  1683     0  2336  2337     0     0     -0.180      0.331     -0.233      0.463      0.135
  2136         22  gamma               91  1687     0     0     0     0     0     -1.604     -0.376     -5.386      5.632      0.000
  2137         22  gamma               91  1687     0     0     0     0     0     -1.689     -0.511     -6.059      6.310      0.000
  2138         22  gamma               91  1693     0     0     0     0     0     -0.290      0.185     -8.273      8.281      0.000
  2139         22  gamma               91  1693     0     0     0     0     0     -0.151      0.056     -6.555      6.557      0.000
  2140         22  gamma               91  1700     0     0     0     0     0     -0.450      0.598    -28.513     28.523      0.000
  2141         22  gamma               91  1700     0     0     0     0     0     -0.035      0.143     -6.087      6.088      0.000
  2142         22  gamma               91  1701     0     0     0     0     0      0.034      0.422    -27.620     27.623      0.000
  2143         22  gamma               91  1701     0     0     0     0     0     -0.030      0.117    -12.908     12.908      0.000
  2144         22  gamma               91  1725     0     0     0     0     0     -0.003     -0.055      9.395      9.396      0.000
  2145         22  gamma               91  1725     0     0     0     0     0     -0.115     -0.253     17.646     17.648      0.000
  2146        111  (pi0)              -91  1729     0  2338  2339     0     0      0.168      0.061      0.423      0.479      0.135
  2147        111  (pi0)              -91  1729     0  2340  2341     0     0      0.211     -0.050      0.702      0.747      0.135
  2148        111  (pi0)              -91  1729     0  2342  2343     0     0     -0.014      0.008      0.113      0.177      0.135
  2149         22  gamma               91  1733     0     0     0     0     0      0.004      0.001     -1.294      1.294      0.000
  2150         22  gamma               91  1733     0     0     0     0     0      0.230     -0.000     -3.422      3.429      0.000
  2151         22  gamma               91  1740     0     0     0     0     0     -0.043     -0.189    -19.150     19.151      0.000
  2152         22  gamma               91  1740     0     0     0     0     0      0.223     -0.037     -3.380      3.388      0.000
  2153         22  gamma               91  1742     0     0     0     0     0      0.513     -0.089   -102.545    102.546      0.000
  2154         22  gamma               91  1742     0     0     0     0     0      0.090     -0.070    -17.247     17.247      0.000
  2155         22  gamma               91  1749     0     0     0     0     0     -0.289      0.012    -57.161     57.161      0.000
  2156         22  gamma               91  1749     0     0     0     0     0     -1.226      0.199   -202.573    202.577      0.000
  2157         22  gamma               91  1756     0     0     0     0     0     -0.201      0.040     -1.535      1.548      0.000
  2158         22  gamma               91  1756     0     0     0     0     0     -0.055     -0.065     -0.543      0.550      0.000
  2159         22  gamma               91  1769     0     0     0     0     0      0.037     -0.005      2.663      2.663      0.000
  2160         22  gamma               91  1769     0     0     0     0     0     -0.120     -0.031      6.848      6.849      0.000
  2161         22  gamma               91  1771     0     0     0     0     0     -0.043      0.186     -0.312      0.366      0.000
  2162         22  gamma               91  1771     0     0     0     0     0      0.048      0.297     -0.777      0.834      0.000
  2163         22  gamma               91  1775     0     0     0     0     0      0.225     -0.232    -24.203     24.205      0.000
  2164         22  gamma               91  1775     0     0     0     0     0      0.355     -0.656    -54.166     54.171      0.000
  2165         22  gamma               91  1781     0     0     0     0     0     -0.011     -0.074      0.933      0.936      0.000
  2166         22  gamma               91  1781     0     0     0     0     0      0.062     -0.517      3.488      3.527      0.000
  2167         22  gamma               91  1787     0     0     0     0     0     -0.234     -0.002     23.765     23.766      0.000
  2168         22  gamma               91  1787     0     0     0     0     0      0.004     -0.029      1.564      1.564      0.000
  2169         22  gamma               91  1794     0     0     0     0     0      0.031      0.015     -2.229      2.229      0.000
  2170         22  gamma               91  1794     0     0     0     0     0      0.218     -0.073     -4.309      4.315      0.000
  2171         22  gamma               91  1796     0     0     0     0     0      0.060      0.074     -2.072      2.074      0.000
  2172         22  gamma               91  1796     0     0     0     0     0      0.702      0.412    -12.741     12.767      0.000
  2173         22  gamma               91  1802     0     0     0     0     0      0.253      0.042      8.562      8.566      0.000
  2174         22  gamma               91  1802     0     0     0     0     0      0.150      0.085      9.789      9.790      0.000
  2175         22  gamma               91  1824     0     0     0     0     0      0.022      0.009      0.005      0.024      0.000
  2176         22  gamma               91  1824     0     0     0     0     0      1.268      1.605      1.266      2.406      0.000
  2177         22  gamma               91  1827     0     0     0     0     0      0.347      0.061      0.654      0.743      0.000
  2178         22  gamma               91  1827     0     0     0     0     0      0.421      0.078      0.525      0.677      0.000
  2179         22  gamma               91  1829     0     0     0     0     0     -0.010     -0.023      0.265      0.267      0.000
  2180         22  gamma               91  1829     0     0     0     0     0      0.118     -0.094      0.296      0.332      0.000
  2181         22  gamma               91  1831     0     0     0     0     0      0.349      0.116      0.827      0.905      0.000
  2182         22  gamma               91  1831     0     0     0     0     0      0.052     -0.020      0.058      0.081      0.000
  2183         22  gamma               91  1835     0     0     0     0     0     -0.276     -0.000     20.490     20.492      0.000
  2184         22  gamma               91  1835     0     0     0     0     0     -0.231     -0.071     11.730     11.733      0.000
  2185         22  gamma               91  1839     0     0     0     0     0      2.284     -3.017    -11.794     12.386      0.000
  2186         22  gamma               91  1839     0     0     0     0     0      2.035     -2.491    -10.147     10.645      0.000
  2187         22  gamma               91  1841     0     0     0     0     0      0.051     -0.094     -0.103      0.148      0.000
  2188         22  gamma               91  1841     0     0     0     0     0      0.150     -0.174     -0.588      0.631      0.000
  2189         22  gamma               91  1843     0     0     0     0     0      0.223     -0.427     -1.874      1.935      0.000
  2190         22  gamma               91  1843     0     0     0     0     0      0.020      0.008     -0.075      0.078      0.000
  2191         22  gamma               91  1845     0     0     0     0     0     -0.450     -0.636     -1.193      1.424      0.000
  2192         22  gamma               91  1845     0     0     0     0     0     -0.158     -0.116     -0.349      0.401      0.000
  2193         22  gamma               91  1849     0     0     0     0     0      0.005     -0.118     -0.044      0.126      0.000
  2194         22  gamma               91  1849     0     0     0     0     0     -0.236     -0.459     -0.084      0.523      0.000
  2195         22  gamma               91  1855     0     0     0     0     0     -0.357     -0.211      0.260      0.490      0.000
  2196         22  gamma               91  1855     0     0     0     0     0     -0.543     -0.151      0.418      0.702      0.000
  2197         22  gamma               91  1858     0     0     0     0     0      0.015      0.018      0.011      0.026      0.000
  2198         22  gamma               91  1858     0     0     0     0     0      0.097     -0.239      0.130      0.289      0.000
  2199         22  gamma               91  1864     0     0     0     0     0      0.657      0.385     -1.370      1.567      0.000
  2200         22  gamma               91  1864     0     0     0     0     0      1.055      0.810     -2.528      2.857      0.000
  2201         22  gamma               91  1868     0     0     0     0     0      0.262      0.016    -42.223     42.224      0.000
  2202         22  gamma               91  1868     0     0     0     0     0      0.000     -0.030     -3.225      3.225      0.000
  2203         22  gamma               91  1871     0     0     0     0     0      0.082     -0.045      0.190      0.211      0.000
  2204         22  gamma               91  1871     0     0     0     0     0      0.027      0.068      0.298      0.307      0.000
  2205         22  gamma               91  1875     0     0     0     0     0      0.045     -0.034      0.430      0.434      0.000
  2206         22  gamma               91  1875     0     0     0     0     0      1.695     -0.910     21.289     21.376      0.000
  2207         22  gamma               91  1877     0     0     0     0     0      1.134     -0.585     15.303     15.356      0.000
  2208         22  gamma               91  1877     0     0     0     0     0      0.110     -0.102      1.555      1.563      0.000
  2209         22  gamma               91  1889     0     0     0     0     0     -0.019     -0.007      0.110      0.111      0.000
  2210         22  gamma               91  1889     0     0     0     0     0     -0.906     -0.500     13.686     13.725      0.000
  2211         22  gamma               91  1894     0     0     0     0     0      0.157     -0.055     13.718     13.719      0.000
  2212         22  gamma               91  1894     0     0     0     0     0      0.891      0.003     80.672     80.677      0.000
  2213         22  gamma               91  1896     0     0     0     0     0      0.324      0.445    238.019    238.020      0.000
  2214         22  gamma               91  1896     0     0     0     0     0      0.036      0.011      8.166      8.166      0.000
  2215         22  gamma               91  1898     0     0     0     0     0     -0.011      0.013      1.503      1.503      0.000
  2216         22  gamma               91  1898     0     0     0     0     0     -0.220     -0.062      3.827      3.834      0.000
  2217         22  gamma               91  1900     0     0     0     0     0     -0.079      0.036     10.117     10.117      0.000
  2218         22  gamma               91  1900     0     0     0     0     0     -2.668      0.399    314.245    314.256      0.000
  2219         22  gamma               91  1902     0     0     0     0     0     -0.097      0.047      7.409      7.410      0.000
  2220         22  gamma               91  1902     0     0     0     0     0     -0.397      0.158     15.858     15.864      0.000
  2221         22  gamma               91  1904     0     0     0     0     0      0.038     -0.121     13.146     13.146      0.000
  2222         22  gamma               91  1904     0     0     0     0     0      0.026      0.036      4.252      4.252      0.000
  2223         22  gamma               91  1913     0     0     0     0     0    -71.446     81.496    -49.069    118.970      0.000
  2224         22  gamma               91  1913     0     0     0     0     0    -79.648     90.748    -54.804    132.599      0.000
  2225         22  gamma               91  1915     0     0     0     0     0     -9.603     10.310     -6.469     15.503      0.000
  2226         22  gamma               91  1915     0     0     0     0     0     -4.660      4.897     -3.038      7.411      0.000
  2227         22  gamma               91  1917     0     0     0     0     0     -0.806      0.823     -0.788      1.396      0.000
  2228         22  gamma               91  1917     0     0     0     0     0     -1.566      1.566     -1.295      2.566      0.000
  2229         22  gamma               91  1923     0     0     0     0     0     -0.093      0.022     -0.831      0.836      0.000
  2230         22  gamma               91  1923     0     0     0     0     0     -0.624      0.541     -6.990      7.039      0.000
  2231         22  gamma               91  1925     0     0     0     0     0      0.032      0.144     -9.288      9.289      0.000
  2232         22  gamma               91  1925     0     0     0     0     0     -0.062      0.190     -7.099      7.102      0.000
  2233         22  gamma               91  1933     0     0     0     0     0     -0.041      0.017      1.028      1.029      0.000
  2234         22  gamma               91  1933     0     0     0     0     0     -0.057      0.294      3.488      3.501      0.000
  2235         22  gamma               91  1941     0     0     0     0     0      0.600     -0.602    -12.007     12.037      0.000
  2236         22  gamma               91  1941     0     0     0     0     0      0.279     -0.235     -6.460      6.471      0.000
  2237         22  gamma               91  1949     0     0     0     0     0      0.177     -0.157    -10.937     10.940      0.000
  2238         22  gamma               91  1949     0     0     0     0     0      0.451     -0.248    -32.584     32.588      0.000
  2239         22  gamma               91  1955     0     0     0     0     0     -0.148     -0.137     -0.900      0.922      0.000
  2240         22  gamma               91  1955     0     0     0     0     0      0.022     -0.081     -0.426      0.434      0.000
  2241         22  gamma               91  1967     0     0     0     0     0     -0.112      0.182      4.984      4.989      0.000
  2242         22  gamma               91  1967     0     0     0     0     0     -0.010     -0.021      0.254      0.255      0.000
  2243         22  gamma               91  1974     0     0     0     0     0      0.022      0.027     13.391     13.391      0.000
  2244         22  gamma               91  1974     0     0     0     0     0      0.036     -0.157     49.646     49.647      0.000
  2245         22  gamma               91  1979     0     0     0     0     0      0.011     -0.008      0.857      0.857      0.000
  2246         22  gamma               91  1979     0     0     0     0     0     -0.233     -0.430     11.703     11.713      0.000
  2247        311  (K0)               -91  1984     0  2344  2344     0     0      0.321      0.089      3.159      3.215      0.498
  2248        211  pi+                 91  1984     0     0     0     0     0      0.461     -0.398      1.443      1.572      0.140
  2249       -311  (Kbar0)            -91  1985     0  2345  2345     0     0      0.540     -0.551      3.225      3.353      0.498
  2250         22  gamma               91  1985     0     0     0     0     0      0.537      0.048      3.059      3.106      0.000
  2251         22  gamma               91  1990     0     0     0     0     0     -0.063      0.148     32.474     32.474      0.000
  2252         22  gamma               91  1990     0     0     0     0     0      0.013     -0.025      4.591      4.591      0.000
  2253         22  gamma               91  1995     0     0     0     0     0      0.681      0.391    -12.662     12.686      0.000
  2254         22  gamma               91  1995     0     0     0     0     0      0.371      0.278     -9.021      9.033      0.000
  2255         22  gamma               91  1996     0     0     0     0     0      0.106      0.023     -2.196      2.199      0.000
  2256         22  gamma               91  1996     0     0     0     0     0      0.181      0.206     -3.496      3.507      0.000
  2257         22  gamma               91  1997     0     0     0     0     0      0.164      0.231     -6.157      6.164      0.000
  2258         22  gamma               91  1997     0     0     0     0     0      0.023      0.185     -2.931      2.937      0.000
  2259         22  gamma               91  1998     0     0     0     0     0      0.045      0.077     -1.200      1.203      0.000
  2260         22  gamma               91  1998     0     0     0     0     0      0.118     -0.018     -3.072      3.074      0.000
  2261         22  gamma               91  2001     0     0     0     0     0      0.067      0.220     -1.058      1.083      0.000
  2262         22  gamma               91  2001     0     0     0     0     0     -0.017      0.040     -0.607      0.608      0.000
  2263         22  gamma               91  2004     0     0     0     0     0     -0.044     -0.029      0.016      0.055      0.000
  2264         22  gamma               91  2004     0     0     0     0     0     -0.028     -0.217     -0.143      0.261      0.000
  2265         22  gamma               91  2007     0     0     0     0     0     -0.104      0.137      0.108      0.204      0.000
  2266         22  gamma               91  2007     0     0     0     0     0     -0.029     -0.020      0.083      0.090      0.000
  2267         22  gamma               91  2012     0     0     0     0     0     -0.082      0.008     -0.131      0.155      0.000
  2268         22  gamma               91  2012     0     0     0     0     0      0.029     -0.002      0.013      0.032      0.000
  2269         22  gamma               91  2015     0     0     0     0     0     -0.015      0.290      0.043      0.294      0.000
  2270         22  gamma               91  2015     0     0     0     0     0      0.009      0.017      0.052      0.055      0.000
  2271         22  gamma               91  2016     0     0     0     0     0      0.024      0.007      0.035      0.043      0.000
  2272         22  gamma               91  2016     0     0     0     0     0     -0.072      0.187     -0.001      0.201      0.000
  2273         22  gamma               91  2017     0     0     0     0     0      0.002      0.117      0.083      0.144      0.000
  2274         22  gamma               91  2017     0     0     0     0     0      0.232      0.345      0.182      0.454      0.000
  2275         22  gamma               91  2020     0     0     0     0     0      0.082      0.043      0.025      0.096      0.000
  2276         22  gamma               91  2020     0     0     0     0     0      0.061      0.020     -0.109      0.127      0.000
  2277         22  gamma               91  2031     0     0     0     0     0     -0.111     -0.010     -0.625      0.635      0.000
  2278         22  gamma               91  2031     0     0     0     0     0      0.037     -0.030     -0.293      0.296      0.000
  2279         22  gamma               91  2044     0     0     0     0     0     -0.042     -0.114     -0.168      0.207      0.000
  2280         22  gamma               91  2044     0     0     0     0     0     -0.022     -0.097     -0.483      0.493      0.000
  2281         22  gamma               91  2045     0     0     0     0     0     -0.041     -0.046     -0.189      0.199      0.000
  2282         22  gamma               91  2045     0     0     0     0     0      0.078     -0.026     -0.095      0.126      0.000
  2283         22  gamma               91  2046     0     0     0     0     0      0.001     -0.020      0.009      0.022      0.000
  2284         22  gamma               91  2046     0     0     0     0     0      0.131      0.027     -0.256      0.289      0.000
  2285         22  gamma               91  2049     0     0     0     0     0     -0.601     -0.707     -1.019      1.378      0.000
  2286         22  gamma               91  2049     0     0     0     0     0     -0.197     -0.265     -0.488      0.589      0.000
  2287         22  gamma               91  2050     0     0     0     0     0     -0.304     -0.611     -0.853      1.093      0.000
  2288         22  gamma               91  2050     0     0     0     0     0     -0.163     -0.259     -0.534      0.615      0.000
  2289        211  pi+                 91  2051     0     0     0     0     0     -0.414     -0.769     -0.978      1.319      0.140
  2290       -211  pi-                 91  2051     0     0     0     0     0     -0.282     -0.381     -0.895      1.022      0.140
  2291         22  gamma               91  2051     0     0     0     0     0     -0.385     -0.344     -0.582      0.778      0.000
  2292         22  gamma               91  2056     0     0     0     0     0     -0.110     -0.008      0.039      0.117      0.000
  2293         22  gamma               91  2056     0     0     0     0     0      0.032     -0.040      0.033      0.061      0.000
  2294         22  gamma               91  2059     0     0     0     0     0      0.004     -0.236      0.355      0.426      0.000
  2295         22  gamma               91  2059     0     0     0     0     0      0.135     -0.336      0.379      0.524      0.000
  2296         22  gamma               91  2062     0     0     0     0     0      0.067     -0.362      0.634      0.733      0.000
  2297         22  gamma               91  2062     0     0     0     0     0      0.029     -0.178      0.159      0.241      0.000
  2298         22  gamma               91  2070     0     0     0     0     0     -0.258      0.113      0.641      0.700      0.000
  2299         22  gamma               91  2070     0     0     0     0     0     -0.658      0.524      1.715      1.910      0.000
  2300         22  gamma               91  2071     0     0     0     0     0     -0.200      0.008      0.323      0.380      0.000
  2301         22  gamma               91  2071     0     0     0     0     0     -0.019      0.065      0.102      0.122      0.000
  2302         22  gamma               91  2072     0     0     0     0     0     -0.091     -0.019      0.150      0.177      0.000
  2303         22  gamma               91  2072     0     0     0     0     0     -0.107      0.051      0.023      0.121      0.000
  2304         22  gamma               91  2073     0     0     0     0     0     -0.555      0.277      0.394      0.734      0.000
  2305         22  gamma               91  2073     0     0     0     0     0     -1.059      0.658      1.894      2.267      0.000
  2306         22  gamma               91  2080     0     0     0     0     0      0.108      0.004     -0.053      0.120      0.000
  2307         22  gamma               91  2080     0     0     0     0     0      0.398      0.021     -0.540      0.671      0.000
  2308         22  gamma               91  2081     0     0     0     0     0      0.012     -0.009     -0.038      0.041      0.000
  2309         22  gamma               91  2081     0     0     0     0     0      0.593      0.330     -0.665      0.951      0.000
  2310         22  gamma               91  2082     0     0     0     0     0      0.061     -0.029     -0.039      0.078      0.000
  2311         22  gamma               91  2082     0     0     0     0     0      0.416      0.144     -0.342      0.557      0.000
  2312         22  gamma               91  2093     0     0     0     0     0     -0.166     -0.064      0.091      0.200      0.000
  2313         22  gamma               91  2093     0     0     0     0     0     -0.044     -0.034     -0.046      0.072      0.000
  2314         22  gamma               91  2096     0     0     0     0     0      0.109      0.184      2.927      2.935      0.000
  2315         22  gamma               91  2096     0     0     0     0     0      0.151      0.210      6.201      6.206      0.000
  2316         22  gamma               91  2101     0     0     0     0     0     -0.302      0.237      6.511      6.523      0.000
  2317         22  gamma               91  2101     0     0     0     0     0     -0.216      0.261      7.813      7.820      0.000
  2318         22  gamma               91  2107     0     0     0     0     0      0.148     -0.235      6.516      6.522      0.000
  2319         22  gamma               91  2107     0     0     0     0     0      0.233     -0.161      8.660      8.665      0.000
  2320         22  gamma               91  2108     0     0     0     0     0      0.094     -0.205      7.070      7.074      0.000
  2321         22  gamma               91  2108     0     0     0     0     0      0.149     -0.207     13.517     13.520      0.000
  2322         22  gamma               91  2109     0     0     0     0     0      0.087     -0.168      6.081      6.083      0.000
  2323         22  gamma               91  2109     0     0     0     0     0      0.019      0.016      2.457      2.457      0.000
  2324         22  gamma               91  2110     0     0     0     0     0      0.128      0.020      3.550      3.552      0.000
  2325         22  gamma               91  2110     0     0     0     0     0      0.080     -0.042      6.902      6.902      0.000
  2326         22  gamma               91  2113     0     0     0     0     0      0.222      0.030     16.381     16.382      0.000
  2327         22  gamma               91  2113     0     0     0     0     0      0.093      0.115     11.589     11.590      0.000
  2328         22  gamma               91  2116     0     0     0     0     0      0.017     -0.009      1.314      1.314      0.000
  2329         22  gamma               91  2116     0     0     0     0     0     -0.070     -0.105     59.813     59.814      0.000
  2330         22  gamma               91  2121     0     0     0     0     0      0.030     -0.075      0.121      0.146      0.000
  2331         22  gamma               91  2121     0     0     0     0     0     -0.053      0.029      0.051      0.079      0.000
  2332         22  gamma               91  2127     0     0     0     0     0     -1.497      1.961     -1.166      2.729      0.000
  2333         22  gamma               91  2127     0     0     0     0     0     -2.558      3.068     -1.880      4.415      0.000
  2334         22  gamma               91  2130     0     0     0     0     0     -4.012      4.315     -2.505      6.403      0.000
  2335         22  gamma               91  2130     0     0     0     0     0     -0.439      0.416     -0.235      0.649      0.000
  2336         22  gamma               91  2135     0     0     0     0     0      0.009      0.102     -0.074      0.126      0.000
  2337         22  gamma               91  2135     0     0     0     0     0     -0.189      0.229     -0.159      0.337      0.000
  2338         22  gamma               91  2146     0     0     0     0     0      0.091      0.068      0.118      0.164      0.000
  2339         22  gamma               91  2146     0     0     0     0     0      0.077     -0.008      0.305      0.315      0.000
  2340         22  gamma               91  2147     0     0     0     0     0      0.032      0.040      0.200      0.206      0.000
  2341         22  gamma               91  2147     0     0     0     0     0      0.179     -0.090      0.502      0.540      0.000
  2342         22  gamma               91  2148     0     0     0     0     0     -0.016      0.068      0.087      0.111      0.000
  2343         22  gamma               91  2148     0     0     0     0     0      0.002     -0.060      0.026      0.066      0.000
  2344        310  K_S0                91  2247  2247     0     0     0     0      0.321      0.089      3.159      3.215      0.498
  2345        310  K_S0                91  2249  2249     0     0     0     0      0.540     -0.551      3.225      3.353      0.498
                                   Charge sum:  2.000           Momentum sum:      0.000      0.000      0.000  13600.000  13600.000

 --------  End PYTHIA Event Listing  -----------------------------------------------------------------------------------------------
 PYTHIA Warning in SimpleSpaceShower::pT2nextQCD: small daughter PDF
3% | Elapsed: 0h 0m 0s | Remaining: 0h 0m 0s
 PYTHIA Error in SimpleSpaceShower::pT2nearThreshold: stuck in loop
 PYTHIA Error in BeamRemnants::setKinematics: kinematics construction failed after retrying 10 times

 Pythia::next(): 1000 events have been generated 
4% | Elapsed: 0h 0m 7s | Remaining: 0h 2m 48s
5% | Elapsed: 0h 0m 9s | Remaining: 0h 2m 51s
7% | Elapsed: 0h 0m 12s | Remaining: 0h 2m 39s
8% | Elapsed: 0h 0m 13s | Remaining: 0h 2m 29s
9% | Elapsed: 0h 0m 13s | Remaining: 0h 2m 11s

 Pythia::next(): 2000 events have been generated 
 PYTHIA Warning in HadronWidths::pickMasses: angular momentum and running widths not used
10% | Elapsed: 0h 0m 15s | Remaining: 0h 2m 15s
11% | Elapsed: 0h 0m 17s | Remaining: 0h 2m 17s
13% | Elapsed: 0h 0m 18s | Remaining: 0h 2m 0s
15% | Elapsed: 0h 0m 20s | Remaining: 0h 1m 53s

 Pythia::next(): 3000 events have been generated 
17% | Elapsed: 0h 0m 22s | Remaining: 0h 1m 47s
18% | Elapsed: 0h 0m 22s | Remaining: 0h 1m 40s
20% | Elapsed: 0h 0m 23s | Remaining: 0h 1m 32s
21% | Elapsed: 0h 0m 25s | Remaining: 0h 1m 34s
22% | Elapsed: 0h 0m 26s | Remaining: 0h 1m 32s
24% | Elapsed: 0h 0m 27s | Remaining: 0h 1m 25s

 --------  PYTHIA Event Listing  (complete event)  ---------------------------------------------------------------------------------
 
    no         id  name            status     mothers   daughters     colours      p_x        p_y        p_z         e          m 
     0         90  (system)           -11     0     0     0     0     0     0      0.000      0.000      0.000  13600.000  13600.000
     1       2212  (p+)               -12     0     0   690     0     0     0      0.000      0.000   6800.000   6800.000      0.938
     2       2212  (p+)               -12     0     0   691     0     0     0      0.000      0.000  -6800.000   6800.000      0.938
     3         21  (g)                -21     7     0     5     6   101   102      0.000      0.000      2.959      2.959      0.000
     4         21  (g)                -21     8     8     5     6   103   101      0.000      0.000  -2461.905   2461.905      0.000
     5         21  (g)                -23     3     4     9     9   103   104    -19.495     27.360  -2362.414   2362.653      0.000
     6         21  (g)                -23     3     4    10    10   104   102     19.495    -27.360    -96.532    102.211      0.000
     7         21  (g)                -41    12    12    11     3   101   105      0.000      0.000     12.119     12.119      0.000
     8         21  (g)                -42    13     0     4     4   103   101     -0.000      0.000  -2461.905   2461.905      0.000
     9         21  (g)                -44     5     5    14    14   103   104    -19.335     28.526  -2392.233   2392.482      0.000
    10         21  (g)                -44     6     6    15    15   104   102     23.301      0.381    -43.064     48.965      0.000
    11         21  (g)                -43     7     0    16    16   102   105     -3.966    -28.907    -14.488     32.577      0.000
    12         21  (g)                -42    18     0     7     7   101   105     -0.000      0.000     12.119     12.119      0.000
    13          2  (u)                -41    19    19    17     8   103     0      0.000     -0.000  -3240.242   3240.242      0.000
    14         21  (g)                -44     9     9    20    20   103   104      4.522     20.674  -2452.922   2453.013      0.000
    15         21  (g)                -44    10    10    21    21   104   102     23.760      0.230    -44.189     50.172      0.000
    16         21  (g)                -44    11    11    22    22   102   105     -3.731    -28.984    -15.281     32.977      0.000
    17          2  (u)                -43    13     0    23    23   101     0    -24.550      8.081   -715.732    716.199      0.330
    18         21  (g)                -41    31     0    24    12   106   105     -0.000      0.000     68.442     68.442      0.000
    19          2  (u)                -42    32    32    13    13   103     0      0.000     -0.000  -3240.242   3240.242      0.000
    20         21  (g)                -44    14    14    33    33   103   104      4.542     20.601  -2429.722   2429.814      0.000
    21         21  (g)                -44    15    15    25    26   104   102     25.111     -4.569    -51.270     57.272      0.000
    22         21  (g)                -44    16    16    27    27   102   105      0.268    -43.177    -43.632     61.385      0.000
    23          2  (u)                -44    17    17    28    29   101     0    -24.444      7.706   -701.649    702.117      0.330
    24         21  (g)                -43    18     0    30    30   106   101     -5.477     19.439     54.473     58.096      0.000
    25         21  (g)                -51    21     0    34    34   104   107     28.618    -13.502    -40.530     51.420      0.000
    26         21  (g)                -51    21     0    38    38   107   102     -3.423     -4.550    -24.364     25.020      0.000
    27         21  (g)                -52    22    22    35    35   102   105      0.184    -29.694    -30.007     42.216      0.000
    28          2  (u)                -51    23     0    36    36   108     0    -19.943      2.079   -213.672    214.611      0.330
    29         21  (g)                -51    23     0    39    39   101   108     -4.527      5.718   -487.723    487.778      0.000
    30         21  (g)                -52    24    24    37    37   106   101     -5.451     19.348     54.219     57.825      0.000
    31         21  (g)                -41    58    58    40    18   106   109      0.000      0.000    105.533    105.533      0.000
    32          2  (u)                -42   327   327    19    19   103     0     -0.000     -0.000  -3240.242   3240.242      0.000
    33         21  (g)                -44    20    20    55    55   103   104      4.539     20.594  -2426.872   2426.963      0.000
    34         21  (g)                -44    25    25    53    54   104   107     28.268    -14.366    -40.701     51.595      0.000
    35         21  (g)                -44    27    27    44    45   102   105     -0.208    -30.663    -32.384     44.598      0.000
    36          2  (u)                -44    28    28    75    75   108     0    -19.973      2.004   -214.055    214.995      0.330
    37         21  (g)                -44    30    30    43    43   106   101     -9.046     10.454     55.194     56.899      0.000
    38         21  (g)                -44    26    26   319   319   107   102     -3.444     -4.602    -24.826     25.483      0.000
    39         21  (g)                -44    29    29    41    42   101   108     -4.528      5.714   -487.200    487.255      0.000
    40         21  (g)                -43    31     0    46    46   105   109      4.392     10.866     36.135     37.988      0.000
    41         21  (g)                -51    39     0    73    74   110   108     -3.601     12.489   -133.693    134.323      0.000
    42         21  (g)                -51    39     0    47    48   101   110     -0.980     -6.715   -353.191    353.257      0.000
    43         21  (g)                -52    37    37    49    49   106   101     -8.994     10.394     54.879     56.574      0.000
    44         21  (g)                -51    35     0   127   127   102   111     -7.121    -14.125     -2.411     16.001      0.000
    45         21  (g)                -51    35     0    65    65   111   105      7.294    -15.597    -26.841     31.889      0.000
    46         21  (g)                -52    40    40    56    57   105   109      4.011      9.924     33.003     34.696      0.000
    47         21  (g)                -51    42     0    72    72   112   110      5.226      2.329   -301.858    301.912      0.000
    48         21  (g)                -51    42     0    52    52   101   112     -6.298     -8.936    -50.766     51.930      0.000
    49         21  (g)                -52    43    43    50    51   106   101     -8.901     10.287     54.311     55.989      0.000
    50         21  (g)                -51    49     0   332   332   106   113     -4.198      3.284     51.577     51.852      0.000
    51         21  (g)                -51    49     0    84    85   113   101     -5.204      6.292     -1.306      8.269      0.000
    52         21  (g)                -52    48    48    70    71   101   112     -5.797     -8.225    -46.727     47.798      0.000
    53         21  (g)                -51    34     0   313   313   114   107     26.230    -17.574    -40.818     51.604      0.000
    54         21  (g)                -51    34     0   311   312   104   114      2.213      4.003    -93.680     93.792      0.000
    55         21  (g)                -52    33    33   328   328   103   104      4.364     19.798  -2333.075   2333.163      0.000
    56         21  (g)                -51    46     0    63    64   105   115      8.992      3.456     46.877     47.857      0.000
    57         21  (g)                -51    46     0   139   139   115   109     -4.981      6.468     46.387     47.100      0.000
    58         21  (g)                -53   326     0    31    31   106   109      0.000     -0.000    165.795    165.795      0.000
    59         21  (g)                -31    87    87    61    62   117   116      0.000      0.000      0.654      0.654      0.000
    60          4  (c)                -31    88     0    61    62   116     0      0.000      0.000   -209.382    209.382      0.000
    61         21  (g)                -33    59    60    89    89   117   118     -4.177      3.790    -12.421     13.641      0.000
    62          4  (c)                -33    59    60    90    90   118     0      4.177     -3.790   -196.308    196.395      1.500
    63         21  (g)                -51    56     0   137   138   119   115      3.310      3.817     41.248     41.556      0.000
    64         21  (g)                -51    56     0   208   209   105   119      5.974     -0.985      4.555      7.577      0.000
    65         21  (g)                -52    45    45   125   126   111   105      7.002    -14.973    -25.767     30.613      0.000
    66         21  (g)                -31   106     0    68    69   120   121      0.000      0.000     14.008     14.008      0.000
    67         21  (g)                -31   107   107    68    69   122   123      0.000      0.000     -2.337      2.337      0.000
    68    9941103  (psi(2S)[1S0(8)])  -33    66    67   108   108   120   123     -2.908      2.963     10.645     12.069      3.886
    69         21  (g)                -33    66    67   109   109   122   121      2.908     -2.963      1.026      4.276      0.000
    70         21  (g)                -51    52     0    86    86   101   124     -3.908     -3.563    -14.581     15.511      0.000
    71         21  (g)                -51    52     0   224   225   124   112     -1.243     -4.375    -69.467     69.616      0.000
    72         21  (g)                -52    47    47   293   293   112   110      4.580      2.041   -264.536    264.583      0.000
    73         21  (g)                -51    41     0   291   292   110   125      1.311      1.024     -9.826      9.966      0.000
    74         21  (g)                -51    41     0   149   149   125   108     -8.266     11.799   -159.797    160.445      0.000
    75          2  (u)                -52    36    36   147   148   108     0    -16.620      1.669   -178.125    178.907      0.330
    76         21  (g)                -31   160   160    78    79   126   127      0.000      0.000     61.476     61.476      0.000
    77         21  (g)                -31   152   152    78    79   128   129      0.000      0.000     -0.995      0.995      0.000
    78         21  (g)                -33    76    77   162   162   126   129     -1.839      2.788      1.994      3.889      0.000
    79         21  (g)                -33    76    77   150   151   128   127      1.839     -2.788     58.487     58.582      0.000
    80          1  (d)                -31   781   781    82    83   130     0      0.000      0.000    626.903    626.903      0.000
    81         -2  (ubar)             -31   782   782    82    83     0   130      0.000      0.000     -0.147      0.147      0.000
    82          1  (d)                -33    80    81   111   112   131     0     -3.230      0.164    608.347    608.356      0.330
    83         -2  (ubar)             -33    80    81   113   113     0   131      3.230     -0.164     18.409     18.694      0.330
    84         21  (g)                -51    51     0   325   325   113   132     -3.865     -0.468     -0.624      3.942      0.000
    85         21  (g)                -51    51     0   257   258   132   101     -2.091      6.074     -3.485      7.309      0.000
    86         21  (g)                -52    70    70   226   226   101   124     -3.156     -2.878    -11.778     12.528      0.000
    87         21  (g)                -42   100     0    59    59   117   116     -0.000      0.000      0.654      0.654      0.000
    88         21  (g)                -41   101   101    91    60   116   133      0.000     -0.000   -290.834    290.834      0.000
    89         21  (g)                -44    61    61   102   102   117   118     -4.168      3.631    -13.327     14.428      0.000
    90          4  (c)                -44    62    62   103   103   118     0      4.306     -6.190   -209.031    209.172      1.500
    91         -4  (cbar)             -43    88     0   104   104     0   133     -0.138      2.559    -67.823     67.888      1.500
    92          2  (u)                -31   114   114    94    95   134     0      0.000      0.000   1068.892   1068.892      0.000
    93         21  (g)                -31   115     0    94    95   135   136      0.000      0.000     -0.383      0.383      0.000
    94          2  (u)                -33    92    93   116   116   135     0     -2.866     -1.258   1062.448   1062.452      0.330
    95         21  (g)                -33    92    93   117   117   134   136      2.866      1.258      6.062      6.823      0.000
    96         21  (g)                -31   128   128    98    99   138   137      0.000      0.000     57.618     57.618      0.000
    97         21  (g)                -31   129     0    98    99   140   139      0.000      0.000     -1.565      1.565      0.000
    98         21  (g)                -33    96    97   130   130   140   137     -3.072      0.134      0.029      3.075      0.000
    99         21  (g)                -33    96    97   131   131   138   139      3.072     -0.134     56.024     56.108      0.000
   100         21  (g)                -41   508   508   105    87   117   141      0.000     -0.000     44.545     44.545      0.000
   101         21  (g)                -42   439   439    88    88   116   133      0.000      0.000   -290.834    290.834      0.000
   102         21  (g)                -44    89    89   124   124   117   118     -5.766      1.805    -15.843     16.956      0.000
   103          4  (c)                -44    90    90   122   123   118     0      4.101     -6.424   -211.047    211.190      1.500
   104         -4  (cbar)             -44    91    91   752   752     0   133     -0.232      2.451    -63.236     63.302      1.500
   105         21  (g)                -43   100     0   437   438   116   141      1.898      2.167     43.837     43.931      0.000
   106         21  (g)                -41   276   276   110    66   142   121      0.000      0.000    133.762    133.762      0.000
   107         21  (g)                -42   277     0    67    67   122   123     -0.000      0.000     -2.337      2.337      0.000
   108    9941103  (psi(2S)[1S0(8)])  -44    68    68   278   278   120   123     -1.098      1.532     11.764     12.532      3.886
   109         21  (g)                -44    69    69   279   279   122   121      3.330     -3.297      0.900      4.772      0.000
   110         21  (g)                -43   106     0   280   280   142   120     -2.232      1.765    118.761    118.795      0.000
   111          1  (d)                -51    82     0   407   407   143     0     -3.843     -1.305    561.141    561.156      0.330
   112         21  (g)                -51    82     0   405   406   131   143      1.046      1.447     49.621     49.653      0.000
   113         -2  (ubar)             -52    83    83   594   594     0   131      2.797     -0.142     15.993     16.240      0.330
   114          2  (u)                -42   153   153    92    92   134     0     -0.000      0.000   1068.892   1068.892      0.000
   115         21  (g)                -41   154     0   118    93   144   136      0.000     -0.000    -43.808     43.808      0.000
   116          2  (u)                -44    94    94   119   120   135     0     -2.876     -1.245   1060.747   1060.751      0.330
   117         21  (g)                -44    95    95   156   156   134   136      1.357      3.246      7.725      8.488      0.000
   118         21  (g)                -43   115     0   121   121   144   135      1.518     -2.000    -43.388     43.460      0.000
   119          2  (u)                -51   116     0   155   155   145     0     -0.981     -2.832   1016.092   1016.096      0.330
   120         21  (g)                -51   116     0   158   158   135   145     -1.893      1.585     44.621     44.689      0.000
   121         21  (g)                -52   118   118   157   157   144   135      1.517     -1.999    -43.354     43.426      0.000
   122          4  (c)                -51   103     0   241   241   146     0      3.625     -2.363    -77.840     77.975      1.500
   123         21  (g)                -51   103     0   239   240   118   146      0.212     -3.978   -133.932    133.991      0.000
   124         21  (g)                -52   102   102   382   382   117   118     -5.502      1.723    -15.118     16.180      0.000
   125         21  (g)                -51    65     0   210   210   147   105      2.635     -7.058    -15.820     17.522      0.000
   126         21  (g)                -51    65     0   140   141   111   147      4.052     -8.541    -10.054     13.800      0.000
   127         21  (g)                -52    44    44   142   142   102   111     -6.805    -13.498     -2.304     15.292      0.000
   128         21  (g)                -42   248   248    96    96   138   137     -0.000      0.000     57.618     57.618      0.000
   129         21  (g)                -41   229   229   132    97   140   148      0.000     -0.000   -375.205    375.205      0.000
   130         21  (g)                -44    98    98   227   228   140   137     -0.872     -0.529     -1.379      1.715      0.000
   131         21  (g)                -44    99    99   168   168   138   139      3.133     -0.153     57.403     57.489      0.000
   132         21  (g)                -43   129     0   166   167   139   148     -2.261      0.681   -373.611    373.619      0.000
   133         21  (g)                -31   303     0   135   136   151   150      0.000      0.000      0.309      0.309      0.000
   134         -1  (dbar)             -31   304   304   135   136     0   149      0.000      0.000   -436.029    436.029      0.000
   135         21  (g)                -33   133   134   305   305   151   149      0.106     -2.327     -4.125      4.737      0.000
   136         -1  (dbar)             -33   133   134   306   306     0   150     -0.106      2.327   -431.594    431.601      0.330
   137         21  (g)                -51    63     0   335   335   119   152      0.848      5.063     52.978     53.226      0.000
   138         21  (g)                -51    63     0   347   347   152   115      0.943      0.726      2.413      2.690      0.000
   139         21  (g)                -52    57    57   341   341   115   109     -3.462      4.496     32.245     32.740      0.000
   140         21  (g)                -51   126     0   346   346   153   147      3.727     -3.918     -5.842      7.961      0.000
   141         21  (g)                -51   126     0   348   348   111   153     -0.574     -6.405     -4.516      7.858      0.000
   142         21  (g)                -52   127   127   317   318   102   111     -5.907    -11.717     -2.000     13.274      0.000
   143         21  (g)                -31   218     0   145   146   154   155      0.000      0.000      8.611      8.611      0.000
   144         21  (g)                -31   219   219   145   146   155   156      0.000      0.000    -33.234     33.234      0.000
   145         21  (g)                -33   143   144   169   170   154   157     -0.034     -2.195      8.434      8.715      0.000
   146         21  (g)                -33   143   144   171   171   157   156      0.034      2.195    -33.057     33.130      0.000
   147          2  (u)                -51    75     0   331   331   158     0    -15.347      1.080   -170.988    171.679      0.330
   148         21  (g)                -51    75     0   349   349   108   158     -2.889      2.896    -38.376     38.594      0.000
   149         21  (g)                -52    74    74   344   344   125   108     -6.650      9.493   -128.558    129.079      0.000
   150         21  (g)                -51    79     0   163   163   159   127     -0.424     -0.492     39.012     39.017      0.000
   151         21  (g)                -51    79     0   164   164   128   159      2.263     -2.296     19.387     19.653      0.000
   152         21  (g)                -53   161     0    77    77   128   129      0.000      0.000     -1.084      1.084      0.000
   153          2  (u)                -42   790   790   114   114   134     0      0.000     -0.000   1068.892   1068.892      0.000
   154         21  (g)                -41   791   791   159   115   144   160     -0.000      0.000   -256.342    256.342      0.000
   155          2  (u)                -44   119   119   207   207   145     0     -0.982     -2.832   1016.061   1016.065      0.330
   156         21  (g)                -44   117   117   247   247   134   136      1.340      3.252      7.720      8.483      0.000
   157         21  (g)                -44   121   121   188   189   144   135     -0.496     -1.294    -43.380     43.402      0.000
   158         21  (g)                -44   120   120   190   190   135   145     -1.895      1.585     44.677     44.745      0.000
   159         21  (g)                -43   154     0   245   246   136   160      2.032     -0.712   -212.527    212.538      0.000
   160         21  (g)                -42   195     0    76    76   126   127      0.000      0.000     61.476     61.476      0.000
   161         21  (g)                -41   196   196   165   152   128   161     -0.000      0.000    -83.502     83.502      0.000
   162         21  (g)                -44    78    78   197   197   126   129     -3.588      2.101      3.516      5.445      0.000
   163         21  (g)                -44   150   150   198   198   159   127     -0.429     -0.494     38.901     38.906      0.000
   164         21  (g)                -44   151   151   199   199   128   159      2.017     -2.392     17.942     18.213      0.000
   165         21  (g)                -43   161     0   200   200   129   161      1.999      0.785    -82.385     82.413      0.000
   166         21  (g)                -51   132     0   202   203   162   148     -1.832     -0.500   -372.409    372.414      0.000
   167         21  (g)                -51   132     0   204   204   139   162     -0.411      1.181     -0.879      1.529      0.000
   168         21  (g)                -52   131   131   251   251   138   139      3.115     -0.152     57.080     57.165      0.000
   169         21  (g)                -51   145     0   220   220   154   163     -1.967     -0.840      5.489      5.891      0.000
   170         21  (g)                -51   145     0   222   222   163   157      1.934     -1.320      2.410      3.360      0.000
   171         21  (g)                -52   146   146   221   221   157   156      0.034      2.160    -32.522     32.594      0.000
   172         21  (g)                -31   176     0   174   175   164   165      0.000      0.000    107.644    107.644      0.000
   173         21  (g)                -31   177   177   174   175   166   164      0.000      0.000     -5.042      5.042      0.000
   174         21  (g)                -33   172   173   178   178   166   167     -0.826     -1.791     -4.839      5.226      0.000
   175         21  (g)                -33   172   173   179   179   167   165      0.826      1.791    107.442    107.460      0.000
   176         21  (g)                -41   211   211   180   172   168   165     -0.000      0.000    169.375    169.375      0.000
   177         21  (g)                -42   212     0   173   173   166   164      0.000     -0.000     -5.042      5.042      0.000
   178         21  (g)                -44   174   174   187   187   166   167     -0.829     -1.789     -4.809      5.197      0.000
   179         21  (g)                -44   175   175   185   186   167   165     -0.576      3.117    107.939    107.986      0.000
   180         21  (g)                -43   176     0   215   215   168   164      1.404     -1.328     61.203     61.233      0.000
   181         21  (g)                -31   866   866   183   184   170   169      0.000      0.000      1.148      1.148      0.000
   182         21  (g)                -31   867   867   183   184   172   171      0.000      0.000   -182.366    182.366      0.000
   183         21  (g)                -33   181   182   868   868   172   169      1.457     -1.257   -181.552    181.562      0.000
   184         21  (g)                -33   181   182   869   869   170   171     -1.457      1.257      0.334      1.952      0.000
   185         21  (g)                -51   179     0   214   214   173   165      1.210      3.135     96.022     96.081      0.000
   186         21  (g)                -51   179     0   216   216   167   173     -1.798     -0.044     11.846     11.982      0.000
   187         21  (g)                -52   178   178   213   213   166   167     -0.816     -1.762     -4.738      5.120      0.000
   188         21  (g)                -51   157     0   316   316   144   174     -1.552      0.330    -35.929     35.964      0.000
   189         21  (g)                -51   157     0   287   287   174   135      1.051     -1.620     -7.320      7.570      0.000
   190         21  (g)                -52   158   158   205   206   135   145     -1.889      1.581     44.545     44.613      0.000
   191         21  (g)                -31   470   470   193   194   176   175      0.000      0.000     31.849     31.849      0.000
   192         21  (g)                -31   471     0   193   194   178   177      0.000      0.000     -1.364      1.364      0.000
   193         21  (g)                -33   191   192   472   472   178   175      1.439      1.100     -0.724      1.951      0.000
   194         21  (g)                -33   191   192   473   473   176   177     -1.439     -1.100     31.210     31.262      0.000
   195         21  (g)                -41   770   770   201   160   179   127      0.000     -0.000     62.731     62.731      0.000
   196         21  (g)                -42   771   771   161   161   128   161     -0.000      0.000    -83.502     83.502      0.000
   197         21  (g)                -44   162   162   360   361   126   129     -3.658      2.173      3.509      5.515      0.000
   198         21  (g)                -44   163   163   538   538   159   127     -1.036      0.129     39.169     39.183      0.000
   199         21  (g)                -44   164   164   536   537   128   159      1.735     -2.103     18.102     18.306      0.000
   200         21  (g)                -44   165   165   362   362   129   161      1.999      0.785    -81.804     81.832      0.000
   201         21  (g)                -43   195     0   529   529   179   126      0.960     -0.983      0.254      1.398      0.000
   202         21  (g)                -51   166     0   252   252   180   148     -1.624     -2.009   -287.038    287.049      0.000
   203         21  (g)                -51   166     0   254   254   162   180     -0.221      1.547    -85.400     85.414      0.000
   204         21  (g)                -52   167   167   253   253   139   162     -0.398      1.142     -0.851      1.479      0.000
   205         21  (g)                -51   190     0   285   286   135   181     -3.054      1.128     85.909     85.971      0.000
   206         21  (g)                -51   190     0   242   243   181   145      1.047      0.114     80.230     80.237      0.000
   207          2  (u)                -52   155   155   244   244   145     0     -0.864     -2.493    894.467    894.471      0.330
   208         21  (g)                -51    64     0   260   261   182   119      4.686     -2.332      4.120      6.661      0.000
   209         21  (g)                -51    64     0   262   262   105   182      1.416      1.003     -0.334      1.767      0.000
   210         21  (g)                -52   125   125   337   337   147   105      2.507     -6.715    -15.051     16.670      0.000
   211         21  (g)                -42   853   853   176   176   168   165     -0.000      0.000    169.375    169.375      0.000
   212         21  (g)                -41   469   469   217   177   166   183      0.000     -0.000    -20.380     20.380      0.000
   213         21  (g)                -44   187   187   320   321   166   167     -0.429     -3.330     -4.363      5.506      0.000
   214         21  (g)                -44   185   185   856   856   173   165      1.212      3.126     95.470     95.529      0.000
   215         21  (g)                -44   180   180   284   284   168   164      1.406     -1.333     61.404     61.435      0.000
   216         21  (g)                -44   186   186   322   322   167   173     -1.792     -0.066     11.772     11.908      0.000
   217         21  (g)                -43   212     0   282   283   164   183     -0.397      1.604    -15.289     15.378      0.000
   218         -3  (sbar)             -41   842   842   223   143     0   155     -0.000     -0.000     44.466     44.466      0.000
   219         21  (g)                -42   843   843   144   144   155   156     -0.000     -0.000    -33.234     33.234      0.000
   220         21  (g)                -44   169   169   288   289   154   163     -2.019     -1.917      5.367      6.046      0.000
   221         21  (g)                -44   171   171   299   299   157   156      0.033      2.153    -32.223     32.295      0.000
   222         21  (g)                -44   170   170   290   290   163   157      1.907     -1.867      2.278      3.509      0.000
   223         -3  (sbar)             -43   218     0   847   847     0   154      0.078      1.631     35.810     35.850      0.500
   224         21  (g)                -51    71     0   308   309   184   112     -1.663     -5.365    -60.827     61.085      0.000
   225         21  (g)                -51    71     0   351   351   124   184     -0.098      0.518    -10.573     10.587      0.000
   226         21  (g)                -52    86    86   259   259   101   124     -2.638     -2.405     -9.845     10.472      0.000
   227         21  (g)                -51   130     0   250   250   185   137     -0.259      1.218     -3.334      3.559      0.000
   228         21  (g)                -51   130     0   255   255   140   185     -0.613     -1.747    -15.364     15.475      0.000
   229         21  (g)                -53   249     0   129   129   140   148      0.000     -0.000   -392.524    392.524      0.000
   230         21  (g)                -31   234     0   232   233   186   187      0.000      0.000      0.229      0.229      0.000
   231         21  (g)                -31   235   235   232   233   188   189      0.000      0.000    -26.402     26.402      0.000
   232         21  (g)                -33   230   231   236   236   186   189      1.030      1.193    -23.303     23.357      0.000
   233         21  (g)                -33   230   231   237   237   188   187     -1.030     -1.193     -2.870      3.274      0.000
   234         21  (g)                -41   396   396   238   230   186   190     -0.000      0.000     92.511     92.511      0.000
   235         21  (g)                -42   397     0   231   231   188   189     -0.000     -0.000    -26.402     26.402      0.000
   236         21  (g)                -44   232   232   398   398   186   189      1.135      1.338    -26.296     26.355      0.000
   237         21  (g)                -44   233   233   399   399   188   187     -0.229     -0.098      0.152      0.292      0.000
   238         21  (g)                -43   234     0   400   400   187   190     -0.906     -1.240     92.253     92.266      0.000
   239         21  (g)                -51   123     0   380   381   118   191      0.491     -3.676    -72.994     73.088      0.000
   240         21  (g)                -51   123     0   755   755   191   146      1.141     -0.862    -79.105     79.118      0.000
   241          4  (c)                -52   122   122   751   751   146     0      2.205     -1.803    -59.672     59.759      1.500
   242         21  (g)                -51   206     0   798   798   181   192      0.172     -1.308     95.229     95.238      0.000
   243         21  (g)                -51   206     0   799   799   192   145      0.326     -0.119    535.921    535.921      0.000
   244          2  (u)                -52   207   207   792   792   145     0     -0.314     -0.952    343.547    343.549      0.330
   245         21  (g)                -51   159     0   494   495   193   160      2.980     -0.244   -209.944    209.965      0.000
   246         21  (g)                -51   159     0   296   296   136   193     -0.930     -0.424     -2.482      2.684      0.000
   247         21  (g)                -52   156   156   294   295   134   136      1.322      3.209      7.619      8.372      0.000
   248         21  (g)                -42   263     0   128   128   138   137      0.000      0.000     57.618     57.618      0.000
   249         21  (g)                -41   264   264   256   229   194   148     -0.000     -0.000   -797.134    797.134      0.000
   250         21  (g)                -44   227   227   265   265   185   137     -0.271      1.212     -3.335      3.558      0.000
   251         21  (g)                -44   168   168   266   266   138   139      3.115     -0.152     57.073     57.158      0.000
   252         21  (g)                -44   202   202   267   267   180   148     -2.566     -2.571   -287.046    287.069      0.000
   253         21  (g)                -44   204   204   268   268   139   162     -0.402      1.140     -0.851      1.479      0.000
   254         21  (g)                -44   203   203   269   269   162   180     -0.501      1.380    -85.405     85.417      0.000
   255         21  (g)                -44   228   228   270   270   140   185     -0.664     -1.777    -15.362     15.478      0.000
   256         21  (g)                -43   249     0   271   271   194   140      1.288      0.769   -404.590    404.592      0.000
   257         21  (g)                -51    85     0   323   324   132   195     -3.055      5.915     -4.260      7.903      0.000
   258         21  (g)                -51    85     0   352   352   195   101      0.598     -0.174     -0.592      0.859      0.000
   259         21  (g)                -52   226   226   338   338   101   124     -2.272     -2.072     -8.478      9.019      0.000
   260         21  (g)                -51   208     0   342   342   196   119      2.091     -0.195     -0.066      2.101      0.000
   261         21  (g)                -51   208     0   353   353   182   196      3.312     -1.628      4.017      5.455      0.000
   262         21  (g)                -52   209   209   350   350   105   182      0.699      0.495     -0.165      0.872      0.000
   263         21  (g)                -41   415     0   272   248   138   197      0.000     -0.000    201.364    201.364      0.000
   264         21  (g)                -42   416   416   249   249   194   148     -0.000      0.000   -797.134    797.134      0.000
   265         21  (g)                -44   250   250   417   417   185   137     -0.268      1.210     -3.326      3.549      0.000
   266         21  (g)                -44   251   251   418   418   138   139      4.437     -0.703     57.028     57.204      0.000
   267         21  (g)                -44   252   252   419   419   180   148     -2.566     -2.571   -287.024    287.047      0.000
   268         21  (g)                -44   253   253   273   274   139   162     -0.395      1.137     -0.841      1.468      0.000
   269         21  (g)                -44   254   254   275   275   162   180     -0.501      1.380    -85.391     85.403      0.000
   270         21  (g)                -44   255   255   300   301   140   185     -0.662     -1.778    -15.362     15.479      0.000
   271         21  (g)                -44   256   256   302   302   194   140      1.288      0.768   -404.594    404.597      0.000
   272         21  (g)                -43   263     0   424   424   137   197     -1.334      0.556    143.742    143.749      0.000
   273         21  (g)                -51   268     0   420   420   139   198      0.184      0.586     -0.022      0.614      0.000
   274         21  (g)                -51   268     0   425   425   198   162     -0.654      0.759    -13.705     13.741      0.000
   275         21  (g)                -52   269   269   421   421   162   180     -0.425      1.171    -72.506     72.516      0.000
   276         21  (g)                -42   761   761   106   106   142   121      0.000     -0.000    133.762    133.762      0.000
   277         21  (g)                -41   762   762   281   107   199   123     -0.000      0.000    -79.506     79.506      0.000
   278    9941103  (psi(2S)[1S0(8)])  -44   108   108   514   514   120   123     -1.225      1.732     12.357     13.126      3.886
   279         21  (g)                -44   109   109   610   611   122   121      2.693     -2.289     -0.328      3.550      0.000
   280         21  (g)                -44   110   110   512   513   142   120     -2.238      1.774    119.385    119.419      0.000
   281         21  (g)                -43   277     0   612   612   199   122      0.769     -1.216    -77.159     77.172      0.000
   282         21  (g)                -51   217     0   524   525   200   183     -0.846      2.553    -14.890     15.131      0.000
   283         21  (g)                -51   217     0   436   436   164   200      0.471     -0.971      0.578      1.224      0.000
   284         21  (g)                -52   215   215   434   435   168   164      1.383     -1.312     60.428     60.458      0.000
   285         21  (g)                -51   205     0   795   795   201   181     -0.637      0.964     55.095     55.107      0.000
   286         21  (g)                -51   205     0   408   409   135   201     -2.413      0.158     30.792     30.887      0.000
   287         21  (g)                -52   189   189   314   315   174   135      1.048     -1.615     -7.298      7.547      0.000
   288         21  (g)                -51   220     0   844   844   154   202     -1.180     -0.454      4.327      4.508      0.000
   289         21  (g)                -51   220     0   659   659   202   163     -0.054     -2.231      1.977      2.982      0.000
   290         21  (g)                -52   222   222   297   298   163   157      1.123     -1.099      1.341      2.066      0.000
   291         21  (g)                -51    73     0   334   334   203   125      1.855     -0.096    -14.625     14.742      0.000
   292         21  (g)                -51    73     0   354   354   110   203      0.141      1.426    -34.781     34.810      0.000
   293         21  (g)                -52    72    72   310   310   112   110      3.894      1.735   -224.956    224.997      0.000
   294         21  (g)                -51   247     0   393   394   134   204      0.563      0.841      5.220      5.318      0.000
   295         21  (g)                -51   247     0   395   395   204   136      0.683      2.333      2.194      3.275      0.000
   296         21  (g)                -52   246   246   496   496   136   193     -0.854     -0.390     -2.278      2.464      0.000
   297         21  (g)                -51   290     0   547   547   163   205      1.944     -0.621      0.963      2.256      0.000
   298         21  (g)                -51   290     0   463   463   205   157     -0.818     -0.325     -1.918      2.110      0.000
   299         21  (g)                -52   221   221   461   462   157   156      0.031      2.000    -29.927     29.994      0.000
   300         21  (g)                -51   270     0   422   422   206   185      0.788     -1.624    -25.336     25.400      0.000
   301         21  (g)                -51   270     0   426   426   140   206     -1.362     -0.101    -17.697     17.750      0.000
   302         21  (g)                -52   271   271   423   423   194   140      1.200      0.716   -376.924    376.927      0.000
   303         21  (g)                -41   833   833   307   133   207   150     -0.000      0.000    576.683    576.683      0.000
   304         -1  (dbar)             -42   600   600   134   134     0   149      0.000      0.000   -436.029    436.029      0.000
   305         21  (g)                -44   135   135   404   404   151   149      0.292     -1.102     -0.751      1.365      0.000
   306         -1  (dbar)             -44   136   136   836   836     0   150     -0.104      2.340   -434.967    434.973      0.330
   307         21  (g)                -43   303     0   402   403   207   151     -0.188     -1.238    576.371    576.373      0.000
   308         21  (g)                -51   224     0   343   343   184   208     -1.447     -3.614    -32.821     33.052      0.000
   309         21  (g)                -51   224     0   355   355   208   112      0.039     -1.638    -42.722     42.753      0.000
   310         21  (g)                -52   293   293   336   336   112   110      3.640      1.622   -210.240    210.277      0.000
   311         21  (g)                -51    54     0   340   340   104   209      3.127      3.943    -82.688     82.841      0.000
   312         21  (g)                -51    54     0   356   356   209   114     -0.752     -0.048    -11.244     11.269      0.000
   313         21  (g)                -52    53    53   329   329   114   107     26.068    -17.465    -40.566     51.285      0.000
   314         21  (g)                -51   287     0   410   410   210   135      1.505     -1.498    -11.091     11.293      0.000
   315         21  (g)                -51   287     0   493   493   174   210     -0.948     -0.012     -7.566      7.625      0.000
   316         21  (g)                -52   188   188   794   794   144   174     -1.062      0.226    -24.569     24.593      0.000
   317         21  (g)                -51   142     0   330   330   211   111     -2.322     -3.903      0.306      4.551      0.000
   318         21  (g)                -51   142     0   357   357   102   211     -3.632     -7.877     -2.642      9.067      0.000
   319         21  (g)                -52    38    38   333   333   107   102     -3.397     -4.539    -24.490     25.138      0.000
   320         21  (g)                -51   213     0   467   468   166   212     -0.881     -3.549     -2.844      4.632      0.000
   321         21  (g)                -51   213     0   861   861   212   167      0.397      0.217     -1.156      1.241      0.000
   322         21  (g)                -52   216   216   858   858   167   173     -1.737     -0.064     11.408     11.540      0.000
   323         21  (g)                -51   257     0   345   345   213   195     -3.742      4.306     -3.144      6.514      0.000
   324         21  (g)                -51   257     0   358   358   132   213      0.127      1.541     -1.207      1.962      0.000
   325         21  (g)                -52    84    84   339   339   113   132     -3.304     -0.400     -0.533      3.370      0.000
   326         21  (g)                -41   690   690   359    58   106   214     -0.000     -0.000    556.179    556.179      0.000
   327          2  (u)                -42   388   388    32    32   103     0      0.000      0.000  -3240.242   3240.242      0.000
   328         21  (g)                -44    55    55   386   387   103   104      4.364     19.797  -2333.001   2333.089      0.000
   329         21  (g)                -44   313   313   480   480   114   107     26.064    -17.503    -40.617     51.337      0.000
   330         21  (g)                -44   317   317   597   597   211   111     -2.324     -3.920      0.291      4.566      0.000
   331          2  (u)                -44   147   147   695   695   158     0    -15.347      1.077   -170.990    171.681      0.330
   332         21  (g)                -44    50    50   452   453   106   113     -4.238      2.920     51.587     51.843      0.000
   333         21  (g)                -44   319   319   363   364   107   102     -3.397     -4.542    -24.507     25.155      0.000
   334         21  (g)                -44   291   291   530   531   203   125      1.855     -0.097    -14.624     14.742      0.000
   335         21  (g)                -44   137   137   385   385   119   152      0.808      4.689     52.995     53.208      0.000
   336         21  (g)                -44   310   310   475   476   112   110      3.640      1.622   -210.232    210.270      0.000
   337         21  (g)                -44   210   210   433   433   147   105      2.506     -6.721    -15.074     16.693      0.000
   338         21  (g)                -44   259   259   702   702   101   124     -2.272     -2.073     -8.486      9.027      0.000
   339         21  (g)                -44   325   325   454   454   113   132     -3.305     -0.410     -0.536      3.373      0.000
   340         21  (g)                -44   311   311   448   448   104   209      3.127      3.942    -82.673     82.826      0.000
   341         21  (g)                -44   139   139   606   606   115   109     -3.487      4.267     32.259     32.726      0.000
   342         21  (g)                -44   260   260   383   384   196   119      2.090     -0.203     -0.066      2.101      0.000
   343         21  (g)                -44   308   308   707   707   184   208     -1.447     -3.614    -32.835     33.065      0.000
   344         21  (g)                -44   149   149   532   532   125   108     -6.650      9.491   -128.527    129.048      0.000
   345         21  (g)                -44   323   323   539   540   213   195     -3.744      4.294     -3.130      6.500      0.000
   346         21  (g)                -44   140   140   572   572   153   147      3.726     -3.925     -5.855      7.973      0.000
   347         21  (g)                -44   138   138   609   609   152   115      0.941      0.708      2.416      2.688      0.000
   348         21  (g)                -44   141   141   595   596   111   153     -0.575     -6.416     -4.539      7.880      0.000
   349         21  (g)                -44   148   148   713   713   108   158     -2.889      2.896    -38.367     38.585      0.000
   350         21  (g)                -44   262   262   431   432   105   182      0.699      0.493     -0.163      0.870      0.000
   351         21  (g)                -44   225   225   715   715   124   184     -0.098      0.518    -10.572     10.585      0.000
   352         21  (g)                -44   258   258   541   541   195   101      0.598     -0.175     -0.592      0.859      0.000
   353         21  (g)                -44   261   261   717   717   182   196      3.309     -1.662      4.012      5.459      0.000
   354         21  (g)                -44   292   292   668   668   110   203      0.141      1.426    -34.776     34.805      0.000
   355         21  (g)                -44   309   309   477   477   208   112      0.039     -1.638    -42.727     42.759      0.000
   356         21  (g)                -44   312   312   478   479   209   114     -0.752     -0.048    -11.244     11.269      0.000
   357         21  (g)                -44   318   318   365   365   102   211     -3.635     -7.899     -2.672      9.097      0.000
   358         21  (g)                -44   324   324   722   722   132   213      0.127      1.538     -1.201      1.956      0.000
   359         21  (g)                -43   326     0   604   605   109   214      0.127      1.168    390.383    390.385      0.000
   360          1  (d)                -51   197     0   527   528   126     0     -0.546      1.610      0.551      1.817      0.330
   361         -1  (dbar)             -51   197     0   368   368     0   129     -3.102      0.566      2.572      4.083      0.330
   362         21  (g)                -52   200   200   366   367   129   161      1.990      0.782    -81.418     81.446      0.000
   363         21  (g)                -51   333     0   369   370   107   215     -3.456     -5.012    -24.836     25.572      0.000
   364         21  (g)                -51   333     0   371   371   215   102     -0.226     -0.148      0.120      0.295      0.000
   365         21  (g)                -52   357   357   721   721   102   211     -3.350     -7.281     -2.462      8.385      0.000
   366         21  (g)                -51   362     0   775   775   216   161     -0.681      0.465     -1.995      2.159      0.000
   367         21  (g)                -51   362     0   778   778   129   216      2.587      0.332    -79.354     79.397      0.000
   368         -1  (dbar)             -52   361   361   777   777     0   129     -3.019      0.551      2.503      3.974      0.330
   369         21  (g)                -51   363     0   697   697   107   217     -1.750     -2.802    -17.634     17.940      0.000
   370         21  (g)                -51   363     0   725   725   217   215     -1.774     -2.254     -7.167      7.720      0.000
   371         21  (g)                -52   364   364   724   724   215   102     -0.158     -0.104      0.084      0.207      0.000
   372          1  (d)                -31   442   442   374   375   218     0      0.000      0.000    326.201    326.201      0.000
   373         21  (g)                -31   888   888   374   375   219   220      0.000      0.000    -48.572     48.572      0.000
   374          1  (d)                -33   372   373   889   889   219     0      1.064      0.338    326.194    326.196      0.330
   375         21  (g)                -33   372   373   440   441   218   220     -1.064     -0.338    -48.565     48.578      0.000
   376         21  (g)                -31   893   893   378   379   221   222      0.000      0.000     10.176     10.176      0.000
   377         21  (g)                -31   894   894   378   379   222   223      0.000      0.000     -0.843      0.843      0.000
   378         21  (g)                -33   376   377   488   489   221   224      1.063     -0.338      9.761      9.825      0.000
   379         21  (g)                -33   376   377   490   490   224   223     -1.063      0.338     -0.428      1.195      0.000
   380         21  (g)                -51   239     0   505   505   225   191      0.058     -3.783    -73.934     74.030      0.000
   381         21  (g)                -51   239     0   503   504   118   225     -0.028      0.251     -0.327      0.413      0.000
   382         21  (g)                -52   124   124   506   507   117   118     -5.041      1.578    -13.851     14.824      0.000
   383         21  (g)                -51   342     0   654   655   196   226      1.768     -1.075      0.182      2.077      0.000
   384         21  (g)                -51   342     0   639   640   226   119      0.359      1.088      2.192      2.474      0.000
   385         21  (g)                -52   335   335   641   641   119   152      0.770      4.473     50.555     50.758      0.000
   386         21  (g)                -51   328     0   446   447   227   104      4.746     19.189  -2370.063   2370.145      0.000
   387         21  (g)                -51   328     0   727   727   103   227     -0.382      0.608    -45.712     45.717      0.000
   388          2  (u)                -53   691   691   327   327   103     0     -0.000      0.000  -3323.015   3323.015      0.000
   389         21  (g)                -31   677     0   391   392   229   228      0.000      0.000      6.617      6.617      0.000
   390         21  (g)                -31   678   678   391   392   231   230      0.000      0.000    -48.790     48.790      0.000
   391         21  (g)                -33   389   390   679   679   231   228      0.641      0.853      6.569      6.655      0.000
   392         21  (g)                -33   389   390   680   680   229   230     -0.641     -0.853    -48.741     48.753      0.000
   393         21  (g)                -51   294     0   793   793   134   232      0.198      0.697      4.725      4.780      0.000
   394         21  (g)                -51   294     0   804   804   232   204      0.801      1.632      1.895      2.626      0.000
   395         21  (g)                -52   295   295   802   802   204   136      0.248      0.846      0.795      1.187      0.000
   396         21  (g)                -42   451   451   234   234   186   190     -0.000      0.000     92.511     92.511      0.000
   397         21  (g)                -41   580     0   401   235   188   233      0.000     -0.000    -28.166     28.166      0.000
   398         21  (g)                -44   236   236   449   450   186   189      1.632      0.438    -26.345     26.400      0.000
   399         21  (g)                -44   237   237   533   534   188   187     -0.228     -0.100      0.151      0.291      0.000
   400         21  (g)                -44   238   238   535   535   187   190     -0.906     -1.240     92.101     92.114      0.000
   401         21  (g)                -43   397     0   481   482   189   233     -0.498      0.902     -1.562      1.871      0.000
   402         21  (g)                -51   307     0   542   543   207   234     -1.069     -1.554    496.201    496.205      0.000
   403         21  (g)                -51   307     0   544   544   234   151      0.882      0.312     80.168     80.173      0.000
   404         21  (g)                -52   305   305   591   591   151   149      0.290     -1.098     -0.748      1.360      0.000
   405         21  (g)                -51   112     0   561   562   131   235      0.382      1.618     41.253     41.287      0.000
   406         21  (g)                -51   112     0   563   563   235   143      0.097     -0.364     90.957     90.958      0.000
   407          1  (d)                -52   111   111   783   783   143     0     -3.276     -1.112    478.552    478.565      0.330
   408         21  (g)                -51   286     0   801   801   236   201     -2.057      1.147     26.055     26.161      0.000
   409         21  (g)                -51   286     0   578   578   135   236     -0.348     -0.997      4.674      4.791      0.000
   410         21  (g)                -52   314   314   491   492   210   135      1.497     -1.489    -11.027     11.227      0.000
   411         21  (g)                -31   903   903   413   414   238   237      0.000      0.000    353.054    353.054      0.000
   412          2  (u)                -31   904   904   413   414   237     0      0.000      0.000     -8.486      8.486      0.000
   413         21  (g)                -33   411   412   445   445   238   239     -0.328     -0.947    353.020    353.022      0.000
   414          2  (u)                -33   411   412   443   444   239     0      0.328      0.947     -8.453      8.518      0.330
   415         21  (g)                -41   619     0   427   263   240   197      0.000     -0.000    370.142    370.142      0.000
   416         21  (g)                -42   620   620   264   264   194   148      0.000     -0.000   -797.134    797.134      0.000
   417         21  (g)                -44   265   265   457   457   185   137     -0.268      1.210     -3.323      3.546      0.000
   418         21  (g)                -44   266   266   515   516   138   139      4.529     -0.966     57.022     57.210      0.000
   419         21  (g)                -44   267   267   623   623   180   148     -2.566     -2.571   -287.027    287.050      0.000
   420         21  (g)                -44   273   273   624   624   139   198      0.184      0.584     -0.021      0.613      0.000
   421         21  (g)                -44   275   275   625   625   162   180     -0.425      1.171    -72.502     72.513      0.000
   422         21  (g)                -44   300   300   566   566   206   185      0.788     -1.624    -25.340     25.404      0.000
   423         21  (g)                -44   302   302   430   430   194   140      1.200      0.716   -376.922    376.925      0.000
   424         21  (g)                -44   272   272   455   456   137   197     -1.102     -0.106    143.744    143.748      0.000
   425         21  (g)                -44   274   274   629   629   198   162     -0.654      0.759    -13.702     13.739      0.000
   426         21  (g)                -44   301   301   428   429   140   206     -1.362     -0.101    -17.696     17.749      0.000
   427         21  (g)                -43   415     0   517   517   240   138     -0.324      0.928    168.776    168.778      0.000
   428         21  (g)                -51   426     0   564   565   241   206     -1.356     -0.854    -35.266     35.303      0.000
   429         21  (g)                -51   426     0   632   632   140   241      0.116      0.826    -21.016     21.032      0.000
   430         21  (g)                -52   423   423   627   627   194   140      1.077      0.643   -338.336    338.339      0.000
   431         21  (g)                -51   350     0   460   460   242   182      0.638     -0.149      0.220      0.691      0.000
   432         21  (g)                -51   350     0   458   459   105   242      0.544     -0.655     -3.290      3.398      0.000
   433         21  (g)                -52   337   337   570   571   147   105      2.023     -5.425    -12.167     13.474      0.000
   434         21  (g)                -51   284     0   857   857   168   243      0.354     -1.437     50.147     50.169      0.000
   435         21  (g)                -51   284     0   502   502   243   164      1.063      0.055     10.322     10.377      0.000
   436         21  (g)                -52   283   283   500   501   164   200      0.438     -0.901      0.536      1.136      0.000
   437         21  (g)                -51   105     0   753   753   244   141      0.935      2.460     40.353     40.438      0.000
   438         21  (g)                -51   105     0   757   757   116   244      0.963     -0.293      3.416      3.561      0.000
   439         21  (g)                -53   749   749   101   101   116   133      0.000      0.000   -290.902    290.902      0.000
   440         21  (g)                -51   375     0   552   553   245   220     -1.392      0.438    -38.189     38.217      0.000
   441         21  (g)                -51   375     0   554   554   218   245      0.328     -0.776    -10.351     10.385      0.000
   442          1  (d)                -53   887   887   372   372   218     0      0.000      0.000    326.226    326.226      0.000
   443          2  (u)                -51   414     0   523   523   246     0      0.253      1.321     -8.414      8.527      0.330
   444         21  (g)                -51   414     0   521   522   239   246      0.072     -0.381      2.433      2.463      0.000
   445         21  (g)                -52   413   413   644   644   238   239     -0.325     -0.940    350.548    350.550      0.000
   446         21  (g)                -51   386     0   692   692   227   247      5.245     18.851  -2292.630   2292.713      0.000
   447         21  (g)                -51   386     0   464   465   247   104     -0.430      0.425    -79.252     79.255      0.000
   448         21  (g)                -52   340   340   466   466   104   209      3.058      3.855    -80.854     81.003      0.000
   449         21  (g)                -51   398     0   483   483   248   189      1.460     -0.370    -25.697     25.741      0.000
   450         21  (g)                -51   398     0   585   585   186   248      0.172      0.807     -0.392      0.914      0.000
   451         21  (g)                -53   579   579   396   396   186   190     -0.000      0.000     92.766     92.766      0.000
   452         21  (g)                -51   332     0   696   696   106   249     -1.425      1.927     25.690     25.802      0.000
   453         21  (g)                -51   332     0   730   730   249   113     -2.838      0.989     25.893     26.067      0.000
   454         21  (g)                -52   339   339   703   703   113   132     -3.280     -0.407     -0.532      3.348      0.000
   455         21  (g)                -51   424     0   628   628   250   197     -0.623      0.598    135.105    135.107      0.000
   456         21  (g)                -51   424     0   633   633   137   250     -0.480     -0.697      8.620      8.661      0.000
   457         21  (g)                -52   417   417   569   569   185   137     -0.266      1.203     -3.304      3.526      0.000
   458         21  (g)                -51   432     0   660   661   105   251     -0.220      0.331     -1.209      1.273      0.000
   459         21  (g)                -51   432     0   731   731   251   242      1.101     -1.065     -1.964      2.491      0.000
   460         21  (g)                -52   431   431   714   714   242   182      0.301     -0.070      0.104      0.326      0.000
   461         21  (g)                -51   299     0   845   845   252   156      0.040      1.764    -29.952     30.004      0.000
   462         21  (g)                -51   299     0   850   850   157   252     -0.249      0.140     -0.538      0.609      0.000
   463         21  (g)                -52   298   298   545   546   205   157     -0.578     -0.230     -1.355      1.491      0.000
   464         21  (g)                -51   447     0   729   729   247   253     -0.857      0.275    -36.487     36.498      0.000
   465         21  (g)                -51   447     0   509   510   253   104      0.813      0.636    -52.959     52.969      0.000
   466         21  (g)                -52   448   448   499   499   104   209      2.673      3.369    -70.660     70.791      0.000
   467         21  (g)                -51   320     0   855   855   254   212     -1.236     -2.518     -3.125      4.199      0.000
   468         21  (g)                -51   320     0   863   863   166   254      0.355     -1.031     -0.476      1.190      0.000
   469         21  (g)                -53   854   854   212   212   166   183      0.000     -0.000    -21.137     21.137      0.000
   470         21  (g)                -42   870   870   191   191   176   175      0.000      0.000     31.849     31.849      0.000
   471         21  (g)                -41   871   871   474   192   255   177     -0.000      0.000    -25.636     25.636      0.000
   472         21  (g)                -44   193   193   872   872   178   175      0.752      0.728     -1.139      1.547      0.000
   473         21  (g)                -44   194   194   873   873   176   177     -1.453     -1.107     31.613     31.665      0.000
   474         21  (g)                -43   471     0   874   874   255   178      0.701      0.379    -24.260     24.274      0.000
   475         21  (g)                -51   336     0   666   667   257   110      3.273      0.768   -197.367    197.396      0.000
   476         21  (g)                -51   336     0   733   733   112   257      0.372      0.618    -19.032     19.046      0.000
   477         21  (g)                -52   355   355   719   719   208   112      0.033     -1.401    -36.560     36.587      0.000
   478         21  (g)                -51   356     0   497   498   209   258     -0.438     -0.854    -10.007     10.053      0.000
   479         21  (g)                -51   356     0   575   575   258   114     -0.011      0.603     -1.707      1.811      0.000
   480         21  (g)                -52   329   329   573   574   114   107     25.762    -17.300    -40.147     50.742      0.000
   481         21  (g)                -51   401     0   584   584   259   233     -0.653      0.267     -0.778      1.050      0.000
   482         21  (g)                -51   401     0   586   586   189   259      0.426      0.567     -5.557      5.602      0.000
   483         21  (g)                -52   449   449   581   581   248   189      1.189     -0.301    -20.924     20.960      0.000
   484          3  (s)                -31   910   910   486   487   260     0      0.000      0.000      0.006      0.006      0.000
   485         21  (g)                -31   911   911   486   487   261   262      0.000      0.000   -118.057    118.057      0.000
   486          3  (s)                -33   484   485   912   912   261     0      0.372     -0.595    -47.962     47.970      0.500
   487         21  (g)                -33   484   485   913   913   260   262     -0.372      0.595    -70.089     70.093      0.000
   488         21  (g)                -51   378     0   895   895   221   263      1.363      0.079      8.733      8.839      0.000
   489         21  (g)                -51   378     0   897   897   263   224     -0.429     -0.375      0.976      1.130      0.000
   490         21  (g)                -52   379   379   896   896   224   223     -0.934      0.297     -0.376      1.050      0.000
   491         21  (g)                -51   410     0   576   577   264   135      1.138     -0.692    -11.438     11.516      0.000
   492         21  (g)                -51   410     0   806   806   210   264      0.035     -0.801     -2.173      2.316      0.000
   493         21  (g)                -52   315   315   803   803   174   210     -0.624     -0.008     -4.982      5.021      0.000
   494         21  (g)                -51   245     0   555   556   265   160     -0.028     -0.589    -33.723     33.728      0.000
   495         21  (g)                -51   245     0   557   557   193   265      2.966      0.326   -176.333    176.358      0.000
   496         21  (g)                -52   296   296   800   800   136   193     -0.812     -0.370     -2.166      2.343      0.000
   497         21  (g)                -51   478     0   720   720   266   258      0.619     -0.514    -14.134     14.157      0.000
   498         21  (g)                -51   478     0   735   735   209   266     -0.682      0.134     -5.805      5.847      0.000
   499         21  (g)                -52   466   466   511   511   104   209      2.297      2.896    -60.729     60.841      0.000
   500         21  (g)                -51   436     0   526   526   267   200      1.105     -0.736      2.339      2.690      0.000
   501         21  (g)                -51   436     0   864   864   164   267     -0.450     -0.154      0.304      0.565      0.000
   502         21  (g)                -52   435   435   862   862   243   164      0.846      0.044      8.215      8.259      0.000
   503         21  (g)                -51   381     0   520   520   118   268     -0.040      0.576     -2.773      2.833      0.000
   504         21  (g)                -51   381     0   758   758   268   225      0.026     -1.185    -14.356     14.405      0.000
   505         21  (g)                -52   380   380   754   754   225   191      0.045     -2.923    -57.131     57.206      0.000
   506         21  (g)                -51   382     0   518   519   269   118     -4.955      1.852    -11.875     13.000      0.000
   507         21  (g)                -51   382     0   759   759   117   269     -0.086     -0.273     -1.890      1.911      0.000
   508         21  (g)                -53   748   748   100   100   117   141      0.000     -0.000     44.631     44.631      0.000
   509         21  (g)                -51   465     0   732   732   253   270      1.599      1.486    -75.503     75.535      0.000
   510         21  (g)                -51   465     0   736   736   270   104      0.213      0.409     -3.873      3.900      0.000
   511         21  (g)                -52   499   499   704   704   104   209      1.298      1.636    -34.311     34.375      0.000
   512         21  (g)                -51   280     0   765   765   142   271     -1.064      1.761     69.967     69.997      0.000
   513         21  (g)                -51   280     0   558   559   271   120     -1.185      0.032     49.301     49.316      0.000
   514    9941103  (psi(2S)[1S0(8)])  -52   278   278   560   560   120   123     -1.213      1.713     12.475     13.233      3.886
   515         21  (g)                -51   418     0   622   622   272   139      3.482      0.004     41.922     42.066      0.000
   516         21  (g)                -51   418     0   634   634   138   272      1.034     -0.932     22.213     22.257      0.000
   517         21  (g)                -52   427   427   631   631   240   138     -0.311      0.889    161.663    161.665      0.000
   518         21  (g)                -51   506     0   750   750   269   273     -1.733      0.815     -6.635      6.906      0.000
   519         21  (g)                -51   506     0   760   760   273   118     -3.240      1.292     -6.469      7.350      0.000
   520         21  (g)                -52   503   503   756   756   118   268     -0.022      0.321     -1.544      1.577      0.000
   521         21  (g)                -51   444     0   642   643   239   274      0.626     -0.628      1.022      1.353      0.000
   522         21  (g)                -51   444     0   908   908   274   246     -0.547      0.283      1.187      1.337      0.000
   523          2  (u)                -52   443   443   906   906   246     0      0.246      1.286     -8.190      8.300      0.330
   524         21  (g)                -51   282     0   859   859   275   183     -0.391      2.255     -8.808      9.100      0.000
   525         21  (g)                -51   282     0   865   865   200   275     -0.438      0.288     -6.048      6.070      0.000
   526         21  (g)                -52   500   500   860   860   267   200      1.089     -0.725      2.305      2.650      0.000
   527          1  (d)                -51   360     0   772   772   276     0     -0.808      0.623     -0.015      1.072      0.330
   528         21  (g)                -51   360     0   779   779   126   276      0.503      0.741      0.629      1.095      0.000
   529         21  (g)                -52   201   201   776   776   179   126      0.720     -0.737      0.190      1.048      0.000
   530         21  (g)                -51   334     0   698   698   203   277      1.518      0.141     -8.121      8.263      0.000
   531         21  (g)                -51   334     0   737   737   277   125     -0.003      0.248    -13.084     13.087      0.000
   532         21  (g)                -52   344   344   708   708   125   108     -6.310      9.005   -121.946    122.441      0.000
   533         21  (g)                -51   399     0   582   582   188   278     -0.790     -0.184      2.451      2.582      0.000
   534         21  (g)                -51   399     0   587   587   278   187      0.447     -0.073      9.357      9.368      0.000
   535         21  (g)                -52   400   400   583   583   187   190     -0.791     -1.083     80.445     80.456      0.000
   536         21  (g)                -51   199     0   774   774   128   279      1.170     -0.420      7.659      7.759      0.000
   537         21  (g)                -51   199     0   780   780   279   159      0.464     -1.671     14.233     14.338      0.000
   538         21  (g)                -52   198   198   773   773   159   127     -0.936      0.116     35.379     35.392      0.000
   539         21  (g)                -51   345     0   709   709   213   281     -1.385      1.787     -0.535      2.323      0.000
   540         21  (g)                -51   345     0   738   738   281   195     -2.271      2.482     -2.681      4.302      0.000
   541         21  (g)                -52   352   352   716   716   195   101      0.510     -0.150     -0.506      0.734      0.000
   542         21  (g)                -51   402     0   837   837   207   282     -1.041     -0.760    425.875    425.877      0.000
   543         21  (g)                -51   402     0   839   839   282   234      0.197     -0.714     90.757     90.760      0.000
   544         21  (g)                -52   403   403   589   590   234   151      0.658      0.232     59.737     59.741      0.000
   545         21  (g)                -51   463     0   849   849   283   157      0.006      0.149     -1.360      1.368      0.000
   546         21  (g)                -51   463     0   851   851   205   283     -0.195     -0.503      0.198      0.575      0.000
   547         21  (g)                -52   297   297   657   658   163   205      1.555     -0.497      0.771      1.805      0.000
   548         -1  (dbar)             -31   914   914   550   551     0   284      0.000      0.000     21.048     21.048      0.000
   549          1  (d)                -31   915   915   550   551   284     0      0.000      0.000     -0.056      0.056      0.000
   550         -1  (dbar)             -33   548   549   916   916     0   285     -0.181     -0.634     18.239     18.254      0.330
   551          1  (d)                -33   548   549   917   917   285     0      0.181      0.634      2.753      2.850      0.330
   552         21  (g)                -51   440     0   890   890   286   220     -1.360      0.224    -22.816     22.857      0.000
   553         21  (g)                -51   440     0   892   892   245   286      0.105     -0.110    -19.701     19.702      0.000
   554         21  (g)                -52   441   441   891   891   218   245      0.191     -0.452     -6.024      6.043      0.000
   555         21  (g)                -51   494     0   796   796   287   160      0.487     -0.625    -86.813     86.817      0.000
   556         21  (g)                -51   494     0   808   808   265   287      0.911      0.192    -31.695     31.709      0.000
   557         21  (g)                -52   495   495   807   807   193   265      1.540      0.169    -91.547     91.560      0.000
   558          1  (d)                -51   513     0   767   767   271     0     -0.048     -0.173     24.598     24.601      0.330
   559         -1  (dbar)             -51   513     0   768   768     0   120     -1.156      0.248     24.487     24.517      0.330
   560    9941103  (psi(2S)[1S0(8)])  -52   514   514   763   763   120   123     -1.195      1.669     12.691     13.430      3.886
   561         21  (g)                -51   405     0   592   593   131   288      0.515      0.960     57.965     57.976      0.000
   562         21  (g)                -51   405     0   648   649   288   235     -0.108      0.563      7.001      7.025      0.000
   563         21  (g)                -52   406   406   650   650   235   143      0.072     -0.269     67.244     67.244      0.000
   564         21  (g)                -51   428     0   630   630   241   289     -0.768     -0.165    -26.378     26.390      0.000
   565         21  (g)                -51   428     0   635   635   289   206     -0.311     -1.258    -17.769     17.817      0.000
   566         21  (g)                -52   422   422   567   568   206   185      0.512     -1.055    -16.459     16.501      0.000
   567         21  (g)                -51   566     0   618   618   206   290      0.516      0.194     -2.565      2.624      0.000
   568         21  (g)                -51   566     0   616   617   290   185     -0.064     -0.980    -14.634     14.667      0.000
   569         21  (g)                -52   457   457   621   621   185   137     -0.207      0.933     -2.563      2.735      0.000
   570         21  (g)                -51   433     0   662   662   291   105      0.425     -2.248     -5.585      6.035      0.000
   571         21  (g)                -51   433     0   739   739   147   291      2.096     -3.702     -7.366      8.507      0.000
   572         21  (g)                -52   346   346   710   710   153   147      3.227     -3.399     -5.071      6.905      0.000
   573         21  (g)                -51   480     0   693   693   292   107     25.155    -16.764    -38.569     49.004      0.000
   574         21  (g)                -51   480     0   740   740   114   292      0.606     -0.489     -1.713      1.881      0.000
   575         21  (g)                -52   479   479   734   734   258   114     -0.010      0.555     -1.572      1.667      0.000
   576         21  (g)                -51   491     0   797   797   264   293      0.683     -1.122    -10.622     10.703      0.000
   577         21  (g)                -51   491     0   809   809   293   135      0.447      0.406     -0.704      0.927      0.000
   578         21  (g)                -52   409   409   805   805   135   236     -0.339     -0.973      4.562      4.677      0.000
   579         21  (g)                -42   875   875   451   451   186   190     -0.000     -0.000     92.766     92.766      0.000
   580         21  (g)                -41   876   876   588   397   188   294      0.000      0.000   -224.847    224.847      0.000
   581         21  (g)                -44   483   483   615   615   248   189      0.816     -0.634    -20.931     20.956      0.000
   582         21  (g)                -44   533   533   878   878   188   278     -0.791     -0.185      2.459      2.590      0.000
   583         21  (g)                -44   535   535   879   879   187   190     -0.791     -1.083     80.456     80.468      0.000
   584         21  (g)                -44   481   481   603   603   259   233     -0.670      0.252     -0.774      1.054      0.000
   585         21  (g)                -44   450   450   613   614   186   248      0.161      0.797     -0.400      0.906      0.000
   586         21  (g)                -44   482   482   882   882   189   259      0.327      0.478     -5.565      5.595      0.000
   587         21  (g)                -44   534   534   883   883   278   187      0.447     -0.073      9.353      9.364      0.000
   588         21  (g)                -43   580     0   601   602   233   294      0.501      0.448   -196.679    196.681      0.000
   589         21  (g)                -51   544     0   838   838   234   295      0.495      0.736     57.027     57.034      0.000
   590         21  (g)                -51   544     0   840   840   295   151      0.171     -0.535      2.688      2.746      0.000
   591         21  (g)                -52   404   404   598   599   151   149      0.282     -1.067     -0.727      1.321      0.000
   592         21  (g)                -51   561     0   785   785   296   288      0.535      1.283     55.300     55.318      0.000
   593         21  (g)                -51   561     0   788   788   131   296      0.351     -0.344      4.719      4.744      0.000
   594         -2  (ubar)             -52   113   113   784   784     0   131      2.427     -0.122     13.940     14.154      0.330
   595         21  (g)                -51   348     0   712   712   297   153     -0.750     -5.317     -4.241      6.842      0.000
   596         21  (g)                -51   348     0   741   741   111   297     -0.140     -1.632     -0.258      1.658      0.000
   597         21  (g)                -52   330   330   694   694   211   111     -2.008     -3.388      0.252      3.947      0.000
   598         21  (g)                -51   591     0   835   835   151   298      0.709     -0.588     -0.477      1.037      0.000
   599         21  (g)                -51   591     0   841   841   298   149     -0.426     -0.478     -6.011      6.045      0.000
   600         -1  (dbar)             -53   834   834   304   304     0   149      0.000      0.000   -441.789    441.789      0.000
   601         21  (g)                -51   588     0   884   884   299   294      0.502      0.972   -145.150    145.154      0.000
   602         21  (g)                -51   588     0   885   885   233   299     -0.014     -0.520    -51.545     51.548      0.000
   603         21  (g)                -52   584   584   880   880   259   233     -0.656      0.247     -0.759      1.033      0.000
   604         21  (g)                -51   359     0   723   723   300   214     -0.347      1.459    329.186    329.189      0.000
   605         21  (g)                -51   359     0   742   742   109   300      0.445     -0.256     61.459     61.462      0.000
   606         21  (g)                -52   341   341   607   608   115   109     -3.459      4.232     31.997     32.460      0.000
   607         21  (g)                -51   606     0   705   705   301   109     -1.440      2.317     12.535     12.828      0.000
   608         21  (g)                -51   606     0   743   743   115   301     -1.937      1.977     19.672     19.865      0.000
   609         21  (g)                -52   347   347   711   711   152   115      0.859      0.646      2.206      2.454      0.000
   610         21  (g)                -51   279     0   764   764   302   121      3.083     -1.910     -0.663      3.687      0.000
   611         21  (g)                -51   279     0   769   769   122   302     -0.380     -0.395     -0.660      0.858      0.000
   612         21  (g)                -52   281   281   766   766   199   122      0.759     -1.200    -76.163     76.177      0.000
   613         21  (g)                -51   585     0   881   881   186   303     -0.361      0.842     -0.809      1.222      0.000
   614         21  (g)                -51   585     0   886   886   303   248      0.617     -0.119     -2.016      2.112      0.000
   615         21  (g)                -52   581   581   877   877   248   189      0.721     -0.560    -18.506     18.528      0.000
   616         21  (g)                -51   568     0   636   636   304   185     -0.205     -0.385     -1.577      1.636      0.000
   617         21  (g)                -51   568     0   637   637   290   304      0.510     -0.456    -14.893     14.908      0.000
   618         21  (g)                -52   567   567   626   626   206   290      0.147      0.055     -0.730      0.747      0.000
   619         21  (g)                -41   810   810   638   415   305   197      0.000     -0.000    544.609    544.609      0.000
   620         21  (g)                -42   811   811   416   416   194   148      0.000     -0.000   -797.134    797.134      0.000
   621         21  (g)                -44   569   569   647   647   185   137     -0.207      0.933     -2.563      2.736      0.000
   622         21  (g)                -44   515   515   663   664   272   139      3.421      0.044     41.924     42.064      0.000
   623         21  (g)                -44   419   419   814   814   180   148     -2.566     -2.571   -287.028    287.051      0.000
   624         21  (g)                -44   420   420   815   815   139   198      0.184      0.585     -0.021      0.613      0.000
   625         21  (g)                -44   421   421   816   816   162   180     -0.425      1.171    -72.503     72.514      0.000
   626         21  (g)                -44   618   618   817   817   206   290      0.147      0.055     -0.730      0.747      0.000
   627         21  (g)                -44   430   430   818   818   194   140      1.077      0.643   -338.335    338.338      0.000
   628         21  (g)                -44   455   455   819   819   250   197     -0.819      0.726    135.104    135.108      0.000
   629         21  (g)                -44   425   425   820   820   198   162     -0.654      0.759    -13.703     13.740      0.000
   630         21  (g)                -44   564   564   821   821   241   289     -0.768     -0.165    -26.378     26.390      0.000
   631         21  (g)                -44   517   517   822   822   240   138     -0.545      1.042    161.662    161.666      0.000
   632         21  (g)                -44   429   429   823   823   140   241      0.116      0.826    -21.016     21.032      0.000
   633         21  (g)                -44   456   456   645   646   137   250     -0.493     -0.689      8.620      8.661      0.000
   634         21  (g)                -44   516   516   665   665   138   272      1.002     -0.911     22.215     22.256      0.000
   635         21  (g)                -44   565   565   826   826   289   206     -0.311     -1.258    -17.769     17.816      0.000
   636         21  (g)                -44   616   616   827   827   304   185     -0.205     -0.385     -1.577      1.636      0.000
   637         21  (g)                -44   617   617   828   828   290   304      0.510     -0.456    -14.892     14.908      0.000
   638         21  (g)                -43   619     0   829   829   305   240      0.537     -0.351    174.466    174.467      0.000
   639         21  (g)                -51   384     0   656   656   226   306     -0.285      1.106      2.816      3.038      0.000
   640         21  (g)                -51   384     0   744   744   306   119      0.721      0.428      4.405      4.484      0.000
   641         21  (g)                -52   385   385   699   699   119   152      0.694      4.028     45.526     45.709      0.000
   642         21  (g)                -51   521     0   907   907   307   274      0.871     -0.025      2.170      2.339      0.000
   643         21  (g)                -51   521     0   909   909   239   307     -0.248     -0.610      1.252      1.415      0.000
   644         21  (g)                -52   445   445   905   905   238   239     -0.323     -0.933    348.148    348.149      0.000
   645         21  (g)                -51   633     0   824   824   308   250      0.220     -0.454      6.792      6.810      0.000
   646         21  (g)                -51   633     0   653   653   137   308     -0.718     -0.212      1.765      1.918      0.000
   647         21  (g)                -52   621   621   651   652   185   137     -0.202      0.911     -2.501      2.669      0.000
   648         21  (g)                -51   562     0   787   787   288   309     -0.340      0.077      2.886      2.907      0.000
   649         21  (g)                -51   562     0   789   789   309   235      0.266      0.358     36.278     36.281      0.000
   650         21  (g)                -52   563   563   786   786   235   143      0.037     -0.140     35.081     35.081      0.000
   651          2  (u)                -51   647     0   812   812   185     0      0.345      0.675     -1.092      1.370      0.330
   652         -2  (ubar)             -51   647     0   831   831     0   137     -0.605      0.218     -1.264      1.456      0.330
   653         21  (g)                -52   646   646   830   830   137   308     -0.659     -0.195      1.621      1.761      0.000
   654         21  (g)                -51   383     0   706   706   196   310      1.264     -1.155      0.733      1.863      0.000
   655         21  (g)                -51   383     0   745   745   310   226      0.471      0.207     -0.228      0.563      0.000
   656         21  (g)                -52   639   639   726   726   226   306     -0.252      0.979      2.493      2.690      0.000
   657         21  (g)                -51   547     0   846   846   311   205      0.910     -0.682      1.453      1.845      0.000
   658         21  (g)                -51   547     0   852   852   163   311      0.630     -0.423     -0.144      0.773      0.000
   659         21  (g)                -52   289   289   848   848   202   163     -0.040     -1.624      1.439      2.170      0.000
   660         21  (g)                -51   458     0   728   728   312   251     -0.605     -0.478     -2.428      2.547      0.000
   661         21  (g)                -51   458     0   746   746   105   312      0.568     -0.160     -1.188      1.327      0.000
   662         21  (g)                -52   570   570   701   701   291   105      0.242     -1.279     -3.177      3.434      0.000
   663         -2  (ubar)             -51   622     0   813   813     0   139      3.091     -0.429     35.656     35.793      0.330
   664          2  (u)                -51   622     0   832   832   272     0      0.868     -0.017     18.222     18.246      0.330
   665         21  (g)                -52   634   634   825   825   138   272      0.463     -0.421     10.261     10.280      0.000
   666         21  (g)                -51   475     0   700   700   257   313      2.851      1.308   -178.089    178.117      0.000
   667         21  (g)                -51   475     0   747   747   313   110      0.445     -0.307    -24.988     24.993      0.000
   668         21  (g)                -52   354   354   718   718   110   203      0.118      1.192    -29.067     29.091      0.000
   669         21  (g)                -31   918   918   671   672   315   316      0.000      0.000      0.005      0.005      0.000
   670          1  (d)                -31   919   919   671   672   314     0      0.000      0.000   -154.532    154.532      0.000
   671         21  (g)                -33   669   670   920   920   314   316     -0.370      0.426    -18.828     18.837      0.000
   672          1  (d)                -33   669   670   921   921   315     0      0.370     -0.426   -135.699    135.700      0.330
   673         21  (g)                -31   922   922   675   676   318   317      0.000      0.000     40.290     40.290      0.000
   674         21  (g)                -31   923   923   675   676   320   319      0.000      0.000     -0.487      0.487      0.000
   675         21  (g)                -33   673   674   924   924   320   317      0.435      0.261     40.156     40.159      0.000
   676         21  (g)                -33   673   674   925   925   318   319     -0.435     -0.261     -0.352      0.618      0.000
   677         21  (g)                -41   898   898   681   389   321   228     -0.000     -0.000     38.778     38.778      0.000
   678         21  (g)                -42   899   899   390   390   231   230      0.000      0.000    -48.790     48.790      0.000
   679         21  (g)                -44   391   391   900   900   231   228      0.360      0.576      6.595      6.630      0.000
   680         21  (g)                -44   392   392   901   901   229   230     -0.641     -0.854    -48.766     48.777      0.000
   681         21  (g)                -43   677     0   902   902   321   229      0.281      0.278     32.158     32.160      0.000
   682         21  (g)                -31   926   926   684   685   323   322      0.000      0.000     55.890     55.890      0.000
   683         21  (g)                -31   927   927   684   685   324   323      0.000      0.000     -0.006      0.006      0.000
   684         21  (g)                -33   682   683   928   928   325   322      0.005     -0.294     52.225     52.226      0.000
   685         21  (g)                -33   682   683   929   929   324   325     -0.005      0.294      3.659      3.671      0.000
   686         21  (g)                -31   930   930   688   689   327   326      0.000      0.000     13.733     13.733      0.000
   687         21  (g)                -31   931   931   688   689   328   327      0.000      0.000     -0.903      0.903      0.000
   688         21  (g)                -33   686   687   932   932   329   326      0.142      0.151     13.720     13.722      0.000
   689         21  (g)                -33   686   687   933   933   328   329     -0.142     -0.151     -0.891      0.914      0.000
   690         21  (g)                -61     1     0   326   326   237   214     -1.730      2.099    556.176    556.182      0.000
   691          2  (u)                -61     2     0   388   388   194     0     -0.475     -0.436  -3323.014   3323.014      0.000
   692         21  (g)                -62   446   446  1314  1314   227   247      4.917     18.550  -2292.658   2292.738      0.000
   693         21  (g)                -62   573   573  1329  1329   292   107     25.133    -16.750    -38.499     48.933      0.000
   694         21  (g)                -62   597   597   968     0   211   111     -2.015     -3.380      0.255      3.944      0.000
   695          2  (u)                -62   331   331  1063  1063   158     0    -15.373      1.056   -171.015    171.708      0.330
   696         21  (g)                -62   452   452   987     0   106   288     -1.505      2.025     25.684     25.808      0.000
   697         21  (g)                -62   369   369  1330  1330   107   304     -1.753     -2.804    -17.631     17.938      0.000
   698         21  (g)                -62   530   530   999     0   203   146      1.516      0.141     -8.119      8.260      0.000
   699         21  (g)                -62   641   641  1357  1357   119   320      0.552      4.201     45.519     45.716      0.000
   700         21  (g)                -62   666   666  1173  1173   257   193      2.826      1.285   -178.087    178.114      0.000
   701         21  (g)                -62   662   662   950     0   291   210      0.241     -1.279     -3.175      3.431      0.000
   702         21  (g)                -62   338   338  1006     0   101   136     -2.274     -2.074     -8.486      9.027      0.000
   703         21  (g)                -62   454   454  1049  1049   113   328     -3.285     -0.402     -0.536      3.352      0.000
   704         21  (g)                -62   511   511  1320  1320   104   209      1.293      1.632    -34.312     34.375      0.000
   705         21  (g)                -62   607   607  1079  1079   301   168     -1.479      2.364     12.528     12.835      0.000
   706         21  (g)                -62   654   654   967     0   196   179      1.260     -1.150      0.737      1.859      0.000
   707         21  (g)                -62   343   343  1179  1179   184   229     -1.452     -3.618    -32.830     33.061      0.000
   708         21  (g)                -62   532   532  1065  1065   125   108     -6.328      8.990   -121.973    122.467      0.000
   709         21  (g)                -62   539   539  1046  1046   213   281     -1.388      1.790     -0.541      2.329      0.000
   710         21  (g)                -62   572   572  1340  1340   153   147      3.224     -3.397     -5.059      6.894      0.000
   711         21  (g)                -62   609   609  1081  1081   152   115      0.852      0.655      2.206      2.454      0.000
   712         21  (g)                -62   595   595  1338  1338   297   166     -0.755     -5.313     -4.232      6.834      0.000
   713         21  (g)                -62   349   349  1064  1064   108   158     -2.895      2.891    -38.377     38.595      0.000
   714         21  (g)                -62   460   460  1348  1348   242   182      0.300     -0.069      0.104      0.325      0.000
   715         21  (g)                -62   351   351  1181  1181   124   298     -0.100      0.516    -10.573     10.586      0.000
   716         21  (g)                -62   541   541  1185  1185   195   101      0.510     -0.149     -0.505      0.733      0.000
   717         21  (g)                -62   353   353  1349  1349   182   311      3.294     -1.644      4.020      5.451      0.000
   718         21  (g)                -62   668   668   995     0   110   206      0.114      1.188    -29.069     29.093      0.000
   719         21  (g)                -62   477   477  1176  1176   208   112      0.028     -1.406    -36.557     36.584      0.000
   720         21  (g)                -62   497   497   969     0   266   255      0.617     -0.516    -14.132     14.155      0.000
   721         21  (g)                -62   365   365  1335  1335   102   318     -3.360     -7.270     -2.453      8.377      0.000
   722         21  (g)                -62   358   358  1047  1047   132   213      0.125      1.540     -1.204      1.959      0.000
   723         21  (g)                -62   604   604  1269  1269   300   214     -1.371      2.702    329.181    329.195      0.000
   724         21  (g)                -62   371   371   952     0   215   202     -0.159     -0.103      0.084      0.207      0.000
   725         21  (g)                -62   370   370   972     0   217   254     -1.776     -2.254     -7.165      7.718      0.000
   726         21  (g)                -62   656   656  1354  1354   226   221     -0.261      0.989      2.490      2.692      0.000
   727         21  (g)                -62   387   387   955     0   103   162     -0.389      0.602    -45.713     45.719      0.000
   728         21  (g)                -62   660   660  1344  1344   312   251     -0.605     -0.478     -2.428      2.548      0.000
   729         21  (g)                -62   464   464  1315  1315   247   286     -0.862      0.271    -36.489     36.500      0.000
   730         21  (g)                -62   453   453  1116  1116   249   167     -2.919      1.087     25.887     26.073      0.000
   731         21  (g)                -62   459   459  1345  1345   251   151      1.100     -1.064     -1.961      2.487      0.000
   732         21  (g)                -62   509   509  1318  1318   253   252      1.588      1.477    -75.504     75.535      0.000
   733         21  (g)                -62   476   476  1175  1175   112   265      0.369      0.615    -19.033     19.046      0.000
   734         21  (g)                -62   575   575   951     0   258   275     -0.011      0.555     -1.573      1.669      0.000
   735         21  (g)                -62   498   498   956     0   209   174     -0.683      0.133     -5.806      5.848      0.000
   736         21  (g)                -62   510   510   948     0   270   189      0.213      0.409     -3.874      3.901      0.000
   737         21  (g)                -62   531   531  1009     0   277   198     -0.005      0.246    -13.085     13.087      0.000
   738         21  (g)                -62   540   540   983     0   281   186     -2.274      2.484     -2.689      4.310      0.000
   739         21  (g)                -62   571   571  1341  1341   147   224      2.093     -3.701     -7.356      8.496      0.000
   740         21  (g)                -62   574   574  1328  1328   114   292      0.606     -0.489     -1.711      1.879      0.000
   741         21  (g)                -62   596   596  1337  1337   111   297     -0.142     -1.629     -0.255      1.655      0.000
   742         21  (g)                -62   605   605   980     0   109   192      0.254     -0.025     61.460     61.461      0.000
   743         21  (g)                -62   608   608  1080  1080   115   301     -1.999      2.052     19.665     19.872      0.000
   744         21  (g)                -62   640   640   946     0   306   231      0.707      0.445      4.405      4.484      0.000
   745         21  (g)                -62   655   655   975     0   310   139      0.471      0.208     -0.228      0.563      0.000
   746         21  (g)                -62   661   661   964     0   105   303      0.568     -0.159     -1.187      1.325      0.000
   747         21  (g)                -62   667   667  1003     0   313   172      0.442     -0.310    -24.986     24.992      0.000
   748         21  (g)                -61     1     0   508   508   133   133     -1.167     -0.545     44.621     44.640      0.000
   749         21  (g)                -61     2     0   439   439   141   141     -2.997      1.000   -290.933    290.951      0.000
   750         21  (g)                -62   518   518  1182  1182   269   124     -1.807      0.837     -6.643      6.935      0.000
   751          4  (c)                -62   241   241  1165  1165   146     0      1.589     -1.598    -59.675     59.737      1.500
   752         -4  (cbar)             -62   104   104  1009     0     0   277     -0.885      2.668    -63.226     63.306      1.500
   753         21  (g)                -62   437   437  1119  1119   244   106     -0.122      1.967     40.370     40.418      0.000
   754         21  (g)                -62   505   505  1177  1177   225   208     -0.545     -2.727    -57.160     57.228      0.000
   755         21  (g)                -62   240   240   998     0   191   287      0.326     -0.590    -79.112     79.115      0.000
   756         21  (g)                -62   520   520   957     0   118   258     -0.039      0.326     -1.542      1.577      0.000
   757         21  (g)                -62   438   438   994     0   116   307      0.871     -0.335      3.420      3.545      0.000
   758         21  (g)                -62   504   504  1000     0   268   289     -0.123     -1.136    -14.367     14.412      0.000
   759         21  (g)                -62   507   507  1001     0   117   184     -0.106     -0.267     -1.893      1.914      0.000
   760         21  (g)                -62   519   519  1008     0   273   157     -3.323      1.310     -6.486      7.404      0.000
   761         21  (g)                -61     1     0   276   276   120   121      0.120      0.056    133.759    133.759      0.000
   762         21  (g)                -61     2     0   277   277   121   123     -1.183      0.424    -79.502     79.512      0.000
   763    9941103  (psi(2S)[1S0(8)])  -62   560   560   942   943   120   123     -1.189      1.676     12.704     13.443      3.886
   764         21  (g)                -62   610   610   945     0   302   163      3.052     -1.898     -0.692      3.660      0.000
   765         21  (g)                -62   512   512   991     0   142   244     -1.001      1.791     69.978     70.008      0.000
   766         21  (g)                -62   612   612  1169  1169   199   180     -0.374     -0.794    -76.169     76.174      0.000
   767          1  (d)                -62   558   558  1077  1077   271     0     -0.026     -0.162     24.598     24.600      0.330
   768         -1  (dbar)             -62   559   559  1277  1277     0   187     -1.134      0.259     24.496     24.526      0.330
   769         21  (g)                -62   611   611   970     0   122   164     -0.391     -0.391     -0.658      0.860      0.000
   770         21  (g)                -61     1     0   195   195   161   161      0.748     -0.793     62.721     62.731      0.000
   771         21  (g)                -61     2     0   196   196   127   127     -1.676     -0.473    -83.493     83.511      0.000
   772          1  (d)                -62   527   527  1111  1111   276     0     -0.813      0.613     -0.000      1.070      0.330
   773         21  (g)                -62   538   538  1275  1275   159   238     -0.514     -0.331     35.389     35.394      0.000
   774         21  (g)                -62   536   536  1083  1083   128   116      1.261     -0.518      7.637      7.758      0.000
   775         21  (g)                -62   366   366   997     0   216   269     -0.722      0.452     -1.982      2.157      0.000
   776         21  (g)                -62   529   529   967     0   179   310      0.718     -0.748      0.176      1.052      0.000
   777         -1  (dbar)             -62   368   368  1050  1050     0   113     -2.995      0.506      2.553      3.981      0.330
   778         21  (g)                -62   367   367  1002     0   129   313      0.994     -0.118    -79.385     79.392      0.000
   779         21  (g)                -62   528   528   977     0   126   232      0.508      0.729      0.624      1.086      0.000
   780         21  (g)                -62   537   537   971     0   279   308      0.634     -1.852     14.217     14.352      0.000
   781          1  (d)                -61     1     0    80    80   120     0      1.949     -1.027    624.137    624.141      0.000
   782         -2  (ubar)             -61     2     0    81    81     0   120      1.318      2.510     13.479     13.774      0.000
   783          1  (d)                -62   407   407  1036  1043   143     0     -1.806     -1.750    453.309    453.316      0.330
   784         -2  (ubar)             -62   594   594  1036  1043     0   143      3.460      1.670     33.260     33.483      0.330
   785         21  (g)                -62   592   592  1122  1122   296   173      0.826      1.320     69.199     69.217      0.000
   786         21  (g)                -62   650   650   979     0   235   305      0.145     -0.194     33.897     33.897      0.000
   787         21  (g)                -62   648   648   987     0   288   236     -0.240      0.252      3.033      3.053      0.000
   788         21  (g)                -62   593   593   992     0   131   243      0.476     -0.131      4.448      4.475      0.000
   789         21  (g)                -62   649   649   988     0   309   234      0.405      0.315     40.470     40.473      0.000
   790          2  (u)                -61     1     0   153   153   160     0     -1.554      0.331   1068.894   1068.895      0.000
   791         21  (g)                -61     2     0   154   154   145   160     -0.743     -0.222   -256.341    256.342      0.000
   792          2  (u)                -62   244   244  1016  1016   145     0     -0.814     -0.846    343.548    343.550      0.330
   793         21  (g)                -62   393   393   947     0   134   119      0.191      0.698      4.724      4.779      0.000
   794         21  (g)                -62   316   316   958     0   144   314     -1.133      0.205    -24.569     24.596      0.000
   795         21  (g)                -62   285   285   991     0   201   142     -0.717      0.982     55.095     55.108      0.000
   796         21  (g)                -62   555   555   998     0   287   199      0.235     -0.700    -86.813     86.816      0.000
   797         21  (g)                -62   576   576   959     0   264   283      0.652     -1.131    -10.622     10.702      0.000
   798         21  (g)                -62   242   242   981     0   181   282      0.033     -1.278     95.230     95.238      0.000
   799         21  (g)                -62   243   243  1270  1270   192   300     -0.454      0.047    535.922    535.922      0.000
   800         21  (g)                -62   496   496  1006     0   136   273     -0.818     -0.372     -2.166      2.345      0.000
   801         21  (g)                -62   408   408  1117  1117   236   249     -2.095      1.155     26.055     26.165      0.000
   802         21  (g)                -62   395   395   961     0   204   226      0.246      0.846      0.795      1.186      0.000
   803         21  (g)                -62   493   493   956     0   174   245     -0.639     -0.012     -4.982      5.022      0.000
   804         21  (g)                -62   394   394   961     0   232   204      0.796      1.632      1.893      2.623      0.000
   805         21  (g)                -62   578   578  1360  1360   135   295     -0.346     -0.972      4.563      4.678      0.000
   806         21  (g)                -62   492   492   960     0   210   105      0.029     -0.803     -2.172      2.316      0.000
   807         21  (g)                -62   557   557  1002     0   193   129      1.274      0.090    -91.548     91.557      0.000
   808         21  (g)                -62   556   556  1174  1174   265   257      0.820      0.165    -31.696     31.707      0.000
   809         21  (g)                -62   577   577   996     0   293   178      0.444      0.405     -0.705      0.926      0.000
   810         21  (g)                -61     1     0   619   619   148   148      0.341     -1.845    544.608    544.611      0.000
   811         21  (g)                -61     2     0   620   620   197   197     -1.326     -0.633   -797.133    797.135      0.000
   812          2  (u)                -62   651   651  1044  1044   185     0      0.343      0.674     -1.092      1.368      0.330
   813         -2  (ubar)             -62   663   663   992     0     0   131      3.113     -0.550     35.651     35.793      0.330
   814         21  (g)                -62   623   623  1007     0   180   233     -3.043     -2.799   -287.028    287.058      0.000
   815         21  (g)                -62   624   624   975     0   139   126      0.183      0.583     -0.020      0.612      0.000
   816         21  (g)                -62   625   625   955     0   162   227     -0.546      1.114    -72.501     72.512      0.000
   817         21  (g)                -62   626   626   999     0   206   203      0.146      0.055     -0.730      0.747      0.000
   818         21  (g)                -62   627   627  1311  1311   194   260      0.514      0.374   -338.336    338.336      0.000
   819         21  (g)                -62   628   628   990     0   250   207     -0.735      0.268    135.106    135.108      0.000
   820         21  (g)                -62   629   629  1010     0   198   125     -0.676      0.748    -13.701     13.739      0.000
   821         21  (g)                -62   630   630   962     0   241   144     -0.812     -0.186    -26.378     26.391      0.000
   822         21  (g)                -62   631   631   990     0   237   250     -0.444      0.494    161.664    161.665      0.000
   823         21  (g)                -62   632   632   995     0   140   110      0.081      0.809    -21.015     21.031      0.000
   824         21  (g)                -62   645   645   954     0   308   176      0.224     -0.477      6.791      6.811      0.000
   825         21  (g)                -62   665   665   949     0   138   272      0.469     -0.455     10.260     10.281      0.000
   826         21  (g)                -62   635   635  1000     0   289   225     -0.341     -1.272    -17.770     17.819      0.000
   827         21  (g)                -62   636   636   972     0   304   217     -0.208     -0.386     -1.577      1.637      0.000
   828         21  (g)                -62   637   637   953     0   290   266      0.486     -0.468    -14.893     14.908      0.000
   829         21  (g)                -62   638   638   979     0   305   325      0.646     -0.942    174.464    174.468      0.000
   830         21  (g)                -62   653   653   989     0   137   263     -0.658     -0.201      1.621      1.761      0.000
   831         -2  (ubar)             -62   652   652  1187  1187     0   212     -0.607      0.216     -1.263      1.456      0.330
   832          2  (u)                -62   664   664  1364  1364   272     0      0.880     -0.079     18.221     18.245      0.330
   833         21  (g)                -61     1     0   303   303   120   150     -1.262     -0.166    576.678    576.680      0.000
   834         -1  (dbar)             -61     2     0   600   600     0   120      1.717      2.305   -441.785    441.794      0.000
   835         21  (g)                -62   598   598  1346  1346   151   302      0.711     -0.584     -0.476      1.036      0.000
   836         -1  (dbar)             -62   306   306  1249  1249     0   150      1.586      4.610   -434.956    434.984      0.330
   837         21  (g)                -62   542   542  1125  1125   207   278     -1.973     -0.882    425.866    425.872      0.000
   838         21  (g)                -62   589   589   988     0   234   296      0.370      0.719     57.030     57.036      0.000
   839         21  (g)                -62   543   543   981     0   282   235     -0.002     -0.740     90.755     90.758      0.000
   840         21  (g)                -62   590   590   971     0   295   279      0.165     -0.536      2.687      2.745      0.000
   841         21  (g)                -62   599   599  1001     0   298   117     -0.403     -0.447     -6.013      6.043      0.000
   842         -3  (sbar)             -61     1     0   218   218     0   123     -1.204      0.918     44.436     44.462      0.000
   843         21  (g)                -61     2     0   219   219   123   145      1.656      1.868    -33.197     33.291      0.000
   844         21  (g)                -62   288   288   985     0   154   188     -1.294     -0.358      4.270      4.476      0.000
   845         21  (g)                -62   461   461   966     0   252   270      1.533      3.451    -29.886     30.123      0.000
   846         21  (g)                -62   657   657   963     0   311   267      0.874     -0.637      1.475      1.829      0.000
   847         -3  (sbar)             -62   223   223  1017  1017     0   145     -0.891      2.373     35.818     35.911      0.500
   848         21  (g)                -62   659   659   976     0   202   205     -0.070     -1.567      1.408      2.107      0.000
   849         21  (g)                -62   545   545   965     0   283   200      0.074      0.226     -1.355      1.376      0.000
   850         21  (g)                -62   462   462   997     0   157   216     -0.221      0.173     -0.544      0.612      0.000
   851         21  (g)                -62   546   546   976     0   205   102     -0.196     -0.485      0.181      0.553      0.000
   852         21  (g)                -62   658   658   945     0   163   242      0.644     -0.391     -0.127      0.764      0.000
   853         21  (g)                -61     1     0   211   211   183   183      1.379      0.679    169.381    169.388      0.000
   854         21  (g)                -61     2     0   469   469   165   165      1.020      2.377    -21.066     21.224      0.000
   855         21  (g)                -62   467   467   970     0   254   122     -1.056     -2.105     -3.274      4.033      0.000
   856         21  (g)                -62   214   214  1121  1121   173   201      1.992      3.513     95.668     95.753      0.000
   857         21  (g)                -62   434   434  1078  1078   168   271      0.763     -1.235     50.078     50.099      0.000
   858         21  (g)                -62   322   322  1115  1115   167   154     -1.641     -0.011     11.371     11.489      0.000
   859         21  (g)                -62   524   524   951     0   275   114      0.043      3.262     -8.663      9.257      0.000
   860         21  (g)                -62   526   526   963     0   267   196      1.117     -0.696      2.288      2.639      0.000
   861         21  (g)                -62   321   321  1004     0   212   293      0.455      0.352     -1.132      1.270      0.000
   862         21  (g)                -62   502   502   993     0   243   128      0.914      0.080      8.235      8.286      0.000
   863         21  (g)                -62   468   468  1339  1339   166   153      0.398     -0.936     -0.522      1.143      0.000
   864         21  (g)                -62   501   501   952     0   164   215     -0.441     -0.138      0.287      0.544      0.000
   865         21  (g)                -62   525   525   957     0   200   118     -0.146      0.969     -6.020      6.100      0.000
   866         21  (g)                -61     1     0   181   181   171   171     -2.599      0.163     -0.351      2.628      0.000
   867         21  (g)                -61     2     0   182   182   169   169      2.265     -1.814   -181.174    181.198      0.000
   868         21  (g)                -62   183   183  1003     0   172   191      3.677     -3.046   -178.611    178.675      0.000
   869         21  (g)                -62   184   184   982     0   170   259     -4.012      1.394     -2.914      5.150      0.000
   870         21  (g)                -61     1     0   470   470   177   177      2.288     -0.983     31.856     31.953      0.000
   871         21  (g)                -61     2     0   471   471   175   175      1.376     -1.495    -25.624     25.704      0.000
   872         21  (g)                -62   472   472   996     0   178   195      0.839      0.643     -1.155      1.566      0.000
   873         21  (g)                -62   473   473   954     0   176   329      0.821     -2.084     31.647     31.727      0.000
   874         21  (g)                -62   474   474  1324  1324   255   218      2.005     -1.037    -24.261     24.365      0.000
   875         21  (g)                -61     1     0   579   579   294   294     -2.088      1.349     92.757     92.790      0.000
   876         21  (g)                -61     2     0   580   580   190   190     -2.256      1.116   -224.857    224.871      0.000
   877         21  (g)                -62   615   615   953     0   248   290      0.535     -0.468    -18.499     18.513      0.000
   878         21  (g)                -62   582   582   985     0   188   137     -0.849     -0.148      2.455      2.602      0.000
   879         21  (g)                -62   583   583  1276  1276   187   159     -2.602      0.087     80.448     80.490      0.000
   880         21  (g)                -62   603   603   984     0   259   132     -0.668      0.254     -0.764      1.046      0.000
   881         21  (g)                -62   613   613   983     0   186   185     -0.376      0.850     -0.815      1.237      0.000
   882         21  (g)                -62   586   586   948     0   189   104      0.271      0.506     -5.565      5.595      0.000
   883         21  (g)                -62   587   587  1124  1124   278   309      0.237      0.063      9.355      9.358      0.000
   884         21  (g)                -62   601   601   974     0   299   103     -0.954      1.692   -145.158    145.171      0.000
   885         21  (g)                -62   602   602  1007     0   233   140     -0.532     -0.264    -51.545     51.548      0.000
   886         21  (g)                -62   614   614   964     0   303   312      0.595     -0.108     -2.012      2.101      0.000
   887          1  (d)                -61     1     0   442   442   121     0      1.478      0.209    326.235    326.238      0.000
   888         21  (g)                -61     2     0   373   373   219   121      1.372     -0.322    -48.564     48.584      0.000
   889          1  (d)                -62   374   374  1230  1230   219     0      2.543      0.547    326.214    326.225      0.330
   890         21  (g)                -62   552   552   962     0   286   241     -0.715      0.073    -22.828     22.840      0.000
   891         21  (g)                -62   554   554   959     0   218   264      0.361     -0.492     -6.019      6.049      0.000
   892         21  (g)                -62   553   553  1322  1322   245   248      0.662     -0.241    -19.696     19.708      0.000
   893         21  (g)                -61     1     0   376   376   223   223      0.156      0.936      9.897      9.943      0.000
   894         21  (g)                -61     2     0   377   377   222   222      1.204     -0.616     -0.302      1.386      0.000
   895         21  (g)                -62   488   488   946     0   221   306      1.590      0.913      9.432      9.609      0.000
   896         21  (g)                -62   490   490   950     0   224   291      0.082     -0.250     -0.696      0.744      0.000
   897         21  (g)                -62   489   489   986     0   263   239     -0.312     -0.343      0.859      0.976      0.000
   898         21  (g)                -61     1     0   677   677   230   230      1.973      1.318     38.724     38.797      0.000
   899         21  (g)                -61     2     0   678   678   228   228      0.455     -2.633    -48.742     48.815      0.000
   900         21  (g)                -62   679   679   973     0   231   324      0.696      0.799      6.553      6.638      0.000
   901         21  (g)                -62   680   680  1005     0   229   268     -0.186     -3.484    -48.667     48.791      0.000
   902         21  (g)                -62   681   681  1359  1359   321   135      1.917      1.370     32.096     32.182      0.000
   903         21  (g)                -61     1     0   411   411   121   237     -1.143     -1.851    353.094    353.100      0.000
   904          2  (u)                -61     2     0   412   412   237     0     -1.120      0.705     -8.434      8.537      0.000
   905         21  (g)                -62   644   644  1274  1274   238   181     -1.451     -2.758    348.166    348.180      0.000
   906          2  (u)                -62   523   523  1025  1025   121     0     -0.842      1.970     -8.098      8.383      0.330
   907         21  (g)                -62   642   642   994     0   307   152      0.853     -0.029      2.114      2.280      0.000
   908         21  (g)                -62   522   522  1112  1112   274   276     -0.561      0.282      1.235      1.386      0.000
   909         21  (g)                -62   643   643   986     0   239   274     -0.263     -0.610      1.242      1.409      0.000
   910          3  (s)                -61     1     0   484   484   214     0     -0.144     -0.079     -1.213      1.224      0.000
   911         21  (g)                -61     2     0   485   485   261   214      0.208     -0.014   -117.119    117.119      0.000
   912          3  (s)                -62   486   486  1366  1366   261     0      0.356     -0.655    -47.730     47.739      0.500
   913         21  (g)                -62   487   487   974     0   260   299     -0.293      0.562    -70.602     70.604      0.000
   914         -1  (dbar)             -61     1     0   548   548     0   120     -0.363     -0.187     20.961     20.965      0.000
   915          1  (d)                -61     2     0   549   549   120     0      0.231     -0.062      0.207      0.316      0.000
   916         -1  (dbar)             -62   550   550  1012  1012     0   285     -0.464     -0.804     18.151     18.178      0.330
   917          1  (d)                -62   551   551  1011  1011   285     0      0.331      0.556      3.017      3.103      0.330
   918         21  (g)                -61     1     0   669   669   315   120     -0.043     -0.342     -5.756      5.767      0.000
   919          1  (d)                -61     2     0   670   670   120     0     -0.264     -0.356   -162.659    162.659      0.000
   920         21  (g)                -62   671   671   958     0   314   253     -0.417      0.123    -11.257     11.265      0.000
   921          1  (d)                -62   672   672   944     0   315     0      0.110     -0.822   -157.158    157.161      0.330
   922         21  (g)                -61     1     0   673   673   319   319      1.189      1.293     40.697     40.735      0.000
   923         21  (g)                -61     2     0   674   674   317   317      0.086     -0.514     -0.331      0.618      0.000
   924         21  (g)                -62   675   675  1358  1358   320   321      1.618      1.544     40.449     40.511      0.000
   925         21  (g)                -62   676   676   968     0   318   211     -0.343     -0.765     -0.083      0.842      0.000
   926         21  (g)                -61     1     0   682   682   323   323      0.083      0.097     54.984     54.984      0.000
   927         21  (g)                -61     2     0   683   683   322   322      0.038     -0.178      1.321      1.333      0.000
   928         21  (g)                -62   684   684   980     0   325   109      0.091     -0.207     55.624     55.624      0.000
   929         21  (g)                -62   685   685   947     0   324   134      0.030      0.126      0.681      0.693      0.000
   930         21  (g)                -61     1     0   686   686   327   327      0.446     -0.846     13.509     13.542      0.000
   931         21  (g)                -61     2     0   687   687   326   326     -0.761      0.511     -0.651      1.125      0.000
   932         21  (g)                -62   688   688   949     0   329   138      0.587     -0.694     13.482     13.513      0.000
   933         21  (g)                -62   689   689   982     0   328   170     -0.902      0.359     -0.625      1.155      0.000
   934          2  (u)                -63     1     0  1100  1100   123     0      0.358     -0.184    975.272    975.273      0.330
   935          3  (s)                -63     1     0  1248  1248   150     0      0.105     -0.896    998.396    998.396      0.500
   936         -3  (sbar)             -63     1     0   978     0     0   120      0.687      0.297     -0.381      0.977      0.500
   937          2  (u)                -63     2     0  1365  1365   333     0     -0.048     -1.139     -7.482      7.576      0.330
   938          2  (u)                -63     2     0  1268  1268   214     0     -0.497     -0.846   -397.069    397.070      0.330
   939          1  (d)                -63     2     0   944     0   160     0     -0.000     -0.627    -66.797     66.801      0.330
   940         -2  (ubar)             -63     2     0  1231  1231     0   219      0.515     -0.060   -171.686    171.688      0.330
   941         -1  (dbar)             -63     2     0  1127  1127     0   237     -0.113     -0.375     -1.143      1.252      0.330
   942     100443  (psi(2S))          -91   763     0  1689  1691     0     0     -1.231      1.593     12.663     13.341      3.686
   943         21  (g)                -91   763     0   978     0   120   123      0.042      0.083      0.041      0.102      0.000
   944       1103  (dd_1)             -74   921   939  1024  1024     0   121      0.110     -1.449   -223.956    223.962      0.841
   945         21  (g)                -73   764   852  1347  1347   302   242      3.697     -2.289     -0.819      4.424      0.044
   946         21  (g)                -73   744   895  1355  1355   221   231      2.297      1.357     13.838     14.093      0.058
   947         21  (g)                -73   793   929   973     0   324   119      0.221      0.825      5.405      5.472      0.066
   948         21  (g)                -73   736   882   966     0   270   104      0.483      0.915     -9.439      9.496      0.073
   949         21  (g)                -73   825   932  1363  1363   329   272      1.056     -1.149     23.742     23.794      0.087
   950         21  (g)                -73   701   896   960     0   224   210      0.323     -1.529     -3.871      4.175      0.089
   951         21  (g)                -73   734   859  1327  1327   258   114      0.032      3.818    -10.236     10.926      0.093
   952         21  (g)                -73   724   864  1333  1333   164   202     -0.599     -0.241      0.371      0.751      0.093
   953         21  (g)                -73   828   877   969     0   248   266      1.021     -0.936    -33.392     33.421      0.118
   954         21  (g)                -73   824   873  1362  1362   308   329      1.045     -2.561     38.438     38.538      0.122
   955         21  (g)                -73   727   816  1313  1313   103   227     -0.935      1.716   -118.214    118.231      0.138
   956         21  (g)                -73   735   803  1321  1321   209   245     -1.322      0.121    -10.788     10.870      0.148
   957         21  (g)                -73   756   865   965     0   200   258     -0.185      1.295     -7.562      7.676      0.151
   958         21  (g)                -73   794   920  1317  1317   144   253     -1.550      0.328    -35.825     35.861      0.156
   959         21  (g)                -73   797   891  1325  1325   218   283      1.013     -1.623    -16.641     16.751      0.198
   960         21  (g)                -73   806   950  1342  1342   224   105      0.352     -2.332     -6.043      6.491      0.241
   961         21  (g)                -73   802   804   977     0   232   226      1.042      2.478      2.688      3.810      0.251
   962         21  (g)                -73   821   890  1316  1316   286   144     -1.527     -0.113    -49.206     49.231      0.251
   963         21  (g)                -73   846   860  1350  1350   311   196      1.991     -1.333      3.763      4.468      0.259
   964         21  (g)                -73   746   886  1343  1343   105   312      1.163     -0.267     -3.199      3.426      0.288
   965         21  (g)                -73   849   957  1326  1326   283   258     -0.111      1.521     -8.918      9.052      0.301
   966         21  (g)                -73   845   948  1319  1319   252   104      2.016      4.365    -39.324     39.619      0.344
   967         21  (g)                -73   706   776  1351  1351   196   310      1.978     -1.898      0.913      2.910      0.346
   968         21  (g)                -73   694   925  1336  1336   318   111     -2.358     -4.145      0.173      4.786      0.365
   969         21  (g)                -73   720   953  1323  1323   248   255      1.638     -1.452    -47.524     47.576      0.366
   970         21  (g)                -73   769   855  1332  1332   254   164     -1.448     -2.496     -3.932      4.893      0.390
   971         21  (g)                -73   780   840  1361  1361   295   308      0.799     -2.387     16.904     17.096      0.434
   972         21  (g)                -73   725   827  1331  1331   304   254     -1.983     -2.640     -8.742      9.355      0.436
   973         21  (g)                -73   900   947  1356  1356   231   119      0.917      1.624     11.958     12.111      0.441
   974         21  (g)                -73   884   913  1312  1312   260   103     -1.247      2.254   -215.759    215.775      0.448
   975         21  (g)                -73   745   815  1352  1352   310   126      0.654      0.791     -0.248      1.174      0.514
   976         21  (g)                -73   848   851  1334  1334   202   102     -0.266     -2.051      1.589      2.661      0.526
   977         21  (g)                -73   779   961  1353  1353   126   226      1.550      3.207      3.312      4.896      0.557
   978         -3  (sbar)             -73   936   943  1101  1101     0   123      0.728      0.380     -0.340      1.079      0.611
   979         21  (g)                -73   786   829  1272  1272   235   325      0.791     -1.136    208.361    208.366      0.049
   980         21  (g)                -73   742   928  1271  1271   325   192      0.345     -0.232    117.084    117.085      0.243
   981         21  (g)                -73   798   839  1273  1273   181   235      0.032     -2.019    185.985    185.997      0.491
   982         21  (g)                -73   869   933   984     0   328   259     -4.914      1.753     -3.539      6.305      0.115
   983         21  (g)                -73   738   881  1045  1045   281   185     -2.651      3.334     -3.505      5.547      0.582
   984         21  (g)                -73   880   982  1048  1048   328   132     -5.582      2.007     -4.302      7.351      0.585
   985         21  (g)                -73   844   878   989     0   154   137     -2.143     -0.505      6.725      7.078      0.153
   986         21  (g)                -73   897   909  1113  1113   263   274     -0.574     -0.953      2.101      2.384      0.183
   987         21  (g)                -73   696   787  1118  1118   106   236     -1.744      2.277     28.717     28.860      0.183
   988         21  (g)                -73   789   838  1123  1123   309   296      0.775      1.034     97.500     97.509      0.286
   989         21  (g)                -73   830   985  1114  1114   154   263     -2.801     -0.706      8.347      8.840      0.354
   990         21  (g)                -73   819   822  1126  1126   237   207     -1.179      0.762    296.769    296.773      0.428
   991         21  (g)                -73   765   795  1120  1120   201   244     -1.718      2.772    125.073    125.116      0.489
   992         -2  (ubar)             -73   813   788   993     0     0   243      3.589     -0.681     40.099     40.268      0.462
   993         -2  (ubar)             -73   992   862  1084  1084     0   128      4.503     -0.601     48.334     48.554      0.802
   994         21  (g)                -73   757   907  1082  1082   116   152      1.724     -0.364      5.534      5.825      0.446
   995         21  (g)                -73   718   823  1167  1167   140   206      0.195      1.997    -50.084     50.124      0.059
   996         21  (g)                -73   809   872  1004     0   293   195      1.283      1.048     -1.860      2.492      0.080
   997         21  (g)                -73   775   850  1008     0   157   269     -0.943      0.625     -2.526      2.770      0.096
   998         21  (g)                -73   755   796  1170  1170   191   199      0.561     -1.291   -165.925    165.931      0.127
   999         21  (g)                -73   698   817  1166  1166   206   146      1.662      0.195     -8.849      9.007      0.143
  1000         21  (g)                -73   758   826  1005     0   268   225     -0.464     -2.408    -32.137     32.231      0.207
  1001         21  (g)                -73   759   841  1180  1180   298   184     -0.509     -0.714     -7.906      7.958      0.227
  1002         21  (g)                -73   778   807  1172  1172   193   313      2.269     -0.029   -170.933    170.949      0.242
  1003         21  (g)                -73   747   868  1171  1171   313   191      4.119     -3.356   -203.598    203.667      0.366
  1004         21  (g)                -73   861   996  1186  1186   212   195      1.738      1.400     -2.992      3.762      0.468
  1005         21  (g)                -73   901  1000  1178  1178   229   225     -0.650     -5.891    -80.804     81.022      0.549
  1006         21  (g)                -73   702   800  1184  1184   101   273     -3.093     -2.446    -10.651     11.371      0.558
  1007         21  (g)                -73   814   885  1168  1168   180   140     -3.575     -3.063   -338.573    338.606      0.565
  1008         21  (g)                -73   760   997  1183  1183   273   269     -4.266      1.935     -9.012     10.174      0.592
  1009         -4  (cbar)             -73   752   737  1010     0     0   198     -0.890      2.915    -76.310     76.393      1.822
  1010         -4  (cbar)             -73  1009   820  1066  1066     0   125     -1.567      3.663    -90.012     90.132      2.384
  1011          1  (d)                -71   917   917  1013  1015   285     0      0.331      0.556      3.017      3.103      0.330
  1012         -1  (dbar)             -71   916   916  1013  1015     0   285     -0.464     -0.804     18.151     18.178      0.330
  1013       -211  pi-                 83  1011  1012     0     0     0     0     -0.042      0.278      0.688      0.756      0.140
  1014        213  (rho+)             -84  1011  1012  1477  1478     0     0     -0.295     -0.089     13.487     13.514      0.792
  1015        111  (pi0)              -84  1011  1012  1692  1693     0     0      0.205     -0.438      6.993      7.011      0.135
  1016          2  (u)                -71   792   792  1018  1023   145     0     -0.814     -0.846    343.548    343.550      0.330
  1017         -3  (sbar)             -71   847   847  1018  1023     0   145     -0.891      2.373     35.818     35.911      0.500
  1018        211  pi+                 83  1016  1017     0     0     0     0      0.447     -0.002     75.299     75.301      0.140
  1019        221  (eta)              -83  1016  1017  1694  1696     0     0     -1.098     -0.350    154.256    154.262      0.548
  1020        111  (pi0)              -83  1016  1017  1697  1698     0     0     -0.136     -0.092      5.282      5.287      0.135
  1021       -213  (rho-)             -84  1016  1017  1479  1480     0     0     -0.556     -0.050    109.533    109.537      0.796
  1022        211  pi+                 84  1016  1017     0     0     0     0     -0.104      1.663     27.340     27.391      0.140
  1023        311  (K0)               -84  1016  1017  1481  1481     0     0     -0.257      0.357      7.655      7.684      0.498
  1024       1103  (dd_1)             -74   944   944  1026  1035     0   121      0.110     -1.449   -223.956    223.962      0.841
  1025          2  (u)                -71   906   906  1026  1035   121     0     -0.842      1.970     -8.098      8.383      0.330
  1026        223  (omega)            -83  1024  1025  1699  1701     0     0     -0.138     -0.687    -63.647     63.656      0.778
  1027       2114  (Delta0)           -87  1024  1025  1482  1483     0     0      0.445     -0.283   -121.915    121.927      1.635
  1028        111  (pi0)              -84  1024  1025  1702  1703     0     0     -0.179      0.185     -2.071      2.092      0.135
  1029       -211  pi-                 84  1024  1025     0     0     0     0     -0.244     -0.148    -17.702     17.705      0.140
  1030        211  pi+                 84  1024  1025     0     0     0     0     -0.127     -0.028     -8.495      8.498      0.140
  1031        111  (pi0)              -84  1024  1025  1704  1705     0     0      0.077     -0.105     -1.858      1.867      0.135
  1032       -321  K-                  84  1024  1025     0     0     0     0      0.044      0.074     -3.469      3.505      0.494
  1033        311  (K0)               -84  1024  1025  1484  1484     0     0      0.236      0.889     -4.327      4.451      0.498
  1034        211  pi+                 84  1024  1025     0     0     0     0     -0.488      0.398     -6.250      6.284      0.140
  1035        111  (pi0)              -84  1024  1025  1706  1707     0     0     -0.358      0.226     -2.320      2.362      0.135
  1036        223  (omega)            -83   783   784  1708  1710     0     0     -0.402     -0.268    130.570    130.574      0.786
  1037       -211  pi-                 83   783   784     0     0     0     0     -0.130     -0.153      6.508      6.512      0.140
  1038        223  (omega)            -83   783   784  1711  1713     0     0     -0.922     -1.133    218.374    218.380      0.785
  1039        211  pi+                 83   783   784     0     0     0     0     -0.149     -0.046     70.669     70.669      0.140
  1040        113  (rho0)             -83   783   784  1485  1486     0     0      0.261     -0.018     14.990     15.003      0.559
  1041       -211  pi-                 84   783   784     0     0     0     0      1.509      0.710     12.022     12.138      0.140
  1042        223  (omega)            -84   783   784  1714  1715     0     0      0.316      0.355     13.341     13.372      0.785
  1043        223  (omega)            -84   783   784  1716  1718     0     0      1.170      0.473     20.095     20.150      0.795
  1044          2  (u)                -71   812   812  1051  1062   185     0      0.343      0.674     -1.092      1.368      0.330
  1045         21  (g)                -71   983   983  1051  1062   281   185     -2.651      3.334     -3.505      5.547      0.582
  1046         21  (g)                -71   709   709  1051  1062   213   281     -1.388      1.790     -0.541      2.329      0.000
  1047         21  (g)                -71   722   722  1051  1062   132   213      0.125      1.540     -1.204      1.959      0.000
  1048         21  (g)                -71   984   984  1051  1062   328   132     -5.582      2.007     -4.302      7.351      0.585
  1049         21  (g)                -71   703   703  1051  1062   113   328     -3.285     -0.402     -0.536      3.352      0.000
  1050         -1  (dbar)             -71   777   777  1051  1062     0   113     -2.995      0.506      2.553      3.981      0.330
  1051        223  (omega)            -83  1044  1050  1719  1721     0     0     -1.068      1.908     -2.182      3.186      0.782
  1052        213  (rho+)             -83  1044  1050  1487  1488     0     0     -0.842      0.559     -0.535      1.398      0.804
  1053        311  (K0)               -83  1044  1050  1489  1489     0     0     -0.584      2.699     -1.884      3.380      0.498
  1054       -321  K-                  83  1044  1050     0     0     0     0     -0.927      1.726     -0.825      2.182      0.494
  1055        211  pi+                 84  1044  1050     0     0     0     0     -2.774      0.313     -2.334      3.641      0.140
  1056       -211  pi-                 84  1044  1050     0     0     0     0     -0.911      0.718     -0.457      1.254      0.140
  1057        213  (rho+)             -84  1044  1050  1490  1491     0     0     -0.356      0.284     -0.455      0.958      0.710
  1058       -211  pi-                 84  1044  1050     0     0     0     0     -1.448      0.152     -0.838      1.685      0.140
  1059       2212  p+                  84  1044  1050     0     0     0     0     -1.672      0.797      0.260      2.093      0.938
  1060        211  pi+                 84  1044  1050     0     0     0     0     -0.390      0.320     -0.660      0.843      0.140
  1061      -2224  (Deltabar--)       -84  1044  1050  1492  1493     0     0     -1.960      0.029     -0.254      2.326      1.226
  1062        211  pi+                 84  1044  1050     0     0     0     0     -2.502     -0.057      1.538      2.941      0.140
  1063          2  (u)                -71   695   695  1067  1076   158     0    -15.373      1.056   -171.015    171.708      0.330
  1064         21  (g)                -71   713   713  1067  1076   108   158     -2.895      2.891    -38.377     38.595      0.000
  1065         21  (g)                -71   708   708  1067  1076   125   108     -6.328      8.990   -121.973    122.467      0.000
  1066         -4  (cbar)             -71  1010  1010  1067  1076     0   125     -1.567      3.663    -90.012     90.132      2.384
  1067        111  (pi0)              -83  1063  1066  1722  1723     0     0     -1.496     -0.138    -16.439     16.508      0.135
  1068        211  pi+                 83  1063  1066     0     0     0     0    -11.940      1.712   -132.280    132.829      0.140
  1069        221  (eta)              -83  1063  1066  1724  1726     0     0     -0.603     -0.067    -11.912     11.940      0.548
  1070        113  (rho0)             -83  1063  1066  1494  1495     0     0     -2.158      1.351    -23.187     23.342      0.868
  1071        221  (eta)              -83  1063  1066  1727  1729     0     0     -1.722      0.995    -24.142     24.230      0.548
  1072       -211  pi-                 84  1063  1066     0     0     0     0     -2.098      3.337    -51.127     51.278      0.140
  1073        211  pi+                 84  1063  1066     0     0     0     0     -0.069      0.160     -2.321      2.332      0.140
  1074       -211  pi-                 84  1063  1066     0     0     0     0     -3.155      3.910    -48.020     48.283      0.140
  1075        211  pi+                 84  1063  1066     0     0     0     0     -1.788      2.369    -38.801     38.914      0.140
  1076       -413  (D*-)              -84  1063  1066  1730  1731     0     0     -1.133      2.970    -73.148     73.244      2.010
  1077          1  (d)                -71   767   767  1085  1099   271     0     -0.026     -0.162     24.598     24.600      0.330
  1078         21  (g)                -71   857   857  1085  1099   168   271      0.763     -1.235     50.078     50.099      0.000
  1079         21  (g)                -71   705   705  1085  1099   301   168     -1.479      2.364     12.528     12.835      0.000
  1080         21  (g)                -71   743   743  1085  1099   115   301     -1.999      2.052     19.665     19.872      0.000
  1081         21  (g)                -71   711   711  1085  1099   152   115      0.852      0.655      2.206      2.454      0.000
  1082         21  (g)                -71   994   994  1085  1099   116   152      1.724     -0.364      5.534      5.825      0.446
  1083         21  (g)                -71   774   774  1085  1099   128   116      1.261     -0.518      7.637      7.758      0.000
  1084         -2  (ubar)             -71   993   993  1085  1099     0   128      4.503     -0.601     48.334     48.554      0.802
  1085        113  (rho0)             -83  1077  1084  1496  1497     0     0      0.157     -0.911     46.274     46.289      0.775
  1086       -211  pi-                 83  1077  1084     0     0     0     0      0.138      0.130     10.134     10.137      0.140
  1087        223  (omega)            -83  1077  1084  1732  1734     0     0     -0.154      0.388      8.540      8.586      0.787
  1088        211  pi+                 83  1077  1084     0     0     0     0      0.161     -0.312      2.975      2.999      0.140
  1089       -211  pi-                 83  1077  1084     0     0     0     0      0.093     -0.324      6.433      6.443      0.140
  1090        211  pi+                 84  1077  1084     0     0     0     0     -1.406      1.888     14.923     15.108      0.140
  1091        313  (K*0)              -84  1077  1084  1498  1499     0     0     -0.680      1.788     12.597     12.773      0.901
  1092       -323  (K*-)              -84  1077  1084  1500  1501     0     0     -0.563      0.411      4.360      4.500      0.866
  1093        211  pi+                 84  1077  1084     0     0     0     0      0.264      0.205      0.447      0.575      0.140
  1094       -211  pi-                 84  1077  1084     0     0     0     0      1.052     -0.657      6.671      6.787      0.140
  1095        211  pi+                 84  1077  1084     0     0     0     0     -0.010     -0.129      1.096      1.112      0.140
  1096       -211  pi-                 84  1077  1084     0     0     0     0      0.090      0.389      1.833      1.881      0.140
  1097        111  (pi0)              -84  1077  1084  1735  1736     0     0      1.075     -0.104      3.133      3.317      0.135
  1098        221  (eta)              -84  1077  1084  1737  1739     0     0      2.944      0.122     22.063     22.265      0.548
  1099        113  (rho0)             -84  1077  1084  1502  1503     0     0      2.439     -0.692     29.101     29.223      0.836
  1100          2  (u)                -71   934   934  1102  1110   123     0      0.358     -0.184    975.272    975.273      0.330
  1101         -3  (sbar)             -71   978   978  1102  1110     0   123      0.728      0.380     -0.340      1.079      0.611
  1102        111  (pi0)              -83  1100  1101  1740  1741     0     0      0.193     -0.408    624.935    624.936      0.135
  1103        213  (rho+)             -83  1100  1101  1504  1505     0     0      0.184     -0.397    291.464    291.466      0.823
  1104        113  (rho0)             -83  1100  1101  1506  1507     0     0     -0.014      0.611     43.373     43.385      0.839
  1105        111  (pi0)              -83  1100  1101  1742  1743     0     0      0.095      0.097      7.196      7.198      0.135
  1106        311  (K0)               -83  1100  1101  1508  1508     0     0     -0.221      0.086      0.883      1.041      0.498
  1107       -313  (K*bar0)           -84  1100  1101  1509  1510     0     0      0.270      0.072      5.698      5.767      0.843
  1108        311  (K0)               -84  1100  1101  1511  1511     0     0      0.251     -0.485      0.243      0.777      0.498
  1109       -321  K-                  84  1100  1101     0     0     0     0      0.354      0.494      0.391      0.875      0.494
  1110        321  K+                  84  1100  1101     0     0     0     0     -0.025      0.126      0.750      0.907      0.494
  1111          1  (d)                -71   772   772  1128  1164   276     0     -0.813      0.613     -0.000      1.070      0.330
  1112         21  (g)                -71   908   908  1128  1164   274   276     -0.561      0.282      1.235      1.386      0.000
  1113         21  (g)                -71   986   986  1128  1164   263   274     -0.574     -0.953      2.101      2.384      0.183
  1114         21  (g)                -71   989   989  1128  1164   154   263     -2.801     -0.706      8.347      8.840      0.354
  1115         21  (g)                -71   858   858  1128  1164   167   154     -1.641     -0.011     11.371     11.489      0.000
  1116         21  (g)                -71   730   730  1128  1164   249   167     -2.919      1.087     25.887     26.073      0.000
  1117         21  (g)                -71   801   801  1128  1164   236   249     -2.095      1.155     26.055     26.165      0.000
  1118         21  (g)                -71   987   987  1128  1164   106   236     -1.744      2.277     28.717     28.860      0.183
  1119         21  (g)                -71   753   753  1128  1164   244   106     -0.122      1.967     40.370     40.418      0.000
  1120         21  (g)                -71   991   991  1128  1164   201   244     -1.718      2.772    125.073    125.116      0.489
  1121         21  (g)                -71   856   856  1128  1164   173   201      1.992      3.513     95.668     95.753      0.000
  1122         21  (g)                -71   785   785  1128  1164   296   173      0.826      1.320     69.199     69.217      0.000
  1123         21  (g)                -71   988   988  1128  1164   309   296      0.775      1.034     97.500     97.509      0.286
  1124         21  (g)                -71   883   883  1128  1164   278   309      0.237      0.063      9.355      9.358      0.000
  1125         21  (g)                -71   837   837  1128  1164   207   278     -1.973     -0.882    425.866    425.872      0.000
  1126         21  (g)                -71   990   990  1128  1164   237   207     -1.179      0.762    296.769    296.773      0.428
  1127         -1  (dbar)             -71   941   941  1128  1164     0   237     -0.113     -0.375     -1.143      1.252      0.330
  1128        113  (rho0)             -83  1111  1127  1512  1513     0     0     -0.854      0.267      0.633      1.262      0.625
  1129        223  (omega)            -83  1111  1127  1744  1746     0     0     -0.320      0.210      0.494      1.003      0.784
  1130       -211  pi-                 83  1111  1127     0     0     0     0     -0.532     -0.334      2.174      2.267      0.140
  1131        223  (omega)            -83  1111  1127  1747  1749     0     0     -1.292     -0.007      3.686      3.987      0.800
  1132        223  (omega)            -83  1111  1127  1750  1752     0     0     -0.982     -0.915      3.529      3.857      0.788
  1133        213  (rho+)             -83  1111  1127  1514  1515     0     0     -2.312      0.466     15.038     15.246      0.870
  1134        221  (eta)              -83  1111  1127  1753  1754     0     0     -0.758      0.355      7.865      7.928      0.548
  1135       -211  pi-                 83  1111  1127     0     0     0     0     -0.640     -0.054      5.012      5.055      0.140
  1136        111  (pi0)              -83  1111  1127  1755  1756     0     0     -0.888      1.179     11.525     11.620      0.135
  1137        111  (pi0)              -83  1111  1127  1757  1758     0     0     -0.470      0.034      5.982      6.002      0.135
  1138        113  (rho0)             -83  1111  1127  1516  1517     0     0     -1.100      0.957     16.941     17.018      0.715
  1139        213  (rho+)             -83  1111  1127  1518  1519     0     0     -0.527      0.606     10.391     10.451      0.783
  1140       -211  pi-                 83  1111  1127     0     0     0     0     -0.940      0.376     14.483     14.519      0.140
  1141        211  pi+                 83  1111  1127     0     0     0     0     -0.491      0.164      4.389      4.421      0.140
  1142       -211  pi-                 83  1111  1127     0     0     0     0     -0.844      1.124     25.581     25.620      0.140
  1143        211  pi+                 83  1111  1127     0     0     0     0      0.300      0.250      8.894      8.904      0.140
  1144        311  (K0)               -83  1111  1127  1520  1520     0     0     -1.061      0.801     24.346     24.387      0.498
  1145       -323  (K*-)              -83  1111  1127  1521  1522     0     0     -0.341      1.260     35.895     35.930      0.883
  1146        111  (pi0)              -83  1111  1127  1759  1760     0     0      0.261      0.821     30.076     30.089      0.135
  1147        111  (pi0)              -83  1111  1127  1761  1762     0     0     -0.014      0.407      7.966      7.977      0.135
  1148        211  pi+                 83  1111  1127     0     0     0     0     -0.171      0.497     21.553     21.560      0.140
  1149       -213  (rho-)             -83  1111  1127  1523  1524     0     0      0.595      1.677     51.344     51.382      0.825
  1150        111  (pi0)              -83  1111  1127  1763  1764     0     0      0.499      2.307     61.839     61.884      0.135
  1151        211  pi+                 84  1111  1127     0     0     0     0      0.950      0.336     86.254     86.260      0.140
  1152        113  (rho0)             -84  1111  1127  1525  1526     0     0      0.447      0.848     51.503     51.520      0.943
  1153        223  (omega)            -84  1111  1127  1765  1767     0     0     -0.964     -0.135    247.945    247.948      0.785
  1154        223  (omega)            -84  1111  1127  1768  1770     0     0     -0.694      0.907    134.487    134.494      0.790
  1155       -213  (rho-)             -84  1111  1127  1527  1528     0     0     -0.292     -0.115    145.238    145.240      0.604
  1156        111  (pi0)              -84  1111  1127  1771  1772     0     0     -0.083     -0.288     36.062     36.063      0.135
  1157        211  pi+                 84  1111  1127     0     0     0     0     -0.960      0.008    117.727    117.731      0.140
  1158        221  (eta)              -84  1111  1127  1773  1774     0     0      0.469      0.313     31.991     32.001      0.548
  1159        311  (K0)               -84  1111  1127  1529  1529     0     0     -0.387      0.081     21.691     21.701      0.498
  1160       -323  (K*-)              -84  1111  1127  1530  1531     0     0      0.120      0.245     12.184     12.239      1.120
  1161        111  (pi0)              -84  1111  1127  1775  1776     0     0     -0.186     -0.480      2.146      2.211      0.135
  1162        223  (omega)            -84  1111  1127  1777  1779     0     0      0.077      0.162      5.865      5.919      0.782
  1163        223  (omega)            -84  1111  1127  1780  1782     0     0     -0.129     -0.187      0.053      0.817      0.783
  1164        213  (rho+)             -84  1111  1127  1532  1533     0     0      0.090     -0.227     -0.411      1.022      0.904
  1165          4  (c)                -71   751   751  1188  1229   146     0      1.589     -1.598    -59.675     59.737      1.500
  1166         21  (g)                -71   999   999  1188  1229   206   146      1.662      0.195     -8.849      9.007      0.143
  1167         21  (g)                -71   995   995  1188  1229   140   206      0.195      1.997    -50.084     50.124      0.059
  1168         21  (g)                -71  1007  1007  1188  1229   180   140     -3.575     -3.063   -338.573    338.606      0.565
  1169         21  (g)                -71   766   766  1188  1229   199   180     -0.374     -0.794    -76.169     76.174      0.000
  1170         21  (g)                -71   998   998  1188  1229   191   199      0.561     -1.291   -165.925    165.931      0.127
  1171         21  (g)                -71  1003  1003  1188  1229   313   191      4.119     -3.356   -203.598    203.667      0.366
  1172         21  (g)                -71  1002  1002  1188  1229   193   313      2.269     -0.029   -170.933    170.949      0.242
  1173         21  (g)                -71   700   700  1188  1229   257   193      2.826      1.285   -178.087    178.114      0.000
  1174         21  (g)                -71   808   808  1188  1229   265   257      0.820      0.165    -31.696     31.707      0.000
  1175         21  (g)                -71   733   733  1188  1229   112   265      0.369      0.615    -19.033     19.046      0.000
  1176         21  (g)                -71   719   719  1188  1229   208   112      0.028     -1.406    -36.557     36.584      0.000
  1177         21  (g)                -71   754   754  1188  1229   225   208     -0.545     -2.727    -57.160     57.228      0.000
  1178         21  (g)                -71  1005  1005  1188  1229   229   225     -0.650     -5.891    -80.804     81.022      0.549
  1179         21  (g)                -71   707   707  1188  1229   184   229     -1.452     -3.618    -32.830     33.061      0.000
  1180         21  (g)                -71  1001  1001  1188  1229   298   184     -0.509     -0.714     -7.906      7.958      0.227
  1181         21  (g)                -71   715   715  1188  1229   124   298     -0.100      0.516    -10.573     10.586      0.000
  1182         21  (g)                -71   750   750  1188  1229   269   124     -1.807      0.837     -6.643      6.935      0.000
  1183         21  (g)                -71  1008  1008  1188  1229   273   269     -4.266      1.935     -9.012     10.174      0.592
  1184         21  (g)                -71  1006  1006  1188  1229   101   273     -3.093     -2.446    -10.651     11.371      0.558
  1185         21  (g)                -71   716   716  1188  1229   195   101      0.510     -0.149     -0.505      0.733      0.000
  1186         21  (g)                -71  1004  1004  1188  1229   212   195      1.738      1.400     -2.992      3.762      0.468
  1187         -2  (ubar)             -71   831   831  1188  1229     0   212     -0.607      0.216     -1.263      1.456      0.330
  1188        421  (D0)               -83  1165  1187  1783  1785     0     0      1.334     -1.612    -51.811     51.887      1.865
  1189        213  (rho+)             -83  1165  1187  1534  1535     0     0      0.876      0.433    -16.536     16.600      1.078
  1190        111  (pi0)              -83  1165  1187  1786  1787     0     0     -0.067      0.099     -8.018      8.020      0.135
  1191        111  (pi0)              -83  1165  1187  1788  1789     0     0      1.240      0.418    -11.198     11.275      0.135
  1192       -211  pi-                 83  1165  1187     0     0     0     0     -0.417     -0.440    -31.685     31.691      0.140
  1193        111  (pi0)              -83  1165  1187  1790  1791     0     0      0.360      0.379    -12.189     12.201      0.135
  1194        213  (rho+)             -83  1165  1187  1536  1537     0     0     -0.211      0.218    -31.984     32.004      1.103
  1195        311  (K0)               -83  1165  1187  1538  1538     0     0     -0.871     -0.219    -61.662     61.671      0.498
  1196       -321  K-                  83  1165  1187     0     0     0     0     -0.512     -0.286    -37.610     37.618      0.494
  1197        321  K+                  83  1165  1187     0     0     0     0     -0.155     -0.465    -39.957     39.963      0.494
  1198        221  (eta)              -83  1165  1187  1792  1793     0     0      0.362     -0.621    -89.336     89.341      0.548
  1199       -311  (Kbar0)            -83  1165  1187  1539  1539     0     0     -1.548     -1.456   -168.195    168.209      0.498
  1200        311  (K0)               -83  1165  1187  1540  1540     0     0     -0.166     -1.099   -124.375    124.381      0.498
  1201       -321  K-                  84  1165  1187     0     0     0     0      0.306     -0.586    -24.517     24.531      0.494
  1202        213  (rho+)             -84  1165  1187  1541  1542     0     0      1.528     -0.627    -90.128     90.149      1.003
  1203        311  (K0)               -84  1165  1187  1543  1543     0     0      2.787     -1.419   -154.485    154.517      0.498
  1204       -311  (Kbar0)            -84  1165  1187  1544  1544     0     0      1.059      0.652    -90.817     90.827      0.498
  1205       -211  pi-                 84  1165  1187     0     0     0     0      0.734     -0.153    -19.010     19.025      0.140
  1206        211  pi+                 84  1165  1187     0     0     0     0      0.198      0.094    -27.302     27.304      0.140
  1207       -211  pi-                 84  1165  1187     0     0     0     0      1.079     -0.301    -82.809     82.817      0.140
  1208        323  (K*+)              -84  1165  1187  1545  1546     0     0      1.369      0.736    -72.627     72.649      0.871
  1209       -321  K-                  84  1165  1187     0     0     0     0      0.774     -0.648    -59.533     59.544      0.494
  1210        323  (K*+)              -84  1165  1187  1547  1548     0     0      0.104     -0.103    -19.192     19.213      0.894
  1211       -311  (Kbar0)            -84  1165  1187  1549  1549     0     0      0.278     -0.880    -23.666     23.689      0.498
  1212        311  (K0)               -84  1165  1187  1550  1550     0     0     -0.074     -1.443    -28.550     28.591      0.498
  1213       -311  (Kbar0)            -84  1165  1187  1551  1551     0     0     -0.884     -2.891    -30.036     30.192      0.498
  1214       -213  (rho-)             -84  1165  1187  1552  1553     0     0     -0.373     -3.186    -47.835     47.951      0.882
  1215        113  (rho0)             -84  1165  1187  1554  1555     0     0     -0.636     -1.569    -27.662     27.722      0.668
  1216        113  (rho0)             -84  1165  1187  1556  1557     0     0     -0.992     -1.360    -22.539     22.630      1.132
  1217        113  (rho0)             -84  1165  1187  1558  1559     0     0      0.193     -0.880    -12.976     13.041      0.940
  1218        213  (rho+)             -84  1165  1187  1560  1561     0     0     -0.913      0.362     -6.630      6.740      0.711
  1219       -211  pi-                 84  1165  1187     0     0     0     0     -0.533     -0.401     -1.476      1.626      0.140
  1220        211  pi+                 84  1165  1187     0     0     0     0     -0.668      0.044     -2.887      2.967      0.140
  1221       2114  (Delta0)           -84  1165  1187  1562  1563     0     0     -0.892      0.494     -4.394      4.700      1.320
  1222        113  (rho0)             -84  1165  1187  1564  1565     0     0     -2.024      0.926     -9.014      9.364      1.217
  1223      -2212  pbar-               84  1165  1187     0     0     0     0     -2.227     -0.584     -5.142      5.711      0.938
  1224        221  (eta)              -84  1165  1187  1794  1795     0     0     -0.482      0.088     -0.757      1.055      0.548
  1225        111  (pi0)              -84  1165  1187  1796  1797     0     0     -1.374     -1.184     -4.593      4.940      0.135
  1226        211  pi+                 84  1165  1187     0     0     0     0     -0.215      0.422     -1.796      1.863      0.140
  1227       -213  (rho-)             -84  1165  1187  1566  1567     0     0      1.071      0.164     -1.709      2.291      1.074
  1228        111  (pi0)              -84  1165  1187  1798  1799     0     0      0.676      0.803     -1.897      2.172      0.135
  1229        113  (rho0)             -84  1165  1187  1568  1569     0     0     -0.389      0.160     -0.981      1.251      0.654
  1230          1  (d)                -71   889   889  1232  1247   219     0      2.543      0.547    326.214    326.225      0.330
  1231         -2  (ubar)             -71   940   940  1232  1247     0   219      0.515     -0.060   -171.686    171.688      0.330
  1232        111  (pi0)              -83  1230  1231  1800  1801     0     0      0.156      0.064     11.766     11.768      0.135
  1233        111  (pi0)              -83  1230  1231  1802  1803     0     0      1.091     -0.096    117.192    117.197      0.135
  1234       -211  pi-                 83  1230  1231     0     0     0     0      0.064      0.125      3.910      3.916      0.140
  1235       2224  (Delta++)          -83  1230  1231  1570  1571     0     0      0.792      0.285    127.819    127.827      1.180
  1236       -211  pi-                 83  1230  1231     0     0     0     0     -0.248     -0.272     15.669     15.674      0.140
  1237      -2214  (Deltabar-)        -83  1230  1231  1572  1573     0     0      0.343      0.291     38.837     38.861      1.305
  1238        111  (pi0)              -83  1230  1231  1804  1805     0     0      0.487      0.395      1.308      1.457      0.135
  1239        111  (pi0)              -83  1230  1231  1806  1807     0     0     -0.367     -0.462      3.279      3.334      0.135
  1240        211  pi+                 83  1230  1231     0     0     0     0      0.572      0.442      5.453      5.503      0.140
  1241        223  (omega)            -84  1230  1231  1808  1810     0     0     -0.240     -0.307      0.435      0.978      0.785
  1242        223  (omega)            -84  1230  1231  1811  1813     0     0     -0.695      0.122     -2.840      3.030      0.787
  1243        311  (K0)               -84  1230  1231  1574  1574     0     0     -0.069     -0.195     -3.508      3.549      0.498
  1244       -321  K-                  84  1230  1231     0     0     0     0      0.864     -0.177    -31.767     31.783      0.494
  1245        211  pi+                 84  1230  1231     0     0     0     0      0.100      0.092     -8.659      8.662      0.140
  1246        113  (rho0)             -84  1230  1231  1575  1576     0     0      0.027      0.182   -110.792    110.796      0.841
  1247       -211  pi-                 84  1230  1231     0     0     0     0      0.181     -0.000    -13.575     13.577      0.140
  1248          3  (s)                -71   935   935  1250  1267   150     0      0.105     -0.896    998.396    998.396      0.500
  1249         -1  (dbar)             -71   836   836  1250  1267     0   150      1.586      4.610   -434.956    434.984      0.330
  1250       -321  K-                  83  1248  1249     0     0     0     0      0.021     -0.788    482.883    482.884      0.494
  1251        221  (eta)              -83  1248  1249  1814  1816     0     0     -0.155      0.508    272.613    272.614      0.548
  1252        111  (pi0)              -83  1248  1249  1817  1819     0     0     -0.126     -0.378     31.608     31.611      0.135
  1253        111  (pi0)              -83  1248  1249  1820  1821     0     0      0.386     -0.028     78.316     78.317      0.135
  1254        113  (rho0)             -83  1248  1249  1577  1578     0     0      0.416     -0.412     53.117     53.128      0.910
  1255        221  (eta)              -83  1248  1249  1822  1823     0     0     -0.192      0.355     17.459     17.472      0.548
  1256        211  pi+                 83  1248  1249     0     0     0     0      0.176     -0.284     31.557     31.559      0.140
  1257       -211  pi-                 83  1248  1249     0     0     0     0     -0.108     -0.051     11.904     11.906      0.140
  1258        113  (rho0)             -83  1248  1249  1579  1580     0     0     -0.495     -0.012     18.161     18.189      0.895
  1259        211  pi+                 84  1248  1249     0     0     0     0     -0.030      0.019      0.012      0.144      0.140
  1260        111  (pi0)              -84  1248  1249  1824  1825     0     0     -0.028      0.214      0.094      0.271      0.135
  1261        311  (K0)               -84  1248  1249  1581  1581     0     0     -0.025      0.173      0.044      0.529      0.498
  1262       -313  (K*bar0)           -84  1248  1249  1582  1583     0     0     -0.198     -0.135     -1.716      1.952      0.898
  1263        111  (pi0)              -84  1248  1249  1826  1827     0     0      0.577      0.078     -1.252      1.387      0.135
  1264       -213  (rho-)             -84  1248  1249  1584  1585     0     0      0.322      0.186    -15.521     15.541      0.697
  1265        211  pi+                 84  1248  1249     0     0     0     0     -0.195      0.546    -28.284     28.290      0.140
  1266       -213  (rho-)             -84  1248  1249  1586  1587     0     0      0.862      1.072   -183.356    183.366      1.385
  1267        211  pi+                 84  1248  1249     0     0     0     0      0.483      2.650   -204.200    204.217      0.140
  1268          2  (u)                -71   938   938  1278  1310   214     0     -0.497     -0.846   -397.069    397.070      0.330
  1269         21  (g)                -71   723   723  1278  1310   300   214     -1.371      2.702    329.181    329.195      0.000
  1270         21  (g)                -71   799   799  1278  1310   192   300     -0.454      0.047    535.922    535.922      0.000
  1271         21  (g)                -71   980   980  1278  1310   325   192      0.345     -0.232    117.084    117.085      0.243
  1272         21  (g)                -71   979   979  1278  1310   235   325      0.791     -1.136    208.361    208.366      0.049
  1273         21  (g)                -71   981   981  1278  1310   181   235      0.032     -2.019    185.985    185.997      0.491
  1274         21  (g)                -71   905   905  1278  1310   238   181     -1.451     -2.758    348.166    348.180      0.000
  1275         21  (g)                -71   773   773  1278  1310   159   238     -0.514     -0.331     35.389     35.394      0.000
  1276         21  (g)                -71   879   879  1278  1310   187   159     -2.602      0.087     80.448     80.490      0.000
  1277         -1  (dbar)             -71   768   768  1278  1310     0   187     -1.134      0.259     24.496     24.526      0.330
  1278        213  (rho+)             -83  1268  1277  1588  1589     0     0     -0.308     -0.170   -194.031    194.033      0.728
  1279        311  (K0)               -83  1268  1277  1590  1590     0     0     -0.684     -0.392   -123.792    123.795      0.498
  1280       -313  (K*bar0)           -83  1268  1277  1591  1592     0     0      0.404     -0.120    -48.032     48.042      0.869
  1281        311  (K0)               -83  1268  1277  1593  1593     0     0      0.318     -0.762    -24.986     25.005      0.498
  1282       -313  (K*bar0)           -83  1268  1277  1594  1595     0     0     -0.091      0.903     -4.029      4.237      0.947
  1283        111  (pi0)              -83  1268  1277  1828  1829     0     0      0.175     -0.226     -0.221      0.385      0.135
  1284       -211  pi-                 83  1268  1277     0     0     0     0     -0.607      0.095     -0.653      0.907      0.140
  1285        111  (pi0)              -83  1268  1277  1830  1831     0     0      0.316      0.018     -0.052      0.348      0.135
  1286        221  (eta)              -83  1268  1277  1832  1834     0     0     -0.084     -0.462     -0.149      0.737      0.548
  1287        323  (K*+)              -83  1268  1277  1596  1597     0     0      0.157      0.196      1.580      1.850      0.930
  1288       -321  K-                  83  1268  1277     0     0     0     0      0.305      0.023      1.010      1.165      0.494
  1289        213  (rho+)             -83  1268  1277  1598  1599     0     0     -0.086      0.162      3.354      3.464      0.846
  1290        223  (omega)            -83  1268  1277  1835  1837     0     0     -0.635      0.466      6.897      6.987      0.792
  1291        221  (eta)              -83  1268  1277  1838  1840     0     0      0.290     -0.270      3.563      3.626      0.548
  1292       2112  n0                  84  1268  1277     0     0     0     0     -0.289      0.378     57.758     57.767      0.940
  1293      -2212  pbar-               84  1268  1277     0     0     0     0     -0.716      0.293     82.800     82.809      0.938
  1294        111  (pi0)              -84  1268  1277  1841  1842     0     0      0.158     -0.016      8.396      8.399      0.135
  1295        211  pi+                 84  1268  1277     0     0     0     0     -0.001      0.097     50.111     50.111      0.140
  1296       -211  pi-                 84  1268  1277     0     0     0     0     -0.007      0.316     57.718     57.719      0.140
  1297        211  pi+                 84  1268  1277     0     0     0     0     -0.271      0.424     49.881     49.884      0.140
  1298       -211  pi-                 84  1268  1277     0     0     0     0     -0.040      0.005     22.847     22.848      0.140
  1299        331  (eta')             -84  1268  1277  1843  1844     0     0     -0.189      0.813    249.486    249.490      0.958
  1300        213  (rho+)             -84  1268  1277  1600  1601     0     0      0.770     -1.085    340.320    340.323      0.862
  1301        223  (omega)            -84  1268  1277  1845  1847     0     0     -0.515     -0.465     80.838     80.844      0.785
  1302       -211  pi-                 84  1268  1277     0     0     0     0      0.171     -0.611    268.135    268.135      0.140
  1303        211  pi+                 84  1268  1277     0     0     0     0     -0.188     -0.222     30.700     30.702      0.140
  1304       -211  pi-                 84  1268  1277     0     0     0     0     -0.714     -1.516    185.877    185.885      0.140
  1305        211  pi+                 84  1268  1277     0     0     0     0      0.110      0.076      8.445      8.447      0.140
  1306        113  (rho0)             -84  1268  1277  1602  1603     0     0     -0.208     -0.997     87.773     87.784      0.920
  1307       -211  pi-                 84  1268  1277     0     0     0     0     -0.582     -0.278     42.139     42.144      0.140
  1308        113  (rho0)             -84  1268  1277  1604  1605     0     0     -0.818     -0.347     90.383     90.391      0.777
  1309        323  (K*+)              -84  1268  1277  1606  1607     0     0      0.000     -0.267     35.960     35.972      0.890
  1310       -313  (K*bar0)           -84  1268  1277  1608  1609     0     0     -2.996     -0.287     97.937     97.987      0.912
  1311         21  (g)                -71   818   818  1367  1476   194   260      0.514      0.374   -338.336    338.336      0.000
  1312         21  (g)                -71   974   974  1367  1476   260   103     -1.247      2.254   -215.759    215.775      0.448
  1313         21  (g)                -71   955   955  1367  1476   103   227     -0.935      1.716   -118.214    118.231      0.138
  1314         21  (g)                -71   692   692  1367  1476   227   247      4.917     18.550  -2292.658   2292.738      0.000
  1315         21  (g)                -71   729   729  1367  1476   247   286     -0.862      0.271    -36.489     36.500      0.000
  1316         21  (g)                -71   962   962  1367  1476   286   144     -1.527     -0.113    -49.206     49.231      0.251
  1317         21  (g)                -71   958   958  1367  1476   144   253     -1.550      0.328    -35.825     35.861      0.156
  1318         21  (g)                -71   732   732  1367  1476   253   252      1.588      1.477    -75.504     75.535      0.000
  1319         21  (g)                -71   966   966  1367  1476   252   104      2.016      4.365    -39.324     39.619      0.344
  1320         21  (g)                -71   704   704  1367  1476   104   209      1.293      1.632    -34.312     34.375      0.000
  1321         21  (g)                -71   956   956  1367  1476   209   245     -1.322      0.121    -10.788     10.870      0.148
  1322         21  (g)                -71   892   892  1367  1476   245   248      0.662     -0.241    -19.696     19.708      0.000
  1323         21  (g)                -71   969   969  1367  1476   248   255      1.638     -1.452    -47.524     47.576      0.366
  1324         21  (g)                -71   874   874  1367  1476   255   218      2.005     -1.037    -24.261     24.365      0.000
  1325         21  (g)                -71   959   959  1367  1476   218   283      1.013     -1.623    -16.641     16.751      0.198
  1326         21  (g)                -71   965   965  1367  1476   283   258     -0.111      1.521     -8.918      9.052      0.301
  1327         21  (g)                -71   951   951  1367  1476   258   114      0.032      3.818    -10.236     10.926      0.093
  1328         21  (g)                -71   740   740  1367  1476   114   292      0.606     -0.489     -1.711      1.879      0.000
  1329         21  (g)                -71   693   693  1367  1476   292   107     25.133    -16.750    -38.499     48.933      0.000
  1330         21  (g)                -71   697   697  1367  1476   107   304     -1.753     -2.804    -17.631     17.938      0.000
  1331         21  (g)                -71   972   972  1367  1476   304   254     -1.983     -2.640     -8.742      9.355      0.436
  1332         21  (g)                -71   970   970  1367  1476   254   164     -1.448     -2.496     -3.932      4.893      0.390
  1333         21  (g)                -71   952   952  1367  1476   164   202     -0.599     -0.241      0.371      0.751      0.093
  1334         21  (g)                -71   976   976  1367  1476   202   102     -0.266     -2.051      1.589      2.661      0.526
  1335         21  (g)                -71   721   721  1367  1476   102   318     -3.360     -7.270     -2.453      8.377      0.000
  1336         21  (g)                -71   968   968  1367  1476   318   111     -2.358     -4.145      0.173      4.786      0.365
  1337         21  (g)                -71   741   741  1367  1476   111   297     -0.142     -1.629     -0.255      1.655      0.000
  1338         21  (g)                -71   712   712  1367  1476   297   166     -0.755     -5.313     -4.232      6.834      0.000
  1339         21  (g)                -71   863   863  1367  1476   166   153      0.398     -0.936     -0.522      1.143      0.000
  1340         21  (g)                -71   710   710  1367  1476   153   147      3.224     -3.397     -5.059      6.894      0.000
  1341         21  (g)                -71   739   739  1367  1476   147   224      2.093     -3.701     -7.356      8.496      0.000
  1342         21  (g)                -71   960   960  1367  1476   224   105      0.352     -2.332     -6.043      6.491      0.241
  1343         21  (g)                -71   964   964  1367  1476   105   312      1.163     -0.267     -3.199      3.426      0.288
  1344         21  (g)                -71   728   728  1367  1476   312   251     -0.605     -0.478     -2.428      2.548      0.000
  1345         21  (g)                -71   731   731  1367  1476   251   151      1.100     -1.064     -1.961      2.487      0.000
  1346         21  (g)                -71   835   835  1367  1476   151   302      0.711     -0.584     -0.476      1.036      0.000
  1347         21  (g)                -71   945   945  1367  1476   302   242      3.697     -2.289     -0.819      4.424      0.044
  1348         21  (g)                -71   714   714  1367  1476   242   182      0.300     -0.069      0.104      0.325      0.000
  1349         21  (g)                -71   717   717  1367  1476   182   311      3.294     -1.644      4.020      5.451      0.000
  1350         21  (g)                -71   963   963  1367  1476   311   196      1.991     -1.333      3.763      4.468      0.259
  1351         21  (g)                -71   967   967  1367  1476   196   310      1.978     -1.898      0.913      2.910      0.346
  1352         21  (g)                -71   975   975  1367  1476   310   126      0.654      0.791     -0.248      1.174      0.514
  1353         21  (g)                -71   977   977  1367  1476   126   226      1.550      3.207      3.312      4.896      0.557
  1354         21  (g)                -71   726   726  1367  1476   226   221     -0.261      0.989      2.490      2.692      0.000
  1355         21  (g)                -71   946   946  1367  1476   221   231      2.297      1.357     13.838     14.093      0.058
  1356         21  (g)                -71   973   973  1367  1476   231   119      0.917      1.624     11.958     12.111      0.441
  1357         21  (g)                -71   699   699  1367  1476   119   320      0.552      4.201     45.519     45.716      0.000
  1358         21  (g)                -71   924   924  1367  1476   320   321      1.618      1.544     40.449     40.511      0.000
  1359         21  (g)                -71   902   902  1367  1476   321   135      1.917      1.370     32.096     32.182      0.000
  1360         21  (g)                -71   805   805  1367  1476   135   295     -0.346     -0.972      4.563      4.678      0.000
  1361         21  (g)                -71   971   971  1367  1476   295   308      0.799     -2.387     16.904     17.096      0.434
  1362         21  (g)                -71   954   954  1367  1476   308   329      1.045     -2.561     38.438     38.538      0.122
  1363         21  (g)                -71   949   949  1367  1476   329   272      1.056     -1.149     23.742     23.794      0.087
  1364          2  (u)                -71   832   832  1367  1476   272     0      0.880     -0.079     18.221     18.245      0.330
  1365          2  (u)                -71   937   937  1367  1476   333     0     -0.048     -1.139     -7.482      7.576      0.330
  1366          3  (s)                -71   912   912  1367  1476   261     0      0.356     -0.655    -47.730     47.739      0.500
  1367        211  pi+                 86  1311  1366     0     0     0     0      0.112     -0.039     -0.819      0.839      0.140
  1368        223  (omega)            -86  1311  1366  1848  1850     0     0     -0.113     -0.979    -14.225     14.279      0.761
  1369        213  (rho+)             -83  1311  1366  1610  1611     0     0      0.867     -0.699     25.684     25.722      0.823
  1370       2112  n0                  83  1311  1366     0     0     0     0      1.513     -2.684     34.656     34.805      0.940
  1371        221  (eta)              -83  1311  1366  1851  1852     0     0      0.292     -0.464     10.493     10.522      0.548
  1372      -2212  pbar-               83  1311  1366     0     0     0     0      0.082     -0.918     11.236     11.312      0.938
  1373        111  (pi0)              -83  1311  1366  1853  1854     0     0      0.470     -0.655      8.106      8.147      0.135
  1374        211  pi+                 83  1311  1366     0     0     0     0      0.589     -0.729     10.004     10.048      0.140
  1375       -213  (rho-)             -83  1311  1366  1612  1613     0     0      0.332     -0.372      4.634      4.723      0.763
  1376        113  (rho0)             -83  1311  1366  1614  1615     0     0      0.412      0.436     17.426     17.455      0.792
  1377        113  (rho0)             -83  1311  1366  1616  1617     0     0      0.740      0.263     12.824     12.884      0.957
  1378        111  (pi0)              -83  1311  1366  1855  1856     0     0      0.214      0.662     17.127     17.142      0.135
  1379        111  (pi0)              -83  1311  1366  1857  1858     0     0      0.332      1.422     12.260     12.347      0.135
  1380        223  (omega)            -83  1311  1366  1859  1861     0     0      1.144      0.687     15.981     16.056      0.772
  1381        113  (rho0)             -83  1311  1366  1618  1619     0     0      0.850      3.318     38.092     38.262      1.133
  1382        321  K+                  83  1311  1366     0     0     0     0      1.293      1.063     13.138     13.254      0.494
  1383       -321  K-                  83  1311  1366     0     0     0     0      0.192      0.956      6.556      6.646      0.494
  1384        211  pi+                 83  1311  1366     0     0     0     0      0.804      0.396      3.189      3.316      0.140
  1385        311  (K0)               -83  1311  1366  1620  1620     0     0      0.202      0.923      2.189      2.435      0.498
  1386       -311  (Kbar0)            -83  1311  1366  1621  1621     0     0      0.117      0.095      3.145      3.187      0.498
  1387       -213  (rho-)             -83  1311  1366  1622  1623     0     0      1.085      2.148      3.260      4.156      0.921
  1388        211  pi+                 83  1311  1366     0     0     0     0      0.533      1.050     -0.107      1.191      0.140
  1389       -211  pi-                 83  1311  1366     0     0     0     0      0.003      0.322      0.861      0.930      0.140
  1390        223  (omega)            -83  1311  1366  1862  1864     0     0      0.927     -0.248      0.643      1.407      0.803
  1391        211  pi+                 83  1311  1366     0     0     0     0      0.227     -0.576      0.427      0.765      0.140
  1392       2114  (Delta0)           -83  1311  1366  1624  1625     0     0      1.144      0.153      1.298      2.153      1.272
  1393       -213  (rho-)             -83  1311  1366  1626  1627     0     0      1.720     -0.845      0.924      2.216      0.620
  1394      -1114  (Deltabar+)        -83  1311  1366  1628  1629     0     0      2.491     -2.044      3.331      4.829      1.358
  1395        223  (omega)            -83  1311  1366  1865  1867     0     0      1.457     -1.150      1.752      2.668      0.777
  1396        113  (rho0)             -83  1311  1366  1630  1631     0     0      2.322     -0.789     -0.088      2.599      0.856
  1397        111  (pi0)              -83  1311  1366  1868  1869     0     0     -0.137     -0.058     -0.153      0.253      0.135
  1398        113  (rho0)             -83  1311  1366  1632  1633     0     0      0.481     -0.568      0.166      1.028      0.690
  1399        311  (K0)               -83  1311  1366  1634  1634     0     0      1.328     -1.344     -1.482      2.452      0.498
  1400       -313  (K*bar0)           -83  1311  1366  1635  1636     0     0      0.307     -0.125     -0.508      1.061      0.870
  1401       -211  pi-                 83  1311  1366     0     0     0     0      0.927     -0.010     -1.684      1.927      0.140
  1402        211  pi+                 83  1311  1366     0     0     0     0      0.555     -1.546     -1.686      2.358      0.140
  1403       -211  pi-                 83  1311  1366     0     0     0     0      1.235     -0.727     -3.899      4.156      0.140
  1404       2114  (Delta0)           -83  1311  1366  1637  1638     0     0      0.138     -1.305     -2.949      3.433      1.169
  1405        213  (rho+)             -83  1311  1366  1639  1640     0     0      1.388     -2.056     -4.402      5.130      0.887
  1406      -2214  (Deltabar-)        -83  1311  1366  1641  1642     0     0      0.881     -1.935     -3.154      4.044      1.371
  1407        213  (rho+)             -83  1311  1366  1643  1644     0     0      0.489     -1.214     -2.107      2.542      0.558
  1408       -211  pi-                 83  1311  1366     0     0     0     0      0.061     -0.818     -1.824      2.005      0.140
  1409        111  (pi0)              -83  1311  1366  1870  1871     0     0      0.707     -1.040     -1.513      1.972      0.135
  1410        213  (rho+)             -83  1311  1366  1645  1646     0     0      0.633     -3.786     -2.986      4.911      0.678
  1411       -213  (rho-)             -83  1311  1366  1647  1648     0     0     -0.008      0.041     -0.290      0.738      0.678
  1412        211  pi+                 83  1311  1366     0     0     0     0      0.133     -2.609     -1.008      2.804      0.140
  1413        111  (pi0)              -83  1311  1366  1872  1873     0     0     -0.011     -0.120     -0.658      0.683      0.135
  1414        111  (pi0)              -83  1311  1366  1874  1875     0     0     -0.647     -2.509     -1.043      2.797      0.135
  1415        111  (pi0)              -83  1311  1366  1876  1877     0     0      0.027     -0.411      0.087      0.443      0.135
  1416        111  (pi0)              -83  1311  1366  1878  1879     0     0     -1.744     -3.293     -0.812      3.816      0.135
  1417        223  (omega)            -83  1311  1366  1880  1882     0     0     -1.218     -2.437     -0.359      2.857      0.782
  1418       -211  pi-                 83  1311  1366     0     0     0     0     -0.117     -0.150     -0.034      0.239      0.140
  1419        211  pi+                 83  1311  1366     0     0     0     0     -0.453     -1.026      0.089      1.134      0.140
  1420        331  (eta')             -83  1311  1366  1883  1885     0     0     -1.139     -1.915      0.039      2.426      0.958
  1421        111  (pi0)              -83  1311  1366  1886  1887     0     0      0.095     -0.575      0.104      0.607      0.135
  1422        311  (K0)               -83  1311  1366  1649  1649     0     0     -0.394     -1.493     -0.583      1.724      0.498
  1423       -313  (K*bar0)           -83  1311  1366  1650  1651     0     0     -0.932     -0.441      0.401      1.432      0.910
  1424        113  (rho0)             -83  1311  1366  1652  1653     0     0     -0.661     -1.824     -0.534      2.173      0.821
  1425       2112  n0                  83  1311  1366     0     0     0     0     -0.677     -0.843     -3.544      3.823      0.940
  1426      -2112  nbar0               83  1311  1366     0     0     0     0     -1.539     -2.636     -6.780      7.495      0.940
  1427       -213  (rho-)             -83  1311  1366  1654  1655     0     0     -0.598     -1.192     -5.210      5.439      0.812
  1428        211  pi+                 83  1311  1366     0     0     0     0     -1.738     -1.381     -8.093      8.393      0.140
  1429        111  (pi0)              -84  1311  1366  1888  1889     0     0      0.914     -1.075     -6.157      6.318      0.135
  1430       -211  pi-                 84  1311  1366     0     0     0     0     -0.153     -0.156     -0.253      0.362      0.140
  1431        211  pi+                 84  1311  1366     0     0     0     0      3.690     -2.849     -5.067      6.887      0.140
  1432       -211  pi-                 84  1311  1366     0     0     0     0      0.895     -0.402     -1.695      1.964      0.140
  1433        223  (omega)            -84  1311  1366  1890  1892     0     0      7.697     -5.181    -12.883     15.899      0.844
  1434        213  (rho+)             -84  1311  1366  1656  1657     0     0      6.463     -4.491    -10.132     12.855      0.809
  1435        111  (pi0)              -84  1311  1366  1893  1894     0     0      0.914     -0.593     -1.151      1.591      0.135
  1436        331  (eta')             -84  1311  1366  1895  1897     0     0      3.652     -1.982     -5.122      6.665      0.957
  1437       -211  pi-                 84  1311  1366     0     0     0     0     -0.157      0.053     -0.298      0.369      0.140
  1438        211  pi+                 84  1311  1366     0     0     0     0      0.233      0.357     -1.857      1.911      0.140
  1439       -211  pi-                 84  1311  1366     0     0     0     0      0.961     -0.572     -1.031      1.528      0.140
  1440        211  pi+                 84  1311  1366     0     0     0     0      0.025     -0.451     -1.225      1.313      0.140
  1441       -213  (rho-)             -84  1311  1366  1658  1659     0     0      0.677      0.823     -4.123      4.341      0.842
  1442        111  (pi0)              -84  1311  1366  1898  1899     0     0     -0.388      2.001     -8.133      8.386      0.135
  1443        211  pi+                 84  1311  1366     0     0     0     0      0.118      0.994     -2.272      2.486      0.140
  1444        221  (eta)              -84  1311  1366  1900  1901     0     0      0.530      0.096     -5.770      5.821      0.548
  1445        113  (rho0)             -84  1311  1366  1660  1661     0     0      0.711     -0.602    -12.309     12.368      0.773
  1446        311  (K0)               -84  1311  1366  1662  1662     0     0      0.178     -0.144     -4.558      4.591      0.498
  1447       -321  K-                  84  1311  1366     0     0     0     0      1.939     -1.851    -47.340     47.419      0.494
  1448        213  (rho+)             -84  1311  1366  1663  1664     0     0      0.807     -0.508    -10.904     10.989      0.971
  1449       -211  pi-                 84  1311  1366     0     0     0     0     -0.253      0.342     -6.724      6.739      0.140
  1450        223  (omega)            -84  1311  1366  1902  1904     0     0      0.390     -0.544    -19.254     19.281      0.778
  1451       3222  Sigma+              84  1311  1366     0     0     0     0      0.991      0.731    -28.926     28.977      1.189
  1452      -3322  Xibar0              84  1311  1366     0     0     0     0      0.480      0.965    -11.678     11.801      1.315
  1453       -313  (K*bar0)           -84  1311  1366  1665  1666     0     0      0.277      1.549    -20.534     20.613      0.889
  1454        111  (pi0)              -84  1311  1366  1905  1906     0     0      0.312      0.326    -14.703     14.710      0.135
  1455        111  (pi0)              -84  1311  1366  1907  1908     0     0      0.450      0.980     -9.132      9.197      0.135
  1456        111  (pi0)              -84  1311  1366  1909  1910     0     0      0.248      0.310     -6.855      6.868      0.135
  1457        223  (omega)            -84  1311  1366  1911  1913     0     0      0.593      0.406    -24.582     24.605      0.789
  1458       -211  pi-                 84  1311  1366     0     0     0     0      0.472      0.793    -10.142     10.185      0.140
  1459        213  (rho+)             -84  1311  1366  1667  1668     0     0     -0.117      0.794    -32.379     32.421      1.434
  1460        111  (pi0)              -84  1311  1366  1914  1915     0     0     -0.254      0.200     -6.628      6.637      0.135
  1461       3112  Sigma-              84  1311  1366     0     0     0     0     -0.991      0.140    -61.690     61.709      1.197
  1462        213  (rho+)             -84  1311  1366  1669  1670     0     0     -0.821      0.238    -50.486     50.514      1.434
  1463      -3212  (Sigmabar0)        -84  1311  1366  1916  1917     0     0     -0.593      1.284   -159.216    159.227      1.193
  1464       -213  (rho-)             -84  1311  1366  1671  1672     0     0      0.336      1.781   -175.657    175.668      0.687
  1465        211  pi+                 84  1311  1366     0     0     0     0      1.610      5.480   -658.555    658.580      0.140
  1466        221  (eta)              -84  1311  1366  1918  1920     0     0      0.670      2.673   -373.150    373.161      0.548
  1467       -211  pi-                 84  1311  1366     0     0     0     0      1.479      6.288   -774.896    774.923      0.140
  1468        213  (rho+)             -84  1311  1366  1673  1674     0     0     -0.522      3.115   -390.379    390.394      1.204
  1469       -211  pi-                 84  1311  1366     0     0     0     0     -0.009      0.540    -13.847     13.858      0.140
  1470        111  (pi0)              -84  1311  1366  1921  1922     0     0     -0.789      1.082   -123.292    123.299      0.135
  1471        213  (rho+)             -84  1311  1366  1675  1676     0     0      0.044      0.288    -98.352     98.356      0.831
  1472       -213  (rho-)             -84  1311  1366  1677  1678     0     0      0.213      0.182    -88.326     88.329      0.697
  1473        223  (omega)            -84  1311  1366  1923  1925     0     0     -0.010     -0.300    -50.613     50.620      0.788
  1474        211  pi+                 84  1311  1366     0     0     0     0     -0.112      0.198    -10.053     10.057      0.140
  1475       3122  Lambda0             87  1311  1366     0     0     0     0      0.087     -0.548    -66.332     66.344      1.116
  1476       -211  pi-                 84  1311  1366     0     0     0     0      0.259      0.163    -30.929     30.931      0.140
  1477        211  pi+                 91  1014     0     0     0     0     0      0.035      0.276      3.529      3.543      0.140
  1478        111  (pi0)              -91  1014     0  1926  1927     0     0     -0.331     -0.364      9.958      9.971      0.135
  1479       -211  pi-                 91  1021     0     0     0     0     0      0.045     -0.219     53.992     53.993      0.140
  1480        111  (pi0)              -91  1021     0  1928  1929     0     0     -0.601      0.169     55.541     55.544      0.135
  1481        130  K_L0                91  1023  1023     0     0     0     0     -0.257      0.357      7.655      7.684      0.498
  1482       2112  n0                  91  1027     0     0     0     0     0     -0.129      0.086    -52.606     52.614      0.940
  1483        111  (pi0)              -91  1027     0  1930  1931     0     0      0.574     -0.370    -69.309     69.312      0.135
  1484        130  K_L0                91  1033  1033     0     0     0     0      0.236      0.889     -4.327      4.451      0.498
  1485        211  pi+                 91  1040     0     0     0     0     0      0.055     -0.240      6.917      6.923      0.140
  1486       -211  pi-                 91  1040     0     0     0     0     0      0.206      0.222      8.073      8.080      0.140
  1487        211  pi+                 91  1052     0     0     0     0     0     -0.593      0.653     -0.142      0.905      0.140
  1488        111  (pi0)              -91  1052     0  1932  1933     0     0     -0.249     -0.095     -0.392      0.493      0.135
  1489        310  K_S0                91  1053  1053     0     0     0     0     -0.584      2.699     -1.884      3.380      0.498
  1490        211  pi+                 91  1057     0     0     0     0     0     -0.352      0.160     -0.598      0.726      0.140
  1491        111  (pi0)              -91  1057     0  1934  1935     0     0     -0.003      0.124      0.143      0.232      0.135
  1492      -2212  pbar-               91  1061     0     0     0     0     0     -1.924      0.072     -0.313      2.164      0.938
  1493       -211  pi-                 91  1061     0     0     0     0     0     -0.036     -0.043      0.059      0.162      0.140
  1494        211  pi+                 91  1070     0     0     0     0     0     -1.053      0.553     -7.415      7.511      0.140
  1495       -211  pi-                 91  1070     0     0     0     0     0     -1.105      0.799    -15.772     15.831      0.140
  1496        211  pi+                 91  1085     0     0     0     0     0     -0.064     -0.876     28.826     28.840      0.140
  1497       -211  pi-                 91  1085     0     0     0     0     0      0.221     -0.035     17.448     17.450      0.140
  1498        311  (K0)               -91  1091     0  1679  1679     0     0     -0.335      0.559      5.558      5.618      0.498
  1499        111  (pi0)              -91  1091     0  1936  1937     0     0     -0.345      1.228      7.040      7.155      0.135
  1500       -321  K-                  91  1092     0     0     0     0     0     -0.264      0.520      2.877      2.977      0.494
  1501        111  (pi0)              -91  1092     0  1938  1939     0     0     -0.299     -0.110      1.483      1.523      0.135
  1502        211  pi+                 91  1099     0     0     0     0     0      2.064     -0.407     20.496     20.604      0.140
  1503       -211  pi-                 91  1099     0     0     0     0     0      0.375     -0.285      8.605      8.619      0.140
  1504        211  pi+                 91  1103     0     0     0     0     0      0.169     -0.511    274.555    274.555      0.140
  1505        111  (pi0)              -91  1103     0  1940  1941     0     0      0.015      0.114     16.909     16.910      0.135
  1506        211  pi+                 91  1104     0     0     0     0     0      0.157      0.090     29.478     29.479      0.140
  1507       -211  pi-                 91  1104     0     0     0     0     0     -0.171      0.521     13.894     13.906      0.140
  1508        310  K_S0                91  1106  1106     0     0     0     0     -0.221      0.086      0.883      1.041      0.498
  1509       -311  (Kbar0)            -91  1107     0  1680  1680     0     0      0.251     -0.090      2.555      2.616      0.498
  1510        111  (pi0)              -91  1107     0  1942  1943     0     0      0.019      0.162      3.143      3.150      0.135
  1511        310  K_S0                91  1108  1108     0     0     0     0      0.251     -0.485      0.243      0.777      0.498
  1512        211  pi+                 91  1128     0     0     0     0     0     -0.832      0.273      0.675      1.115      0.140
  1513       -211  pi-                 91  1128     0     0     0     0     0     -0.022     -0.006     -0.041      0.147      0.140
  1514        211  pi+                 91  1133     0     0     0     0     0     -1.604      0.661      9.438      9.597      0.140
  1515        111  (pi0)              -91  1133     0  1944  1945     0     0     -0.709     -0.195      5.599      5.649      0.135
  1516        211  pi+                 91  1138     0     0     0     0     0     -0.424      0.066      6.857      6.872      0.140
  1517       -211  pi-                 91  1138     0     0     0     0     0     -0.675      0.891     10.083     10.146      0.140
  1518        211  pi+                 91  1139     0     0     0     0     0     -0.242      0.577      9.085      9.108      0.140
  1519        111  (pi0)              -91  1139     0  1946  1947     0     0     -0.284      0.028      1.306      1.344      0.135
  1520        310  K_S0                91  1144  1144     0     0     0     0     -1.061      0.801     24.346     24.387      0.498
  1521       -311  (Kbar0)            -91  1145     0  1681  1681     0     0     -0.109      1.095     23.987     24.018      0.498
  1522       -211  pi-                 91  1145     0     0     0     0     0     -0.232      0.166     11.908     11.912      0.140
  1523       -211  pi-                 91  1149     0     0     0     0     0      0.588      1.705     45.756     45.792      0.140
  1524        111  (pi0)              -91  1149     0  1948  1949     0     0      0.007     -0.028      5.588      5.590      0.135
  1525        211  pi+                 91  1152     0     0     0     0     0      0.700      0.735     41.866     41.879      0.140
  1526       -211  pi-                 91  1152     0     0     0     0     0     -0.254      0.113      9.637      9.642      0.140
  1527       -211  pi-                 91  1155     0     0     0     0     0      0.049     -0.181     27.111     27.112      0.140
  1528        111  (pi0)              -91  1155     0  1950  1951     0     0     -0.341      0.066    118.127    118.128      0.135
  1529        130  K_L0                91  1159  1159     0     0     0     0     -0.387      0.081     21.691     21.701      0.498
  1530       -311  (Kbar0)            -91  1160     0  1682  1682     0     0      0.409      0.389      6.486      6.530      0.498
  1531       -211  pi-                 91  1160     0     0     0     0     0     -0.289     -0.145      5.698      5.709      0.140
  1532        211  pi+                 91  1164     0     0     0     0     0      0.443     -0.151     -0.410      0.637      0.140
  1533        111  (pi0)              -91  1164     0  1952  1953     0     0     -0.353     -0.076     -0.002      0.385      0.135
  1534        211  pi+                 91  1189     0     0     0     0     0      0.785      0.561     -7.693      7.755      0.140
  1535        111  (pi0)              -91  1189     0  1954  1955     0     0      0.091     -0.127     -8.843      8.845      0.135
  1536        211  pi+                 91  1194     0     0     0     0     0     -0.333     -0.346    -10.013     10.026      0.140
  1537        111  (pi0)              -91  1194     0  1956  1957     0     0      0.122      0.564    -21.970     21.978      0.135
  1538        130  K_L0                91  1195  1195     0     0     0     0     -0.871     -0.219    -61.662     61.671      0.498
  1539        130  K_L0                91  1199  1199     0     0     0     0     -1.548     -1.456   -168.195    168.209      0.498
  1540        310  K_S0                91  1200  1200     0     0     0     0     -0.166     -1.099   -124.375    124.381      0.498
  1541        211  pi+                 91  1202     0     0     0     0     0      0.483      0.117    -13.502     13.511      0.140
  1542        111  (pi0)              -91  1202     0  1958  1959     0     0      1.046     -0.744    -76.626     76.637      0.135
  1543        130  K_L0                91  1203  1203     0     0     0     0      2.787     -1.419   -154.485    154.517      0.498
  1544        130  K_L0                91  1204  1204     0     0     0     0      1.059      0.652    -90.817     90.827      0.498
  1545        311  (K0)               -91  1208     0  1683  1683     0     0      0.900      0.403    -35.628     35.645      0.498
  1546        211  pi+                 91  1208     0     0     0     0     0      0.470      0.332    -36.999     37.004      0.140
  1547        321  K+                  91  1210     0     0     0     0     0     -0.082     -0.090     -6.696      6.716      0.494
  1548        111  (pi0)              -91  1210     0  1960  1961     0     0      0.186     -0.013    -12.495     12.497      0.135
  1549        310  K_S0                91  1211  1211     0     0     0     0      0.278     -0.880    -23.666     23.689      0.498
  1550        310  K_S0                91  1212  1212     0     0     0     0     -0.074     -1.443    -28.550     28.591      0.498
  1551        310  K_S0                91  1213  1213     0     0     0     0     -0.884     -2.891    -30.036     30.192      0.498
  1552       -211  pi-                 91  1214     0     0     0     0     0     -0.497     -0.945    -14.867     14.906      0.140
  1553        111  (pi0)              -91  1214     0  1962  1963     0     0      0.124     -2.241    -32.969     33.045      0.135
  1554        211  pi+                 91  1215     0     0     0     0     0     -0.241     -0.995    -20.083     20.110      0.140
  1555       -211  pi-                 91  1215     0     0     0     0     0     -0.395     -0.574     -7.579      7.612      0.140
  1556        211  pi+                 91  1216     0     0     0     0     0     -1.225     -1.111    -18.648     18.722      0.140
  1557       -211  pi-                 91  1216     0     0     0     0     0      0.233     -0.249     -3.891      3.908      0.140
  1558        211  pi+                 91  1217     0     0     0     0     0      0.342     -0.982     -9.544      9.602      0.140
  1559       -211  pi-                 91  1217     0     0     0     0     0     -0.149      0.102     -3.432      3.439      0.140
  1560        211  pi+                 91  1218     0     0     0     0     0     -0.564      0.537     -3.977      4.055      0.140
  1561        111  (pi0)              -91  1218     0  1964  1965     0     0     -0.348     -0.175     -2.654      2.686      0.135
  1562       2112  n0                  91  1221     0     0     0     0     0     -0.373      0.331     -2.332      2.563      0.940
  1563        111  (pi0)              -91  1221     0  1966  1967     0     0     -0.519      0.163     -2.062      2.137      0.135
  1564        211  pi+                 91  1222     0     0     0     0     0     -2.149      0.934     -8.251      8.578      0.140
  1565       -211  pi-                 91  1222     0     0     0     0     0      0.125     -0.008     -0.763      0.785      0.140
  1566       -211  pi-                 91  1227     0     0     0     0     0      0.384     -0.420     -0.886      1.062      0.140
  1567        111  (pi0)              -91  1227     0  1968  1969     0     0      0.687      0.584     -0.823      1.228      0.135
  1568        211  pi+                 91  1229     0     0     0     0     0      0.031      0.177     -0.069      0.238      0.140
  1569       -211  pi-                 91  1229     0     0     0     0     0     -0.420     -0.017     -0.911      1.013      0.140
  1570       2212  p+                  91  1235     0     0     0     0     0      0.531      0.347    107.557    107.563      0.938
  1571        211  pi+                 91  1235     0     0     0     0     0      0.261     -0.062     20.262     20.265      0.140
  1572      -2212  pbar-               91  1237     0     0     0     0     0      0.388      0.070     23.179     23.202      0.938
  1573        111  (pi0)              -91  1237     0  1970  1971     0     0     -0.044      0.221     15.658     15.660      0.135
  1574        310  K_S0                91  1243  1243     0     0     0     0     -0.069     -0.195     -3.508      3.549      0.498
  1575        211  pi+                 91  1246     0     0     0     0     0     -0.036     -0.311    -40.814     40.815      0.140
  1576       -211  pi-                 91  1246     0     0     0     0     0      0.063      0.493    -69.978     69.980      0.140
  1577        211  pi+                 91  1254     0     0     0     0     0     -0.047     -0.030     35.407     35.408      0.140
  1578       -211  pi-                 91  1254     0     0     0     0     0      0.463     -0.381     17.710     17.720      0.140
  1579        211  pi+                 91  1258     0     0     0     0     0     -0.345     -0.043      2.542      2.569      0.140
  1580       -211  pi-                 91  1258     0     0     0     0     0     -0.150      0.031     15.619     15.620      0.140
  1581        310  K_S0                91  1261  1261     0     0     0     0     -0.025      0.173      0.044      0.529      0.498
  1582       -311  (Kbar0)            -91  1262     0  1684  1684     0     0     -0.409     -0.087     -1.416      1.558      0.498
  1583        111  (pi0)              -91  1262     0  1972  1973     0     0      0.210     -0.049     -0.300      0.393      0.135
  1584       -211  pi-                 91  1264     0     0     0     0     0     -0.175      0.044     -2.972      2.981      0.140
  1585        111  (pi0)              -91  1264     0  1974  1975     0     0      0.497      0.142    -12.549     12.561      0.135
  1586       -211  pi-                 91  1266     0     0     0     0     0      0.242      0.326   -133.959    133.959      0.140
  1587        111  (pi0)              -91  1266     0  1976  1977     0     0      0.620      0.746    -49.397     49.407      0.135
  1588        211  pi+                 91  1278     0     0     0     0     0      0.119     -0.025   -122.396    122.396      0.140
  1589        111  (pi0)              -91  1278     0  1978  1979     0     0     -0.427     -0.145    -71.635     71.637      0.135
  1590        130  K_L0                91  1279  1279     0     0     0     0     -0.684     -0.392   -123.792    123.795      0.498
  1591       -311  (Kbar0)            -91  1280     0  1685  1685     0     0      0.374     -0.327    -31.622     31.630      0.498
  1592        111  (pi0)              -91  1280     0  1980  1981     0     0      0.030      0.207    -16.410     16.412      0.135
  1593        310  K_S0                91  1281  1281     0     0     0     0      0.318     -0.762    -24.986     25.005      0.498
  1594       -311  (Kbar0)            -91  1282     0  1686  1686     0     0     -0.048      0.355     -3.005      3.067      0.498
  1595        111  (pi0)              -91  1282     0  1982  1983     0     0     -0.043      0.549     -1.024      1.170      0.135
  1596        311  (K0)               -91  1287     0  1687  1687     0     0      0.116     -0.015      0.417      0.660      0.498
  1597        211  pi+                 91  1287     0     0     0     0     0      0.041      0.212      1.162      1.190      0.140
  1598        211  pi+                 91  1289     0     0     0     0     0     -0.396     -0.074      1.273      1.343      0.140
  1599        111  (pi0)              -91  1289     0  1984  1985     0     0      0.310      0.236      2.081      2.121      0.135
  1600        211  pi+                 91  1300     0     0     0     0     0      0.528     -0.535    100.800    100.803      0.140
  1601        111  (pi0)              -91  1300     0  1986  1987     0     0      0.242     -0.549    239.519    239.520      0.135
  1602        211  pi+                 91  1306     0     0     0     0     0     -0.532     -0.739     65.159     65.166      0.140
  1603       -211  pi-                 91  1306     0     0     0     0     0      0.324     -0.258     22.614     22.618      0.140
  1604        211  pi+                 91  1308     0     0     0     0     0     -0.852     -0.458     68.642     68.649      0.140
  1605       -211  pi-                 91  1308     0     0     0     0     0      0.033      0.111     21.741     21.742      0.140
  1606        321  K+                  91  1309     0     0     0     0     0     -0.273     -0.249     21.803     21.811      0.494
  1607        111  (pi0)              -91  1309     0  1988  1989     0     0      0.273     -0.018     14.158     14.161      0.135
  1608       -321  K-                  91  1310     0     0     0     0     0     -1.433     -0.326     42.522     42.550      0.494
  1609        211  pi+                 91  1310     0     0     0     0     0     -1.563      0.039     55.415     55.437      0.140
  1610        211  pi+                 91  1369     0     0     0     0     0      0.129     -0.220      2.041      2.062      0.140
  1611        111  (pi0)              -91  1369     0  1990  1991     0     0      0.738     -0.480     23.643     23.660      0.135
  1612       -211  pi-                 91  1375     0     0     0     0     0     -0.154     -0.316      1.455      1.504      0.140
  1613        111  (pi0)              -91  1375     0  1992  1993     0     0      0.487     -0.055      3.179      3.219      0.135
  1614        211  pi+                 91  1376     0     0     0     0     0     -0.060      0.234      2.021      2.041      0.140
  1615       -211  pi-                 91  1376     0     0     0     0     0      0.472      0.202     15.405     15.414      0.140
  1616        211  pi+                 91  1377     0     0     0     0     0      0.904      0.030     10.087     10.128      0.140
  1617       -211  pi-                 91  1377     0     0     0     0     0     -0.163      0.232      2.737      2.755      0.140
  1618        211  pi+                 91  1381     0     0     0     0     0      0.955      2.115     28.281     28.377      0.140
  1619       -211  pi-                 91  1381     0     0     0     0     0     -0.106      1.203      9.810      9.885      0.140
  1620        130  K_L0                91  1385  1385     0     0     0     0      0.202      0.923      2.189      2.435      0.498
  1621        310  K_S0                91  1386  1386     0     0     0     0      0.117      0.095      3.145      3.187      0.498
  1622       -211  pi-                 91  1387     0     0     0     0     0      0.078      0.314      1.056      1.113      0.140
  1623        111  (pi0)              -91  1387     0  1994  1995     0     0      1.007      1.835      2.204      3.042      0.135
  1624       2212  p+                  91  1392     0     0     0     0     0      1.187      0.212      1.282      1.994      0.938
  1625       -211  pi-                 91  1392     0     0     0     0     0     -0.043     -0.059      0.017      0.158      0.140
  1626       -211  pi-                 91  1393     0     0     0     0     0      0.616     -0.394      0.642      0.983      0.140
  1627        111  (pi0)              -91  1393     0  1996  1997     0     0      1.105     -0.451      0.282      1.234      0.135
  1628      -2112  nbar0               91  1394     0     0     0     0     0      1.830     -1.179      2.552      3.483      0.940
  1629        211  pi+                 91  1394     0     0     0     0     0      0.661     -0.865      0.779      1.346      0.140
  1630        211  pi+                 91  1396     0     0     0     0     0      1.585     -0.148      0.072      1.600      0.140
  1631       -211  pi-                 91  1396     0     0     0     0     0      0.737     -0.641     -0.160      0.999      0.140
  1632        211  pi+                 91  1398     0     0     0     0     0      0.479     -0.478     -0.117      0.700      0.140
  1633       -211  pi-                 91  1398     0     0     0     0     0      0.003     -0.090      0.283      0.328      0.140
  1634        310  K_S0                91  1399  1399     0     0     0     0      1.328     -1.344     -1.482      2.452      0.498
  1635       -321  K-                  91  1400     0     0     0     0     0     -0.010     -0.240     -0.203      0.586      0.494
  1636        211  pi+                 91  1400     0     0     0     0     0      0.317      0.115     -0.304      0.475      0.140
  1637       2112  n0                  91  1404     0     0     0     0     0      0.275     -1.025     -2.378      2.769      0.940
  1638        111  (pi0)              -91  1404     0  1998  1999     0     0     -0.138     -0.280     -0.571      0.664      0.135
  1639        211  pi+                 91  1405     0     0     0     0     0      1.313     -1.281     -2.941      3.469      0.140
  1640        111  (pi0)              -91  1405     0  2000  2001     0     0      0.075     -0.774     -1.461      1.660      0.135
  1641      -2112  nbar0               91  1406     0     0     0     0     0      0.902     -1.795     -2.419      3.281      0.940
  1642       -211  pi-                 91  1406     0     0     0     0     0     -0.021     -0.140     -0.736      0.762      0.140
  1643        211  pi+                 91  1407     0     0     0     0     0      0.465     -0.809     -1.106      1.454      0.140
  1644        111  (pi0)              -91  1407     0  2002  2003     0     0      0.024     -0.405     -1.001      1.088      0.135
  1645        211  pi+                 91  1410     0     0     0     0     0      0.568     -3.614     -2.884      4.660      0.140
  1646        111  (pi0)              -91  1410     0  2004  2005     0     0      0.065     -0.173     -0.103      0.251      0.135
  1647       -211  pi-                 91  1411     0     0     0     0     0      0.019     -0.047      0.184      0.237      0.140
  1648        111  (pi0)              -91  1411     0  2006  2007     0     0     -0.027      0.088     -0.474      0.501      0.135
  1649        310  K_S0                91  1422  1422     0     0     0     0     -0.394     -1.493     -0.583      1.724      0.498
  1650       -311  (Kbar0)            -91  1423     0  1688  1688     0     0     -0.588      0.017      0.336      0.841      0.498
  1651        111  (pi0)              -91  1423     0  2008  2009     0     0     -0.344     -0.458      0.065      0.592      0.135
  1652        211  pi+                 91  1424     0     0     0     0     0     -0.548     -0.485     -0.294      0.801      0.140
  1653       -211  pi-                 91  1424     0     0     0     0     0     -0.113     -1.339     -0.240      1.372      0.140
  1654       -211  pi-                 91  1427     0     0     0     0     0      0.117     -0.032     -0.472      0.507      0.140
  1655        111  (pi0)              -91  1427     0  2010  2011     0     0     -0.715     -1.161     -4.738      4.932      0.135
  1656        211  pi+                 91  1434     0     0     0     0     0      6.190     -4.393     -9.734     12.344      0.140
  1657        111  (pi0)              -91  1434     0  2012  2013     0     0      0.273     -0.098     -0.398      0.511      0.135
  1658       -211  pi-                 91  1441     0     0     0     0     0      0.814      0.563     -2.640      2.823      0.140
  1659        111  (pi0)              -91  1441     0  2014  2015     0     0     -0.137      0.260     -1.483      1.518      0.135
  1660        211  pi+                 91  1445     0     0     0     0     0      0.841     -0.516     -9.771      9.822      0.140
  1661       -211  pi-                 91  1445     0     0     0     0     0     -0.131     -0.086     -2.537      2.546      0.140
  1662        130  K_L0                91  1446  1446     0     0     0     0      0.178     -0.144     -4.558      4.591      0.498
  1663        211  pi+                 91  1448     0     0     0     0     0      0.294      0.215     -1.874      1.914      0.140
  1664        111  (pi0)              -91  1448     0  2016  2017     0     0      0.512     -0.723     -9.030      9.075      0.135
  1665       -321  K-                  91  1453     0     0     0     0     0      0.256      1.193    -12.247     12.318      0.494
  1666        211  pi+                 91  1453     0     0     0     0     0      0.021      0.356     -8.287      8.295      0.140
  1667        211  pi+                 91  1459     0     0     0     0     0     -0.724      0.331    -20.813     20.829      0.140
  1668        111  (pi0)              -91  1459     0  2018  2019     0     0      0.607      0.463    -11.566     11.592      0.135
  1669        211  pi+                 91  1462     0     0     0     0     0      0.351     -0.152     -9.398      9.406      0.140
  1670        111  (pi0)              -91  1462     0  2020  2021     0     0     -1.172      0.390    -41.088     41.107      0.135
  1671       -211  pi-                 91  1464     0     0     0     0     0     -0.072      0.298    -18.157     18.160      0.140
  1672        111  (pi0)              -91  1464     0  2022  2023     0     0      0.408      1.483   -157.500    157.508      0.135
  1673        211  pi+                 91  1468     0     0     0     0     0     -0.029      0.266    -12.873     12.877      0.140
  1674        111  (pi0)              -91  1468     0  2024  2025     0     0     -0.492      2.849   -377.506    377.517      0.135
  1675        211  pi+                 91  1471     0     0     0     0     0     -0.324      0.063    -63.568     63.569      0.140
  1676        111  (pi0)              -91  1471     0  2026  2027     0     0      0.368      0.226    -34.785     34.788      0.135
  1677       -211  pi-                 91  1472     0     0     0     0     0      0.211     -0.201    -50.014     50.015      0.140
  1678        111  (pi0)              -91  1472     0  2028  2029     0     0      0.002      0.383    -38.312     38.314      0.135
  1679        310  K_S0                91  1498  1498     0     0     0     0     -0.335      0.559      5.558      5.618      0.498
  1680        130  K_L0                91  1509  1509     0     0     0     0      0.251     -0.090      2.555      2.616      0.498
  1681        130  K_L0                91  1521  1521     0     0     0     0     -0.109      1.095     23.987     24.018      0.498
  1682        310  K_S0                91  1530  1530     0     0     0     0      0.409      0.389      6.486      6.530      0.498
  1683        130  K_L0                91  1545  1545     0     0     0     0      0.900      0.403    -35.628     35.645      0.498
  1684        130  K_L0                91  1582  1582     0     0     0     0     -0.409     -0.087     -1.416      1.558      0.498
  1685        130  K_L0                91  1591  1591     0     0     0     0      0.374     -0.327    -31.622     31.630      0.498
  1686        310  K_S0                91  1594  1594     0     0     0     0     -0.048      0.355     -3.005      3.067      0.498
  1687        130  K_L0                91  1596  1596     0     0     0     0      0.116     -0.015      0.417      0.660      0.498
  1688        130  K_L0                91  1650  1650     0     0     0     0     -0.588      0.017      0.336      0.841      0.498
  1689        443  (J/psi)            -91   942     0  2030  2037     0     0     -0.935      0.943     11.079     11.580      3.097
  1690        211  pi+                 91   942     0     0     0     0     0     -0.183      0.331      0.793      0.889      0.140
  1691       -211  pi-                 91   942     0     0     0     0     0     -0.112      0.319      0.791      0.871      0.140
  1692         22  gamma               91  1015     0     0     0     0     0      0.162     -0.252      4.965      4.974      0.000
  1693         22  gamma               91  1015     0     0     0     0     0      0.043     -0.186      2.028      2.037      0.000
  1694        211  pi+                 91  1019     0     0     0     0     0     -0.446     -0.251     52.091     52.094      0.140
  1695       -211  pi-                 91  1019     0     0     0     0     0     -0.431     -0.023     67.937     67.938      0.140
  1696        111  (pi0)              -91  1019     0  2038  2039     0     0     -0.222     -0.076     34.228     34.229      0.135
  1697         22  gamma               91  1020     0     0     0     0     0     -0.013      0.024      0.260      0.262      0.000
  1698         22  gamma               91  1020     0     0     0     0     0     -0.123     -0.116      5.022      5.025      0.000
  1699        211  pi+                 91  1026     0     0     0     0     0      0.113     -0.201    -34.401     34.402      0.140
  1700       -211  pi-                 91  1026     0     0     0     0     0     -0.256     -0.428    -22.593     22.599      0.140
  1701        111  (pi0)              -91  1026     0  2040  2041     0     0      0.005     -0.059     -6.653      6.655      0.135
  1702         22  gamma               91  1028     0     0     0     0     0     -0.040     -0.019     -0.293      0.296      0.000
  1703         22  gamma               91  1028     0     0     0     0     0     -0.140      0.203     -1.779      1.796      0.000
  1704         22  gamma               91  1031     0     0     0     0     0      0.114     -0.081     -1.246      1.254      0.000
  1705         22  gamma               91  1031     0     0     0     0     0     -0.037     -0.024     -0.612      0.613      0.000
  1706         22  gamma               91  1035     0     0     0     0     0     -0.170      0.032     -0.999      1.014      0.000
  1707         22  gamma               91  1035     0     0     0     0     0     -0.188      0.194     -1.321      1.348      0.000
  1708        211  pi+                 91  1036     0     0     0     0     0      0.083     -0.265     46.140     46.141      0.140
  1709       -211  pi-                 91  1036     0     0     0     0     0     -0.144      0.098     37.679     37.680      0.140
  1710        111  (pi0)              -91  1036     0  2042  2043     0     0     -0.341     -0.101     46.751     46.753      0.135
  1711        211  pi+                 91  1038     0     0     0     0     0     -0.145     -0.327     33.433     33.435      0.140
  1712       -211  pi-                 91  1038     0     0     0     0     0     -0.060     -0.206     58.617     58.618      0.140
  1713        111  (pi0)              -91  1038     0  2044  2046     0     0     -0.717     -0.600    126.324    126.327      0.135
  1714        111  (pi0)              -91  1042     0  2047  2049     0     0      0.364      0.256     13.095     13.104      0.135
  1715         22  gamma               91  1042     0     0     0     0     0     -0.047      0.099      0.246      0.269      0.000
  1716        211  pi+                 91  1043     0     0     0     0     0      0.351      0.061      6.554      6.566      0.140
  1717       -211  pi-                 91  1043     0     0     0     0     0     -0.011      0.042      1.011      1.021      0.140
  1718        111  (pi0)              -91  1043     0  2050  2051     0     0      0.830      0.370     12.530     12.564      0.135
  1719        211  pi+                 91  1051     0     0     0     0     0     -0.455      0.562     -0.474      0.876      0.140
  1720       -211  pi-                 91  1051     0     0     0     0     0     -0.127      0.759     -0.887      1.183      0.140
  1721        111  (pi0)              -91  1051     0  2052  2053     0     0     -0.485      0.587     -0.821      1.128      0.135
  1722         22  gamma               91  1067     0     0     0     0     0     -0.161      0.024     -1.603      1.612      0.000
  1723         22  gamma               91  1067     0     0     0     0     0     -1.335     -0.162    -14.835     14.896      0.000
  1724        211  pi+                 91  1069     0     0     0     0     0     -0.109      0.033     -1.716      1.725      0.140
  1725       -211  pi-                 91  1069     0     0     0     0     0     -0.320     -0.136     -5.137      5.150      0.140
  1726        111  (pi0)              -91  1069     0  2054  2055     0     0     -0.173      0.036     -5.060      5.065      0.135
  1727        111  (pi0)              -91  1071     0  2056  2057     0     0     -0.689      0.358     -7.998      8.037      0.135
  1728        111  (pi0)              -91  1071     0  2058  2059     0     0     -0.296      0.170     -5.811      5.823      0.135
  1729        111  (pi0)              -91  1071     0  2060  2061     0     0     -0.736      0.467    -10.332     10.370      0.135
  1730       -421  (Dbar0)            -91  1076     0  2062  2063     0     0     -1.055      2.810    -69.169     69.259      1.865
  1731       -211  pi-                 91  1076     0     0     0     0     0     -0.078      0.159     -3.979      3.985      0.140
  1732        211  pi+                 91  1087     0     0     0     0     0     -0.284      0.238      3.359      3.382      0.140
  1733       -211  pi-                 91  1087     0     0     0     0     0      0.190      0.222      3.291      3.307      0.140
  1734        111  (pi0)              -91  1087     0  2064  2065     0     0     -0.060     -0.072      1.890      1.897      0.135
  1735         22  gamma               91  1097     0     0     0     0     0      0.206      0.020      0.709      0.739      0.000
  1736         22  gamma               91  1097     0     0     0     0     0      0.870     -0.124      2.424      2.578      0.000
  1737        211  pi+                 91  1098     0     0     0     0     0      0.962     -0.030      6.813      6.882      0.140
  1738       -211  pi-                 91  1098     0     0     0     0     0      0.654      0.182      5.516      5.559      0.140
  1739         22  gamma               91  1098     0     0     0     0     0      1.328     -0.030      9.734      9.824      0.000
  1740         22  gamma               91  1102     0     0     0     0     0      0.093     -0.200    216.172    216.172      0.000
  1741         22  gamma               91  1102     0     0     0     0     0      0.100     -0.208    408.764    408.764      0.000
  1742         22  gamma               91  1105     0     0     0     0     0      0.030      0.065      1.215      1.218      0.000
  1743         22  gamma               91  1105     0     0     0     0     0      0.064      0.032      5.980      5.981      0.000
  1744        211  pi+                 91  1129     0     0     0     0     0     -0.369      0.031      0.234      0.459      0.140
  1745       -211  pi-                 91  1129     0     0     0     0     0      0.039      0.268      0.115      0.326      0.140
  1746        111  (pi0)              -91  1129     0  2066  2067     0     0      0.010     -0.089      0.145      0.218      0.135
  1747        111  (pi0)              -91  1131     0  2068  2069     0     0     -1.285     -0.016      2.818      3.100      0.135
  1748         11  e-                  91  1131     0     0     0     0     0      0.059     -0.054      0.555      0.561      0.001
  1749        -11  e+                  91  1131     0     0     0     0     0     -0.066      0.063      0.313      0.326      0.001
  1750        211  pi+                 91  1132     0     0     0     0     0     -0.084     -0.337      0.901      0.975      0.140
  1751       -211  pi-                 91  1132     0     0     0     0     0     -0.479     -0.374      1.951      2.048      0.140
  1752        111  (pi0)              -91  1132     0  2070  2072     0     0     -0.420     -0.204      0.678      0.834      0.135
  1753         22  gamma               91  1134     0     0     0     0     0     -0.443      0.338      2.878      2.932      0.000
  1754         22  gamma               91  1134     0     0     0     0     0     -0.315      0.017      4.986      4.996      0.000
  1755         22  gamma               91  1136     0     0     0     0     0     -0.040      0.068      0.883      0.886      0.000
  1756         22  gamma               91  1136     0     0     0     0     0     -0.848      1.111     10.642     10.734      0.000
  1757         22  gamma               91  1137     0     0     0     0     0     -0.040      0.018      0.240      0.243      0.000
  1758         22  gamma               91  1137     0     0     0     0     0     -0.430      0.016      5.742      5.759      0.000
  1759         22  gamma               91  1146     0     0     0     0     0     -0.006      0.149      5.068      5.070      0.000
  1760         22  gamma               91  1146     0     0     0     0     0      0.266      0.672     25.009     25.019      0.000
  1761         22  gamma               91  1147     0     0     0     0     0      0.053      0.253      4.377      4.385      0.000
  1762         22  gamma               91  1147     0     0     0     0     0     -0.067      0.154      3.589      3.593      0.000
  1763         22  gamma               91  1150     0     0     0     0     0      0.366      1.507     41.902     41.931      0.000
  1764         22  gamma               91  1150     0     0     0     0     0      0.134      0.801     19.937     19.953      0.000
  1765        211  pi+                 91  1153     0     0     0     0     0     -0.008     -0.085     26.667     26.667      0.140
  1766       -211  pi-                 91  1153     0     0     0     0     0     -0.447     -0.189     79.373     79.374      0.140
  1767        111  (pi0)              -91  1153     0  2073  2074     0     0     -0.509      0.139    141.905    141.906      0.135
  1768        211  pi+                 91  1154     0     0     0     0     0      0.092      0.097     21.687     21.688      0.140
  1769       -211  pi-                 91  1154     0     0     0     0     0     -0.321      0.383     62.791     62.793      0.140
  1770        111  (pi0)              -91  1154     0  2075  2076     0     0     -0.465      0.427     50.008     50.013      0.135
  1771         22  gamma               91  1156     0     0     0     0     0     -0.117     -0.242     27.544     27.545      0.000
  1772         22  gamma               91  1156     0     0     0     0     0      0.033     -0.046      8.518      8.518      0.000
  1773         22  gamma               91  1158     0     0     0     0     0     -0.022      0.016     14.916     14.916      0.000
  1774         22  gamma               91  1158     0     0     0     0     0      0.491      0.297     17.075     17.084      0.000
  1775         22  gamma               91  1161     0     0     0     0     0     -0.141     -0.417      1.596      1.655      0.000
  1776         22  gamma               91  1161     0     0     0     0     0     -0.045     -0.063      0.551      0.556      0.000
  1777        211  pi+                 91  1162     0     0     0     0     0      0.062      0.181      0.838      0.871      0.140
  1778       -211  pi-                 91  1162     0     0     0     0     0      0.038      0.068      4.331      4.334      0.140
  1779        111  (pi0)              -91  1162     0  2077  2078     0     0     -0.024     -0.087      0.695      0.714      0.135
  1780        211  pi+                 91  1163     0     0     0     0     0     -0.245      0.110     -0.043      0.305      0.140
  1781       -211  pi-                 91  1163     0     0     0     0     0     -0.004     -0.035      0.127      0.192      0.140
  1782        111  (pi0)              -91  1163     0  2079  2080     0     0      0.120     -0.262     -0.030      0.320      0.135
  1783        311  (K0)               -91  1188     0  2081  2081     0     0     -0.073     -0.777    -27.633     27.649      0.498
  1784        111  (pi0)              -91  1188     0  2082  2083     0     0      1.214     -0.696    -21.634     21.680      0.135
  1785        111  (pi0)              -91  1188     0  2084  2085     0     0      0.193     -0.138     -2.543      2.558      0.135
  1786         22  gamma               91  1190     0     0     0     0     0     -0.089      0.011     -4.027      4.028      0.000
  1787         22  gamma               91  1190     0     0     0     0     0      0.021      0.088     -3.991      3.992      0.000
  1788         22  gamma               91  1191     0     0     0     0     0      0.817      0.211     -6.989      7.039      0.000
  1789         22  gamma               91  1191     0     0     0     0     0      0.424      0.207     -4.209      4.235      0.000
  1790         22  gamma               91  1193     0     0     0     0     0      0.303      0.325    -11.213     11.222      0.000
  1791         22  gamma               91  1193     0     0     0     0     0      0.057      0.054     -0.976      0.980      0.000
  1792         22  gamma               91  1198     0     0     0     0     0      0.046     -0.576    -52.286     52.289      0.000
  1793         22  gamma               91  1198     0     0     0     0     0      0.316     -0.044    -37.051     37.052      0.000
  1794         22  gamma               91  1224     0     0     0     0     0     -0.590      0.008     -0.678      0.899      0.000
  1795         22  gamma               91  1224     0     0     0     0     0      0.108      0.081     -0.079      0.156      0.000
  1796         22  gamma               91  1225     0     0     0     0     0     -0.667     -0.489     -2.137      2.292      0.000
  1797         22  gamma               91  1225     0     0     0     0     0     -0.707     -0.695     -2.456      2.648      0.000
  1798         22  gamma               91  1228     0     0     0     0     0      0.678      0.781     -1.835      2.106      0.000
  1799         22  gamma               91  1228     0     0     0     0     0     -0.002      0.022     -0.062      0.066      0.000
  1800         22  gamma               91  1232     0     0     0     0     0      0.007     -0.026      3.714      3.715      0.000
  1801         22  gamma               91  1232     0     0     0     0     0      0.150      0.089      8.051      8.053      0.000
  1802         22  gamma               91  1233     0     0     0     0     0      0.377     -0.017     34.074     34.076      0.000
  1803         22  gamma               91  1233     0     0     0     0     0      0.713     -0.080     83.117     83.121      0.000
  1804         22  gamma               91  1238     0     0     0     0     0      0.109      0.053      0.161      0.202      0.000
  1805         22  gamma               91  1238     0     0     0     0     0      0.377      0.342      1.147      1.255      0.000
  1806         22  gamma               91  1239     0     0     0     0     0     -0.175     -0.188      1.080      1.110      0.000
  1807         22  gamma               91  1239     0     0     0     0     0     -0.192     -0.275      2.199      2.225      0.000
  1808        211  pi+                 91  1241     0     0     0     0     0     -0.062     -0.357      0.212      0.443      0.140
  1809       -211  pi-                 91  1241     0     0     0     0     0      0.078      0.104      0.116      0.223      0.140
  1810        111  (pi0)              -91  1241     0  2086  2087     0     0     -0.255     -0.053      0.108      0.313      0.135
  1811        211  pi+                 91  1242     0     0     0     0     0     -0.552      0.144     -1.369      1.489      0.140
  1812       -211  pi-                 91  1242     0     0     0     0     0     -0.058     -0.162     -0.995      1.020      0.140
  1813        111  (pi0)              -91  1242     0  2088  2089     0     0     -0.085      0.140     -0.476      0.521      0.135
  1814        111  (pi0)              -91  1251     0  2090  2091     0     0      0.006      0.170    132.643    132.643      0.135
  1815        111  (pi0)              -91  1251     0  2092  2093     0     0     -0.136      0.084     54.080     54.080      0.135
  1816        111  (pi0)              -91  1251     0  2094  2095     0     0     -0.026      0.255     85.890     85.891      0.135
  1817         22  gamma               91  1252     0     0     0     0     0     -0.055     -0.312     21.592     21.594      0.000
  1818         11  e-                  91  1252     0     0     0     0     0     -0.020     -0.020      3.438      3.438      0.001
  1819        -11  e+                  91  1252     0     0     0     0     0     -0.051     -0.046      6.579      6.579      0.001
  1820         22  gamma               91  1253     0     0     0     0     0      0.349     -0.049     74.422     74.423      0.000
  1821         22  gamma               91  1253     0     0     0     0     0      0.038      0.021      3.894      3.894      0.000
  1822         22  gamma               91  1255     0     0     0     0     0      0.175      0.126      8.563      8.566      0.000
  1823         22  gamma               91  1255     0     0     0     0     0     -0.367      0.229      8.896      8.907      0.000
  1824         22  gamma               91  1260     0     0     0     0     0      0.048      0.056      0.004      0.074      0.000
  1825         22  gamma               91  1260     0     0     0     0     0     -0.077      0.158      0.090      0.197      0.000
  1826         22  gamma               91  1263     0     0     0     0     0      0.012      0.015     -0.110      0.111      0.000
  1827         22  gamma               91  1263     0     0     0     0     0      0.565      0.062     -1.142      1.276      0.000
  1828         22  gamma               91  1283     0     0     0     0     0      0.114     -0.188     -0.093      0.239      0.000
  1829         22  gamma               91  1283     0     0     0     0     0      0.061     -0.038     -0.128      0.146      0.000
  1830         22  gamma               91  1285     0     0     0     0     0      0.081      0.066     -0.019      0.106      0.000
  1831         22  gamma               91  1285     0     0     0     0     0      0.235     -0.047     -0.033      0.242      0.000
  1832        111  (pi0)              -91  1286     0  2096  2097     0     0     -0.047     -0.208     -0.173      0.306      0.135
  1833        111  (pi0)              -91  1286     0  2098  2099     0     0     -0.045     -0.129      0.117      0.225      0.135
  1834        111  (pi0)              -91  1286     0  2100  2101     0     0      0.008     -0.125     -0.092      0.206      0.135
  1835        211  pi+                 91  1290     0     0     0     0     0     -0.262      0.263      1.863      1.904      0.140
  1836       -211  pi-                 91  1290     0     0     0     0     0     -0.038      0.127      3.464      3.469      0.140
  1837        111  (pi0)              -91  1290     0  2102  2103     0     0     -0.335      0.076      1.571      1.614      0.135
  1838        111  (pi0)              -91  1291     0  2104  2105     0     0      0.173      0.013      0.840      0.868      0.135
  1839        111  (pi0)              -91  1291     0  2106  2107     0     0      0.058     -0.039      0.817      0.831      0.135
  1840        111  (pi0)              -91  1291     0  2108  2109     0     0      0.058     -0.245      1.905      1.927      0.135
  1841         22  gamma               91  1294     0     0     0     0     0      0.141      0.037      6.884      6.886      0.000
  1842         22  gamma               91  1294     0     0     0     0     0      0.017     -0.054      1.512      1.513      0.000
  1843        113  (rho0)             -91  1299     0  2110  2111     0     0     -0.077      0.628    199.218    199.221      0.839
  1844         22  gamma               91  1299     0     0     0     0     0     -0.112      0.185     50.268     50.268      0.000
  1845        211  pi+                 91  1301     0     0     0     0     0     -0.061     -0.094     26.898     26.899      0.140
  1846       -211  pi-                 91  1301     0     0     0     0     0     -0.349     -0.433     29.845     29.851      0.140
  1847        111  (pi0)              -91  1301     0  2112  2113     0     0     -0.105      0.062     24.094     24.094      0.135
  1848        211  pi+                 91  1368     0     0     0     0     0     -0.158     -0.386     -7.464      7.477      0.140
  1849       -211  pi-                 91  1368     0     0     0     0     0      0.184     -0.450     -4.844      4.871      0.140
  1850        111  (pi0)              -91  1368     0  2114  2115     0     0     -0.139     -0.142     -1.916      1.931      0.135
  1851         22  gamma               91  1371     0     0     0     0     0      0.413     -0.178      5.154      5.173      0.000
  1852         22  gamma               91  1371     0     0     0     0     0     -0.121     -0.287      5.339      5.348      0.000
  1853         22  gamma               91  1373     0     0     0     0     0      0.061     -0.179      2.023      2.032      0.000
  1854         22  gamma               91  1373     0     0     0     0     0      0.409     -0.477      6.083      6.115      0.000
  1855         22  gamma               91  1378     0     0     0     0     0      0.214      0.636     15.591     15.606      0.000
  1856         22  gamma               91  1378     0     0     0     0     0      0.000      0.026      1.535      1.536      0.000
  1857         22  gamma               91  1379     0     0     0     0     0      0.279      0.917      8.101      8.158      0.000
  1858         22  gamma               91  1379     0     0     0     0     0      0.053      0.505      4.158      4.189      0.000
  1859        211  pi+                 91  1380     0     0     0     0     0      0.916      0.404      9.442      9.496      0.140
  1860       -211  pi-                 91  1380     0     0     0     0     0      0.073      0.239      2.888      2.903      0.140
  1861        111  (pi0)              -91  1380     0  2116  2117     0     0      0.155      0.044      3.651      3.657      0.135
  1862        211  pi+                 91  1390     0     0     0     0     0      0.185     -0.196      0.399      0.501      0.140
  1863       -211  pi-                 91  1390     0     0     0     0     0      0.645     -0.102      0.288      0.727      0.140
  1864        111  (pi0)              -91  1390     0  2118  2119     0     0      0.097      0.050     -0.043      0.179      0.135
  1865        211  pi+                 91  1395     0     0     0     0     0      0.494     -0.270      0.456      0.738      0.140
  1866       -211  pi-                 91  1395     0     0     0     0     0      0.281     -0.281      0.118      0.437      0.140
  1867        111  (pi0)              -91  1395     0  2120  2121     0     0      0.682     -0.599      1.177      1.493      0.135
  1868         22  gamma               91  1397     0     0     0     0     0      0.013     -0.047     -0.024      0.054      0.000
  1869         22  gamma               91  1397     0     0     0     0     0     -0.150     -0.011     -0.129      0.198      0.000
  1870         22  gamma               91  1409     0     0     0     0     0      0.596     -0.891     -1.358      1.730      0.000
  1871         22  gamma               91  1409     0     0     0     0     0      0.111     -0.148     -0.155      0.242      0.000
  1872         22  gamma               91  1413     0     0     0     0     0      0.024     -0.138     -0.554      0.572      0.000
  1873         22  gamma               91  1413     0     0     0     0     0     -0.034      0.018     -0.104      0.111      0.000
  1874         22  gamma               91  1414     0     0     0     0     0     -0.338     -1.147     -0.539      1.312      0.000
  1875         22  gamma               91  1414     0     0     0     0     0     -0.309     -1.362     -0.505      1.485      0.000
  1876         22  gamma               91  1415     0     0     0     0     0     -0.027     -0.322      0.097      0.338      0.000
  1877         22  gamma               91  1415     0     0     0     0     0      0.054     -0.089     -0.010      0.105      0.000
  1878         22  gamma               91  1416     0     0     0     0     0     -1.658     -3.148     -0.803      3.647      0.000
  1879         22  gamma               91  1416     0     0     0     0     0     -0.086     -0.145     -0.010      0.169      0.000
  1880        211  pi+                 91  1417     0     0     0     0     0     -0.020     -0.237     -0.088      0.290      0.140
  1881       -211  pi-                 91  1417     0     0     0     0     0     -0.690     -1.453      0.001      1.614      0.140
  1882        111  (pi0)              -91  1417     0  2122  2123     0     0     -0.508     -0.747     -0.272      0.953      0.135
  1883        211  pi+                 91  1420     0     0     0     0     0     -0.231     -0.346     -0.071      0.444      0.140
  1884       -211  pi-                 91  1420     0     0     0     0     0     -0.324     -0.587      0.192      0.711      0.140
  1885        221  (eta)              -91  1420     0  2124  2126     0     0     -0.584     -0.983     -0.083      1.271      0.548
  1886         22  gamma               91  1421     0     0     0     0     0      0.050     -0.050      0.020      0.073      0.000
  1887         22  gamma               91  1421     0     0     0     0     0      0.045     -0.525      0.084      0.533      0.000
  1888         22  gamma               91  1429     0     0     0     0     0      0.821     -0.966     -5.324      5.472      0.000
  1889         22  gamma               91  1429     0     0     0     0     0      0.094     -0.109     -0.833      0.845      0.000
  1890        211  pi+                 91  1433     0     0     0     0     0      0.301     -0.206     -0.462      0.605      0.140
  1891       -211  pi-                 91  1433     0     0     0     0     0      3.388     -2.427     -5.957      7.272      0.140
  1892        111  (pi0)              -91  1433     0  2127  2128     0     0      4.007     -2.548     -6.463      8.022      0.135
  1893         22  gamma               91  1435     0     0     0     0     0      0.623     -0.475     -0.841      1.150      0.000
  1894         22  gamma               91  1435     0     0     0     0     0      0.291     -0.118     -0.310      0.441      0.000
  1895        111  (pi0)              -91  1436     0  2129  2130     0     0      0.495     -0.207     -0.642      0.848      0.135
  1896        111  (pi0)              -91  1436     0  2131  2132     0     0      0.805     -0.620     -1.068      1.480      0.135
  1897        221  (eta)              -91  1436     0  2133  2134     0     0      2.351     -1.156     -3.412      4.337      0.548
  1898         22  gamma               91  1442     0     0     0     0     0     -0.308      1.248     -5.139      5.298      0.000
  1899         22  gamma               91  1442     0     0     0     0     0     -0.080      0.753     -2.994      3.088      0.000
  1900         22  gamma               91  1444     0     0     0     0     0      0.603     -0.050     -4.589      4.628      0.000
  1901         22  gamma               91  1444     0     0     0     0     0     -0.073      0.146     -1.182      1.193      0.000
  1902        211  pi+                 91  1450     0     0     0     0     0      0.013     -0.149     -4.493      4.498      0.140
  1903       -211  pi-                 91  1450     0     0     0     0     0      0.098     -0.153     -1.552      1.568      0.140
  1904        111  (pi0)              -91  1450     0  2135  2136     0     0      0.280     -0.242    -13.209     13.215      0.135
  1905         22  gamma               91  1454     0     0     0     0     0      0.185      0.142     -9.309      9.312      0.000
  1906         22  gamma               91  1454     0     0     0     0     0      0.128      0.183     -5.394      5.399      0.000
  1907         22  gamma               91  1455     0     0     0     0     0      0.252      0.689     -6.357      6.399      0.000
  1908         22  gamma               91  1455     0     0     0     0     0      0.199      0.291     -2.775      2.798      0.000
  1909         22  gamma               91  1456     0     0     0     0     0      0.257      0.264     -6.334      6.345      0.000
  1910         22  gamma               91  1456     0     0     0     0     0     -0.009      0.046     -0.521      0.523      0.000
  1911        211  pi+                 91  1457     0     0     0     0     0      0.015      0.133     -1.841      1.851      0.140
  1912       -211  pi-                 91  1457     0     0     0     0     0      0.148      0.157    -12.286     12.289      0.140
  1913        111  (pi0)              -91  1457     0  2137  2138     0     0      0.430      0.116    -10.455     10.465      0.135
  1914         22  gamma               91  1460     0     0     0     0     0     -0.056      0.096     -3.216      3.218      0.000
  1915         22  gamma               91  1460     0     0     0     0     0     -0.198      0.104     -3.412      3.419      0.000
  1916      -3122  Lambdabar0          91  1463     0     0     0     0     0     -0.595      1.291   -151.985    151.996      1.116
  1917         22  gamma               91  1463     0     0     0     0     0      0.002     -0.007     -7.231      7.231      0.000
  1918        111  (pi0)              -91  1466     0  2139  2140     0     0      0.423      1.242   -165.981    165.986      0.135
  1919        111  (pi0)              -91  1466     0  2141  2142     0     0      0.156      0.977   -130.587    130.590      0.135
  1920        111  (pi0)              -91  1466     0  2143  2144     0     0      0.091      0.454    -76.583     76.585      0.135
  1921         22  gamma               91  1470     0     0     0     0     0     -0.477      0.558    -70.522     70.526      0.000
  1922         22  gamma               91  1470     0     0     0     0     0     -0.312      0.525    -52.770     52.773      0.000
  1923        211  pi+                 91  1473     0     0     0     0     0      0.128     -0.353    -17.930     17.934      0.140
  1924       -211  pi-                 91  1473     0     0     0     0     0     -0.180      0.004    -13.085     13.087      0.140
  1925        111  (pi0)              -91  1473     0  2145  2146     0     0      0.042      0.048    -19.598     19.598      0.135
  1926         22  gamma               91  1478     0     0     0     0     0     -0.208     -0.194      4.459      4.468      0.000
  1927         22  gamma               91  1478     0     0     0     0     0     -0.123     -0.171      5.499      5.503      0.000
  1928         22  gamma               91  1480     0     0     0     0     0     -0.491      0.092     46.377     46.380      0.000
  1929         22  gamma               91  1480     0     0     0     0     0     -0.111      0.077      9.163      9.164      0.000
  1930         22  gamma               91  1483     0     0     0     0     0      0.508     -0.267    -57.236     57.239      0.000
  1931         22  gamma               91  1483     0     0     0     0     0      0.066     -0.102    -12.073     12.073      0.000
  1932         22  gamma               91  1488     0     0     0     0     0     -0.153     -0.086     -0.145      0.228      0.000
  1933         22  gamma               91  1488     0     0     0     0     0     -0.096     -0.008     -0.247      0.265      0.000
  1934         22  gamma               91  1491     0     0     0     0     0     -0.056      0.011      0.030      0.064      0.000
  1935         22  gamma               91  1491     0     0     0     0     0      0.052      0.113      0.112      0.168      0.000
  1936         22  gamma               91  1499     0     0     0     0     0     -0.073      0.232      1.073      1.100      0.000
  1937         22  gamma               91  1499     0     0     0     0     0     -0.272      0.996      5.967      6.056      0.000
  1938         22  gamma               91  1501     0     0     0     0     0     -0.240     -0.057      1.303      1.326      0.000
  1939         22  gamma               91  1501     0     0     0     0     0     -0.059     -0.053      0.181      0.197      0.000
  1940         22  gamma               91  1505     0     0     0     0     0      0.056      0.116     14.561     14.561      0.000
  1941         22  gamma               91  1505     0     0     0     0     0     -0.041     -0.003      2.349      2.349      0.000
  1942         22  gamma               91  1510     0     0     0     0     0      0.065      0.152      2.472      2.478      0.000
  1943         22  gamma               91  1510     0     0     0     0     0     -0.046      0.010      0.671      0.673      0.000
  1944         22  gamma               91  1515     0     0     0     0     0     -0.381     -0.114      2.517      2.548      0.000
  1945         22  gamma               91  1515     0     0     0     0     0     -0.328     -0.081      3.083      3.101      0.000
  1946         22  gamma               91  1519     0     0     0     0     0     -0.286      0.003      1.250      1.282      0.000
  1947         22  gamma               91  1519     0     0     0     0     0      0.001      0.025      0.056      0.062      0.000
  1948         22  gamma               91  1524     0     0     0     0     0     -0.013     -0.080      3.792      3.793      0.000
  1949         22  gamma               91  1524     0     0     0     0     0      0.020      0.051      1.795      1.796      0.000
  1950         22  gamma               91  1528     0     0     0     0     0     -0.282      0.036    107.752    107.752      0.000
  1951         22  gamma               91  1528     0     0     0     0     0     -0.059      0.031     10.375     10.375      0.000
  1952         22  gamma               91  1533     0     0     0     0     0     -0.330     -0.075     -0.040      0.341      0.000
  1953         22  gamma               91  1533     0     0     0     0     0     -0.023     -0.001      0.038      0.045      0.000
  1954         22  gamma               91  1535     0     0     0     0     0     -0.012     -0.014     -3.890      3.890      0.000
  1955         22  gamma               91  1535     0     0     0     0     0      0.103     -0.114     -4.953      4.955      0.000
  1956         22  gamma               91  1537     0     0     0     0     0      0.070      0.187     -9.841      9.843      0.000
  1957         22  gamma               91  1537     0     0     0     0     0      0.052      0.377    -12.130     12.136      0.000
  1958         22  gamma               91  1542     0     0     0     0     0      0.553     -0.463    -40.699     40.705      0.000
  1959         22  gamma               91  1542     0     0     0     0     0      0.493     -0.282    -35.927     35.932      0.000
  1960         22  gamma               91  1548     0     0     0     0     0      0.188      0.027    -10.668     10.669      0.000
  1961         22  gamma               91  1548     0     0     0     0     0     -0.002     -0.040     -1.828      1.828      0.000
  1962         22  gamma               91  1553     0     0     0     0     0      0.066     -0.703    -11.224     11.246      0.000
  1963         22  gamma               91  1553     0     0     0     0     0      0.059     -1.538    -21.745     21.799      0.000
  1964         22  gamma               91  1561     0     0     0     0     0     -0.179     -0.020     -1.328      1.340      0.000
  1965         22  gamma               91  1561     0     0     0     0     0     -0.169     -0.155     -1.326      1.346      0.000
  1966         22  gamma               91  1563     0     0     0     0     0     -0.361      0.177     -1.467      1.521      0.000
  1967         22  gamma               91  1563     0     0     0     0     0     -0.158     -0.014     -0.595      0.616      0.000
  1968         22  gamma               91  1567     0     0     0     0     0      0.463      0.415     -0.646      0.896      0.000
  1969         22  gamma               91  1567     0     0     0     0     0      0.224      0.169     -0.178      0.332      0.000
  1970         22  gamma               91  1573     0     0     0     0     0     -0.007      0.207     14.573     14.574      0.000
  1971         22  gamma               91  1573     0     0     0     0     0     -0.037      0.014      1.085      1.086      0.000
  1972         22  gamma               91  1583     0     0     0     0     0      0.013     -0.016     -0.128      0.130      0.000
  1973         22  gamma               91  1583     0     0     0     0     0      0.197     -0.032     -0.172      0.264      0.000
  1974         22  gamma               91  1585     0     0     0     0     0      0.119     -0.020     -3.347      3.349      0.000
  1975         22  gamma               91  1585     0     0     0     0     0      0.378      0.162     -9.202      9.211      0.000
  1976         22  gamma               91  1587     0     0     0     0     0      0.413      0.499    -29.640     29.647      0.000
  1977         22  gamma               91  1587     0     0     0     0     0      0.207      0.247    -19.757     19.760      0.000
  1978         22  gamma               91  1589     0     0     0     0     0     -0.245     -0.106    -51.247     51.248      0.000
  1979         22  gamma               91  1589     0     0     0     0     0     -0.182     -0.039    -20.388     20.389      0.000
  1980         22  gamma               91  1592     0     0     0     0     0      0.054      0.057     -8.917      8.918      0.000
  1981         22  gamma               91  1592     0     0     0     0     0     -0.024      0.150     -7.492      7.494      0.000
  1982         22  gamma               91  1595     0     0     0     0     0      0.008      0.479     -0.838      0.965      0.000
  1983         22  gamma               91  1595     0     0     0     0     0     -0.051      0.069     -0.187      0.205      0.000
  1984         22  gamma               91  1599     0     0     0     0     0      0.316      0.222      1.844      1.884      0.000
  1985         22  gamma               91  1599     0     0     0     0     0     -0.006      0.014      0.237      0.237      0.000
  1986         22  gamma               91  1601     0     0     0     0     0      0.219     -0.352    152.806    152.807      0.000
  1987         22  gamma               91  1601     0     0     0     0     0      0.023     -0.198     86.713     86.713      0.000
  1988         22  gamma               91  1607     0     0     0     0     0      0.244     -0.007     13.744     13.746      0.000
  1989         22  gamma               91  1607     0     0     0     0     0      0.029     -0.010      0.414      0.415      0.000
  1990         22  gamma               91  1611     0     0     0     0     0      0.448     -0.326     16.342     16.351      0.000
  1991         22  gamma               91  1611     0     0     0     0     0      0.290     -0.153      7.301      7.309      0.000
  1992         22  gamma               91  1613     0     0     0     0     0      0.202      0.001      1.714      1.726      0.000
  1993         22  gamma               91  1613     0     0     0     0     0      0.285     -0.056      1.465      1.493      0.000
  1994         22  gamma               91  1623     0     0     0     0     0      0.232      0.397      0.407      0.614      0.000
  1995         22  gamma               91  1623     0     0     0     0     0      0.775      1.438      1.797      2.428      0.000
  1996         22  gamma               91  1627     0     0     0     0     0      1.083     -0.430      0.293      1.202      0.000
  1997         22  gamma               91  1627     0     0     0     0     0      0.022     -0.021     -0.011      0.032      0.000
  1998         22  gamma               91  1638     0     0     0     0     0     -0.119     -0.257     -0.394      0.485      0.000
  1999         22  gamma               91  1638     0     0     0     0     0     -0.019     -0.023     -0.177      0.179      0.000
  2000         22  gamma               91  1640     0     0     0     0     0      0.030     -0.257     -0.360      0.443      0.000
  2001         22  gamma               91  1640     0     0     0     0     0      0.045     -0.517     -1.101      1.217      0.000
  2002         22  gamma               91  1644     0     0     0     0     0      0.037     -0.077     -0.112      0.141      0.000
  2003         22  gamma               91  1644     0     0     0     0     0     -0.013     -0.328     -0.888      0.947      0.000
  2004         22  gamma               91  1646     0     0     0     0     0      0.059     -0.194     -0.077      0.217      0.000
  2005         22  gamma               91  1646     0     0     0     0     0      0.006      0.021     -0.025      0.034      0.000
  2006         22  gamma               91  1648     0     0     0     0     0      0.025      0.020     -0.346      0.347      0.000
  2007         22  gamma               91  1648     0     0     0     0     0     -0.052      0.068     -0.128      0.154      0.000
  2008         22  gamma               91  1651     0     0     0     0     0     -0.011     -0.025     -0.027      0.038      0.000
  2009         22  gamma               91  1651     0     0     0     0     0     -0.332     -0.433      0.091      0.553      0.000
  2010         22  gamma               91  1655     0     0     0     0     0     -0.141     -0.261     -0.852      0.902      0.000
  2011         22  gamma               91  1655     0     0     0     0     0     -0.575     -0.899     -3.886      4.030      0.000
  2012         22  gamma               91  1657     0     0     0     0     0      0.234     -0.132     -0.341      0.434      0.000
  2013         22  gamma               91  1657     0     0     0     0     0      0.039      0.033     -0.057      0.077      0.000
  2014         22  gamma               91  1659     0     0     0     0     0     -0.130      0.140     -0.695      0.721      0.000
  2015         22  gamma               91  1659     0     0     0     0     0     -0.007      0.120     -0.788      0.797      0.000
  2016         22  gamma               91  1664     0     0     0     0     0      0.232     -0.387     -3.999      4.024      0.000
  2017         22  gamma               91  1664     0     0     0     0     0      0.280     -0.336     -5.031      5.050      0.000
  2018         22  gamma               91  1668     0     0     0     0     0      0.074      0.034     -1.905      1.907      0.000
  2019         22  gamma               91  1668     0     0     0     0     0      0.534      0.429     -9.660      9.685      0.000
  2020         22  gamma               91  1670     0     0     0     0     0     -0.773      0.260    -29.187     29.198      0.000
  2021         22  gamma               91  1670     0     0     0     0     0     -0.398      0.129    -11.902     11.909      0.000
  2022         22  gamma               91  1672     0     0     0     0     0      0.376      1.193   -124.886    124.893      0.000
  2023         22  gamma               91  1672     0     0     0     0     0      0.032      0.290    -32.614     32.615      0.000
  2024         22  gamma               91  1674     0     0     0     0     0     -0.138      0.958   -119.006    119.010      0.000
  2025         22  gamma               91  1674     0     0     0     0     0     -0.355      1.891   -258.500    258.507      0.000
  2026         22  gamma               91  1676     0     0     0     0     0      0.349      0.210    -28.755     28.758      0.000
  2027         22  gamma               91  1676     0     0     0     0     0      0.018      0.016     -6.030      6.030      0.000
  2028         22  gamma               91  1678     0     0     0     0     0      0.052      0.103    -14.311     14.311      0.000
  2029         22  gamma               91  1678     0     0     0     0     0     -0.050      0.280    -24.001     24.003      0.000
  2030        221  (eta)              -91  1689     0  2147  2148     0     0     -0.092     -0.260      1.314      1.450      0.548
  2031        311  (K0)               -91  1689     0  2149  2149     0     0     -0.396      0.478      3.435      3.526      0.498
  2032       -321  K-                  91  1689     0     0     0     0     0     -0.162     -0.006      1.329      1.427      0.494
  2033        211  pi+                 91  1689     0     0     0     0     0     -0.029      0.045      0.695      0.711      0.140
  2034       -211  pi-                 91  1689     0     0     0     0     0     -0.124      0.481      2.598      2.648      0.140
  2035        211  pi+                 91  1689     0     0     0     0     0     -0.047     -0.047      0.594      0.614      0.140
  2036       -211  pi-                 91  1689     0     0     0     0     0     -0.158      0.100      0.641      0.683      0.140
  2037        211  pi+                 91  1689     0     0     0     0     0      0.073      0.153      0.474      0.522      0.140
  2038         22  gamma               91  1696     0     0     0     0     0     -0.126     -0.110     19.711     19.712      0.000
  2039         22  gamma               91  1696     0     0     0     0     0     -0.096      0.035     14.518     14.518      0.000
  2040         22  gamma               91  1701     0     0     0     0     0     -0.025      0.038     -2.135      2.135      0.000
  2041         22  gamma               91  1701     0     0     0     0     0      0.030     -0.097     -4.518      4.520      0.000
  2042         22  gamma               91  1710     0     0     0     0     0     -0.056      0.001     15.048     15.048      0.000
  2043         22  gamma               91  1710     0     0     0     0     0     -0.285     -0.102     31.704     31.705      0.000
  2044         22  gamma               91  1713     0     0     0     0     0     -0.672     -0.595    121.733    121.736      0.000
  2045         11  e-                  91  1713     0     0     0     0     0     -0.011     -0.002      1.043      1.043      0.001
  2046        -11  e+                  91  1713     0     0     0     0     0     -0.033     -0.002      3.548      3.548      0.001
  2047         22  gamma               91  1714     0     0     0     0     0      0.107      0.019      2.245      2.248      0.000
  2048         11  e-                  91  1714     0     0     0     0     0      0.232      0.212      9.761      9.766      0.001
  2049        -11  e+                  91  1714     0     0     0     0     0      0.025      0.025      1.089      1.090      0.001
  2050         22  gamma               91  1718     0     0     0     0     0      0.022     -0.012      0.321      0.322      0.000
  2051         22  gamma               91  1718     0     0     0     0     0      0.807      0.382     12.209     12.242      0.000
  2052         22  gamma               91  1721     0     0     0     0     0     -0.264      0.215     -0.344      0.484      0.000
  2053         22  gamma               91  1721     0     0     0     0     0     -0.222      0.371     -0.476      0.643      0.000
  2054         22  gamma               91  1726     0     0     0     0     0     -0.174      0.006     -4.800      4.803      0.000
  2055         22  gamma               91  1726     0     0     0     0     0      0.001      0.030     -0.260      0.262      0.000
  2056         22  gamma               91  1727     0     0     0     0     0     -0.520      0.303     -6.625      6.652      0.000
  2057         22  gamma               91  1727     0     0     0     0     0     -0.169      0.055     -1.373      1.384      0.000
  2058         22  gamma               91  1728     0     0     0     0     0     -0.253      0.188     -4.681      4.691      0.000
  2059         22  gamma               91  1728     0     0     0     0     0     -0.043     -0.018     -1.131      1.131      0.000
  2060         22  gamma               91  1729     0     0     0     0     0     -0.323      0.143     -3.690      3.707      0.000
  2061         22  gamma               91  1729     0     0     0     0     0     -0.413      0.325     -6.642      6.663      0.000
  2062     -20213  (a_1(1260)-)       -91  1730     0  2150  2151     0     0     -0.607      1.921    -49.949     50.007      1.323
  2063        321  K+                  91  1730     0     0     0     0     0     -0.448      0.890    -19.220     19.252      0.494
  2064         22  gamma               91  1734     0     0     0     0     0     -0.099     -0.076      1.544      1.549      0.000
  2065         22  gamma               91  1734     0     0     0     0     0      0.038      0.004      0.346      0.348      0.000
  2066         22  gamma               91  1746     0     0     0     0     0     -0.051     -0.071      0.043      0.097      0.000
  2067         22  gamma               91  1746     0     0     0     0     0      0.061     -0.018      0.102      0.120      0.000
  2068         22  gamma               91  1747     0     0     0     0     0     -0.750     -0.060      1.540      1.715      0.000
  2069         22  gamma               91  1747     0     0     0     0     0     -0.535      0.044      1.277      1.385      0.000
  2070         22  gamma               91  1752     0     0     0     0     0     -0.064     -0.002      0.038      0.075      0.000
  2071         11  e-                  91  1752     0     0     0     0     0     -0.083     -0.048      0.148      0.176      0.001
  2072        -11  e+                  91  1752     0     0     0     0     0     -0.272     -0.153      0.491      0.582      0.001
  2073         22  gamma               91  1767     0     0     0     0     0     -0.008      0.027     11.969     11.969      0.000
  2074         22  gamma               91  1767     0     0     0     0     0     -0.500      0.113    129.936    129.937      0.000
  2075         22  gamma               91  1770     0     0     0     0     0     -0.195      0.265     23.692     23.695      0.000
  2076         22  gamma               91  1770     0     0     0     0     0     -0.270      0.162     26.316     26.318      0.000
  2077         22  gamma               91  1779     0     0     0     0     0     -0.036     -0.039      0.076      0.093      0.000
  2078         22  gamma               91  1779     0     0     0     0     0      0.013     -0.049      0.619      0.621      0.000
  2079         22  gamma               91  1782     0     0     0     0     0      0.037     -0.043      0.046      0.073      0.000
  2080         22  gamma               91  1782     0     0     0     0     0      0.083     -0.219     -0.077      0.246      0.000
  2081        310  K_S0                91  1783  1783     0     0     0     0     -0.073     -0.777    -27.633     27.649      0.498
  2082         22  gamma               91  1784     0     0     0     0     0      0.479     -0.204     -7.699      7.716      0.000
  2083         22  gamma               91  1784     0     0     0     0     0      0.735     -0.493    -13.936     13.964      0.000
  2084         22  gamma               91  1785     0     0     0     0     0      0.199     -0.128     -2.524      2.535      0.000
  2085         22  gamma               91  1785     0     0     0     0     0     -0.006     -0.010     -0.019      0.023      0.000
  2086         22  gamma               91  1810     0     0     0     0     0     -0.036      0.036      0.045      0.068      0.000
  2087         22  gamma               91  1810     0     0     0     0     0     -0.219     -0.089      0.063      0.245      0.000
  2088         22  gamma               91  1813     0     0     0     0     0     -0.073      0.164     -0.445      0.480      0.000
  2089         22  gamma               91  1813     0     0     0     0     0     -0.012     -0.024     -0.030      0.041      0.000
  2090         22  gamma               91  1814     0     0     0     0     0      0.035     -0.006     31.410     31.410      0.000
  2091         22  gamma               91  1814     0     0     0     0     0     -0.029      0.176    101.232    101.232      0.000
  2092         22  gamma               91  1815     0     0     0     0     0     -0.073      0.029     43.736     43.736      0.000
  2093         22  gamma               91  1815     0     0     0     0     0     -0.062      0.055     10.344     10.344      0.000
  2094         22  gamma               91  1816     0     0     0     0     0      0.003      0.033      2.876      2.877      0.000
  2095         22  gamma               91  1816     0     0     0     0     0     -0.029      0.222     83.014     83.014      0.000
  2096         22  gamma               91  1832     0     0     0     0     0     -0.010     -0.139     -0.030      0.143      0.000
  2097         22  gamma               91  1832     0     0     0     0     0     -0.037     -0.069     -0.144      0.163      0.000
  2098         22  gamma               91  1833     0     0     0     0     0     -0.032     -0.073      0.141      0.162      0.000
  2099         22  gamma               91  1833     0     0     0     0     0     -0.013     -0.056     -0.025      0.063      0.000
  2100         22  gamma               91  1834     0     0     0     0     0      0.059     -0.114     -0.083      0.153      0.000
  2101         22  gamma               91  1834     0     0     0     0     0     -0.051     -0.011     -0.009      0.053      0.000
  2102         22  gamma               91  1837     0     0     0     0     0     -0.316      0.077      1.556      1.590      0.000
  2103         22  gamma               91  1837     0     0     0     0     0     -0.019     -0.001      0.015      0.024      0.000
  2104         22  gamma               91  1838     0     0     0     0     0      0.017     -0.037      0.070      0.081      0.000
  2105         22  gamma               91  1838     0     0     0     0     0      0.156      0.050      0.770      0.788      0.000
  2106         22  gamma               91  1839     0     0     0     0     0     -0.023     -0.063      0.323      0.330      0.000
  2107         22  gamma               91  1839     0     0     0     0     0      0.081      0.024      0.494      0.501      0.000
  2108         22  gamma               91  1840     0     0     0     0     0      0.095     -0.107      0.946      0.957      0.000
  2109         22  gamma               91  1840     0     0     0     0     0     -0.036     -0.138      0.959      0.970      0.000
  2110        211  pi+                 91  1843     0     0     0     0     0     -0.371      0.119    106.196    106.197      0.140
  2111       -211  pi-                 91  1843     0     0     0     0     0      0.294      0.509     93.022     93.024      0.140
  2112         22  gamma               91  1847     0     0     0     0     0     -0.040     -0.041      9.907      9.907      0.000
  2113         22  gamma               91  1847     0     0     0     0     0     -0.065      0.103     14.187     14.187      0.000
  2114         22  gamma               91  1850     0     0     0     0     0     -0.137     -0.161     -1.525      1.540      0.000
  2115         22  gamma               91  1850     0     0     0     0     0     -0.002      0.019     -0.391      0.391      0.000
  2116         22  gamma               91  1861     0     0     0     0     0      0.142      0.033      1.788      1.794      0.000
  2117         22  gamma               91  1861     0     0     0     0     0      0.012      0.011      1.863      1.863      0.000
  2118         22  gamma               91  1864     0     0     0     0     0      0.062      0.025      0.045      0.081      0.000
  2119         22  gamma               91  1864     0     0     0     0     0      0.034      0.025     -0.088      0.098      0.000
  2120         22  gamma               91  1867     0     0     0     0     0      0.670     -0.576      1.170      1.466      0.000
  2121         22  gamma               91  1867     0     0     0     0     0      0.013     -0.022      0.007      0.027      0.000
  2122         22  gamma               91  1882     0     0     0     0     0     -0.313     -0.463     -0.099      0.568      0.000
  2123         22  gamma               91  1882     0     0     0     0     0     -0.195     -0.284     -0.173      0.385      0.000
  2124        111  (pi0)              -91  1885     0  2152  2153     0     0     -0.221     -0.501     -0.084      0.570      0.135
  2125        111  (pi0)              -91  1885     0  2154  2155     0     0     -0.090     -0.237     -0.088      0.300      0.135
  2126        111  (pi0)              -91  1885     0  2156  2157     0     0     -0.272     -0.246      0.088      0.401      0.135
  2127         22  gamma               91  1892     0     0     0     0     0      1.951     -1.288     -3.273      4.022      0.000
  2128         22  gamma               91  1892     0     0     0     0     0      2.056     -1.260     -3.190      3.999      0.000
  2129         22  gamma               91  1895     0     0     0     0     0      0.310     -0.063     -0.410      0.517      0.000
  2130         22  gamma               91  1895     0     0     0     0     0      0.186     -0.144     -0.233      0.330      0.000
  2131         22  gamma               91  1896     0     0     0     0     0      0.372     -0.348     -0.601      0.788      0.000
  2132         22  gamma               91  1896     0     0     0     0     0      0.433     -0.272     -0.467      0.693      0.000
  2133         22  gamma               91  1897     0     0     0     0     0      0.459     -0.040     -0.805      0.927      0.000
  2134         22  gamma               91  1897     0     0     0     0     0      1.893     -1.116     -2.607      3.409      0.000
  2135         22  gamma               91  1904     0     0     0     0     0      0.159     -0.112     -4.718      4.722      0.000
  2136         22  gamma               91  1904     0     0     0     0     0      0.120     -0.130     -8.491      8.493      0.000
  2137         22  gamma               91  1913     0     0     0     0     0      0.040      0.040     -2.300      2.301      0.000
  2138         22  gamma               91  1913     0     0     0     0     0      0.389      0.076     -8.155      8.164      0.000
  2139         22  gamma               91  1918     0     0     0     0     0      0.082      0.374    -53.922     53.924      0.000
  2140         22  gamma               91  1918     0     0     0     0     0      0.341      0.868   -112.058    112.062      0.000
  2141         22  gamma               91  1919     0     0     0     0     0     -0.003      0.069     -5.747      5.748      0.000
  2142         22  gamma               91  1919     0     0     0     0     0      0.160      0.908   -124.839    124.843      0.000
  2143         22  gamma               91  1920     0     0     0     0     0     -0.036      0.099    -16.896     16.896      0.000
  2144         22  gamma               91  1920     0     0     0     0     0      0.127      0.354    -59.687     59.688      0.000
  2145         22  gamma               91  1925     0     0     0     0     0      0.067      0.021    -17.991     17.991      0.000
  2146         22  gamma               91  1925     0     0     0     0     0     -0.025      0.027     -1.607      1.607      0.000
  2147         22  gamma               91  2030     0     0     0     0     0      0.157     -0.003      0.848      0.862      0.000
  2148         22  gamma               91  2030     0     0     0     0     0     -0.249     -0.258      0.466      0.588      0.000
  2149        310  K_S0                91  2031  2031     0     0     0     0     -0.396      0.478      3.435      3.526      0.498
  2150       -321  K-                  91  2062     0     0     0     0     0     -0.274      0.873    -19.233     19.261      0.494
  2151        313  (K*0)              -91  2062     0  2158  2159     0     0     -0.333      1.048    -30.716     30.746      0.798
  2152         22  gamma               91  2124     0     0     0     0     0     -0.222     -0.439     -0.039      0.494      0.000
  2153         22  gamma               91  2124     0     0     0     0     0      0.001     -0.061     -0.045      0.076      0.000
  2154         22  gamma               91  2125     0     0     0     0     0     -0.046     -0.203     -0.015      0.209      0.000
  2155         22  gamma               91  2125     0     0     0     0     0     -0.044     -0.034     -0.073      0.091      0.000
  2156         22  gamma               91  2126     0     0     0     0     0     -0.099     -0.087      0.100      0.165      0.000
  2157         22  gamma               91  2126     0     0     0     0     0     -0.173     -0.159     -0.012      0.235      0.000
  2158        311  (K0)               -91  2151     0  2160  2160     0     0     -0.420      0.840    -26.903     26.924      0.498
  2159        111  (pi0)              -91  2151     0  2161  2162     0     0      0.087      0.207     -3.812      3.821      0.135
  2160        310  K_S0                91  2158  2158     0     0     0     0     -0.420      0.840    -26.903     26.924      0.498
  2161         22  gamma               91  2159     0     0     0     0     0      0.040     -0.005     -0.384      0.386      0.000
  2162         22  gamma               91  2159     0     0     0     0     0      0.047      0.212     -3.428      3.435      0.000
                                   Charge sum:  2.000           Momentum sum:     -0.000     -0.000      0.000  13600.000  13600.000

 --------  End PYTHIA Event Listing  -----------------------------------------------------------------------------------------------
25% | Elapsed: 0h 0m 27s | Remaining: 0h 1m 21s

 Pythia::next(): 4000 events have been generated 
27% | Elapsed: 0h 0m 29s | Remaining: 0h 1m 18s
28% | Elapsed: 0h 0m 31s | Remaining: 0h 1m 19s
30% | Elapsed: 0h 0m 34s | Remaining: 0h 1m 19s
31% | Elapsed: 0h 0m 34s | Remaining: 0h 1m 15s

 Pythia::next(): 5000 events have been generated 
32% | Elapsed: 0h 0m 36s | Remaining: 0h 1m 16s
33% | Elapsed: 0h 0m 37s | Remaining: 0h 1m 15s
35% | Elapsed: 0h 0m 38s | Remaining: 0h 1m 10s
38% | Elapsed: 0h 0m 39s | Remaining: 0h 1m 3s
39% | Elapsed: 0h 0m 40s | Remaining: 0h 1m 2s
 PYTHIA Warning in MultipartonInteractions::pTnext: weight above unity
41% | Elapsed: 0h 0m 42s | Remaining: 0h 1m 0s
43% | Elapsed: 0h 0m 42s | Remaining: 0h 0m 55s

 Pythia::next(): 6000 events have been generated 
44% | Elapsed: 0h 0m 43s | Remaining: 0h 0m 54s
47% | Elapsed: 0h 0m 44s | Remaining: 0h 0m 49s
49% | Elapsed: 0h 0m 45s | Remaining: 0h 0m 46s
52% | Elapsed: 0h 0m 47s | Remaining: 0h 0m 43s
54% | Elapsed: 0h 0m 47s | Remaining: 0h 0m 40s

 Pythia::next(): 7000 events have been generated 
55% | Elapsed: 0h 0m 54s | Remaining: 0h 0m 44s
56% | Elapsed: 0h 0m 57s | Remaining: 0h 0m 44s

 Pythia::next(): 8000 events have been generated 
57% | Elapsed: 0h 0m 58s | Remaining: 0h 0m 43s
60% | Elapsed: 0h 0m 59s | Remaining: 0h 0m 39s
62% | Elapsed: 0h 1m 0s | Remaining: 0h 0m 36s
63% | Elapsed: 0h 1m 1s | Remaining: 0h 0m 35s
64% | Elapsed: 0h 1m 1s | Remaining: 0h 0m 34s
65% | Elapsed: 0h 1m 3s | Remaining: 0h 0m 33s

 Pythia::next(): 9000 events have been generated 
66% | Elapsed: 0h 1m 4s | Remaining: 0h 0m 32s
69% | Elapsed: 0h 1m 5s | Remaining: 0h 0m 29s
73% | Elapsed: 0h 1m 8s | Remaining: 0h 0m 25s
74% | Elapsed: 0h 1m 9s | Remaining: 0h 0m 24s
76% | Elapsed: 0h 1m 10s | Remaining: 0h 0m 22s
77% | Elapsed: 0h 1m 10s | Remaining: 0h 0m 20s

 Pythia::next(): 10000 events have been generated 
79% | Elapsed: 0h 1m 12s | Remaining: 0h 0m 19s
80% | Elapsed: 0h 1m 13s | Remaining: 0h 0m 18s
82% | Elapsed: 0h 1m 16s | Remaining: 0h 0m 16s
83% | Elapsed: 0h 1m 17s | Remaining: 0h 0m 15s

 Pythia::next(): 11000 events have been generated 
84% | Elapsed: 0h 1m 18s | Remaining: 0h 0m 14s
85% | Elapsed: 0h 1m 19s | Remaining: 0h 0m 13s
86% | Elapsed: 0h 1m 22s | Remaining: 0h 0m 13s
89% | Elapsed: 0h 1m 23s | Remaining: 0h 0m 10s
90% | Elapsed: 0h 1m 24s | Remaining: 0h 0m 9s

 Pythia::next(): 12000 events have been generated 
91% | Elapsed: 0h 1m 26s | Remaining: 0h 0m 8s
93% | Elapsed: 0h 1m 29s | Remaining: 0h 0m 6s
96% | Elapsed: 0h 1m 31s | Remaining: 0h 0m 3s
98% | Elapsed: 0h 1m 32s | Remaining: 0h 0m 1s

 Pythia::next(): 13000 events have been generated 
99% | Elapsed: 0h 1m 33s | Remaining: 0h 0m 0s
100% | Elapsed: 0h 1m 34s | Remaining: 0h 0m 0s
Grandmother types count (mother type c hadron feed-down): 
Type 0: 1
Type 1: 9
Type 2: 0
Type 3: 15
Type 4: 4
Type 5: 0
Type 6: 0
Type 7: 0
Events saved to ./pythia8_jpsi_events_0.root

Thanks for using LHAPDF 6.4.0. Please make sure to cite the paper:
  Eur.Phys.J. C75 (2015) 3, 132  (http://arxiv.org/abs/1412.7420)
